epoch,train_loss,val_window_mae_kwh,grad_norm,w_window,dynamics_residual_mae,l_state,w_state,l_prior,loss,l_window,l_dynamics,l_boundary,dynamics_residual_rmse,w_prior,w_dynamics,w_boundary,val_mae_soc_event_0.1,val_mae_soc_event_0.2,val_mae_soc_event_0.5,val_mae_time_60s,val_mae_time_120s,val_mae_time_300s,val_mae_time_600s,val_mae_full_trip
0.0,2.0644112626711526,0.12962425197474658,0.9214835911359285,0.13548703657256234,0.014336537052359846,19.284814675649006,1.9284814675649007,0.0006336808205939329,2.0644112626711526,0.13548703657256234,0.00037933949432853196,0.0,0.018994175932473607,6.336808205939329e-05,0.00037933949432853196,0.0,0.01637205295264721,0.0167821254581213,0.018943635746836662,0.016710156574845314,0.02995637245476246,0.068696990609169,0.10897234827280045,0.7605603337287903
1.0,2.0025318728552923,0.0609246576204896,1.0060109174548624,0.0889728350771798,0.016988904836277168,19.117529339260525,1.9117529339260524,0.012569883592530258,2.0025318728552923,0.0889728350771798,0.0005490723237421156,0.0,0.022650388379891712,0.0012569883592530259,0.0005490723237421156,0.0,0.013373380526900291,0.013386761769652367,0.015926199033856392,0.013141268864274025,0.02326101064682007,0.05051291733980179,0.06739846616983414,0.2903972566127777
2.0,1.9200901322894626,0.06707180442754179,1.2302920253332257,0.05598208804925283,0.025076596894197993,18.57973363664415,1.8579733636644156,0.03724507325225406,1.9200901322894626,0.05598208804925283,0.0024101054295897484,0.0,0.04690682763854662,0.0037245073252254062,0.0024101054295897484,0.0,0.013331584632396698,0.013398452661931515,0.015874240547418594,0.013050492852926254,0.02336736209690571,0.05116833373904228,0.06960708647966385,0.33677688241004944
3.0,1.8255765702989366,0.07228431559633464,1.245296170878713,0.059169856210549675,0.04906516853306028,17.45235088136461,1.745235088136461,0.04349996832509836,1.8255765702989366,0.059169856210549675,0.016821576023681298,0.0,0.1268719823824035,0.004349996832509836,0.016821576023681298,0.0,0.01331675797700882,0.013434953056275845,0.01593932881951332,0.01293802261352539,0.02308718115091324,0.0505823977291584,0.07322689145803452,0.37574899196624756
4.0,1.7511462966601055,0.07414179691113532,1.2280871771121011,0.055057575098342366,0.08541859851943122,16.334585931566025,1.633458593156603,0.04952134864611758,1.7511462966601055,0.055057575098342366,0.05767794822653135,0.0,0.2388677398363749,0.004952134864611758,0.05767794822653135,0.0,0.013221962377429008,0.013454670086503029,0.01607614755630493,0.012778962031006813,0.022818829864263535,0.0498969592154026,0.0819115936756134,0.3829752504825592
5.0,1.7080674171447754,0.06960527773480862,1.3091410225258993,0.055687317003806434,0.10354218300845888,15.656693458557129,1.565669345855713,0.04677184298634529,1.7080674171447754,0.055687317003806434,0.08203359734680918,0.0,0.28202079567644334,0.004677184298634529,0.08203359734680918,0.0,0.0130465691909194,0.013253013603389263,0.015781546011567116,0.012676714919507504,0.02240762487053871,0.04895734786987305,0.07647460699081421,0.35424479842185974
6.0,1.6611772974332173,0.0673309969715774,1.3626617699927512,0.05221223479343785,0.09956904997428258,15.355935785505507,1.535593578550551,0.03841299791302946,1.6611772974332173,0.05221223479343785,0.06953014102247027,0.0,0.25738465454843307,0.003841299791302946,0.06953014102247027,0.0,0.012985988520085812,0.013195154257118702,0.01567196287214756,0.01269795186817646,0.022327307611703873,0.04855695366859436,0.07095262408256531,0.3422600328922272
7.0,1.6258254183663263,0.0668717531953007,1.3494238171200719,0.057198813599016934,0.09841606269280116,15.00116056866116,1.5001160568661165,0.03081085781256358,1.6258254183663263,0.057198813599016934,0.06542945156494777,0.0,0.2515974889198939,0.0030810857812563577,0.06542945156494777,0.0,0.013107376173138618,0.01328897476196289,0.015748288482427597,0.01285543479025364,0.022901026532053947,0.04984661564230919,0.06693275272846222,0.3402935564517975
8.0,1.5907956163088481,0.06971944682300091,1.478744609227668,0.055244024842977524,0.10158924013376236,14.593264844682482,1.4593264844682483,0.029024977547427017,1.5907956163088481,0.055244024842977524,0.07332261155049007,0.0,0.2662777271535661,0.002902497754742702,0.07332261155049007,0.0,0.01315068919211626,0.01335489097982645,0.01585504598915577,0.012766538187861443,0.022833192721009254,0.04978904128074646,0.07156604528427124,0.3584401309490204
9.0,1.5625443326102362,0.0676968804327771,1.6639368998240178,0.060286604488889374,0.09823707987864812,14.254869355095757,1.4254869355095758,0.027074338040418096,1.5625443326102362,0.060286604488889374,0.07406332136856185,0.0,0.26811257667011684,0.0027074338040418092,0.07406332136856185,0.0,0.013234520331025124,0.013399689458310604,0.015858061611652374,0.01289452612400055,0.0232586320489645,0.05055350065231323,0.06669876724481583,0.34567734599113464
10.0,1.5254043208228216,0.07442878012079746,1.7428316285866037,0.05039773301945792,0.09575126982397503,13.983000172509087,1.3983000172509088,0.031120581448905997,1.5254043208228216,0.05039773301945792,0.07359453249308798,0.0,0.2666775319311354,0.0031120581448906004,0.07359453249308798,0.0,0.013431012630462646,0.01362590491771698,0.01611262932419777,0.012922429479658604,0.02319839969277382,0.05099699646234512,0.07587706297636032,0.3892658054828644
11.0,1.5157029694981046,0.06873927998822182,1.9565510723460713,0.06751187704503536,0.09140729076332516,13.729327095879448,1.3729327095879449,0.03139080790181955,1.5157029694981046,0.06751187704503536,0.07211928566296895,0.0,0.26427047782474095,0.0031390807901819553,0.07211928566296895,0.0,0.013350610621273518,0.013490196317434311,0.01597101241350174,0.013024996966123581,0.02348516322672367,0.051159024238586426,0.06585407257080078,0.35357916355133057
12.0,1.4778475099139743,0.07217746821697801,1.9190430015852245,0.05349899994002448,0.08900546034177144,13.521400716569689,1.352140071656969,0.02784791909572151,1.4778475099139743,0.05349899994002448,0.06942363952596982,0.0,0.2586551043722365,0.002784791909572151,0.06942363952596982,0.0,0.013331761583685875,0.01349195372313261,0.016020920127630234,0.012907823547720909,0.02326887845993042,0.050518833100795746,0.06980597227811813,0.3780736029148102
13.0,1.4657523896959093,0.06874931522179395,1.9842172513226792,0.061745813530352384,0.08854956179857254,13.299972428215874,1.3299972428215876,0.02373159531917837,1.4657523896959093,0.061745813530352384,0.07163615648945172,0.0,0.262594739596049,0.0023731595319178367,0.07163615648945172,0.0,0.01351233571767807,0.013602647930383682,0.01610739156603813,0.013186314143240452,0.023753181099891663,0.05178914964199066,0.06668201833963394,0.351361483335495
14.0,1.438889980316162,0.0751565370010212,2.0494913877887573,0.054952208366658956,0.08700012622608079,13.093989107343885,1.3093989107343884,0.029009699459291168,1.438889980316162,0.054952208366658956,0.07163785439398554,0.0,0.2612614730993907,0.002900969945929117,0.07163785439398554,0.0,0.013437197543680668,0.013613471761345863,0.016129421070218086,0.012926043942570686,0.023371273651719093,0.05080346018075943,0.07318710535764694,0.3977843225002289
15.0,1.4256649679607816,0.07061571383383125,2.1237446702393017,0.06084244056708283,0.08725000379814042,12.877690898047554,1.2877690898047556,0.027383067541652255,1.4256649679607816,0.06084244056708283,0.07431506820850903,0.0,0.26647720899846816,0.002738306754165226,0.07431506820850903,0.0,0.01341868843883276,0.013513721525669098,0.016046781092882156,0.013029318302869797,0.02358131855726242,0.05128318443894386,0.06697847694158554,0.36707422137260437
16.0,1.4022100501590304,0.07639822782948613,2.119362990303766,0.05484905487133397,0.08544798153969976,12.720352861616346,1.2720352861616346,0.030552550012038812,1.4022100501590304,0.05484905487133397,0.07227044511172506,0.0,0.26183601054880357,0.003055255001203882,0.07227044511172506,0.0,0.013453863561153412,0.013635220937430859,0.016155844554305077,0.012921142391860485,0.02338474988937378,0.05073932558298111,0.0741552785038948,0.4067403972148895
17.0,1.3882113562689886,0.07115382829215378,2.1635019481465894,0.05770012612144152,0.0868921321299341,12.514124234517416,1.2514124234517416,0.027542646560404036,1.3882113562689886,0.05770012612144152,0.07634452937377824,0.0,0.2701021018955443,0.0027542646560404036,0.07634452937377824,0.0,0.013454076834022999,0.013511519879102707,0.016064222902059555,0.013031022623181343,0.02364085242152214,0.05126059055328369,0.06817687302827835,0.3700914680957794
18.0,1.3705416454209223,0.08463395840954036,2.1547532497900184,0.05506049965818723,0.08471315105756123,12.394751760694716,1.2394751760694716,0.037336666240460344,1.3705416454209223,0.05506049965818723,0.07227229575316112,0.0,0.2613288445605172,0.0037336666240460345,0.07227229575316112,0.0,0.014112713746726513,0.014300556853413582,0.01688913069665432,0.013444742187857628,0.02426096238195896,0.05507891997694969,0.08948846161365509,0.44949617981910706
19.0,1.3675101730558608,0.07787913957145065,2.2297955468306356,0.06541176637013753,0.0887796241376135,12.180414888593885,1.2180414888593887,0.044648999348282814,1.3675101730558608,0.06541176637013753,0.07959197337428729,0.0,0.27593497435251874,0.004464899934828282,0.07959197337428729,0.0,0.013494917191565037,0.013666397891938686,0.016204791143536568,0.012933711521327496,0.023298071697354317,0.05068698897957802,0.07678849250078201,0.41595974564552307
20.0,1.344160755475362,0.07390791946090758,2.259938918912661,0.05854697318540679,0.08619597057501475,12.080784108903673,1.2080784108903673,0.03120344401233726,1.344160755475362,0.05854697318540679,0.07441501153839959,0.0,0.2653203358252843,0.003120344401233726,0.07441501153839959,0.0,0.013411266729235649,0.013489515520632267,0.01605369709432125,0.012955901212990284,0.02350074052810669,0.05070122331380844,0.06926057487726212,0.39189043641090393
21.0,1.327382915549808,0.0852098228642717,2.1041221199915885,0.05391115239924855,0.08881649871667226,11.901173538631863,1.1901173538631864,0.036770701615346804,1.327382915549808,0.05391115239924855,0.07967730570170614,0.0,0.2748357239696715,0.0036770701615346808,0.07967730570170614,0.0,0.013957371935248375,0.014164921827614307,0.01670968532562256,0.013309724628925323,0.02406858094036579,0.05434770882129669,0.08596359938383102,0.45915699005126953
22.0,1.3227265609635248,0.07909415056928992,2.3180465434807225,0.06395900870362918,0.08698013010952207,11.7980637550354,1.1798063755035402,0.042100593654645815,1.3227265609635248,0.06395900870362918,0.07475112130244572,0.0,0.2663687550359302,0.004210059365464582,0.07475112130244572,0.0,0.01346609927713871,0.013636130839586258,0.016176613047719002,0.012927290052175522,0.023341655731201172,0.05067663639783859,0.0745294913649559,0.4279992878437042
23.0,1.2968607677353754,0.07530849881004542,2.1399043454362485,0.05510771253870593,0.09103223433097203,11.560434977213541,1.1560434977213543,0.02984952988723914,1.2968607677353754,0.05510771253870593,0.08272459854682286,0.0,0.27962859802775913,0.0029849529887239134,0.08272459854682286,0.0,0.013446471653878689,0.013522649183869362,0.016109857708215714,0.013021567836403847,0.02356165274977684,0.050726208835840225,0.0688510313630104,0.4032285511493683
24.0,1.2804744442303975,0.08555168798193336,2.1539999264262577,0.05414393647677369,0.0871006010307206,11.497654543982613,1.1497654543982612,0.035244351977275476,1.2804744442303975,0.05414393647677369,0.07304058410227299,0.0,0.26144540309906006,0.0035244351977275473,0.07304058410227299,0.0,0.01382350828498602,0.014047522097826004,0.016553647816181183,0.013189413584768772,0.02392648160457611,0.05363966524600983,0.08343646675348282,0.4657967984676361
25.0,1.2729756037394206,0.08029052894562483,2.188377122105069,0.06081968918442726,0.09197714924812317,11.2635162141588,1.12635162141588,0.0400155418448978,1.2729756037394206,0.06081968918442726,0.08180272579193115,0.0,0.27914829386605156,0.00400155418448978,0.08180272579193115,0.0,0.013470304198563099,0.013636086136102676,0.01619274728000164,0.012944758869707584,0.02335304394364357,0.05066126212477684,0.07400073856115341,0.4380652904510498
26.0,1.2404853569136725,0.08195617282763124,2.0897476283029697,0.05191779798931546,0.08891303920083576,11.121723175048828,1.112172317504883,0.03767224856548839,1.2404853569136725,0.05191779798931546,0.07262797736459309,0.0,0.2607257266839345,0.0037672248565488392,0.07262797736459309,0.0,0.013578309677541256,0.013761674053966999,0.016290483996272087,0.012997439131140709,0.023438267409801483,0.05138665810227394,0.07890443503856659,0.4452921152114868
27.0,1.2224980956978269,0.08117498294450343,2.0655194710620353,0.051519276574254036,0.0928596200214492,10.895858340793186,1.0895858340793185,0.03615189985268646,1.2224980956978269,0.051519276574254036,0.07777777231401867,0.0,0.272515755560663,0.003615189985268646,0.07777777231401867,0.0,0.013501618057489395,0.013655885122716427,0.016219528391957283,0.012979879043996334,0.023414788767695427,0.05075482279062271,0.07407299429178238,0.44480034708976746
28.0,1.1952784028318193,0.0842102566966787,2.001467062754228,0.05009604369600614,0.08856469144423802,10.724155479007297,1.0724155479007298,0.03863510530855921,1.1952784028318193,0.05009604369600614,0.06890330442951785,0.0,0.25491183665063644,0.0038635105308559205,0.06890330442951785,0.0,0.013765823096036911,0.013950144872069359,0.01647946797311306,0.013150946237146854,0.023684605956077576,0.05258813872933388,0.08495273441076279,0.45511019229888916
29.0,1.1748658451769087,0.08400384907145053,2.0100212143961205,0.050773780379030437,0.09209834618700875,10.485150125291613,1.0485150125291611,0.041849974232415356,1.1748658451769087,0.050773780379030437,0.0713920427693261,0.0,0.26224243972036576,0.004184997423241536,0.0713920427693261,0.0,0.013678040355443954,0.01385108008980751,0.016384275630116463,0.013091831468045712,0.02359982207417488,0.052015695720911026,0.08148732036352158,0.45792272686958313
30.0,1.142244107193417,0.08471840666607022,1.7345657576102453,0.04800023738708761,0.088650767174032,10.249057743284437,1.0249057743284438,0.04329335906853279,1.142244107193417,0.04800023738708761,0.06500876694917679,0.0,0.2488956782552931,0.004329335906853279,0.06500876694917679,0.0,0.013870242983102798,0.014049842953681946,0.016591107472777367,0.013249337673187256,0.023825371637940407,0.05332367867231369,0.08843379467725754,0.4544038772583008
31.0,1.1213531030548944,0.08754960005171597,1.9322960585525746,0.05151539544264475,0.09046485109461679,9.99623727798462,0.999623727798462,0.046603887548877135,1.1213531030548944,0.05151539544264475,0.06555358154906167,0.0,0.2516522506872813,0.004660388754887714,0.06555358154906167,0.0,0.013997129164636135,0.014211808331310749,0.01675586588680744,0.013362899422645569,0.02409210428595543,0.05438736826181412,0.09193211048841476,0.47165751457214355
32.0,1.0912571251392365,0.07965105981566012,2.0535855972402177,0.05424230504367086,0.08830026206043032,9.694895029067993,0.9694895029067992,0.039872004443572626,1.0912571251392365,0.05424230504367086,0.06353811671336491,0.0,0.24711560209592184,0.003987200444357263,0.06353811671336491,0.0,0.013553420081734657,0.013662890531122684,0.016247017309069633,0.013071597553789616,0.023552998900413513,0.050784751772880554,0.07431036978960037,0.4320254325866699
33.0,1.0637523267004225,0.08576545096002519,1.9326850890663871,0.05455623442927996,0.08716296984089746,9.460711744096544,0.9460711744096544,0.04070451017469168,1.0637523267004225,0.05455623442927996,0.059054429125454694,0.0,0.23865990340709686,0.004070451017469168,0.059054429125454694,0.0,0.013900107704102993,0.014097195118665695,0.016632452607154846,0.013288666494190693,0.023874862119555473,0.053610578179359436,0.08966029435396194,0.46105945110321045
34.0,1.026592168543074,0.07961109024472535,2.060556203133695,0.05219538634022077,0.08645480374495189,9.109745158089531,0.9109745158089532,0.040995670999917716,1.026592168543074,0.05219538634022077,0.059322665342026286,0.0,0.23911013702551523,0.004099567099991773,0.059322665342026286,0.0,0.013570261187851429,0.013688037171959877,0.016276372596621513,0.013074607588350773,0.023489095270633698,0.05090056732296944,0.07627711445093155,0.4296126663684845
35.0,0.9968372285366058,0.08657996577676386,1.9500876125431905,0.05283056654863887,0.08354402250713772,8.853810946146647,0.8853810946146647,0.04475304981072744,0.9968372285366058,0.05283056654863887,0.054150264296266765,0.0,0.22843321495585972,0.004475304981072744,0.054150264296266765,0.0,0.014068161137402058,0.014277824200689793,0.016858026385307312,0.013448375277221203,0.024223020300269127,0.05523674562573433,0.0950862392783165,0.45944133400917053
36.0,0.9611643320984311,0.07967045274563134,2.0602189659616634,0.05370163503620359,0.08309273090627459,8.47339383761088,0.8473393837610881,0.045298156121538743,0.9611643320984311,0.05370163503620359,0.055593502811259694,0.0,0.23078477879365286,0.004529815612153875,0.055593502811259694,0.0,0.013607971370220184,0.013738187029957771,0.016342012211680412,0.01308407075703144,0.02344786748290062,0.05102638527750969,0.07922127097845078,0.4268958568572998
37.0,0.9278737472163306,0.086080746143125,1.9613311324233267,0.05118695708612601,0.0798133984208107,8.231485976113213,0.8231485976113214,0.047347095898456044,0.9278737472163306,0.05118695708612601,0.04880347910026709,0.0,0.2165718542204963,0.004734709589845604,0.04880347910026709,0.0,0.014124114066362381,0.014342749491333961,0.016942324116826057,0.013510889373719692,0.024338185787200928,0.055834610015153885,0.09721475839614868,0.4523383378982544
38.0,0.8923193017641703,0.0786566078895703,2.061808667316255,0.05431737398935689,0.07970462987820308,7.8146081235673694,0.781460812356737,0.0464876534210311,0.8923193017641703,0.05431737398935689,0.0518923443224695,0.0,0.22202166749371421,0.0046487653421031115,0.0518923443224695,0.0,0.013599332422018051,0.013726127333939075,0.01633826270699501,0.013079734519124031,0.02339383400976658,0.05086563900113106,0.07954959571361542,0.41870033740997314
39.0,0.8602804044882456,0.08482121769338846,1.9901766792924513,0.05108041130006313,0.07622666698363093,7.607463121414185,0.7607463121414185,0.0476417172079285,0.8602804044882456,0.05108041130006313,0.043689482741885714,0.0,0.2046196543508106,0.00476417172079285,0.043689482741885714,0.0,0.014091753400862217,0.014312105253338814,0.01691400818526745,0.013483661226928234,0.02429487183690071,0.05561474710702896,0.09698201715946198,0.44287657737731934
40.0,0.8251724044481913,0.0773200896801427,2.0823678702663497,0.05427984375920561,0.07691340272625287,7.167953835593329,0.716795383559333,0.04620595710972945,0.8251724044481913,0.05427984375920561,0.04947655296160115,0.0,0.2156663950946596,0.004620595710972945,0.04947655296160115,0.0,0.013570170849561691,0.01368995662778616,0.016302336007356644,0.013064444065093994,0.02330881543457508,0.05063077062368393,0.07904607057571411,0.40894815325737
41.0,0.8001202179325951,0.07652834453620017,2.112679564833114,0.05578897334635258,0.07278469577431679,7.013295147154066,0.7013295147154066,0.03549713299920162,0.8001202179325951,0.05578897334635258,0.03945201086915202,0.0,0.19419414467281765,0.003549713299920162,0.03945201086915202,0.0,0.01346634142100811,0.013584903441369534,0.0161427054554224,0.01300713513046503,0.02324017696082592,0.0502084456384182,0.07542403787374496,0.40715301036834717
42.0,0.7586213648319244,0.08130927628371865,2.0103905160307654,0.04982255068090227,0.0748108360502455,6.567790322833591,0.6567790322833591,0.043995423863331475,0.7586213648319244,0.04982255068090227,0.047620223835110664,0.0,0.2110034715798166,0.004399542386333148,0.047620223835110664,0.0,0.013804851099848747,0.013958118855953217,0.016546882688999176,0.013228514231741428,0.023623576387763023,0.05282893776893616,0.08848445862531662,0.4279988706111908
43.0,0.7341185443931155,0.07395431690383703,2.2003646773660903,0.05431825750403934,0.0687879365351465,6.409270948833889,0.640927094883389,0.03700184366769261,0.7341185443931155,0.05431825750403934,0.03517299931910303,0.0,0.18281051516532898,0.0037001843667692613,0.03517299931910303,0.0,0.013438291847705841,0.013507894240319729,0.016110792756080627,0.013069795444607735,0.023463938385248184,0.05022124573588371,0.07068417221307755,0.3911384046077728
44.0,0.6987464328606924,0.08031813311390579,1.957507127600741,0.05501250343190299,0.07193855403198136,5.968753258387248,0.5968753258387248,0.03840897615171141,0.6987464328606924,0.05501250343190299,0.04301770714422067,0.0,0.2008977300590939,0.0038408976151711413,0.04301770714422067,0.0,0.01376629900187254,0.013908187858760357,0.016504701226949692,0.013195477426052094,0.023540642112493515,0.0524468868970871,0.08731839060783386,0.42186447978019714
45.0,0.6717779040336609,0.07455164671409875,2.1974957393459933,0.05265043924252192,0.06570442807343271,5.830676211251153,0.5830676211251153,0.03881453143225776,0.6717779040336609,0.05265043924252192,0.03217839025374916,0.0,0.17463022222121558,0.0038814531432257763,0.03217839025374916,0.0,0.013445235788822174,0.01352596189826727,0.01610260270535946,0.013028837740421295,0.023296572268009186,0.04994497820734978,0.07334037125110626,0.3937286138534546
46.0,0.639817068974177,0.0819505708059296,1.9509639543767254,0.052472472190856934,0.06932682295640309,5.440788004133436,0.5440788004133437,0.04285827072130309,0.639817068974177,0.052472472190856934,0.03897995501756668,0.0,0.1913128321369489,0.004285827072130309,0.03897995501756668,0.0,0.013954226858913898,0.014141428284347057,0.01673901081085205,0.013357649557292461,0.023967765271663666,0.054231129586696625,0.09333638101816177,0.4258769750595093
47.0,0.6211510499318441,0.07528614497277886,2.189418159624792,0.05446239891979429,0.06294836352268855,5.3267648749881324,0.5326764874988131,0.043334010884993605,0.6211510499318441,0.05446239891979429,0.029678763097359076,0.0,0.1672961339354515,0.00433340108849936,0.029678763097359076,0.0,0.013471580110490322,0.013579082675278187,0.01614828035235405,0.013012516312301159,0.023159543052315712,0.05001502484083176,0.07626473903656006,0.3966383934020996
48.0,0.5876101089848412,0.08280978247057647,1.9464168852659283,0.04968973663118151,0.06559420459800297,4.9758972591824,0.4975897259182401,0.04660011838293738,0.5876101089848412,0.04968973663118151,0.03567062163104614,0.0,0.18205214540163675,0.004660011838293738,0.03567062163104614,0.0,0.014109695330262184,0.014321246184408665,0.01694248989224434,0.013512331992387772,0.024358920753002167,0.05561712011694908,0.09745805710554123,0.4261583983898163
49.0,0.5801641080114577,0.07542159198783338,2.1840836645103856,0.05520464831756221,0.06029542535543442,4.935396114985148,0.49353961149851483,0.046323531307280064,0.5801641080114577,0.05520464831756221,0.026787479718526203,0.0,0.15856688055727217,0.004632353130728007,0.026787479718526203,0.0,0.013484682887792587,0.01360306702554226,0.01617194525897503,0.013002844527363777,0.02309531345963478,0.05007437616586685,0.07767908275127411,0.39626142382621765
50.0,0.5513928996192085,0.07961297361180186,1.8265932503235918,0.04938600439992216,0.0645039329926173,4.621501790152656,0.4621501790152656,0.04323672203140126,0.5513928996192085,0.04938600439992216,0.03553302555034558,0.0,0.18171063479450014,0.004323672203140127,0.03553302555034558,0.0,0.013816785998642445,0.013961459510028362,0.016570011153817177,0.013242855668067932,0.0236565750092268,0.05295996740460396,0.08906183391809464,0.4136343002319336
51.0,0.5414856208695306,0.07581321080215275,2.2278360635859737,0.05347469945748647,0.0571758970618248,4.5972634156545,0.45972634156545006,0.04362183674756023,0.5414856208695306,0.05347469945748647,0.023922396772023704,0.0,0.14920497354533938,0.004362183674756024,0.023922396772023704,0.0,0.013473634608089924,0.013593881390988827,0.01613643951714039,0.012985261157155037,0.023044267669320107,0.04996013641357422,0.07769978791475296,0.39961227774620056
52.0,0.530113246705797,0.07339502300601453,2.254882006633624,0.053165886965062886,0.06322059904535611,4.389490180545383,0.43894901805453834,0.03685955972307258,0.530113246705797,0.053165886965062886,0.034312364645302296,0.0,0.17883967442644966,0.0036859559723072585,0.034312364645302296,0.0,0.013440548442304134,0.013514641672372818,0.016098996624350548,0.013014938682317734,0.02318735234439373,0.04967287555336952,0.07440278679132462,0.3838280439376831
53.0,0.5199122991826799,0.08191778638865799,2.2101114937749546,0.05113584796587626,0.05291852065258556,4.436836587058173,0.4436836587058174,0.04564924258738756,0.5199122991826799,0.05113584796587626,0.020527868790345058,0.0,0.13762212047974268,0.004564924258738756,0.020527868790345058,0.0,0.01411107275635004,0.014314520172774792,0.01697716861963272,0.013517116196453571,0.024435164406895638,0.055624820291996,0.0982365608215332,0.41812586784362793
54.0,0.51651245686743,0.07395623170305043,2.3376535036529167,0.05831360692779223,0.06333784345123503,4.195184813605414,0.4195184813605415,0.04706414478520552,0.51651245686743,0.05831360692779223,0.03397394561519226,0.0,0.17827355447742674,0.004706414478520552,0.03397394561519226,0.0,0.013533730991184711,0.013634844683110714,0.016245132312178612,0.013037140481173992,0.02309992164373398,0.050327155739068985,0.07928173989057541,0.3824901878833771
55.0,0.5053359882699119,0.07139224326238036,2.2918420513236795,0.056832510977983475,0.043981255756484136,4.30537842379676,0.430537842379676,0.03366963337692949,0.5053359882699119,0.056832510977983475,0.014598654402006004,0.0,0.11482865446143681,0.0033669633376929493,0.014598654402006004,0.0,0.013388308696448803,0.01345120556652546,0.01602003537118435,0.012966045178472996,0.02299579232931137,0.049353450536727905,0.07450021803379059,0.3684628903865814
56.0,0.47065428892771405,0.07495598820969462,2.1910650116715913,0.049352104051245585,0.058383363402552076,3.894829935497708,0.3894829935497708,0.040669839932686754,0.47065428892771405,0.049352104051245585,0.02775219538145595,0.0,0.1610591353641616,0.004066983993268675,0.02775219538145595,0.0,0.013650690205395222,0.013768591918051243,0.016395118087530136,0.013101641088724136,0.023355955258011818,0.05126568302512169,0.0840521976351738,0.38405802845954895
57.0,0.47913925184143913,0.06917598156724125,2.089773290571836,0.05332921176320977,0.04188842781715923,4.097871687677172,0.4097871687677172,0.03409624855137534,0.47913925184143913,0.05332921176320977,0.012613237731986575,0.0,0.10653422814276484,0.003409624855137534,0.012613237731986575,0.0,0.01336163841187954,0.013402433134615421,0.015978947281837463,0.013014523312449455,0.023155655711889267,0.04922023043036461,0.0702730044722557,0.35500141978263855
58.0,0.43329837256007725,0.07685833133291453,1.9624050330570648,0.05115566423369779,0.0569283552467823,3.5542455779181585,0.35542455779181586,0.03930190350446436,0.43329837256007725,0.05115566423369779,0.02278795476175017,0.0,0.14467805210087034,0.003930190350446436,0.02278795476175017,0.0,0.013885797932744026,0.01403241790831089,0.016675082966685295,0.013291769661009312,0.023851122707128525,0.053364142775535583,0.09155995398759842,0.3882063627243042
59.0,0.4401659485366609,0.07069947675336152,2.1088624082546494,0.05909867543313238,0.05254044528636667,3.5948374933666654,0.35948374933666655,0.04123991645044751,0.4401659485366609,0.05909867543313238,0.017459517603533134,0.0,0.1238726278146108,0.004123991645044751,0.017459517603533134,0.0,0.013422670774161816,0.013462069444358349,0.01605016365647316,0.01298088300973177,0.0228628758341074,0.04931960254907608,0.07557978481054306,0.36191776394844055
60.0,0.4108511639965905,0.07098990003578365,1.8803354633282556,0.05144809062282244,0.06497916082541148,3.327394684155782,0.3327394684155782,0.033318608067929745,0.4108511639965905,0.05144809062282244,0.02333173088522421,0.0,0.14542826265096664,0.0033318608067929743,0.02333173088522421,0.0,0.013424432836472988,0.013476096093654633,0.01605137623846531,0.012979640625417233,0.022806046530604362,0.049273326992988586,0.07594703137874603,0.36396124958992004
61.0,0.41146493951479596,0.07182701851706952,1.9918321663402736,0.051350061264303,0.06491751306586796,3.308246480094062,0.3308246480094062,0.04038232606318262,0.41146493951479596,0.051350061264303,0.0252519971691072,0.0,0.1468883744544453,0.004038232606318262,0.0252519971691072,0.0,0.013510867953300476,0.013576527126133442,0.01620180904865265,0.013016479089856148,0.023021187633275986,0.050174910575151443,0.07968201488256454,0.36543235182762146
62.0,0.4003041982650757,0.07145192357711494,1.9260705032756402,0.04964966306255923,0.06823609727952215,3.2110194895002575,0.32110194895002575,0.03954457129455275,0.4003041982650757,0.04964966306255923,0.025598120203034744,0.0,0.14857326447963715,0.003954457129455275,0.025598120203034744,0.0,0.01349392719566822,0.013557207770645618,0.016178417950868607,0.013004465959966183,0.022937078028917313,0.04997393488883972,0.07955779135227203,0.3629125654697418
63.0,0.39884642097685075,0.06601809989660978,2.097505824170601,0.0549878670523564,0.0648749288585451,3.148438254992167,0.31484382549921675,0.03109032122625245,0.39884642097685075,0.0549878670523564,0.02590568544757035,0.0,0.14914613051546943,0.0031090321226252457,0.02590568544757035,0.0,0.013438173569738865,0.013479023240506649,0.01601424068212509,0.013246193528175354,0.023508474230766296,0.050188735127449036,0.06974977999925613,0.32852017879486084
64.0,0.38989244732591843,0.07127797685097903,1.8492906933580278,0.05725289425916142,0.05714987259772089,3.0932902495066323,0.3093290249506633,0.03339250654810005,0.38989244732591843,0.05725289425916142,0.01997127652996116,0.0,0.13259010679192013,0.003339250654810005,0.01997127652996116,0.0,0.013513789512217045,0.01358278188854456,0.016216224059462547,0.013018080033361912,0.023021014407277107,0.050357166677713394,0.08199749886989594,0.35851725935935974
65.0,0.37812788122230107,0.06808289664331824,1.982855689615176,0.05361454375088215,0.052953275541464485,3.019495553440518,0.3019495553440518,0.03968373893035783,0.37812788122230107,0.05361454375088215,0.01859540906217363,0.0,0.13114615943696764,0.003968373893035783,0.01859540906217363,0.0,0.013332713395357132,0.013373816385865211,0.01598544232547283,0.012984233908355236,0.022774824872612953,0.04902571812272072,0.07434244453907013,0.3428439795970917
66.0,0.36519603265656364,0.07498354010749608,1.7669575611596118,0.04853888973593712,0.04366791993379593,2.9824362993240356,0.2982436299324036,0.04459454947047763,0.36519603265656364,0.04853888973593712,0.013954053943355879,0.0,0.11445442173216078,0.004459454947047764,0.013954053943355879,0.0,0.013766073621809483,0.013897000811994076,0.016599981114268303,0.013239880092442036,0.023758376017212868,0.052760470658540726,0.09170106053352356,0.3741454780101776
67.0,0.3707773685455322,0.06759961578063667,1.9342280881059573,0.0567295505768723,0.044004833325743675,2.949047737651401,0.2949047737651401,0.04523066007014778,0.3707773685455322,0.0567295505768723,0.014619969918082157,0.0,0.11836110303799312,0.004523066007014779,0.014619969918082157,0.0,0.01333661936223507,0.013388106599450111,0.015993347391486168,0.012961793690919876,0.022688645869493484,0.04896336793899536,0.07619201391935349,0.3372730314731598
68.0,0.3619452450010512,0.06570187560282648,1.8002068615180182,0.053792192704147763,0.040226861420604915,2.9172245131598578,0.29172245131598573,0.033668360052009426,0.3619452450010512,0.053792192704147763,0.01306375866341922,0.0,0.11161648399300045,0.003366836005200943,0.01306375866341922,0.0,0.013258295133709908,0.013299528509378433,0.015897780656814575,0.012982696294784546,0.022640448063611984,0.048646848648786545,0.07300935685634613,0.3258800506591797
69.0,0.3628024442328347,0.06720232928637415,1.9194784833824055,0.05005695505274667,0.04370329508350955,2.9362965292400784,0.29362965292400783,0.0418080830325683,0.3628024442328347,0.05005695505274667,0.01493502842883269,0.0,0.11946838597456615,0.00418080830325683,0.01493502842883269,0.0,0.013350228779017925,0.013414568267762661,0.01604543626308441,0.012939215637743473,0.022656379267573357,0.0493171326816082,0.07909916341304779,0.3307965099811554
70.0,0.36301132871045005,0.06324561883229762,2.058356580501538,0.05480572043193711,0.039806296221084066,2.9165790213478937,0.2916579021347894,0.03378479596641329,0.36301132871045005,0.05480572043193711,0.01316921521599094,0.0,0.11177966992060344,0.0033784795966413286,0.01316921521599094,0.0,0.013337112963199615,0.013370021246373653,0.015891270712018013,0.013191260397434235,0.023105725646018982,0.04926414042711258,0.07096046954393387,0.30684494972229004
71.0,0.3697191923856735,0.06710563926026225,1.8909148557433488,0.05445073420802752,0.04470996931195259,2.95319049888187,0.29531904988818697,0.03653844890909062,0.3697191923856735,0.05445073420802752,0.016295551374140713,0.0,0.1241603982117441,0.003653844890909063,0.016295551374140713,0.0,0.013391178101301193,0.013458406552672386,0.01613607443869114,0.01296064630150795,0.022764716297388077,0.049737460911273956,0.081452876329422,0.3269437551498413
72.0,0.36787981622748905,0.06447958026546985,2.1429882222558287,0.053421168277661,0.0387477847850985,2.9800414045651755,0.2980041404565175,0.04011021140548918,0.36787981622748905,0.053421168277661,0.012443480650997825,0.0,0.10800421651866701,0.004011021140548918,0.012443480650997825,0.0,0.013266104273498058,0.01329123042523861,0.015914350748062134,0.012988738715648651,0.022584091871976852,0.04862411692738533,0.07398922741413116,0.315178781747818
73.0,0.36144227120611405,0.0734258514130488,1.9250213910235514,0.04792165839009815,0.04314557173185878,2.9278189871046276,0.2927818987104628,0.04587848246511486,0.36144227120611405,0.04792165839009815,0.016150863116814032,0.0,0.12336527721749412,0.004587848246511486,0.016150863116814032,0.0,0.013637898489832878,0.01373085007071495,0.01649457775056362,0.01315514650195837,0.023525947704911232,0.0516541413962841,0.08997223526239395,0.3652360141277313
74.0,0.3691822174522612,0.06381274596787989,2.091337857642181,0.05704739193121592,0.03669137404196792,2.9606175356441073,0.2960617535644107,0.04451916325423452,0.3691822174522612,0.05704739193121592,0.011621161364018917,0.0,0.10410598085986243,0.004451916325423454,0.011621161364018917,0.0,0.013267988339066505,0.013292346149682999,0.015919392928481102,0.012959692627191544,0.02252080850303173,0.04855254665017128,0.07529694586992264,0.30869224667549133
75.0,0.3531530317333009,0.06186944048386067,1.8868602230823823,0.05369773589902454,0.03995254904859596,2.815956195195516,0.28159561951955164,0.03368879730502764,0.3531530317333009,0.05369773589902454,0.01449079614960485,0.0,0.117170845468839,0.003368879730502765,0.01449079614960485,0.0,0.013212190009653568,0.013229276984930038,0.015814412385225296,0.013021353632211685,0.022531786933541298,0.048160798847675323,0.07267381995916367,0.2963118851184845
76.0,0.3444095138046477,0.06359915540087968,1.9562923669869425,0.04822890025873979,0.03668170111874739,2.804218682977888,0.28042186829778887,0.038163365692728095,0.3444095138046477,0.04822890025873979,0.011942405719310045,0.0,0.10570397890276378,0.00381633656927281,0.011942405719310045,0.0,0.013283856213092804,0.013308631256222725,0.015955887734889984,0.012951917015016079,0.02251024916768074,0.04860486462712288,0.0766511932015419,0.30552664399147034
77.0,0.3409329851468404,0.062459264299832284,1.8386160562776668,0.05199626605543825,0.03812610978881518,2.7173239257600574,0.27173239257600573,0.03920993488281965,0.3409329851468404,0.05199626605543825,0.01328333125760158,0.0,0.11198013524214427,0.0039209934882819646,0.01328333125760158,0.0,0.013234488666057587,0.013256577774882317,0.01589060202240944,0.012939023785293102,0.022407380864024162,0.04824894666671753,0.07555016130208969,0.29814693331718445
78.0,0.33771378298600513,0.059665835346095264,1.8501993246552284,0.051035724166366786,0.03685392998158932,2.7126437955432467,0.2712643795543247,0.03385155161635743,0.33771378298600513,0.051035724166366786,0.01202852309991916,0.0,0.10666641841332118,0.0033851551616357434,0.01202852309991916,0.0,0.01325796265155077,0.01328354049474001,0.015773599967360497,0.01319307554513216,0.022719906643033028,0.04826955497264862,0.07172078639268875,0.2791082561016083
79.0,0.3370533386866252,0.0652202203636989,1.770682008544962,0.052112128171655864,0.03728286259704166,2.676329639222887,0.26763296392228875,0.04097959730360243,0.3370533386866252,0.052112128171655864,0.013210286179350482,0.0,0.11148965358734131,0.004097959730360244,0.013210286179350482,0.0,0.013373075984418392,0.013431176543235779,0.016198018565773964,0.012983178719878197,0.022815607488155365,0.04958900436758995,0.08316060900688171,0.31021109223365784
80.0,0.33798035482565564,0.06183745292946696,1.9134621780703993,0.05565246525737974,0.03672855575051573,2.653544624646505,0.2653544624646505,0.04440669922365083,0.33798035482565564,0.05565246525737974,0.01253274486710628,0.0,0.10846415162086487,0.004440669922365083,0.01253274486710628,0.0,0.013228137046098709,0.01324235089123249,0.01585400477051735,0.01299150101840496,0.02241816371679306,0.04817212000489235,0.07410413771867752,0.29468920826911926
81.0,0.3370754205518299,0.060220220242626965,1.8662737066465296,0.053842440247535706,0.03776868743201097,2.670737240049574,0.26707372400495744,0.034590948166118726,0.3370754205518299,0.053842440247535706,0.012700155946529575,0.0,0.10964082347022162,0.003459094816611873,0.012700155946529575,0.0,0.013207507319748402,0.013213001191616058,0.015776844695210457,0.013081785291433334,0.022524172440171242,0.047942664474248886,0.0729639083147049,0.28305187821388245
82.0,0.32787005603313446,0.06101275107357651,1.856278514876595,0.04952745967441135,0.03697768412530422,2.616096940305498,0.26160969403054973,0.04106767837786012,0.32787005603313446,0.04952745967441135,0.01262612444245153,0.0,0.10936205337444942,0.004106767837786013,0.01262612444245153,0.0,0.013194306753575802,0.01322361920028925,0.015873491764068604,0.012937444262206554,0.022266587242484093,0.047916654497385025,0.0756024643778801,0.28708744049072266
83.0,0.3368079513311386,0.05919167504180223,2.014240460488385,0.05344708988236056,0.03796001047723823,2.6582199070188732,0.2658219907018873,0.0350291778643926,0.3368079513311386,0.05344708988236056,0.01403594772434897,0.0,0.11467184623082478,0.00350291778643926,0.01403594772434897,0.0,0.013434118591248989,0.01344483532011509,0.01587410643696785,0.013429861515760422,0.023134306073188782,0.0497073233127594,0.07149549573659897,0.2730133533477783
84.0,0.3343216809961531,0.06202681688591838,1.8212295432316574,0.05648987533317672,0.0367115872601668,2.6066483656565347,0.2606648365656535,0.036917294582559004,0.3343216809961531,0.05648987533317672,0.013475235344635116,0.0,0.11244628661208683,0.0036917294582559,0.013475235344635116,0.0,0.01324318815022707,0.013293806463479996,0.01601395197212696,0.012926577590405941,0.022364893928170204,0.04838276654481888,0.07986734807491302,0.29012200236320496
85.0,0.3367503881454468,0.06051426730118692,1.9870499736465095,0.05222832245959176,0.037001787374416985,2.678866916232639,0.26788669162326395,0.04408514706624879,0.3367503881454468,0.05222832245959176,0.012226856365385983,0.0,0.10753833047217792,0.004408514706624879,0.012226856365385983,0.0,0.013223650865256786,0.013224334456026554,0.015841668471693993,0.013063477352261543,0.022443028166890144,0.04799982160329819,0.07418090850114822,0.2841372489929199
86.0,0.32723721696270835,0.0663743729237467,1.8955842479486351,0.04928418931861719,0.035518412995669574,2.6027513609992132,0.26027513609992137,0.04564025573846367,0.32723721696270835,0.04928418931861719,0.013113857195195224,0.0,0.11022559305032094,0.004564025573846367,0.013113857195195224,0.0,0.01336626149713993,0.013434012420475483,0.016235359013080597,0.013010292313992977,0.022865328937768936,0.04953569918870926,0.08476884663105011,0.31777918338775635
87.0,0.33878910210397506,0.05951562861446291,2.0046031632406365,0.05466213304963377,0.03683156313167678,2.66641894976298,0.26664189497629803,0.04578713017205397,0.33878910210397506,0.05466213304963377,0.012906357025106749,0.0,0.11009074333641264,0.0045787130172053984,0.012906357025106749,0.0,0.013202163390815258,0.01320022065192461,0.015797274187207222,0.013064342550933361,0.02240954339504242,0.04788903146982193,0.07395657896995544,0.27660587430000305
88.0,0.3283010141717063,0.06240583281032741,1.922365544814917,0.049965192253390946,0.034502556547522545,2.6084066033363342,0.2608406603336334,0.04314817664109998,0.3283010141717063,0.049965192253390946,0.013180334017508559,0.0,0.1096671654118432,0.004314817664109998,0.013180334017508559,0.0,0.01325956080108881,0.013306260108947754,0.016087321564555168,0.01293086912482977,0.022536039352416992,0.048646971583366394,0.08140837401151657,0.2910712659358978
89.0,0.33401887946658665,0.0569347731070593,1.9764909005713163,0.05376764159235689,0.03585833083424303,2.635346704059177,0.2635346704059177,0.043559705217679344,0.33401887946658665,0.05376764159235689,0.012360599926776357,0.0,0.10787072860532337,0.004355970521767933,0.012360599926776357,0.0,0.013109466060996056,0.013125726953148842,0.01566026359796524,0.013068114407360554,0.022226471453905106,0.04738219827413559,0.07294684648513794,0.2579590976238251
90.0,0.32619044598605895,0.058391562779434025,1.8870239409830287,0.05185676407482889,0.03429369338684612,2.5729328129026623,0.25729328129026624,0.03780820448365477,0.32619044598605895,0.05185676407482889,0.01325957684053315,0.0,0.1099366694688797,0.003780820448365477,0.01325957684053315,0.0,0.013138786889612675,0.013153794221580029,0.01574724353849888,0.012995404191315174,0.022186560556292534,0.047524869441986084,0.07371734082698822,0.2686685025691986
91.0,0.3213554008139504,0.057935715885832906,1.8122749160314224,0.049225521377391286,0.03549594266547097,2.5509529444906445,0.2550952944490645,0.03937813432680236,0.3213554008139504,0.049225521377391286,0.013096761424094439,0.0,0.11020214938455158,0.003937813432680236,0.013096761424094439,0.0,0.013113774359226227,0.013146087527275085,0.01576923578977585,0.012948932126164436,0.022110171616077423,0.04739006608724594,0.07416664808988571,0.2648408114910126
92.0,0.31901436381869847,0.05751501792110503,1.9292585989592286,0.04927429867287477,0.03464514327545961,2.5289009080992804,0.2528900908099281,0.0412901911056704,0.31901436381869847,0.04927429867287477,0.01272095548402932,0.0,0.10833146257532968,0.00412901911056704,0.01272095548402932,0.0,0.013109528459608555,0.013135887682437897,0.015773525461554527,0.012949015013873577,0.022114433348178864,0.047301433980464935,0.07437340915203094,0.2613629102706909
93.0,0.3216867181989882,0.059032106306403875,2.021391450872808,0.051948085634244814,0.03509663397239314,2.5286437604162426,0.2528643760416243,0.03509798770149549,0.3216867181989882,0.051948085634244814,0.013364455403967036,0.0,0.11098284398516019,0.003509798770149549,0.013364455403967036,0.0,0.013443701900541782,0.013488355092704296,0.01584285870194435,0.01351943053305149,0.023103291168808937,0.04998370260000229,0.07153606414794922,0.27133944630622864
94.0,0.3239428756965531,0.058299764641560614,1.8245115337687159,0.05733880607618226,0.03510976437893179,2.497831874423557,0.24978318744235567,0.0364944197030531,0.3239428756965531,0.05733880607618226,0.013171421570910348,0.0,0.11054025010930167,0.0036494419703053107,0.013171421570910348,0.0,0.013144560158252716,0.013176977634429932,0.015871452167630196,0.012923403643071651,0.022192765027284622,0.04753059893846512,0.0760740265250206,0.2654843330383301
95.0,0.3223799881007936,0.05607438157312572,1.9520356672028294,0.05299317960937818,0.0348975859168503,2.531183746125963,0.25311837461259634,0.04303962571753396,0.3223799881007936,0.05299317960937818,0.011964463991009526,0.0,0.10563069333632787,0.004303962571753396,0.011964463991009526,0.0,0.013135808520019054,0.013144407421350479,0.015660658478736877,0.013140655122697353,0.02224193513393402,0.04738406836986542,0.073270283639431,0.25061723589897156
96.0,0.315200161602762,0.05738684441894293,1.9481485707317487,0.0506219452040063,0.03439554261664549,2.470208379957411,0.24702083799574112,0.03889319010906749,0.315200161602762,0.0506219452040063,0.013668051558650203,0.0,0.11162719047731823,0.003889319010906749,0.013668051558650203,0.0,0.01316286064684391,0.013152850791811943,0.015721634030342102,0.013099310919642448,0.022267738357186317,0.047573767602443695,0.07377682626247406,0.26033976674079895
97.0,0.3142646468347973,0.0698106171330437,1.8108633933352383,0.04765834886994627,0.03526853356096479,2.4847506946987576,0.24847506946987574,0.04919125232845545,0.3142646468347973,0.04765834886994627,0.013212096256514391,0.0,0.11007445885075463,0.004919125232845545,0.013212096256514391,0.0,0.013396416790783405,0.013463139533996582,0.01631428673863411,0.013075456023216248,0.023051859810948372,0.049815401434898376,0.08590474724769592,0.34346362948417664
98.0,0.32017510798242355,0.057485944009386,1.9996519023426715,0.055977555405762464,0.033703710262974106,2.4726576738887363,0.24726576738887365,0.048801915306184024,0.32017510798242355,0.055977555405762464,0.012051587510440085,0.0,0.10518687632348803,0.004880191530618402,0.012051587510440085,0.0,0.01313876174390316,0.01315322145819664,0.015779899433255196,0.012986415065824986,0.022135054692626,0.0474698469042778,0.07445984333753586,0.2607645094394684
99.0,0.316777389910486,0.05527634243480861,1.8720010891577108,0.053488761393560305,0.0351575766172674,2.4572564827071295,0.24572564827071297,0.036774589473174676,0.316777389910486,0.053488761393560305,0.013885506946179602,0.0,0.1126773746477233,0.003677458947317468,0.013885506946179602,0.0,0.013136621564626694,0.013154769316315651,0.0156268198043108,0.013165716081857681,0.02225075475871563,0.04737621173262596,0.07254287600517273,0.24495697021484375
100.0,0.3094175101982223,0.05715372017584741,1.9384519408509695,0.04816392995417118,0.03419172184334861,2.4497620132234363,0.2449762013223436,0.040571076381537646,0.3094175101982223,0.04816392995417118,0.012220266999469863,0.0,0.10627002434598075,0.004057107638153766,0.012220266999469863,0.0,0.013134345412254333,0.013147257268428802,0.01577783189713955,0.012987883761525154,0.02212352119386196,0.04740633815526962,0.07453356683254242,0.25811901688575745
101.0,0.3126549373070399,0.055481685092672706,1.8901453487241986,0.05209060675568051,0.03487998681763808,2.4271380636427136,0.2427138063642714,0.040808446084459625,0.3126549373070399,0.05209060675568051,0.013769670984604292,0.0,0.11190117109153006,0.004080844608445963,0.013769670984604292,0.0,0.013076582923531532,0.013081980869174004,0.01566356047987938,0.013030337169766426,0.022067587822675705,0.046973224729299545,0.0735076367855072,0.24645256996154785
102.0,0.3047473149167167,0.055156672140583396,1.8441092191070705,0.0469538743297259,0.034133407183819346,2.4115812844700284,0.24115812844700285,0.039734133415751986,0.3047473149167167,0.0469538743297259,0.012661894938598076,0.0,0.10787870403793123,0.003973413341575198,0.012661894938598076,0.0,0.013076030649244785,0.013082598336040974,0.015697356313467026,0.013009510934352875,0.022050317376852036,0.04688939452171326,0.07404564321041107,0.24340252578258514
103.0,0.3100711488061481,0.0618499725824222,1.9898163678362906,0.05165610627995597,0.034552798296014466,2.4123476611243353,0.24123476611243355,0.03623277217977577,0.3100711488061481,0.05165610627995597,0.013556997912625471,0.0,0.1110951697660817,0.003623277217977577,0.013556997912625471,0.0,0.013458802364766598,0.013560442253947258,0.015772240236401558,0.01368802785873413,0.02296573296189308,0.05037779361009598,0.07108510285615921,0.29389163851737976
104.0,0.3075416526860661,0.05563122220337391,1.8548360492572564,0.05278763175010681,0.03405439087914096,2.3766353527704873,0.23766353527704875,0.039408095077508025,0.3075416526860661,0.05278763175010681,0.013149667893432908,0.0,0.10962427407503128,0.003940809507750803,0.013149667893432908,0.0,0.013094902038574219,0.013115091249346733,0.015848267823457718,0.012936782091856003,0.02216624654829502,0.04706522077322006,0.07580995559692383,0.2450133115053177
105.0,0.31128277712398106,0.05404115270357579,1.9343950079654617,0.05414144818981489,0.034570694176687136,2.395970172352261,0.2395970172352261,0.04590635353492366,0.31128277712398106,0.05414144818981489,0.012953669660621218,0.0,0.108784392890003,0.0045906353534923665,0.012953669660621218,0.0,0.013111917302012444,0.013129830360412598,0.015644477680325508,0.013171174563467503,0.022140150889754295,0.047168001532554626,0.07348686456680298,0.23447680473327637
106.0,0.30252616852521896,0.05577320302836597,1.929875520578802,0.049317106190654963,0.03396420325669977,2.3556991550657482,0.23556991550657486,0.041050231705109276,0.30252616852521896,0.049317106190654963,0.013534122457106909,0.0,0.11074910478459464,0.004105023170510928,0.013534122457106909,0.0,0.013151860795915127,0.01313223596662283,0.01569313369691372,0.01313496008515358,0.02221369929611683,0.04738638177514076,0.07403384894132614,0.24743950366973877
107.0,0.3038382050063875,0.06570530438330024,1.8349079253984826,0.04912336439722114,0.03451758250594139,2.3685387902789645,0.23685387902789642,0.04939269440041648,0.3038382050063875,0.04912336439722114,0.012921684964870414,0.0,0.10852958055006133,0.0049392694400416486,0.012921684964870414,0.0,0.01326668355613947,0.01331998873502016,0.016167545691132545,0.013002158142626286,0.02269005961716175,0.048687003552913666,0.08318015933036804,0.31532883644104004
108.0,0.3089444571071201,0.05360559921246022,1.9714540329784431,0.05632870602938864,0.03361159935593605,2.3490525020493402,0.23490525020493402,0.048454599661959544,0.3089444571071201,0.05632870602938864,0.012865026895370748,0.0,0.10811732709407806,0.004845459966195955,0.012865026895370748,0.0,0.013023165985941887,0.013040253892540932,0.015635771676898003,0.013029095716774464,0.02194228395819664,0.04657898098230362,0.07333370298147202,0.2322615385055542
109.0,0.30215896997186875,0.053035750752314925,1.9009124234146317,0.05096290695170561,0.03434684065481027,2.3378919098112316,0.23378919098112316,0.037941336217853755,0.30215896997186875,0.05096290695170561,0.013612726573935814,0.0,0.11121691597832574,0.003794133621785376,0.013612726573935814,0.0,0.013139883056282997,0.013184976764023304,0.015597010962665081,0.013252770528197289,0.022198261693120003,0.047427643090486526,0.07244175672531128,0.22704370319843292
110.0,0.2981113973591063,0.05575198179576546,1.9450472001959254,0.04901890539460712,0.03415017616417673,2.3134711583455405,0.23134711583455406,0.04192319740023878,0.2981113973591063,0.04901890539460712,0.013553051122774681,0.0,0.11079335047139062,0.004192319740023879,0.013553051122774681,0.0,0.013114462606608868,0.013115747831761837,0.01574566960334778,0.01301275473088026,0.022074393928050995,0.04715826362371445,0.07461655884981155,0.24717800319194794
111.0,0.3028489698966344,0.054140235064551234,1.9121367726672613,0.05433984473347664,0.034429611224267215,2.3180836704042225,0.2318083670404222,0.041405261390739016,0.3028489698966344,0.05433984473347664,0.012560218081085218,0.0,0.10723949265148905,0.004140526139073901,0.012560218081085218,0.0,0.013079719617962837,0.01307488139718771,0.015638867393136024,0.013092578388750553,0.02209063060581684,0.04692891240119934,0.07348750531673431,0.23572878539562225
112.0,0.2926871958706114,0.05147084535565227,1.8416545074685446,0.04755798106392225,0.03402161267068651,2.2804426087273493,0.2280442608727349,0.03910811907715268,0.2926871958706114,0.04755798106392225,0.013174131978303194,0.0,0.1096027981903818,0.003910811907715268,0.013174131978303194,0.0,0.01304757408797741,0.013085292652249336,0.015596453100442886,0.013158158399164677,0.022024234756827354,0.04704221338033676,0.07269585877656937,0.2151169776916504
113.0,0.3038082652621799,0.053111571236513555,1.9556118567242866,0.05629693157970905,0.03442555065784189,2.2867358128229776,0.22867358128229778,0.04785345970756478,0.3038082652621799,0.05629693157970905,0.014052408023013009,0.0,0.11240831017494202,0.004785345970756478,0.014052408023013009,0.0,0.013040254823863506,0.013022391125559807,0.015735846012830734,0.012962866574525833,0.022060101851820946,0.046673666685819626,0.07437948882579803,0.22701795399188995
114.0,0.2981542903516028,0.05443230888340622,2.034236711529011,0.05332403940459093,0.034118704290853605,2.2698027226659985,0.22698027226659986,0.039936230414443545,0.2981542903516028,0.05332403940459093,0.01385635044425726,0.0,0.11148506568537818,0.003993623041444355,0.01385635044425726,0.0,0.01330093014985323,0.013318943791091442,0.015686245635151863,0.013398061506450176,0.022595010697841644,0.048246778547763824,0.07238417863845825,0.23652832210063934
115.0,0.29939373168680405,0.05455155670642853,1.8988560062950741,0.05687028211024073,0.034818546639548406,2.260733273294237,0.22607332732942373,0.0403161956411269,0.29939373168680405,0.05687028211024073,0.012418502346715994,0.0,0.10672416165471077,0.004031619564112691,0.012418502346715994,0.0,0.013070224784314632,0.013071857392787933,0.01571757160127163,0.012981251813471317,0.02201305888593197,0.046836454421281815,0.0744909718632698,0.23823106288909912
116.0,0.2921776862608062,0.05266509915236384,1.9890616098238358,0.05274608275956578,0.03418015605873532,2.2212695942984686,0.22212695942984687,0.03922289413296514,0.2921776862608062,0.05274608275956578,0.013382349421994554,0.0,0.11011221590969297,0.003922289413296514,0.013382349421994554,0.0,0.013246439397335052,0.013298843055963516,0.015606295317411423,0.01340548601001501,0.02238265983760357,0.04810211807489395,0.0717749297618866,0.22350402176380157
117.0,0.2883537709712982,0.05402878031600267,1.9201595635909143,0.049399851717882685,0.035242181478275195,2.195153554280599,0.21951535542805992,0.0426288733465804,0.2883537709712982,0.049399851717882685,0.015175678353342745,0.0,0.11618499582012494,0.00426288733465804,0.015175678353342745,0.0,0.0130551066249609,0.01306025218218565,0.015783684328198433,0.012930488213896751,0.022063039243221283,0.046746574342250824,0.07493655383586884,0.23365454375743866
118.0,0.2906672805547714,0.052576392190530896,2.0114806162653407,0.0524863385491901,0.03459553482631842,2.1974793076515198,0.21974793076515198,0.042858784190482564,0.2906672805547714,0.0524863385491901,0.014147136567367448,0.0,0.11230943103631337,0.004285878419048257,0.014147136567367448,0.0,0.013107803650200367,0.013145229779183865,0.015579799190163612,0.013225147500634193,0.022102797403931618,0.04707149416208267,0.07230454683303833,0.2240743190050125
119.0,0.28075554635789657,0.05767862941138446,1.918864993874822,0.04669559022618665,0.035128947554363146,2.1561675601535373,0.2156167560153538,0.04617820949190193,0.28075554635789657,0.04669559022618665,0.013825380036400424,0.0,0.11141251027584076,0.004617820949190193,0.013825380036400424,0.0,0.01310422457754612,0.013131769374012947,0.01591888628900051,0.012929314747452736,0.02221323363482952,0.0471111498773098,0.07780259847640991,0.25921785831451416
120.0,0.28827199505435097,0.05266525107435882,2.0058936958915217,0.054527846061521106,0.03513451851904392,2.1382002102004156,0.21382002102004158,0.04572040132350392,0.28827199505435097,0.054527846061521106,0.015352089268465837,0.0,0.11608372380336125,0.004572040132350392,0.015352089268465837,0.0,0.013044657185673714,0.013058747164905071,0.015588682144880295,0.013119232840836048,0.021985869854688644,0.04660102352499962,0.07283110171556473,0.22509269416332245
121.0,0.2748454130358166,0.058666172553785145,1.9395713533728443,0.04484783030218548,0.03547132160100672,2.1138565606541104,0.21138565606541104,0.04734628399213155,0.2748454130358166,0.04484783030218548,0.013877290947776701,0.0,0.11158336450656255,0.004734628399213155,0.013877290947776701,0.0,0.01311918068677187,0.01315178070217371,0.015948191285133362,0.012933189980685711,0.022245991975069046,0.04722173884510994,0.07854962348937988,0.26615968346595764
122.0,0.2847536611888144,0.05250431632157415,2.031338451412486,0.05540436216526561,0.03563679734037982,2.086194031768375,0.2086194031768375,0.045451275590393275,0.2847536611888144,0.05540436216526561,0.016184764293332893,0.0,0.11850755247804853,0.004545127559039328,0.016184764293332893,0.0,0.01303630881011486,0.013049645349383354,0.01557975448668003,0.013112780638039112,0.02198927104473114,0.046588875353336334,0.07266397029161453,0.22401392459869385
123.0,0.2706263413031896,0.05553395312745124,1.9233353303862342,0.044877979076570935,0.035741604243715606,2.073543793625302,0.2073543793625302,0.045156947440571256,0.2706263413031896,0.044877979076570935,0.013878290567340123,0.0,0.11173055983251995,0.004515694744057126,0.013878290567340123,0.0,0.013001558370888233,0.01298060268163681,0.015786321833729744,0.012991905212402344,0.0222905483096838,0.04642162099480629,0.07349701225757599,0.24730205535888672
124.0,0.2865673253933589,0.05107445770408958,2.088629333757069,0.06326864121688737,0.03645921995242437,2.017089823881785,0.20170898238817853,0.04545908669630686,0.2865673253933589,0.06326864121688737,0.017043785605993535,0.0,0.12195802148845461,0.004545908669630687,0.017043785605993535,0.0,0.013018056750297546,0.013052182272076607,0.015558683313429356,0.013136772438883781,0.02196100912988186,0.04670926555991173,0.0720866322517395,0.21307305991649628
125.0,0.26860754357443917,0.05700089898891747,1.9937926183842742,0.04741492929557959,0.03649092175894313,2.009874953163995,0.20098749531639948,0.042227273186047874,0.26860754357443917,0.04741492929557959,0.015982394727567833,0.0,0.11867527829276191,0.004222727318604787,0.015982394727567833,0.0,0.01320472452789545,0.01316411979496479,0.015793874859809875,0.013112186454236507,0.0222332701086998,0.0474419966340065,0.07463286072015762,0.2564241588115692
126.0,0.28575240903430515,0.05482813622802496,2.0501040849725953,0.0659777449650897,0.03672071442835861,1.992905894915263,0.1992905894915263,0.03763157698429293,0.28575240903430515,0.0659777449650897,0.016720913350582123,0.0,0.12103920347160763,0.0037631576984292936,0.016720913350582123,0.0,0.013109207153320312,0.013085704296827316,0.01561801042407751,0.013118128292262554,0.022097589448094368,0.04696124047040939,0.0728219524025917,0.24181325733661652
127.0,0.2709057397312588,0.0659965769154951,1.9871404943119377,0.05126944908665286,0.036378537201219134,1.9985368715392218,0.1998536871539222,0.04847290108187331,0.2709057397312588,0.05126944908665286,0.014935309558899866,0.0,0.11544359930687481,0.00484729010818733,0.014935309558899866,0.0,0.013181383721530437,0.013177950866520405,0.016042504459619522,0.013056893832981586,0.022675881162285805,0.04784265533089638,0.07768012583255768,0.32431522011756897
128.0,0.2811552509665489,0.05303538008593023,2.114958303312759,0.06392779284053379,0.03704910518394576,1.9404047462675307,0.1940404746267531,0.05291228617231051,0.2811552509665489,0.06392779284053379,0.017895747752239306,0.0,0.12465953412983152,0.005291228617231052,0.017895747752239306,0.0,0.013012574054300785,0.012988477014005184,0.015736015513539314,0.012954622507095337,0.022099029272794724,0.04647640138864517,0.07353729754686356,0.22747862339019775
129.0,0.2670324395100276,0.0564946896629408,2.1431686827119285,0.05175785699652301,0.0370453107688162,1.9401876131693523,0.1940187613169352,0.039085194261537656,0.2670324395100276,0.05175785699652301,0.01734729649292098,0.0,0.12315607815980911,0.003908519426153766,0.01734729649292098,0.0,0.013366819359362125,0.013353046961128712,0.01570986397564411,0.013430087827146053,0.02270178310573101,0.04820655658841133,0.0713021531701088,0.25388720631599426
130.0,0.28100720047950745,0.0553689138032496,2.0473356088713675,0.06932139334579308,0.03734400019877487,1.9082651204533048,0.19082651204533047,0.03676021544055806,0.28100720047950745,0.06932139334579308,0.017183272840662137,0.0,0.12332403908173244,0.0036760215440558067,0.017183272840662137,0.0,0.013075483031570911,0.013080292381346226,0.015712512657046318,0.012986205518245697,0.021944142878055573,0.046664610505104065,0.0733749270439148,0.2461131364107132
131.0,0.26608020895057255,0.04932682460639626,2.067389096721686,0.054532556070221797,0.037100919211904206,1.9099524021148682,0.19099524021148684,0.042736631714635424,0.26608020895057255,0.054532556070221797,0.0162787480900685,0.0,0.1203296615017785,0.004273663171463543,0.0162787480900685,0.0,0.013017475605010986,0.013010493479669094,0.015658646821975708,0.013118594884872437,0.022163236513733864,0.04707798734307289,0.07220359146595001,0.19836457073688507
132.0,0.26784438639879227,0.05397439224179834,2.180699076126758,0.06011518815325366,0.03781328991883331,1.8560547629992168,0.18560547629992166,0.038845443063312106,0.26784438639879227,0.06011518815325366,0.018239179936548073,0.0,0.12684055003854963,0.003884544306331211,0.018239179936548073,0.0,0.013242860324680805,0.01334229577332735,0.015642259269952774,0.01349619124084711,0.02241433784365654,0.048714734613895416,0.07046486437320709,0.23447759449481964
133.0,0.2570466432306502,0.05423146206885576,2.0594234988179156,0.04891295006705655,0.037526136678126126,1.8617602321836684,0.18617602321836685,0.04248708962566323,0.2570466432306502,0.04891295006705655,0.01770896205885543,0.0,0.12445777737432057,0.004248708962566323,0.01770896205885543,0.0,0.013071835041046143,0.013071699067950249,0.01581103727221489,0.012934276834130287,0.022088635712862015,0.04675348848104477,0.07464573532342911,0.23547498881816864
134.0,0.2612866486112277,0.053120949771255255,2.142743742707119,0.0557655758327908,0.03742378412021531,1.842998292711046,0.1842998292711046,0.042805985237161316,0.2612866486112277,0.0557655758327908,0.016940639354288578,0.0,0.12280055549409655,0.004280598523716133,0.016940639354288578,0.0,0.013074440881609917,0.013095570728182793,0.015600093640387058,0.013159564696252346,0.022078126668930054,0.046857625246047974,0.07190436124801636,0.22919781506061554
135.0,0.25281452967060936,0.05073900264687836,2.0284576651664112,0.0481935567739937,0.03785480186343193,1.8391094009081523,0.18391094009081524,0.0432905215356085,0.25281452967060936,0.0481935567739937,0.01638097709251775,0.0,0.12181426336367925,0.004329052153560851,0.01638097709251775,0.0,0.013030284084379673,0.013018541969358921,0.015741296112537384,0.013094551861286163,0.022294916212558746,0.04699939489364624,0.07310311496257782,0.20862992107868195
136.0,0.2626361764139599,0.05137703486252576,2.163182194357571,0.06129152327775955,0.03871388816171222,1.785521235730913,0.1785521235730913,0.04443170875310898,0.2626361764139599,0.06129152327775955,0.018349355552345514,0.0,0.12829499774509007,0.004443170875310899,0.018349355552345514,0.0,0.013059955090284348,0.013090475462377071,0.015603913925588131,0.013179573230445385,0.022036176174879074,0.047037117183208466,0.07186641544103622,0.2151426523923874
137.0,0.24758985307481554,0.06028924568090588,2.0739381065839946,0.04526648401386208,0.03759221380783452,1.8164890540970697,0.18164890540970696,0.04397537766231431,0.24758985307481554,0.04526648401386208,0.016276925077868834,0.0,0.12128866463899612,0.004397537766231431,0.016276925077868834,0.0,0.013221428729593754,0.013242931105196476,0.01594420149922371,0.012999950908124447,0.02220843732357025,0.04752713441848755,0.07739962637424469,0.27977025508880615
138.0,0.27095820920334923,0.055993178859353065,2.224657432814297,0.07250969318879975,0.03787436460455259,1.774144126309289,0.17741441263092889,0.03938022555990352,0.27095820920334923,0.07250969318879975,0.017096077971574333,0.0,0.12419747561216354,0.003938022555990351,0.017096077971574333,0.0,0.013102450408041477,0.013092081993818283,0.015635671094059944,0.01310358289629221,0.022099338471889496,0.046789415180683136,0.07174880802631378,0.2523740828037262
139.0,0.2527174949645996,0.05640818737447262,2.080505937921925,0.054519716236326426,0.03815184305939409,1.7803117765320673,0.17803117765320675,0.044965849671926766,0.2527174949645996,0.054519716236326426,0.01567001273441646,0.0,0.12011983245611191,0.004496584967192676,0.01567001273441646,0.0,0.01306217536330223,0.013041266240179539,0.015853893011808395,0.013041251339018345,0.02241520769894123,0.046650465577840805,0.07391252368688583,0.25328871607780457
140.0,0.25676244994004566,0.05124933028127998,2.13644345359082,0.06078741947809855,0.03945866289238135,1.717378404405382,0.17173784044053822,0.048420108233888946,0.25676244994004566,0.06078741947809855,0.019395178960015375,0.0,0.1315721215473281,0.004842010823388895,0.019395178960015375,0.0,0.01302749291062355,0.013006775639951229,0.015675781294703484,0.01305447332561016,0.022023852914571762,0.046644389629364014,0.07266519963741302,0.21389667689800262
141.0,0.24552898440096113,0.057378838770091534,2.206624720030501,0.04993206759293874,0.038594904045263924,1.7518994808197021,0.1751899480819702,0.03782421640223927,0.24552898440096113,0.04993206759293874,0.016624540297521487,0.0,0.12357733067539003,0.0037824216402239275,0.016624540297521487,0.0,0.01331836823374033,0.013298570178449154,0.015707388520240784,0.013362204656004906,0.02261260338127613,0.04784482717514038,0.07079484313726425,0.26209190487861633
142.0,0.25948594841692185,0.05529212101828307,2.1173620526610444,0.06920204580658013,0.04004042512840695,1.6731891830762227,0.1673189183076223,0.03631751870529519,0.25948594841692185,0.06920204580658013,0.019333236436876986,0.0,0.13245048787858751,0.003631751870529519,0.019333236436876986,0.0,0.0130727868527174,0.0130743607878685,0.01565847173333168,0.013060958124697208,0.02198105677962303,0.046520963311195374,0.07230594754219055,0.2466624230146408
143.0,0.24823358489407432,0.0477785641560331,2.1624656585457256,0.05424323947065406,0.03893687989976671,1.7430992788738675,0.17430992788738675,0.03911634162068367,0.24823358489407432,0.05424323947065406,0.015768782804823585,0.0,0.1207893763979276,0.003911634162068367,0.015768782804823585,0.0,0.013193839229643345,0.013264128938317299,0.01568823680281639,0.013448169454932213,0.022288218140602112,0.04875703901052475,0.07187055796384811,0.18371832370758057
144.0,0.25216366516219246,0.05182985228020698,2.163881731612609,0.059058511836661234,0.04082255106833246,1.6896071897612677,0.16896071897612677,0.04607428775893317,0.25216366516219246,0.059058511836661234,0.019536999105993245,0.0,0.13312777297364342,0.004607428775893317,0.019536999105993245,0.0,0.013042137958109379,0.013019843026995659,0.01576143316924572,0.013028217479586601,0.022174576297402382,0.046575743705034256,0.07360730320215225,0.21742956340312958
145.0,0.24600108795695835,0.05807622708380222,2.2111971136444835,0.050378641527560025,0.039162656706240445,1.7504978775978088,0.17504978775978086,0.04480278698934449,0.24600108795695835,0.050378641527560025,0.01609237574868732,0.0,0.12188291466898388,0.004480278698934449,0.01609237574868732,0.0,0.013177778571844101,0.01315713208168745,0.01576513610780239,0.013086901046335697,0.02219719998538494,0.047094885259866714,0.07267559319734573,0.26745519042015076
146.0,0.2602320967449082,0.05891707632690668,2.290492501663113,0.06930350388089816,0.03941089059743616,1.6868889331817627,0.16868889331817627,0.03287282410181231,0.2602320967449082,0.06930350388089816,0.018952408184607823,0.0,0.13061397936609057,0.003287282410181231,0.018952408184607823,0.0,0.013392307795584202,0.013452241197228432,0.01572328992187977,0.01358815561980009,0.022776365280151367,0.04934469610452652,0.07003332674503326,0.2730262279510498
147.0,0.2504577570491367,0.048017390770837665,2.107567968407733,0.05642625130712986,0.03806725351346864,1.7594849467277527,0.1759484946727753,0.037360675219032496,0.2504577570491367,0.05642625130712986,0.014346933664960993,0.0,0.11574692941374248,0.0037360675219032503,0.014346933664960993,0.0,0.01311031635850668,0.013120369985699654,0.015719696879386902,0.013267246074974537,0.022300604730844498,0.04782145097851753,0.07339756935834885,0.18540187180042267
148.0,0.24853784673743778,0.050372168654575944,2.2530255257790404,0.05865300094915761,0.03943042250143157,1.6692991455396016,0.16692991455396017,0.04395506779352824,0.24853784673743778,0.05865300094915761,0.01855941867041919,0.0,0.12952344036764568,0.004395506779352824,0.01855941867041919,0.0,0.013112418353557587,0.013149107806384563,0.015673264861106873,0.013255422003567219,0.02216337062418461,0.047531671822071075,0.07292801886796951,0.2051640748977661
149.0,0.23615017533302307,0.05966793780680746,2.1518935595328994,0.046631586427489914,0.038681092775530286,1.6914493044217427,0.16914493044217427,0.04736853846245342,0.23615017533302307,0.046631586427489914,0.015636803220129676,0.0,0.12001515097088283,0.004736853846245342,0.015636803220129676,0.0,0.0132299130782485,0.013280193321406841,0.016023624688386917,0.012979094870388508,0.02220495045185089,0.04776071757078171,0.0792948454618454,0.2725701630115509
150.0,0.2552949595782492,0.054806341300718486,2.247257756813243,0.06991241499781609,0.03853940156598886,1.6380992068184748,0.16380992068184747,0.042834187754326396,0.2552949595782492,0.06991241499781609,0.017289196968906455,0.0,0.12536263548665577,0.00428341877543264,0.017289196968906455,0.0,0.013102567754685879,0.013098401948809624,0.01568439044058323,0.013102885335683823,0.022098321467638016,0.0466952919960022,0.07274704426527023,0.2419218271970749
151.0,0.23873264425330692,0.06241831835359335,2.1894883421868725,0.05514549050066206,0.03853540764086776,1.64847022957272,0.16484702295727202,0.03535785463949045,0.23873264425330692,0.05514549050066206,0.015204340581678681,0.0,0.11932684315575494,0.0035357854639490446,0.015204340581678681,0.0,0.01348493155092001,0.01369385700672865,0.01589818298816681,0.013884341344237328,0.022993866354227066,0.051145289093256,0.07336923480033875,0.2948768436908722
152.0,0.24245044340689978,0.05028313596267253,2.117503132503262,0.06224370395971669,0.03920028710530864,1.5765348474184673,0.15765348474184673,0.040226922267013125,0.24245044340689978,0.06224370395971669,0.01853056402049131,0.0,0.12875625905063418,0.0040226922267013136,0.01853056402049131,0.0,0.013094347901642323,0.013103245757520199,0.01570853963494301,0.013194535858929157,0.022167425602674484,0.04739062488079071,0.07347197830677032,0.20413438975811005
153.0,0.22937905622853172,0.057562346337363124,2.195847468242873,0.048599373963144094,0.03846975333160824,1.6121776103973389,0.1612177610397339,0.04199443726489941,0.22937905622853172,0.048599373963144094,0.015362476412620809,0.0,0.11962396899859111,0.004199443726489941,0.015362476412620809,0.0,0.013223161920905113,0.013187467120587826,0.015774350613355637,0.013184108771383762,0.02238791435956955,0.04736962541937828,0.0728171095252037,0.2625550329685211
154.0,0.2429770247803794,0.05538842699024826,2.1570512438417686,0.06463470268580648,0.03964416993161043,1.5589554640981886,0.15589554640981887,0.04266105457726452,0.2429770247803794,0.06463470268580648,0.018180673838489585,0.0,0.12855338801940283,0.004266105457726452,0.018180673838489585,0.0,0.01310622226446867,0.013117915019392967,0.015804218128323555,0.012983975932002068,0.022020958364009857,0.04666964337229729,0.07401883602142334,0.24538564682006836
155.0,0.23415569961071014,0.047298524412326515,2.1641863374336885,0.054734051020609006,0.03796075594921907,1.61001722017924,0.16100172201792398,0.0435558854498797,0.23415569961071014,0.054734051020609006,0.014064336143847968,0.0,0.11513030032316844,0.00435558854498797,0.014064336143847968,0.0,0.013208415359258652,0.013253312557935715,0.015776436775922775,0.013431205414235592,0.02241736650466919,0.0487828366458416,0.07375289499759674,0.17776572704315186
156.0,0.23124663117859098,0.05328516382724047,2.1222833650131734,0.058065082877874374,0.04030384744207064,1.5009477867020502,0.15009477867020501,0.04837845555610127,0.23124663117859098,0.058065082877874374,0.01824891913889183,0.0,0.12940774775213665,0.004837845555610127,0.01824891913889183,0.0,0.013090488500893116,0.013070730492472649,0.015840305015444756,0.013064985163509846,0.02234199456870556,0.04698343947529793,0.07484883815050125,0.22704052925109863
157.0,0.22781161881155437,0.05247443448752165,2.1743756463133304,0.05477277230885294,0.03931324639254146,1.5262711809741125,0.15262711809741128,0.04222873691469431,0.22781161881155437,0.05477277230885294,0.01618885000546773,0.0,0.12290199349323909,0.0042228736914694314,0.01618885000546773,0.0,0.013272641226649284,0.013364561833441257,0.015697121620178223,0.013513603247702122,0.022471651434898376,0.04883589595556259,0.0717468112707138,0.22089318931102753
158.0,0.21764528503020605,0.0530706278514117,2.105152062146497,0.04849901236593723,0.04060494610004955,1.4745000302791595,0.14745000302791597,0.04179363325238228,0.21764528503020605,0.04849901236593723,0.01751690021612578,0.0,0.12756179024775824,0.004179363325238228,0.01751690021612578,0.0,0.01307984720915556,0.013074466027319431,0.015799060463905334,0.013000920414924622,0.02211998589336872,0.04664056748151779,0.07436547428369522,0.22648470103740692
159.0,0.22431103305684197,0.05168539774604142,2.1876932100942668,0.05385052123003536,0.03876504136456384,1.5091224941942427,0.15091224941942427,0.0423413777930869,0.22431103305684197,0.05385052123003536,0.015314128612064652,0.0,0.11929535286294089,0.004234137779308689,0.015314128612064652,0.0,0.01319108996540308,0.013240737840533257,0.01567789912223816,0.013352342881262302,0.022321252152323723,0.04787297174334526,0.07232538610696793,0.21550150215625763
160.0,0.2168155163526535,0.0466230179881677,2.106803451377047,0.04774438155194124,0.04028810146782133,1.4729059338569641,0.1472905933856964,0.040059942855603166,0.2168155163526535,0.04774438155194124,0.017774544345835846,0.0,0.1275770374470287,0.004005994285560317,0.017774544345835846,0.0,0.013140983879566193,0.01316800620406866,0.01574893482029438,0.013353593647480011,0.02240636758506298,0.04826999083161354,0.07341320812702179,0.17348305881023407
161.0,0.23839627785815132,0.04904917976818979,2.2714594677161757,0.06204136647284031,0.037949897762801915,1.5856938891940646,0.1585693889194065,0.042239435844951205,0.23839627785815132,0.06204136647284031,0.013561575311339565,0.0,0.11345494786898296,0.004223943584495121,0.013561575311339565,0.0,0.013208220712840557,0.013294950127601624,0.015694983303546906,0.01343949418514967,0.022353187203407288,0.04845193028450012,0.07266715914011002,0.19328351318836212
162.0,0.22195186300410163,0.058342479285784066,2.213298215077187,0.04812379947139157,0.039428946665591665,1.5272849930657282,0.15272849930657284,0.04224025789234373,0.22195186300410163,0.04812379947139157,0.016875530334396496,0.0,0.1244436576962471,0.004224025789234374,0.016875530334396496,0.0,0.013145211152732372,0.013170472346246243,0.015851393342018127,0.012970206327736378,0.02207023836672306,0.047010473906993866,0.07510658353567123,0.26741525530815125
163.0,0.2407088412178887,0.05481832870282233,2.279005515971174,0.06803482812311915,0.037890829145908356,1.5523291230201721,0.15523291230201722,0.040498436635567084,0.2407088412178887,0.06803482812311915,0.013391252658847306,0.0,0.11312373810344273,0.004049843663556709,0.013391252658847306,0.0,0.013112528249621391,0.013109573163092136,0.015679767355322838,0.013138183392584324,0.02216857299208641,0.04677551984786987,0.07220427691936493,0.24235820770263672
164.0,0.22338258061144087,0.049300704966299236,2.214918244879356,0.05420758699377378,0.04010095799134837,1.4755983683798048,0.1475598368379805,0.0422234655254417,0.22338258061144087,0.05420758699377378,0.017392806398371857,0.0,0.12739850829044977,0.004222346552544169,0.017392806398371857,0.0,0.01306699775159359,0.013067719526588917,0.01578672230243683,0.013161798939108849,0.02235555835068226,0.04741906747221947,0.0741509199142456,0.19539685547351837
165.0,0.23148727085855272,0.049757521017454565,2.3179209517651995,0.05891624672545327,0.03784703008002705,1.5353619456291199,0.153536194562912,0.04541583980123202,0.23148727085855272,0.05891624672545327,0.01449324144050479,0.0,0.1164407953619957,0.004541583980123202,0.01449324144050479,0.0,0.013100768439471722,0.01313125528395176,0.015703020617365837,0.013226311653852463,0.022181782871484756,0.047377750277519226,0.07340451329946518,0.19993476569652557
166.0,0.2195845064189699,0.05159242590889335,2.309243146114761,0.046746819383568235,0.03870095767908626,1.5200045241249933,0.15200045241249932,0.03907888879378637,0.2195845064189699,0.046746819383568235,0.016929341066214774,0.0,0.12391026235289043,0.003907888879378637,0.016929341066214774,0.0,0.013136569410562515,0.013172569684684277,0.015691377222537994,0.013257590122520924,0.022250141948461533,0.04749702289700508,0.07274828851222992,0.21498584747314453
167.0,0.22096584157811272,0.05192451679613441,2.2055943833288496,0.049206454720762044,0.037531430936521955,1.5478810502423181,0.1547881050242318,0.04160942706382937,0.22096584157811272,0.049206454720762044,0.01281033730548289,0.0,0.11047909822728899,0.004160942706382937,0.01281033730548289,0.0,0.013090468943119049,0.013108927756547928,0.015707798302173615,0.01314521860331297,0.02211650460958481,0.046929750591516495,0.07348373532295227,0.21781373023986816
168.0,0.21931050469477972,0.06061222241260111,2.2942761158586604,0.0517244523184167,0.0380408890131447,1.48140330447091,0.14814033044709102,0.03574804951333337,0.21931050469477972,0.0517244523184167,0.015870917691952653,0.0,0.12073404424720341,0.0035748049513333376,0.015870917691952653,0.0,0.013463031500577927,0.01366990152746439,0.01589588262140751,0.013866285793483257,0.02289828658103943,0.05094626545906067,0.07395689934492111,0.2802012264728546
169.0,0.22956954522265327,0.049666575505398214,2.219358346653428,0.06195338567097982,0.03727725541426076,1.5026217069890764,0.15026217069890765,0.04156482395612531,0.22956954522265327,0.06195338567097982,0.013197501190006733,0.0,0.1118391537004047,0.004156482395612532,0.013197501190006733,0.0,0.013088245876133442,0.01311062928289175,0.015729213133454323,0.013185088522732258,0.022168222814798355,0.04726268723607063,0.07410673052072525,0.1986817866563797
170.0,0.21366624368561637,0.057779437280260026,2.2970804646962986,0.04870994140704473,0.038520213630464345,1.4493014017740886,0.14493014017740888,0.03722130486534701,0.21366624368561637,0.04870994140704473,0.016304028996576864,0.0,0.12251869009600745,0.0037221304865347016,0.016304028996576864,0.0,0.01338842324912548,0.013485247269272804,0.015732690691947937,0.01367251668125391,0.02263691835105419,0.04935377463698387,0.07110077142715454,0.2628651559352875
171.0,0.21276355038086572,0.053674919763579965,2.1295484180092994,0.052880055788490504,0.03797151272495588,1.4172173407342699,0.14172173407342697,0.041963848595817886,0.21276355038086572,0.052880055788490504,0.013965374738391902,0.0,0.11467754013008541,0.004196384859581789,0.013965374738391902,0.0,0.013101796619594097,0.013152073137462139,0.015897026285529137,0.012981217354536057,0.022143879905343056,0.046633824706077576,0.07555198669433594,0.22993755340576172
172.0,0.21371862788995108,0.049003806547261775,2.163204738470923,0.05248509202566412,0.03745270437664456,1.4138338764508565,0.14138338764508565,0.04913605490906371,0.21371862788995108,0.05248509202566412,0.014936538516647287,0.0,0.11613594492276509,0.004913605490906371,0.014936538516647287,0.0,0.0131088150665164,0.013128039427101612,0.015818985179066658,0.01322453748434782,0.022381529211997986,0.047573767602443695,0.07537207752466202,0.191422700881958
173.0,0.2161809595094787,0.049442345509305596,2.2127218821324792,0.05931939101881451,0.037971245124936104,1.3880572120348613,0.1388057212034861,0.04616408939990732,0.2161809595094787,0.05931939101881451,0.013439434114843607,0.0,0.11309849553638035,0.004616408939990733,0.013439434114843607,0.0,0.01325865089893341,0.013328957371413708,0.015759466215968132,0.01347928587347269,0.022422220557928085,0.048575084656476974,0.07420821487903595,0.19450688362121582
174.0,0.20058699200550714,0.05035186011809856,2.0813502830927444,0.048197408103280596,0.03926729845503966,1.3199340336852603,0.13199340336852605,0.04022369099160036,0.20058699200550714,0.048197408103280596,0.016373813048832946,0.0,0.12239007900158565,0.004022369099160036,0.016373813048832946,0.0,0.013204974122345448,0.013262371532619,0.01567775569856167,0.013404379598796368,0.022304009646177292,0.047937069088220596,0.07271064072847366,0.20431368052959442
175.0,0.20138229512506062,0.06047275150194764,2.0793297142598237,0.04699369126723872,0.03808513552778297,1.3599484198623233,0.13599484198623235,0.04745869369556507,0.20138229512506062,0.04699369126723872,0.013647890391035212,0.0,0.11366039183404711,0.004745869369556507,0.013647890391035212,0.0,0.013179625384509563,0.013242793269455433,0.01605190336704254,0.013006359338760376,0.02245377004146576,0.04735797271132469,0.07922481000423431,0.27926477789878845
176.0,0.20758271548483107,0.05133779300376773,2.1212835786154063,0.05601555916170279,0.039044143425093755,1.311577793624666,0.13115777936246661,0.05195126123726368,0.20758271548483107,0.05601555916170279,0.015214251716517739,0.0,0.11890814205010732,0.005195126123726368,0.015214251716517739,0.0,0.013104015961289406,0.01311816368252039,0.01587391458451748,0.013201513327658176,0.02247568406164646,0.04762476682662964,0.07603583484888077,0.2092684507369995
177.0,0.2099051127831141,0.0484973331913352,2.247203596056261,0.05802390310499403,0.03856760159962707,1.3272430731190576,0.13272430731190576,0.04655856349402004,0.2099051127831141,0.05802390310499403,0.014501043388413059,0.0,0.11703245590130489,0.004655856349402004,0.014501043388413059,0.0,0.013241756707429886,0.013309714384377003,0.015767166391015053,0.013460700400173664,0.022430386394262314,0.048585664480924606,0.07440716028213501,0.18677611649036407
178.0,0.19978761010699803,0.04936749255284667,2.118219895269368,0.048685477011733584,0.039878643635246486,1.303221947617001,0.1303221947617001,0.04060384558720721,0.19978761010699803,0.048685477011733584,0.016719555844449334,0.0,0.12361087153355281,0.004060384558720722,0.016719555844449334,0.0,0.013162827119231224,0.013215944170951843,0.015675116330385208,0.01335083693265915,0.022255951538681984,0.047759391367435455,0.07291378825902939,0.1966060847043991
179.0,0.20456073350376552,0.04589236050378531,2.149751826642207,0.047756469498078026,0.037252828064892024,1.3983928329414792,0.1398392832941479,0.04317356180399656,0.20456073350376552,0.047756469498078026,0.012647620040095515,0.0,0.10997931245300505,0.004317356180399657,0.012647620040095515,0.0,0.013103151693940163,0.01312956027686596,0.015785185620188713,0.013281906954944134,0.022389376536011696,0.04788561537861824,0.07504842430353165,0.16651566326618195
180.0,0.2122516847319073,0.04803481383714825,2.3290844528111334,0.05693728435370657,0.040848848720391594,1.3395120766427782,0.13395120766427782,0.04549981508817938,0.2122516847319073,0.05693728435370657,0.016813208918190665,0.0,0.12573708759413826,0.004549981508817937,0.016813208918190665,0.0,0.01306190062314272,0.01310726534575224,0.015669967979192734,0.013207622803747654,0.02209419384598732,0.04710661992430687,0.07369235157966614,0.18633858859539032
181.0,0.20871982309553358,0.05034924508072436,2.2865279261557814,0.048412526233328715,0.03674955810937616,1.4338089492585924,0.14338089492585923,0.040692940768268376,0.20871982309553358,0.048412526233328715,0.01285710646253493,0.0,0.11032870660225551,0.004069294076826838,0.01285710646253493,0.0,0.013152947649359703,0.013180030509829521,0.015697278082370758,0.013283036649227142,0.02224164642393589,0.04741143807768822,0.07372800260782242,0.20409958064556122
182.0,0.19953312228123346,0.04906173923518509,2.1567896038930545,0.051354439515206546,0.04030464217066765,1.27048592766126,0.12704859276612598,0.045613412745296955,0.19953312228123346,0.051354439515206546,0.0165687445551157,0.0,0.12495465659432942,0.004561341274529696,0.0165687445551157,0.0,0.013101678341627121,0.013126797042787075,0.015825867652893066,0.013206202536821365,0.022389553487300873,0.047640133649110794,0.07614695280790329,0.1910567283630371
183.0,0.19989545394976935,0.0492148733465001,2.214808007210844,0.05335714833603965,0.03736806495322122,1.2797228826416864,0.12797228826416865,0.04908674562142955,0.19989545394976935,0.05335714833603965,0.01365733871029483,0.0,0.11292835242218441,0.0049086745621429555,0.01365733871029483,0.0,0.01311628520488739,0.013148919679224491,0.01574593409895897,0.013204416260123253,0.022190794348716736,0.04738080874085426,0.07539478689432144,0.19353704154491425
184.0,0.1928068134519789,0.06472008465789258,2.1256022649477777,0.05075684665805764,0.03818225839899646,1.2278678052955203,0.12278678052955207,0.03945919964462519,0.1928068134519789,0.05075684665805764,0.015317265409976244,0.0,0.11899895717700322,0.003945919964462519,0.015317265409976244,0.0,0.01360546424984932,0.013843335211277008,0.016003403812646866,0.014031955972313881,0.023182447999715805,0.05191010981798172,0.07684141397476196,0.3083425462245941
185.0,0.20173333999183443,0.04822887317277491,2.145674136541177,0.058602540029419795,0.037633194484644465,1.2542041109667883,0.12542041109667884,0.04127933416101667,0.20173333999183443,0.058602540029419795,0.013582452562534146,0.0,0.11353772133588791,0.004127933416101668,0.013582452562534146,0.0,0.013212976977229118,0.01326727494597435,0.015753665938973427,0.013405991718173027,0.02237345278263092,0.04834870994091034,0.07474426925182343,0.18472464382648468
186.0,0.18950055787960687,0.04966182995121926,2.0828067667332886,0.04902359408636888,0.03843290586438444,1.213634431362152,0.12136344313621522,0.04487665670199527,0.18950055787960687,0.04902359408636888,0.014625854686730437,0.0,0.11691541473070781,0.004487665670199526,0.014625854686730437,0.0,0.01302070077508688,0.01304787490516901,0.015699878334999084,0.0130610978230834,0.021984316408634186,0.046516552567481995,0.07411182671785355,0.19985239207744598
187.0,0.19489162994755638,0.05532133730594069,2.06788693230248,0.05437998308075799,0.03766745142638683,1.2286048465304904,0.12286048465304907,0.03995966062777572,0.19489162994755638,0.05437998308075799,0.013655190045634905,0.0,0.11386918442116843,0.003995966062777572,0.013655190045634905,0.0,0.013345210812985897,0.013517134822905064,0.015810644254088402,0.0137031814083457,0.022612590342760086,0.049891624599695206,0.07356251031160355,0.2401278018951416
188.0,0.19227809955676398,0.048158745281398296,2.1534827129081906,0.05455139362149768,0.0382219904826747,1.1908095114760928,0.11908095114760929,0.04381478267411391,0.19227809955676398,0.05455139362149768,0.014264269111057123,0.0,0.11581997821728389,0.004381478267411391,0.014264269111057123,0.0,0.01301405020058155,0.013046533800661564,0.01570194959640503,0.013087891973555088,0.022023536264896393,0.046671416610479355,0.07414502650499344,0.18757955729961395
189.0,0.18814989344941246,0.04876277269795537,2.1509385114864563,0.05010581430461672,0.03799675694770283,1.197483930322859,0.11974839303228589,0.041811005108886294,0.18814989344941246,0.05010581430461672,0.014114587309045924,0.0,0.11554226527611415,0.00418110051088863,0.014114587309045924,0.0,0.013207335025072098,0.013334504328668118,0.01575612649321556,0.013513986952602863,0.022388581186532974,0.04892239347100258,0.0739641785621643,0.18901507556438446
190.0,0.19832936260435316,0.049889822374098,2.319065445052269,0.05328770023253229,0.0379274148080084,1.2670256661044226,0.12670256661044227,0.0467787759585513,0.19832936260435316,0.05328770023253229,0.013661218237959676,0.0,0.11402682463328044,0.0046778775958551295,0.013661218237959676,0.0,0.013007757253944874,0.013040438294410706,0.015787729993462563,0.013001374900341034,0.02204403653740883,0.046355102211236954,0.07485073804855347,0.2010314017534256
191.0,0.20768576860427856,0.04461272875778377,2.360456098287725,0.05182832934790187,0.036930050493942365,1.3769580490059323,0.13769580490059324,0.04478903290712171,0.20768576860427856,0.05182832934790187,0.013682731944653723,0.0,0.1121474943227238,0.004478903290712172,0.013682731944653723,0.0,0.01311495155096054,0.013161515817046165,0.015723183751106262,0.013334648683667183,0.0222699623554945,0.04809221625328064,0.0742107704281807,0.15699458122253418
192.0,0.22292727563116285,0.05784954968839884,2.5660421268613716,0.05345859833889537,0.03574781078431341,1.5453906920221117,0.15453906920221117,0.040071278189619385,0.22292727563116285,0.05345859833889537,0.010922476649284363,0.0,0.1029283098048634,0.004007127818961939,0.010922476649284363,0.0,0.013407891616225243,0.013502523303031921,0.01576799899339676,0.013695158064365387,0.022695383056998253,0.049583274871110916,0.07264872640371323,0.261495441198349
193.0,0.22334765808449852,0.04509510099887848,2.3961405054301887,0.052313519227835864,0.035841326125793986,1.5419738623831007,0.15419738623831009,0.03889336592207352,0.22334765808449852,0.052313519227835864,0.01294741365644667,0.0,0.11030977964401245,0.003889336592207352,0.01294741365644667,0.0,0.013146655634045601,0.013222982175648212,0.01573537290096283,0.013374903239309788,0.022282030433416367,0.04815860465168953,0.07466107606887817,0.16017918288707733
194.0,0.1909205930100547,0.0644579220097512,2.2480965657493903,0.049752736257182226,0.03706797440018919,1.239063411951065,0.12390634119510652,0.05386791957749261,0.1909205930100547,0.049752736257182226,0.011874717194586992,0.0,0.10671808156702253,0.005386791957749261,0.011874717194586992,0.0,0.013203651644289494,0.013285119086503983,0.016148725524544716,0.013031858019530773,0.0226607583463192,0.04763275384902954,0.08069894462823868,0.3090015649795532
195.0,0.20353809909688103,0.05152051371987909,2.223795501681863,0.056853511888119906,0.035624150186777115,1.2814409335454304,0.12814409335454308,0.05232463973677821,0.20353809909688103,0.056853511888119906,0.013308023982163932,0.0,0.1104491220580207,0.005232463973677821,0.013308023982163932,0.0,0.01306234672665596,0.013085839338600636,0.01585010252892971,0.013135459274053574,0.02235199138522148,0.04721486195921898,0.07558859139680862,0.21187491714954376
196.0,0.19409368104404873,0.04709393228404224,2.182264039904661,0.05412078648805618,0.035333905989925064,1.2409039470884535,0.12409039470884535,0.04477253328594896,0.19409368104404873,0.05412078648805618,0.01140524224481649,0.0,0.10447338720162709,0.0044772533285948974,0.01140524224481649,0.0,0.01319434680044651,0.0132439648732543,0.015728533267974854,0.013390795327723026,0.022343173623085022,0.048046793788671494,0.07374510914087296,0.17705874145030975
197.0,0.18486569904618794,0.04412507067900151,2.11823234253411,0.05011086869570944,0.035805533536606364,1.1767413053247664,0.11767413053247663,0.04141004249039623,0.18486569904618794,0.05011086869570944,0.012939703029890856,0.0,0.10966657516029146,0.004141004249039623,0.012939703029890856,0.0,0.013148946687579155,0.013194730505347252,0.015771036967635155,0.013366174884140491,0.022384818643331528,0.04828042909502983,0.07460242509841919,0.15225200355052948
198.0,0.18416169534126917,0.048867163714021444,2.2361887092490855,0.05178602577911483,0.03647295696039995,1.1537303527196248,0.11537303527196248,0.04167059457136525,0.18416169534126917,0.05178602577911483,0.012835573456767533,0.0,0.11049673623508877,0.0041670594571365255,0.012835573456767533,0.0,0.013231996446847916,0.013290188275277615,0.015732940286397934,0.013450601138174534,0.02242077887058258,0.048319365829229355,0.07340340316295624,0.19108803570270538
199.0,0.1840468222896258,0.04401567508466542,2.1649858616855453,0.05044248327612877,0.03739396917323271,1.1595867309305403,0.11595867309305403,0.04214086994114849,0.1840468222896258,0.05044248327612877,0.013431576235840717,0.0,0.11263786256313324,0.004214086994114849,0.013431576235840717,0.0,0.01311329286545515,0.013147341087460518,0.015777835622429848,0.01329221110790968,0.022355228662490845,0.04790663719177246,0.07505015283823013,0.1514827013015747
200.0,0.18351703219943577,0.04680890403687954,2.206183360188264,0.0509610776272085,0.03732952641116248,1.1489842732747395,0.11489842732747396,0.04385938371221224,0.18351703219943577,0.0509610776272085,0.013271590125643544,0.0,0.1125430092215538,0.004385938371221224,0.013271590125643544,0.0,0.013147256337106228,0.01319012138992548,0.01571693643927574,0.013314615935087204,0.022265806794166565,0.047717705368995667,0.0740601122379303,0.17505867779254913
201.0,0.18305593066745335,0.047006637789309025,2.152386631018243,0.0504484319438537,0.03566638111240334,1.1571866042084165,0.11571866042084163,0.04442590940743685,0.18305593066745335,0.0504484319438537,0.012446250300854445,0.0,0.10809218138456345,0.004442590940743685,0.012446250300854445,0.0,0.013080020435154438,0.013107971288263798,0.01579158380627632,0.01321142166852951,0.022340858355164528,0.04760563001036644,0.07533980906009674,0.17557580769062042
202.0,0.18810648802253935,0.046557941706851125,2.391551923015215,0.050565354939964086,0.038404864362544484,1.1895846128463745,0.11895846128463744,0.04563705809414387,0.18810648802253935,0.050565354939964086,0.014018969765553871,0.0,0.11580733706553777,0.0045637058094143874,0.014018969765553871,0.0,0.013095141388475895,0.013131480664014816,0.015713462606072426,0.013227549381554127,0.022187968716025352,0.04730425029993057,0.07438138872385025,0.17342229187488556
203.0,0.1976562018195788,0.06602869473863393,2.389945873186124,0.05345737602975634,0.03540199581119749,1.2842247486114502,0.128422474861145,0.03701558388355705,0.1976562018195788,0.05345737602975634,0.012074795396377644,0.0,0.10645385748810238,0.0037015583883557054,0.012074795396377644,0.0,0.013638822361826897,0.013860813342034817,0.016002831980586052,0.014046015217900276,0.023228719830513,0.05170440301299095,0.07644792646169662,0.3193000257015228
204.0,0.19101838767528534,0.046377711463719606,2.29300315597165,0.05462541741629442,0.03774348853362931,1.1972752213478088,0.11972752213478091,0.040518625328938164,0.19101838767528534,0.05462541741629442,0.01261358211437861,0.0,0.11022474865118663,0.0040518625328938174,0.01261358211437861,0.0,0.013143227435648441,0.013183951377868652,0.015728073194622993,0.013294351287186146,0.022258810698986053,0.047739122062921524,0.07480122894048691,0.17087292671203613
205.0,0.18585917519198525,0.05521634116303176,2.1680613388500256,0.05139610357582569,0.03504788440962633,1.183411227332221,0.11834112273322211,0.040501114084488817,0.18585917519198525,0.05139610357582569,0.012071836170636945,0.0,0.10648934377564324,0.004050111408448882,0.012071836170636945,0.0,0.013371797278523445,0.013539332896471024,0.01586838811635971,0.013724037446081638,0.022733308374881744,0.04999150335788727,0.07489953190088272,0.2376028299331665
206.0,0.18548650046189627,0.04614392772782594,2.184685451784118,0.052546489569875926,0.03534636625813113,1.1734005610148113,0.11734005610148114,0.04564786122904883,0.18548650046189627,0.052546489569875926,0.011035166318631835,0.0,0.10341040045022964,0.004564786122904884,0.011035166318631835,0.0,0.01307845488190651,0.013121485710144043,0.01577242836356163,0.01315286848694086,0.02222917601466179,0.04716220125555992,0.075508251786232,0.16912655532360077
207.0,0.18382057630353504,0.049653319641947746,2.218254272339788,0.05221323875917329,0.036158789984054036,1.1419852243529425,0.11419852243529426,0.04328727121982309,0.18382057630353504,0.05221323875917329,0.01308009023260739,0.0,0.11107746346129312,0.00432872712198231,0.01308009023260739,0.0,0.013262580148875713,0.0133987907320261,0.015854163095355034,0.013575606979429722,0.022597890347242355,0.04941040277481079,0.07503385096788406,0.1940932720899582
208.0,0.19122746255662706,0.04811523447278887,2.2125374634880135,0.05084288244446119,0.03400598673356904,1.2507040633095636,0.12507040633095637,0.04747867708404859,0.19122746255662706,0.05084288244446119,0.010566301436887847,0.0,0.1009915131661627,0.004747867708404859,0.010566301436887847,0.0,0.01306550856679678,0.013110542669892311,0.01580563373863697,0.013111947104334831,0.022286120802164078,0.04711955785751343,0.07595568150281906,0.1844668835401535
209.0,0.18404025004969704,0.04814342630561441,2.1994881924945124,0.052759932147132024,0.0358861924873458,1.1360745794243283,0.11360745794243282,0.0446229110368424,0.18404025004969704,0.052759932147132024,0.013210569301413165,0.0,0.11192737850877973,0.004462291103684239,0.013210569301413165,0.0,0.013255965895950794,0.013383685611188412,0.015873944386839867,0.013561728410422802,0.022621842101216316,0.04944898560643196,0.07553603500127792,0.18146522343158722
210.0,0.18496950136290657,0.049639898003079,2.311360276437718,0.05049219437771373,0.035508082144790225,1.1788882116476695,0.11788882116476697,0.048481256804532476,0.18496950136290657,0.05049219437771373,0.011740357977234654,0.0,0.1063479267888599,0.004848125680453248,0.011740357977234654,0.0,0.013068625703454018,0.013115976005792618,0.015836432576179504,0.013100373558700085,0.022328563034534454,0.047111112624406815,0.0761948898434639,0.19636321067810059
211.0,0.19537643674347135,0.04398911411408335,2.3021186031942182,0.053150452880395785,0.03449039450950093,1.2553189198176067,0.12553189198176065,0.045451647291580834,0.19537643674347135,0.053150452880395785,0.012148926448490884,0.0,0.10669305755032434,0.004545164729158084,0.012148926448490884,0.0,0.013205824419856071,0.013297246769070625,0.015865622088313103,0.013469771482050419,0.0226068627089262,0.049098968505859375,0.07581660151481628,0.14855201542377472
212.0,0.19220310863521364,0.0621584365144372,2.466256178842266,0.0514787615587314,0.03347172960639,1.2670748697386847,0.1267074869738685,0.0404251240607765,0.19220310863521364,0.0514787615587314,0.009974348410550091,0.0,0.0984540589981609,0.00404251240607765,0.009974348410550091,0.0,0.013566265814006329,0.013713224790990353,0.015960736200213432,0.013895953074097633,0.02315724827349186,0.05094015225768089,0.074239581823349,0.2917943298816681
213.0,0.20050095435645846,0.04753750714007765,2.3152667750226836,0.0523860574596458,0.03341538769503435,1.3295546174049377,0.13295546174049377,0.03850129453672303,0.20050095435645846,0.0523860574596458,0.011309302567193905,0.0,0.10323538134495418,0.0038501294536723036,0.011309302567193905,0.0,0.013258238323032856,0.013376543298363686,0.015883272513747215,0.013552410528063774,0.022640587761998177,0.04930833727121353,0.07559509575366974,0.17668557167053223
214.0,0.18189692745606104,0.0596785208908841,2.354580646125147,0.04864312791162067,0.03309245945678817,1.1844889620939891,0.11844889620939893,0.05204829159710142,0.18189692745606104,0.04864312791162067,0.009600072116073635,0.0,0.09656261321571138,0.005204829159710143,0.009600072116073635,0.0,0.013139781542122364,0.013203141279518604,0.0160641111433506,0.013034905306994915,0.022490935400128365,0.046885859221220016,0.07731796056032181,0.27529147267341614
215.0,0.19042832238806617,0.04689931473694742,2.296467242405144,0.05691626254055235,0.033546990197565824,1.1693151262071397,0.11693151262071397,0.050320631410512656,0.19042832238806617,0.05691626254055235,0.011548478673729632,0.0,0.10450364566511577,0.005032063141051267,0.011548478673729632,0.0,0.01314817275851965,0.013201726600527763,0.015899810940027237,0.013305586762726307,0.02256108447909355,0.04826316609978676,0.07647322118282318,0.1723417490720749
216.0,0.1754649372564422,0.052138375700451434,2.233130580273503,0.051768255730470024,0.034161614874998726,1.0796285602781508,0.10796285602781508,0.04367151173452536,0.1754649372564422,0.051768255730470024,0.011366674986978373,0.0,0.1044202595949173,0.004367151173452537,0.011366674986978373,0.0,0.013337780721485615,0.013427665457129478,0.01585971564054489,0.013598838821053505,0.022679626941680908,0.0493527427315712,0.07466153800487518,0.2141890972852707
217.0,0.17273690965440539,0.044531262712553144,2.193213483121597,0.050654470092720456,0.034131473344233304,1.0620994170506795,0.10620994170506795,0.041362151607043214,0.17273690965440539,0.050654470092720456,0.011736282406167852,0.0,0.10545271966192457,0.004136215160704321,0.011736282406167852,0.0,0.01322063710540533,0.01332329772412777,0.01588926464319229,0.013494151644408703,0.022655414417386055,0.04920979589223862,0.07574333250522614,0.15271420776844025
218.0,0.17227111177312004,0.0444043402094394,1.9760424123901008,0.04903781289855639,0.034962010052469045,1.0726375844743516,0.10726375844743516,0.0461110704474979,0.17227111177312004,0.04903781289855639,0.01135843319611417,0.0,0.10466466512944964,0.00461110704474979,0.01135843319611417,0.0,0.013095250353217125,0.013150779530405998,0.015810051932930946,0.013213681057095528,0.02238943986594677,0.04747239872813225,0.07571075856685638,0.15439236164093018
219.0,0.17572422325611115,0.05540559196379036,2.17325922265266,0.05259081390168932,0.03444863917926947,1.0655283861690097,0.10655283861690099,0.04129608172095484,0.17572422325611115,0.05259081390168932,0.012450963517444001,0.0,0.10809653500715892,0.0041296081720954845,0.012450963517444001,0.0,0.013392746448516846,0.013570688664913177,0.015947537496685982,0.013750414364039898,0.02289782278239727,0.05026008188724518,0.07645819336175919,0.23696725070476532
220.0,0.17457635452349982,0.04420227860100567,2.229866264895996,0.051398060388035245,0.03372108977701929,1.0824154681629605,0.10824154681629605,0.0444526361922423,0.17457635452349982,0.051398060388035245,0.010491481826951107,0.0,0.10066208905643886,0.00444526361922423,0.010491481826951107,0.0,0.013095560483634472,0.013155946508049965,0.015815218910574913,0.013219899497926235,0.022408459335565567,0.04754338040947914,0.0758788213133812,0.1525009423494339
221.0,0.17279512186845145,0.053003078792244196,2.1553492560285292,0.05248272708720631,0.03299127477738592,1.0513380236095853,0.10513380236095854,0.042035207255846925,0.17279512186845145,0.05248272708720631,0.010975070452938477,0.0,0.10192230343818665,0.004203520725584693,0.010975070452938477,0.0,0.013340516947209835,0.013514806516468525,0.015937170013785362,0.013687880709767342,0.022843383252620697,0.05006151646375656,0.07639706879854202,0.21824228763580322
222.0,0.17188929269711176,0.04628356208559126,2.1628914262527115,0.05093982401821348,0.033824818622734815,1.0562145743105147,0.10562145743105149,0.04549181254373656,0.17188929269711176,0.05093982401821348,0.01077882774795095,0.0,0.1017762960659133,0.004549181254373657,0.01077882774795095,0.0,0.013084803707897663,0.013151569291949272,0.01584468223154545,0.013190530240535736,0.02245073951780796,0.04752152040600777,0.07626952230930328,0.16875512897968292
223.0,0.17184723830885357,0.049253594130277634,2.180347401304915,0.0526386693947845,0.03371064385606183,1.0357370177904766,0.10357370177904765,0.04318105150014162,0.17184723830885357,0.0526386693947845,0.011316762978418006,0.0,0.10368994706206852,0.004318105150014162,0.011316762978418006,0.0,0.01328764483332634,0.013441097922623158,0.015942223370075226,0.013613593764603138,0.022799687460064888,0.049870528280735016,0.07630308717489243,0.18877089023590088
224.0,0.17328185008631813,0.04858690139371902,2.205654727969747,0.049543881995810404,0.033442804796828166,1.0880207684304979,0.10880207684304981,0.04669686427546872,0.17328185008631813,0.049543881995810404,0.010266204105897082,0.0,0.09970494525300132,0.004669686427546872,0.010266204105897082,0.0,0.0130931930616498,0.013156580738723278,0.01588459685444832,0.013180847279727459,0.022508913651108742,0.04754649102687836,0.07666350901126862,0.18666107952594757
225.0,0.1726464405655861,0.047408472397364676,2.2047270707156894,0.05310786101553175,0.033593605996833906,1.033052146434784,0.10330521464347839,0.04423953044331736,0.1726464405655861,0.05310786101553175,0.011809408147301938,0.0,0.10554899689224032,0.004423953044331737,0.011809408147301938,0.0,0.013268604874610901,0.01342033315449953,0.0159568153321743,0.013589808717370033,0.022812439128756523,0.049836646765470505,0.07654475420713425,0.17383837699890137
226.0,0.17424235989650091,0.04988253186456859,2.3177313115215004,0.04916838204695119,0.03319568745791912,1.1017117665873633,0.11017117665873633,0.047676811201704875,0.17424235989650091,0.04916838204695119,0.010135118901315663,0.0,0.09921893643008338,0.004767681120170488,0.010135118901315663,0.0,0.013099988922476768,0.013165071606636047,0.015918411314487457,0.013182643800973892,0.022539079189300537,0.04755944386124611,0.07687453925609589,0.19672107696533203
227.0,0.17972330335113737,0.04696068319026381,2.295208174863693,0.05316657842033439,0.033689346371425524,1.1016746229595609,0.11016746229595609,0.045085698262684874,0.17972330335113737,0.05316657842033439,0.011880688110573424,0.0,0.10565128260188633,0.004508569826268487,0.011880688110573424,0.0,0.013224816881120205,0.013368899002671242,0.015972405672073364,0.013527212664484978,0.022798484191298485,0.04965832084417343,0.0767521858215332,0.17038314044475555
228.0,0.18132555153634813,0.06365075113717467,2.3182452395465765,0.051350128940410085,0.03210253972146246,1.163109603855345,0.1163109603855345,0.04024697591861089,0.18132555153634813,0.051350128940410085,0.009639764152881172,0.0,0.09657588683896595,0.0040246975918610895,0.009639764152881172,0.0,0.013600563630461693,0.013808717019855976,0.016055377200245857,0.013967886567115784,0.023270897567272186,0.0514286532998085,0.0773724615573883,0.299701452255249
229.0,0.17497282392448849,0.04748824879061431,2.1401641053119214,0.05173257924616337,0.032934372002879776,1.0788402491145663,0.10788402491145664,0.03877702272600598,0.17497282392448849,0.05173257924616337,0.011478514824476507,0.0,0.10400627139541838,0.0038777022726005977,0.011478514824476507,0.0,0.013277675025165081,0.013435348868370056,0.015977922827005386,0.013597719371318817,0.022846367210149765,0.04994426295161247,0.07704108208417892,0.17378561198711395
230.0,0.17402810355027518,0.06064964830875397,2.3562299062502836,0.047462928005390696,0.032748620129293866,1.1133028003904555,0.11133028003904556,0.05195113809572326,0.17402810355027518,0.047462928005390696,0.010039781892879142,0.0,0.09850015739599864,0.005195113809572326,0.010039781892879142,0.0,0.013175438158214092,0.013242634013295174,0.016125159338116646,0.013111737556755543,0.022654317319393158,0.047448065131902695,0.078243687748909,0.28119614720344543
231.0,0.19207621531354058,0.04897946142591536,2.4271203084811113,0.05710059590637684,0.03286291120780839,1.1944278213712904,0.11944278213712904,0.05116587266739872,0.19207621531354058,0.05710059590637684,0.010416249071972238,0.0,0.09994255337450239,0.005116587266739872,0.010416249071972238,0.0,0.013208898715674877,0.013274277560412884,0.01603185385465622,0.013385884463787079,0.02278377115726471,0.048904191702604294,0.0777939036488533,0.18645291030406952
232.0,0.17157730377382702,0.05158787942491472,2.376399771359008,0.051202207803726196,0.03315676189959049,1.057719435956743,0.10577194359567432,0.0449331711149878,0.17157730377382702,0.051202207803726196,0.010109834786918428,0.0,0.09917475283145905,0.00449331711149878,0.010109834786918428,0.0,0.013342507183551788,0.01347106322646141,0.01592954806983471,0.013624235987663269,0.022815097123384476,0.049829885363578796,0.07603801041841507,0.20765268802642822
233.0,0.1779949309097396,0.047140940208919346,2.29844546034763,0.0503020832935969,0.03355972489549054,1.1196783781051636,0.11196783781051638,0.04194802480439345,0.1779949309097396,0.0503020832935969,0.011530210574467977,0.0,0.10487411833471721,0.0041948024804393455,0.011530210574467977,0.0,0.013231277465820312,0.013379648327827454,0.015995990484952927,0.013531857170164585,0.02283119037747383,0.04966994374990463,0.07689104229211807,0.17159657180309296
234.0,0.16536893281671736,0.051518448162823915,2.274359016211353,0.0494674253794882,0.03224523365497589,1.0152909755706787,0.10152909755706788,0.0425579481654697,0.16536893281671736,0.0494674253794882,0.010116614194379913,0.0,0.0988495796918869,0.004255794816546971,0.010116614194379913,0.0,0.013340452685952187,0.013476262800395489,0.01593216322362423,0.013630838133394718,0.02282574027776718,0.04979123920202255,0.07598445564508438,0.20716643333435059
235.0,0.15926679223775864,0.04676267586182803,2.0944225852193696,0.049954471074872546,0.03339499317937427,0.9362253646055857,0.09362253646055857,0.042880271251002945,0.15926679223775864,0.049954471074872546,0.011401754855695698,0.0,0.10401721712615755,0.0042880271251002945,0.011401754855695698,0.0,0.0132072102278471,0.013342950493097305,0.016015436500310898,0.013475005514919758,0.022842522710561752,0.04942125082015991,0.07732442766427994,0.16847260296344757
236.0,0.160197784503301,0.045923730940558016,2.225114075694116,0.0494819184144338,0.03291898841659228,0.9578048255708482,0.09578048255708481,0.044262653630640775,0.160197784503301,0.0494819184144338,0.010509117558184598,0.0,0.10054111232360204,0.0044262653630640775,0.010509117558184598,0.0,0.013225549831986427,0.013344580307602882,0.015898896381258965,0.013472595252096653,0.022680597379803658,0.04910236597061157,0.07626158744096756,0.1634036749601364
237.0,0.16240949680407843,0.04634524788707495,2.1550550715690715,0.04922763858404425,0.03239499032497406,0.9796531664000617,0.09796531664000618,0.04493187243739764,0.16240949680407843,0.04922763858404425,0.010723350983526971,0.0,0.10123191359970304,0.004493187243739764,0.010723350983526971,0.0,0.013199196197092533,0.013300616294145584,0.016030075028538704,0.013423818163573742,0.022821391001343727,0.04917909577488899,0.07744264602661133,0.16536514461040497
238.0,0.1593152160445849,0.044128494686447084,2.273152952407584,0.049278848701053195,0.033265422408779464,0.9474953512350718,0.09474953512350719,0.04545347123510308,0.1593152160445849,0.049278848701053195,0.010741482178370157,0.0,0.10190046661429936,0.004545347123510308,0.010741482178370157,0.0,0.013160863891243935,0.013274167664349079,0.01589772291481495,0.013371162116527557,0.022667618468403816,0.04860907793045044,0.07642307132482529,0.1496242731809616
239.0,0.16690113064315584,0.07006502628792077,2.22741470761779,0.052349701109859675,0.03202031863232454,1.0006178418795268,0.10006178418795268,0.03767203394737509,0.16690113064315584,0.052349701109859675,0.01072243864958485,0.0,0.10106117692258623,0.0037672033947375085,0.01072243864958485,0.0,0.013824805617332458,0.014129474759101868,0.0163103099912405,0.014268563129007816,0.023799611255526543,0.0529138557612896,0.08278509229421616,0.34248849749565125
240.0,0.16571618782149422,0.04321302811149508,2.3017198023634773,0.055109680319825806,0.03218915003041426,0.9673655761612786,0.09673655761612786,0.04088670636216799,0.16571618782149422,0.055109680319825806,0.009781279497676425,0.0,0.09729478425449795,0.0040886706362168,0.009781279497676425,0.0,0.01317691057920456,0.013286691159009933,0.0158823374658823,0.01339066494256258,0.02261468954384327,0.048754267394542694,0.07649224996566772,0.14210641384124756
241.0,0.1628986108634207,0.05521982070058584,2.2464078541289076,0.050888174316949315,0.03334531726108657,0.9653969936900668,0.09653969936900669,0.041412297532790236,0.1628986108634207,0.050888174316949315,0.011329503626459174,0.0,0.10378451893726985,0.004141229753279023,0.011329503626459174,0.0,0.01341589167714119,0.013630242086946964,0.016021298244595528,0.013776223175227642,0.023080000653862953,0.05082935467362404,0.0791734829545021,0.23183207213878632
242.0,0.15956155127949184,0.04807833081576973,2.2559786442750367,0.049780861371093325,0.03128155983156628,0.9589808483918508,0.09589808483918509,0.04691432395742999,0.15956155127949184,0.049780861371093325,0.009191170800477266,0.0,0.09450369907750024,0.004691432395743,0.009191170800477266,0.0,0.013089864514768124,0.013186702504754066,0.015920719131827354,0.013195950537919998,0.022551925852894783,0.04753506928682327,0.07740259915590286,0.1817438155412674
243.0,0.16032748421033224,0.04899701755493879,2.147634076455718,0.05348086439900928,0.031700747501518994,0.9217826657825046,0.09217826657825047,0.04545028352489074,0.16032748421033224,0.05348086439900928,0.010123323856128586,0.0,0.09846117430263096,0.004545028352489074,0.010123323856128586,0.0,0.013293884694576263,0.013472819700837135,0.015981951728463173,0.013619059696793556,0.022857004776597023,0.05005935579538345,0.07770897448062897,0.18498308956623077
244.0,0.15352298898829353,0.05093220074195415,2.207045361913842,0.04839153753386603,0.03211740321583218,0.9025536113315158,0.0902553611331516,0.04853446574674712,0.15352298898829353,0.04839153753386603,0.010022643332680067,0.0,0.09832807878653209,0.004853446574674712,0.010022643332680067,0.0,0.013080415315926075,0.013169740326702595,0.01594836823642254,0.013153326697647572,0.02256743609905243,0.04746582731604576,0.07732564955949783,0.20474684238433838
245.0,0.1633494206600719,0.0481666992418468,2.2373376396356157,0.054828113979763456,0.03189649577769968,0.9389646947383881,0.09389646947383883,0.04557671967065997,0.1633494206600719,0.054828113979763456,0.010067162569612265,0.0,0.09841902636819416,0.004557671967065997,0.010067162569612265,0.0,0.013241180218756199,0.013419895432889462,0.01600036956369877,0.013553984463214874,0.022837607190012932,0.049808401614427567,0.07740430533885956,0.17906785011291504
246.0,0.15869769205649695,0.0504090414615348,2.2799816616684834,0.046659751070870295,0.031964016457398735,0.9757149716218313,0.09757149716218314,0.048145555477175445,0.15869769205649695,0.046659751070870295,0.009651890179763237,0.0,0.09694004969464408,0.004814555547717546,0.009651890179763237,0.0,0.013089370913803577,0.013176626525819302,0.01596936769783497,0.013187122531235218,0.0226107370108366,0.04764813929796219,0.07723436504602432,0.2003566026687622
247.0,0.16514729460080466,0.049020885955542326,2.2546961391458495,0.054588051305876836,0.031576684365669884,0.9587028821309408,0.09587028821309408,0.04545697900984022,0.16514729460080466,0.054588051305876836,0.01014325524576836,0.0,0.09859548343552484,0.004545697900984022,0.01014325524576836,0.0,0.013243131339550018,0.013424748554825783,0.016002709046006203,0.013566924259066582,0.0228531826287508,0.04987722635269165,0.07757845520973206,0.18562071025371552
248.0,0.15787780533234277,0.05117885675281286,2.2708228948576368,0.04703605816596084,0.031883646837539144,0.9609762099054124,0.09609762099054125,0.0479242584357659,0.15787780533234277,0.04703605816596084,0.00995170014599959,0.0,0.09819883853197098,0.004792425843576591,0.00995170014599959,0.0,0.01310194656252861,0.013191348873078823,0.01600695215165615,0.013207794167101383,0.022666821256279945,0.04780418798327446,0.0774034783244133,0.20604832470417023
249.0,0.16683567812045416,0.050721691572107375,2.2100293417024397,0.05453574160734812,0.031290813659628235,0.9767981039153205,0.09767981039153205,0.045540650064746536,0.16683567812045416,0.05453574160734812,0.010066060608045923,0.0,0.09810845719443427,0.004554065006474654,0.010066060608045923,0.0,0.013241405598819256,0.013435222208499908,0.016045015305280685,0.013570640236139297,0.022918587550520897,0.04998280480504036,0.07805442810058594,0.19852542877197266
250.0,0.15972696741422018,0.06604860431980342,2.235241201253953,0.04922623270087772,0.0317964990519815,0.9618957903650072,0.09618957903650073,0.03929156499604384,0.15972696741422018,0.04922623270087772,0.010381995803780027,0.0,0.0998071903983752,0.003929156499604384,0.010381995803780027,0.0,0.013664218597114086,0.013919086195528507,0.01616855524480343,0.014059276320040226,0.023469220846891403,0.052024535834789276,0.08023194223642349,0.3148519992828369
251.0,0.15772114280197355,0.051829961710609496,2.0855376433885127,0.052582494707571134,0.03179823379549715,0.9088483353455862,0.09088483353455862,0.038897272716793746,0.15772114280197355,0.052582494707571134,0.010364084090623591,0.0,0.09963228636317784,0.003889727271679375,0.010364084090623591,0.0,0.013307551853358746,0.013523581437766552,0.016057787463068962,0.013662791810929775,0.023047370836138725,0.05044858530163765,0.07958494871854782,0.20500707626342773
252.0,0.15543083432647917,0.059121387894265354,2.189041053266712,0.0468430005841785,0.03201146485904852,0.9338043166531457,0.09338043166531457,0.050978110999696784,0.15543083432647917,0.0468430005841785,0.010109592539568743,0.0,0.09886523336172104,0.005097811099969678,0.010109592539568743,0.0,0.013195144943892956,0.013276941142976284,0.0161571241915226,0.013210964389145374,0.022854845970869064,0.04796477407217026,0.07843361049890518,0.2678776979446411
253.0,0.1601558890607622,0.049865062115713954,2.2402667997144676,0.05704469896025128,0.031263660846485034,0.8824776543511285,0.08824776543511287,0.051040291579233274,0.1601558890607622,0.05704469896025128,0.00975939662506183,0.0,0.0970052323407597,0.005104029157923328,0.00975939662506183,0.0,0.013246621005237103,0.013349191285669804,0.016135403886437416,0.013480132445693016,0.02295398898422718,0.04974168539047241,0.07817620784044266,0.19183726608753204
254.0,0.1562745678755972,0.055270447744987905,2.2970803264271047,0.050007054996159345,0.03235585325294071,0.9119121664100223,0.09119121664100223,0.04423825163394213,0.1562745678755972,0.050007054996159345,0.010652465952767266,0.0,0.10132320721944173,0.004423825163394213,0.010652465952767266,0.0,0.01339574996381998,0.013596939854323864,0.016023170202970505,0.013733222149312496,0.023080330342054367,0.05066017061471939,0.07866494357585907,0.23300905525684357
255.0,0.15430553754170737,0.05275606212671846,2.1431666411106542,0.05043489196234279,0.03101896494626999,0.8972910245259603,0.08972910245259604,0.04228516078243653,0.15430553754170737,0.05043489196234279,0.009913026303466823,0.0,0.09760285748375787,0.004228516078243653,0.009913026303466823,0.0,0.013272888958454132,0.013481133617460728,0.016112929210066795,0.013613641262054443,0.023050721734762192,0.05043787509202957,0.07947366684675217,0.21260564029216766
256.0,0.15384524232811397,0.05569671420380473,2.3002694831957857,0.047811486654811435,0.03166802227497101,0.9131200081772275,0.09131200081772274,0.042488624134825334,0.15384524232811397,0.047811486654811435,0.010472890507015917,0.0,0.10064055605067147,0.004248862413482534,0.010472890507015917,0.0,0.013404084369540215,0.013617400079965591,0.016037309542298317,0.01374666579067707,0.02312665618956089,0.05081065371632576,0.0791657418012619,0.2356652021408081
257.0,0.15744862457116446,0.05277248565107584,2.205136767899273,0.05070235621598032,0.030832362464732595,0.9261114398638407,0.09261114398638408,0.043204398825764656,0.15744862457116446,0.05070235621598032,0.009814684693184163,0.0,0.09737133151955074,0.0043204398825764665,0.009814684693184163,0.0,0.01326055359095335,0.013445938937366009,0.016141608357429504,0.013580979779362679,0.023029152303934097,0.050324130803346634,0.0789281353354454,0.21346938610076904
258.0,0.15636278854476082,0.05192521959543228,2.2997429881371696,0.04767006097568406,0.0315638929605484,0.9400641620159149,0.0940064162015915,0.044424248962766595,0.15636278854476082,0.04767006097568406,0.010243886564340856,0.0,0.09943904727697372,0.00444242489627666,0.010243886564340856,0.0,0.013318541459739208,0.01352012250572443,0.016017798334360123,0.01363646425306797,0.022994009777903557,0.050205059349536896,0.07848427444696426,0.2072254866361618
259.0,0.15658252355125216,0.0519160246476531,2.2754233924724607,0.05029098586075836,0.031398191013269953,0.9147038459777832,0.09147038459777833,0.04508492671367195,0.15658252355125216,0.05029098586075836,0.010312660959445767,0.0,0.09924183289210002,0.004508492671367195,0.010312660959445767,0.0,0.01326608657836914,0.013398323208093643,0.016159528866410255,0.013531528413295746,0.02301660366356373,0.05008913576602936,0.0785539299249649,0.20731306076049805
260.0,0.16428478062152863,0.06703708530403674,2.3265301125769744,0.04984118396209346,0.031126370032628376,1.0055659876929388,0.1005565987692939,0.04391975866423713,0.16428478062152863,0.04984118396209346,0.009495023431049453,0.0,0.09619596931669447,0.004391975866423713,0.009495023431049453,0.0,0.013737030327320099,0.014109564013779163,0.01640056073665619,0.014208934269845486,0.02399611286818981,0.05272947996854782,0.08657985925674438,0.31453514099121094
261.0,0.15862463497453266,0.04988324595615268,2.2087952845681382,0.057868760700027146,0.030854399005572002,0.8645858532852597,0.08645858532852596,0.0434062367098199,0.15862463497453266,0.057868760700027146,0.009956663629661003,0.0,0.09760418699847327,0.0043406236709819905,0.009956663629661003,0.0,0.013116884045302868,0.013267098926007748,0.015952007845044136,0.01335274986922741,0.022724846377968788,0.04871944338083267,0.07680501788854599,0.1951279193162918
262.0,0.15283096995618609,0.05507424345705658,2.2324465562099483,0.05108718801703718,0.030124055842558544,0.8820294737815857,0.08820294737815856,0.042545593033234276,0.15283096995618609,0.05108718801703718,0.009286269493814971,0.0,0.09473243438535267,0.004254559303323429,0.009286269493814971,0.0,0.013348666951060295,0.013618296943604946,0.016043582931160927,0.013730097562074661,0.023112522438168526,0.05055402219295502,0.08099934458732605,0.22918741405010223
263.0,0.14846354888545144,0.05567012680694461,2.2057370038207313,0.048924143322639994,0.031986409384343356,0.8391728036933475,0.08391728036933475,0.04937709288464652,0.14846354888545144,0.048924143322639994,0.010684413887146447,0.0,0.1014050833053059,0.004937709288464652,0.010684413887146447,0.0,0.013290300965309143,0.013386879116296768,0.016202131286263466,0.013448592275381088,0.0231065284460783,0.04943667724728584,0.0791945606470108,0.23729534447193146
264.0,0.15392319195800358,0.05341643234714866,2.3173115172072967,0.04945532377395365,0.03003569423324532,0.898089822795656,0.08980898227956562,0.054180284237696066,0.15392319195800358,0.04945532377395365,0.009240858101596435,0.0,0.09456393702162637,0.005418028423769606,0.009240858101596435,0.0,0.013127833604812622,0.013232262805104256,0.01607384718954563,0.013223495334386826,0.022797398269176483,0.048077140003442764,0.07843903452157974,0.22236044704914093
265.0,0.1682378277182579,0.05897970148362219,2.4480937526622504,0.05839356531699499,0.030535632123549778,0.9602002170350816,0.09602002170350817,0.04528520147626599,0.1682378277182579,0.05839356531699499,0.009295719313538738,0.0,0.09518714331918293,0.004528520147626599,0.009295719313538738,0.0,0.013503795489668846,0.013768341392278671,0.016145069152116776,0.013885453343391418,0.023403923958539963,0.05149120092391968,0.0823020190000534,0.2573378086090088
266.0,0.15832857456472185,0.047885084175504744,2.396454647461725,0.04641052190628317,0.030998954342471227,0.9697161118189493,0.09697161118189494,0.04455330833378765,0.15832857456472185,0.04641052190628317,0.010491107176575396,0.0,0.09992329776287079,0.004455330833378766,0.010491107176575396,0.0,0.013144227676093578,0.013271871022880077,0.015999935567378998,0.013327532447874546,0.022793041542172432,0.04858384653925896,0.07743365317583084,0.17852656543254852
267.0,0.17281977004475063,0.0578414840856567,2.4304674397555495,0.05721865801347627,0.029347296183307964,1.0344552132818434,0.10344552132818435,0.04284917345891396,0.17281977004475063,0.05721865801347627,0.00787066932146748,0.0,0.0879475391573376,0.004284917345891396,0.00787066932146748,0.0,0.013486579991877079,0.013742330484092236,0.01614966429769993,0.013864425010979176,0.023392437025904655,0.051402654498815536,0.08199538290500641,0.2486983984708786
268.0,0.159396477871471,0.05764898122288287,2.350408901547532,0.04741738302012285,0.030226321890950203,0.9783237973848978,0.09783237973848981,0.04207890025443501,0.159396477871471,0.04741738302012285,0.009938823783563243,0.0,0.09813459797037972,0.004207890025443501,0.009938823783563243,0.0,0.013415208086371422,0.013701006770133972,0.01616816036403179,0.013827793300151825,0.02339310012757778,0.05127294361591339,0.08288604021072388,0.24652759730815887
269.0,0.15074046783977085,0.05451156245544553,2.2749162690313325,0.04971979310115179,0.030077458669741947,0.868333038356569,0.08683330383565692,0.0467926866064469,0.15074046783977085,0.04971979310115179,0.009508097492572334,0.0,0.09588695069154103,0.00467926866064469,0.009508097492572334,0.0,0.013167512603104115,0.013254046440124512,0.01610780507326126,0.013306998647749424,0.022928809747099876,0.04812486469745636,0.07735799252986908,0.2318444699048996
270.0,0.15555871691968706,0.05408019036985934,2.2446630018907285,0.057178833418422274,0.030848688963386748,0.8358234994941287,0.08358234994941288,0.04659219127562311,0.15555871691968706,0.057178833418422274,0.010138314320809312,0.0,0.09840814852052265,0.004659219127562311,0.010138314320809312,0.0,0.01320088841021061,0.013363763689994812,0.016098424792289734,0.013497024774551392,0.022952254861593246,0.04968332126736641,0.07728422433137894,0.22656162083148956
271.0,0.15167978157599768,0.05704603740014136,2.2462304886675515,0.049554376345541745,0.030027572065591812,0.8883006672064463,0.08883006672064463,0.044323770329356194,0.15167978157599768,0.049554376345541745,0.008862963101516167,0.0,0.09272522065374586,0.00443237703293562,0.008862963101516167,0.0,0.013391302898526192,0.013665419071912766,0.0161743126809597,0.013783346861600876,0.02336033433675766,0.05123871937394142,0.08265979588031769,0.24209506809711456
272.0,0.14159587605131996,0.0532952172216028,2.1681287854222533,0.04752603007687463,0.029807901216877833,0.8003783722718557,0.08003783722718556,0.048522038385272026,0.14159587605131996,0.04752603007687463,0.009179803232351938,0.0,0.09420004818174574,0.004852203838527203,0.009179803232351938,0.0,0.013177100569009781,0.01326704304665327,0.016126852482557297,0.0133052421733737,0.02291468158364296,0.048459943383932114,0.07808350026607513,0.22102737426757812
273.0,0.15311206380526224,0.05409642495214939,2.3203123639188057,0.05840028698245684,0.031202577468421724,0.791789667473899,0.07917896674738992,0.04702552351065808,0.15311206380526224,0.05840028698245684,0.01083025424223807,0.0,0.10169609636068344,0.004702552351065809,0.01083025424223807,0.0,0.013301977887749672,0.013523133471608162,0.016140447929501534,0.01363617554306984,0.02313820831477642,0.05056603252887726,0.08024519681930542,0.22222022712230682
274.0,0.14821424086888632,0.08086967736016959,2.3601969465997414,0.04722188930544588,0.030603349829713505,0.8758275243971083,0.08758275243971082,0.03881665329552359,0.14821424086888632,0.04722188930544588,0.009527931610743204,0.0,0.09590507547060649,0.003881665329552359,0.009527931610743204,0.0,0.014226027764379978,0.014669682830572128,0.016765087842941284,0.014744685962796211,0.024907637387514114,0.055690739303827286,0.08989844471216202,0.4160551130771637
275.0,0.16265422685278785,0.05104778939858079,2.407627494939313,0.059682796191838056,0.03157457047038608,0.8933652606275346,0.08933652606275347,0.038550374719003834,0.16265422685278785,0.059682796191838056,0.009779864663465155,0.0,0.09772235486242506,0.0038550374719003833,0.009779864663465155,0.0,0.013283220119774342,0.013482773676514626,0.01594436541199684,0.01357449870556593,0.022865327075123787,0.049965884536504745,0.07785841077566147,0.20140783488750458
276.0,0.15559296392732197,0.0607167724519968,2.256227666056785,0.04935169219970703,0.029007310047745705,0.9299064344829984,0.09299064344829983,0.05086304330163532,0.15559296392732197,0.04935169219970703,0.00816432249525355,0.0,0.08881339182456334,0.005086304330163532,0.00816432249525355,0.0,0.013246968388557434,0.013349583372473717,0.016207434237003326,0.013279207050800323,0.023025574162602425,0.0481177419424057,0.0790029838681221,0.2795046865940094
277.0,0.15286613835228813,0.05364197085145861,2.363877303768127,0.04837348953717285,0.03015816170308325,0.8993331260151334,0.08993331260151334,0.055949843385153346,0.15286613835228813,0.04837348953717285,0.008964355000191264,0.0,0.09365204721689224,0.005594984338515335,0.008964355000191264,0.0,0.013077281415462494,0.013186031952500343,0.016017554327845573,0.013137026689946651,0.022669943049550056,0.04735993221402168,0.07745590060949326,0.22623209655284882
278.0,0.16622335215409598,0.05213903798721731,2.439683213186208,0.054765610645214714,0.030604217408431902,0.962365041176478,0.09623650411764781,0.04571869017349349,0.16622335215409598,0.054765610645214714,0.010649368839545382,0.0,0.10020131866137187,0.004571869017349349,0.010649368839545382,0.0,0.013352522626519203,0.01358607318252325,0.016019733622670174,0.01367864292114973,0.02305109053850174,0.05045539140701294,0.08026418834924698,0.20670466125011444
279.0,0.16787959386905035,0.04822094948031008,2.4414458261395353,0.04957188686562909,0.02910622374878989,1.0537729660669963,0.10537729660669963,0.046479361752669014,0.16787959386905035,0.04957188686562909,0.008282468447254764,0.0,0.09020660900407368,0.004647936175266902,0.008282468447254764,0.0,0.013135373592376709,0.013286587782204151,0.015968386083841324,0.013324595056474209,0.0227480698376894,0.048574261367321014,0.07717679440975189,0.18155352771282196
280.0,0.16119275076521766,0.0547069632448256,2.4271472455449796,0.051201033095518746,0.029600641793674894,0.9643890427218543,0.09643890427218543,0.04327786072260804,0.16119275076521766,0.051201033095518746,0.009225023393001821,0.0,0.09430119891961415,0.004327786072260804,0.009225023393001821,0.0,0.013425544835627079,0.013685327023267746,0.01609736494719982,0.013773745857179165,0.023244930431246758,0.05093904957175255,0.08167906850576401,0.2248106747865677
281.0,0.1541446414258745,0.04917712230235338,2.5507180055107357,0.04989197870923413,0.02960979172752963,0.9092432591650221,0.09092432591650222,0.04658252704474661,0.1541446414258745,0.04989197870923413,0.008670079677055279,0.0,0.09220125857326719,0.004658252704474661,0.008670079677055279,0.0,0.013151506893336773,0.01328450720757246,0.016039155423641205,0.013330595567822456,0.02282881736755371,0.04866586625576019,0.07748697698116302,0.18862955272197723
282.0,0.15699121273226208,0.05471864470746368,2.4087042493189843,0.05219327492846383,0.029329638307293255,0.9107275009155273,0.09107275009155275,0.04460365904702081,0.15699121273226208,0.05219327492846383,0.009264821393622292,0.0,0.09397040721442965,0.004460365904702081,0.009264821393622292,0.0,0.013332654722034931,0.013593538664281368,0.016111653298139572,0.013667899183928967,0.023177575320005417,0.05051743611693382,0.08096455037593842,0.22638384997844696
283.0,0.14532025323973763,0.05058275046758354,2.2719069886501004,0.04744942569070392,0.029458085488941934,0.846737050347858,0.0846737050347858,0.0479181669652462,0.14532025323973763,0.04744942569070392,0.008405304358651241,0.0,0.09056803004609214,0.004791816696524621,0.008405304358651241,0.0,0.013194775208830833,0.013317199423909187,0.016126831993460655,0.01336958259344101,0.022968709468841553,0.04884181171655655,0.07795610278844833,0.19888699054718018
284.0,0.14342502670155632,0.0566663519712165,2.233398380078267,0.0535589460697439,0.029582421191864543,0.7589435908529494,0.07589435908529493,0.04477165742880768,0.14342502670155632,0.0535589460697439,0.009494556579738855,0.0,0.09563510616620381,0.004477165742880768,0.009494556579738855,0.0,0.013382391072809696,0.013635823503136635,0.016174519434571266,0.013734770938754082,0.02331479825079441,0.05098498985171318,0.081934355199337,0.24016916751861572
285.0,0.13630539509985182,0.05304497969336808,2.2134992342037627,0.04674415000610881,0.02972330856654379,0.7526333100265927,0.07526333100265928,0.04766544741060999,0.13630539509985182,0.04674415000610881,0.00953136570751667,0.0,0.09605786369906531,0.004766544741060998,0.00953136570751667,0.0,0.01325894333422184,0.01337410043925047,0.01621202938258648,0.013422598131000996,0.023150669410824776,0.04891324043273926,0.07826466858386993,0.21776358783245087
286.0,0.14754994793070686,0.05766526947263628,2.280773289402101,0.05479658974541558,0.029665420452753704,0.7859326700369517,0.07859326700369516,0.04651928258438905,0.14754994793070686,0.05479658974541558,0.009508160822507408,0.0,0.09615413679016961,0.004651928258438905,0.009508160822507408,0.0,0.013384315185248852,0.013617213815450668,0.016222726553678513,0.01373017393052578,0.023330647498369217,0.051026590168476105,0.08178730309009552,0.2482231855392456
287.0,0.13278040869368446,0.05502868304029107,2.2194715845518993,0.0448633244054185,0.02978855971660879,0.7353109916051229,0.0735310991605123,0.048424889230065875,0.13278040869368446,0.0448633244054185,0.009543492872681882,0.0,0.0960332022772895,0.004842488923006588,0.009543492872681882,0.0,0.013297450728714466,0.013416280038654804,0.016257457435131073,0.01344771683216095,0.023286232724785805,0.048945046961307526,0.07872257381677628,0.23285670578479767
288.0,0.1482673469516966,0.059054037439636886,2.2772921221419136,0.056205854647689395,0.028994775894615386,0.7816654278172387,0.07816654278172387,0.047083352226763964,0.1482673469516966,0.056205854647689395,0.009186610113829374,0.0,0.09426962915394041,0.0047083352226763965,0.009186610113829374,0.0,0.013409722596406937,0.013639625161886215,0.016263550147414207,0.013760457746684551,0.02338963933289051,0.05116346850991249,0.08214480429887772,0.25866103172302246
289.0,0.13932319316599104,0.06424044561572373,2.3348986813660586,0.047123315640621714,0.029921082365843985,0.7847432924641503,0.07847432924641504,0.04056843908296691,0.13932319316599104,0.047123315640621714,0.009668708158036074,0.0,0.09684738434023327,0.004056843908296691,0.009668708158036074,0.0,0.013670096173882484,0.013978828676044941,0.01631525717675686,0.014077338390052319,0.023764049634337425,0.052371036261320114,0.08372427523136139,0.2960226833820343
290.0,0.14580838713381025,0.05910741107072681,2.2739083099243462,0.05215779795414872,0.02897797856065962,0.80674766169654,0.08067476616965401,0.04069238735569848,0.14580838713381025,0.05215779795414872,0.008906583094762431,0.0,0.09277499715487163,0.004069238735569847,0.008906583094762431,0.0,0.013415233232080936,0.013697220012545586,0.016266200691461563,0.013780556619167328,0.023443903774023056,0.051300447434186935,0.08320295065641403,0.25775277614593506
291.0,0.14343683587180245,0.060988597106188536,2.448527479206101,0.043761209688252874,0.02954395819041464,0.8571529189745585,0.08571529189745586,0.05282494674126307,0.14343683587180245,0.043761209688252874,0.008677836145377822,0.0,0.0921478420495987,0.005282494674126306,0.008677836145377822,0.0,0.013411970809102058,0.013536039739847183,0.016384905204176903,0.013513470068573952,0.023601865395903587,0.049256615340709686,0.08082058280706406,0.27738332748413086
292.0,0.15886233333084318,0.057361187296919525,2.414355131070441,0.058029837906360626,0.029123806084195774,0.8716134561432732,0.08716134561432733,0.052298036869615316,0.15886233333084318,0.058029837906360626,0.008441342868738703,0.0,0.09000140759680006,0.005229803686961531,0.008441342868738703,0.0,0.013442263938486576,0.013631436973810196,0.016377616673707962,0.013724448159337044,0.023521438241004944,0.050757963210344315,0.08020587265491486,0.2472284585237503
293.0,0.14362317737605837,0.059400251833721995,2.4325756584015346,0.04827474492291609,0.029875905563433964,0.8213584323724111,0.08213584323724112,0.04624791443347931,0.14362317737605837,0.04827474492291609,0.00858779184313284,0.0,0.09173366510205799,0.004624791443347931,0.00858779184313284,0.0,0.013501140289008617,0.013780392706394196,0.016250640153884888,0.013868172653019428,0.023538189008831978,0.05133794620633125,0.0828913003206253,0.2600342333316803
294.0,0.14528901212745243,0.06160322146024555,2.304143762425666,0.05035402625799179,0.02834165779252847,0.8207805554072062,0.08207805554072062,0.042868058300680585,0.14528901212745243,0.05035402625799179,0.008570125792175531,0.0,0.0909570488664839,0.004286805830068059,0.008570125792175531,0.0,0.013516822829842567,0.013763578608632088,0.01635850965976715,0.013904073275625706,0.023637937381863594,0.051836710423231125,0.08418574184179306,0.2756223976612091
295.0,0.13540825413333046,0.06090837437659502,2.324035056666874,0.045930929481983185,0.029786001476976607,0.7476572195688883,0.07476572195688884,0.0430465042591095,0.13540825413333046,0.045930929481983185,0.010406951057828136,0.0,0.09974506828520033,0.00430465042591095,0.010406951057828136,0.0,0.013554509729146957,0.013847332447767258,0.016306819394230843,0.013936510309576988,0.023676756769418716,0.05165759101510048,0.0838889479637146,0.2703985273838043
296.0,0.13697460376554066,0.06132469105068594,2.1922965114599617,0.050050160123242274,0.02883648479150401,0.7364966935581632,0.07364966935581631,0.04436531321456035,0.13697460376554066,0.050050160123242274,0.008838239022427134,0.0,0.0924862672885259,0.004436531321456035,0.008838239022427134,0.0,0.013510148972272873,0.01373938750475645,0.016395503655076027,0.013876568526029587,0.02363727241754532,0.051734037697315216,0.08359938859939575,0.2741052210330963
297.0,0.13058979395363066,0.05987408955115825,2.2750944304261393,0.04622320789429876,0.029342650746305782,0.7051497797171274,0.07051497797171274,0.04595418077790075,0.13058979395363066,0.04622320789429876,0.009256191344724761,0.0,0.09497883584764269,0.004595418077790074,0.009256191344724761,0.0,0.013445104472339153,0.013721573166549206,0.01626466028392315,0.013799103908240795,0.023492934182286263,0.05119527876377106,0.08282041549682617,0.2642536461353302
298.0,0.13660720653004116,0.06161751318722963,2.241396593467732,0.049039474171068936,0.02903460876809226,0.7376488678985171,0.07376488678985173,0.046851438780625664,0.13660720653004116,0.049039474171068936,0.009117700883911716,0.0,0.0940785441133711,0.004685143878062566,0.009117700883911716,0.0,0.013526225462555885,0.013763305731117725,0.01645256206393242,0.013876679353415966,0.023731542751193047,0.051660310477018356,0.08306173235177994,0.27686774730682373
299.0,0.13781117151180902,0.061452471069060266,2.4271739288981764,0.046289762689007655,0.02896259580221441,0.7802088624901242,0.07802088624901242,0.04730169837259584,0.13781117151180902,0.046289762689007655,0.008770351505113972,0.0,0.09258230692810482,0.004730169837259584,0.008770351505113972,0.0,0.013464742340147495,0.01373272854834795,0.0163150355219841,0.01383096631616354,0.02354920469224453,0.05129577964544296,0.08317606151103973,0.2762552499771118
300.0,0.1368504340449969,0.07620969216804951,2.268250463754192,0.05145651019281811,0.02937634972234567,0.7176784740553962,0.07176784740553963,0.04012201809220844,0.1368504340449969,0.05145651019281811,0.009613868366512988,0.0,0.0956972340742747,0.004012201809220844,0.009613868366512988,0.0,0.014138637110590935,0.01458525750786066,0.01679406315088272,0.014653583988547325,0.02496320940554142,0.05536722391843796,0.09195442497730255,0.37722113728523254
301.0,0.1358318900068601,0.061822848627343774,2.294434293502322,0.052079506425393954,0.028513295162055228,0.7089883089065552,0.07089883089065552,0.042024662200775414,0.1358318900068601,0.052079506425393954,0.008651087577972148,0.0,0.09176829208930333,0.0042024662200775414,0.008651087577972148,0.0,0.01352806854993105,0.01383538544178009,0.016337748616933823,0.013907699845731258,0.023676225915551186,0.051640428602695465,0.08448725938796997,0.27716997265815735
302.0,0.12988364862071144,0.06116420531179756,2.1469928748488716,0.0497820068978601,0.028556944388482306,0.663863844341702,0.06638638443417019,0.049266775656077594,0.12988364862071144,0.0497820068978601,0.008788578315741487,0.0,0.09236334760983785,0.00492667756560776,0.008788578315741487,0.0,0.013548975810408592,0.013783114030957222,0.016502445563673973,0.013864646665751934,0.023853333666920662,0.051646001636981964,0.08323066681623459,0.27288445830345154
303.0,0.1288289816843139,0.06843289511743933,2.2717080476691187,0.04844240554504924,0.029515853358639613,0.6603605217403836,0.06603605217403835,0.04998922027233574,0.1288289816843139,0.04844240554504924,0.009351603531589111,0.0,0.09525909854306115,0.004998922027233575,0.009351603531589111,0.0,0.013709817081689835,0.01404416561126709,0.016595374792814255,0.014166201464831829,0.02416173554956913,0.053132444620132446,0.08888854831457138,0.32276487350463867
304.0,0.14150669839647081,0.06335076398681849,2.4253265040043894,0.04975559521052572,0.02795962244272232,0.7891245086987814,0.07891245086987814,0.048329363473587565,0.14150669839647081,0.04975559521052572,0.008005714250935448,0.0,0.08828969465361701,0.0048329363473587576,0.008005714250935448,0.0,0.013433030806481838,0.01369305420666933,0.016381623223423958,0.013760586269199848,0.023677654564380646,0.05077536031603813,0.08119030296802521,0.293894499540329
305.0,0.1447680965065956,0.0691361561184749,2.4808983724296687,0.05328257671660847,0.029114682641294267,0.7826225558916727,0.07826225558916727,0.04504771509932147,0.1447680965065956,0.05328257671660847,0.008718491066247225,0.0,0.09240145236253738,0.004504771509932147,0.008718491066247225,0.0,0.013666018843650818,0.013998341746628284,0.016533199697732925,0.014117775484919548,0.024067040532827377,0.052652597427368164,0.0875786766409874,0.3304755985736847
306.0,0.14479003846645355,0.06493652891367674,2.435147536107076,0.048506146710779935,0.02905776330994235,0.8247054186132219,0.08247054186132219,0.04978380838616027,0.14479003846645355,0.048506146710779935,0.008834966872301366,0.0,0.09163928694195217,0.004978380838616027,0.008834966872301366,0.0,0.013723853044211864,0.013969766907393932,0.016682354733347893,0.014027861878275871,0.024387815967202187,0.052306097000837326,0.08536119759082794,0.2990332841873169
307.0,0.15425428251425424,0.06269000610336661,2.4442533918832834,0.05005903997355037,0.02874869377248817,0.9098321398099264,0.09098321398099264,0.05410894451455937,0.15425428251425424,0.05005903997355037,0.007801134139299393,0.0,0.08741756197479036,0.005410894451455938,0.007801134139299393,0.0,0.013518300838768482,0.01375021692365408,0.01647339202463627,0.013827577233314514,0.023805713281035423,0.05125782638788223,0.0818818062543869,0.287005215883255
308.0,0.15113932308223513,0.07041317329276353,2.449784267085805,0.057309395323197045,0.028370280232694414,0.8017431828710768,0.0801743182871077,0.04333401662814948,0.15113932308223513,0.057309395323197045,0.009322203281852934,0.0,0.0936885385049714,0.0043334016628149485,0.009322203281852934,0.0,0.013894510455429554,0.01427939161658287,0.016750939190387726,0.014375865459442139,0.024604424834251404,0.053984515368938446,0.09061379730701447,0.33480194211006165
309.0,0.14146113064554003,0.06456336646806449,2.4630035149861254,0.04441269259485933,0.028196397961841688,0.8362112277083926,0.08362112277083927,0.04446116348521577,0.14146113064554003,0.04441269259485933,0.008981197658512328,0.0,0.0933707927664121,0.004446116348521577,0.008981197658512328,0.0,0.01356390118598938,0.013813084922730923,0.016473358497023582,0.013930782675743103,0.023812642320990562,0.05167229101061821,0.08377566188573837,0.29946520924568176
310.0,0.15100484838088354,0.06904370593838394,2.4123243198896116,0.05564326875739627,0.02810835238132212,0.8237251705593533,0.08237251705593535,0.04376028183226784,0.15100484838088354,0.05564326875739627,0.008613035496738222,0.0,0.09110365394088957,0.004376028183226785,0.008613035496738222,0.0,0.013809201307594776,0.01416958961635828,0.01669505424797535,0.014262542128562927,0.02439303509891033,0.053466640412807465,0.08973325788974762,0.32582032680511475
311.0,0.1401384017533726,0.06369438348338008,2.310592499127117,0.043058636494808726,0.027785240569048457,0.84261221686999,0.084261221686999,0.04776921309530735,0.1401384017533726,0.043058636494808726,0.008041621496280035,0.0,0.0887948763039377,0.004776921309530734,0.008041621496280035,0.0,0.013564905151724815,0.013814753852784634,0.01651126705110073,0.013905973173677921,0.02384282648563385,0.05169592797756195,0.08333318680524826,0.29288622736930847
312.0,0.14121969872050816,0.06828604894690216,2.3164808113935593,0.054635732952091426,0.02765465879605876,0.7327186796400282,0.07327186796400283,0.04615401973327001,0.14121969872050816,0.054635732952091426,0.008696692478325631,0.0,0.09160026990705067,0.004615401973327001,0.008696692478325631,0.0,0.013794941827654839,0.01411819364875555,0.016673600301146507,0.014236570335924625,0.024339376017451286,0.05341285094618797,0.0892590656876564,0.32045379281044006
313.0,0.13199766311380598,0.0635597693035379,2.3135385448456347,0.04338874854147434,0.02746414641539256,0.753648065858417,0.07536480658584171,0.04962413219941987,0.13199766311380598,0.04338874854147434,0.008281693949053684,0.0,0.0899979795018832,0.004962413219941988,0.008281693949053684,0.0,0.013592717237770557,0.013836265541613102,0.01655702106654644,0.013919527642428875,0.02395443804562092,0.051777634769678116,0.08334606140851974,0.2914944887161255
314.0,0.1385230463412073,0.06844866427127272,2.25322279400462,0.054377567023038864,0.02788759498960442,0.7047555413511064,0.07047555413511065,0.04833174352016714,0.1385230463412073,0.054377567023038864,0.008836749216748608,0.0,0.09205990781386693,0.0048331743520167135,0.008836749216748608,0.0,0.013797471299767494,0.014104736968874931,0.016692258417606354,0.014229767955839634,0.024384785443544388,0.05342217534780502,0.08898822218179703,0.3219698965549469
315.0,0.13206342028246987,0.07108493708074093,2.308412577701081,0.04625838932891687,0.026913844669858616,0.7353080047501458,0.07353080047501458,0.04311416805204418,0.13206342028246987,0.04625838932891687,0.007962810341268778,0.0,0.08825856778356764,0.004311416805204419,0.007962810341268778,0.0,0.014035745523869991,0.01445759553462267,0.01679128408432007,0.014524796977639198,0.024773353710770607,0.05464967340230942,0.09106921404600143,0.33837783336639404
316.0,0.1335009593102667,0.06953912251628935,2.2395396464555706,0.05092991619474358,0.0276101337124904,0.698287159204483,0.0698287159204483,0.04240510053932667,0.1335009593102667,0.05092991619474358,0.008501816489216354,0.0,0.09070161895619498,0.004240510053932667,0.008501816489216354,0.0,0.013845790177583694,0.01421844121068716,0.01675773598253727,0.01429674681276083,0.024491315707564354,0.05378910154104233,0.09081349521875381,0.3281003534793854
317.0,0.13094370315472284,0.0635858103632927,2.354464204622478,0.04443090616001023,0.027355119172069762,0.7310007611910502,0.07310007611910502,0.05195417255163193,0.13094370315472284,0.04443090616001023,0.008217304065409634,0.0,0.08955222451024586,0.0051954172551631934,0.008217304065409634,0.0,0.013683352619409561,0.013917669653892517,0.01666516251862049,0.01396225392818451,0.02427569590508938,0.051977742463350296,0.08383747935295105,0.29036712646484375
318.0,0.13881957365406883,0.0683324629208073,2.322286440030095,0.055270173483424716,0.02765051441060172,0.6996170381704966,0.06996170381704966,0.05304156098928717,0.13881957365406883,0.055270173483424716,0.008283540037357144,0.0,0.08947100159194735,0.005304156098928718,0.008283540037357144,0.0,0.013792530633509159,0.014091133140027523,0.016718029975891113,0.014199667610228062,0.0244386475533247,0.05342363938689232,0.08843030780553818,0.32156574726104736
319.0,0.12313782506518894,0.06933140137698501,2.2623865479888656,0.047052960842847824,0.028275454830792215,0.626887622806761,0.06268876228067612,0.04677093463639418,0.12313782506518894,0.047052960842847824,0.008719007122433849,0.0,0.09163653271065818,0.004677093463639419,0.008719007122433849,0.0,0.013810585252940655,0.014208423905074596,0.01670108176767826,0.014239002950489521,0.024393578991293907,0.05342388153076172,0.08953505009412766,0.3283396065235138
320.0,0.12618204040659797,0.07068426406476647,2.259768212989101,0.04851867465509309,0.027116962812013097,0.6537304984198676,0.06537304984198676,0.04593315637773938,0.12618204040659797,0.04851867465509309,0.007696995822091897,0.0,0.08664521326621373,0.0045933156377739376,0.007696995822091897,0.0,0.013861088082194328,0.0142100490629673,0.016782576218247414,0.014306276105344296,0.024574102833867073,0.05386167764663696,0.09061463922262192,0.33726370334625244
321.0,0.12546142439047495,0.07034155691508204,2.414454942670959,0.045389941790037684,0.028188326499528356,0.6689865622255537,0.06689865622255536,0.04547973349690437,0.12546142439047495,0.045389941790037684,0.008624853462808661,0.0,0.09167679068115023,0.004547973349690437,0.008624853462808661,0.0,0.013846497051417828,0.014261497184634209,0.016750290989875793,0.014284750446677208,0.024487899616360664,0.05374031141400337,0.09032764285802841,0.3350335657596588
322.0,0.13561680912971497,0.07068492367397994,2.3777036750819445,0.048717394885089665,0.027355743365155324,0.7444038920932345,0.07444038920932346,0.04671676560408539,0.13561680912971497,0.048717394885089665,0.007787346839904785,0.0,0.08694155514240265,0.0046716765604085395,0.007787346839904785,0.0,0.013834797777235508,0.014174217358231544,0.016785740852355957,0.014268195256590843,0.024553025141358376,0.05371492728590965,0.08987436443567276,0.33827412128448486
323.0,0.1314847312039799,0.06993369851261377,2.3968786721394926,0.04535841734872924,0.02860970836546686,0.731709920697742,0.0731709920697742,0.04832650865945551,0.1314847312039799,0.04535841734872924,0.00812266803243094,0.0,0.08895420283079147,0.004832650865945551,0.00812266803243094,0.0,0.013795594684779644,0.014181256294250488,0.016707563772797585,0.014223913662135601,0.024375449866056442,0.053348612040281296,0.08956024050712585,0.3332769572734833
324.0,0.1344882133934233,0.07005603739526123,2.268288655933921,0.04855550887684027,0.027428329404857423,0.7295387619071536,0.07295387619071537,0.047995552006695,0.1344882133934233,0.04855550887684027,0.008179270403666629,0.0,0.08876643495427237,0.0047995552006695015,0.008179270403666629,0.0,0.013828684575855732,0.01414413284510374,0.01678125001490116,0.014243225567042828,0.024574043229222298,0.05365170165896416,0.08909875899553299,0.3341265022754669
325.0,0.13759039673540327,0.07010038336738944,2.326035482938942,0.04527821081380049,0.02757598625289069,0.7927681306997935,0.07927681306997936,0.049679111482368574,0.13759039673540327,0.04527821081380049,0.008067461041112741,0.0,0.08906433234612147,0.004967911148236858,0.008067461041112741,0.0,0.013796094805002213,0.014150930568575859,0.016713688150048256,0.014215627685189247,0.0243906918913126,0.05322135612368584,0.0889841616153717,0.3353305160999298
326.0,0.13002090569999483,0.0712111551547423,2.276703300403081,0.04976754780444834,0.027526295019520655,0.670267618364758,0.0670267618364758,0.042355474188095994,0.13002090569999483,0.04976754780444834,0.008991049343927039,0.0,0.092543116874165,0.0042355474188096,0.008991049343927039,0.0,0.014111967757344246,0.014568131417036057,0.016942566260695457,0.014612286351621151,0.02501050941646099,0.05524485185742378,0.0943521037697792,0.3348468244075775
327.0,0.14268476598792607,0.05984461377374828,2.5342865753735113,0.05076423742704921,0.027654118422004912,0.7850081523259481,0.07850081523259482,0.051060290075838566,0.14268476598792607,0.05076423742704921,0.008313682965106435,0.0,0.09014455891317791,0.005106029007583858,0.008313682965106435,0.0,0.013478138484060764,0.01377840992063284,0.01641845703125,0.013791730627417564,0.02367939054965973,0.0515102744102478,0.08424827456474304,0.2618522346019745
328.0,0.14949576059977213,0.06225670606363565,2.526476140587109,0.046925710100266665,0.02731285368402799,0.8948666585816277,0.08948666585816278,0.05177013555334674,0.14949576059977213,0.046925710100266665,0.007906367484894063,0.0,0.08698657817310756,0.005177013555334674,0.007906367484894063,0.0,0.013626093044877052,0.014014746062457561,0.016571009531617165,0.014004640281200409,0.023990167304873466,0.05272424593567848,0.08855773508548737,0.2745650112628937
329.0,0.1539717498752806,0.059264093288220465,2.4782589911610184,0.04752482929163509,0.027279408027728397,0.9393161965741051,0.09393161965741051,0.05638516404562526,0.1539717498752806,0.04752482929163509,0.006876783031556342,0.0,0.08235731969277064,0.005638516404562527,0.006876783031556342,0.0,0.013506660237908363,0.013766326010227203,0.01648239605128765,0.013782498426735401,0.023792020976543427,0.051625125110149384,0.08327202498912811,0.2578856945037842
330.0,0.1363797460993131,0.06576246442273259,2.439542786248852,0.048691594352324806,0.02702134744160705,0.7428746090994941,0.07428746090994941,0.050401398808591895,0.1363797460993131,0.048691594352324806,0.008360549212536879,0.0,0.08905609200398128,0.005040139880859189,0.008360549212536879,0.0,0.013759582303464413,0.01416302751749754,0.016695840284228325,0.01417555846273899,0.024287352338433266,0.05348148196935654,0.09050612151622772,0.29903075098991394
331.0,0.1318056442671352,0.06221416895277798,2.4408079077954397,0.04873433460791906,0.027371836205323536,0.6934822864002652,0.0693482286400265,0.0528670729448398,0.1318056442671352,0.04873433460791906,0.008436374314543273,0.0,0.09037059876653883,0.00528670729448398,0.008436374314543273,0.0,0.013601252809166908,0.013855873607099056,0.016561061143875122,0.013912220485508442,0.02398822456598282,0.052108559757471085,0.08427460491657257,0.27941155433654785
332.0,0.12976268264982435,0.06726798694580793,2.3452561250572557,0.04914629624949561,0.027574072074559,0.6704906622568766,0.06704906622568768,0.05087686392168204,0.12976268264982435,0.04914629624949561,0.008479633420291875,0.0,0.08983119246032503,0.005087686392168204,0.008479633420291875,0.0,0.013788978569209576,0.014165527187287807,0.016745686531066895,0.014194939285516739,0.024399833753705025,0.05354146659374237,0.09014537930488586,0.3111620843410492
333.0,0.13037075930171543,0.0638898101169616,2.360935700053538,0.04530260960261027,0.026813184635506734,0.7216257287396325,0.07216257287396327,0.053710461076762944,0.13037075930171543,0.04530260960261027,0.007534528047674232,0.0,0.08597264438867569,0.005371046107676295,0.007534528047674232,0.0,0.013671983033418655,0.013930891640484333,0.016640668734908104,0.013982134871184826,0.024173248559236526,0.05247627571225166,0.08484317362308502,0.29140010476112366
334.0,0.12968891031212276,0.07015289564151317,2.3696878639300762,0.05070404791169696,0.02646250629590617,0.6628009908729129,0.0662800990872913,0.05076267559909158,0.12968891031212276,0.05070404791169696,0.007628494304501348,0.0,0.08583819535043505,0.00507626755990916,0.007628494304501348,0.0,0.01388781052082777,0.014275104738771915,0.016844257712364197,0.01432251650840044,0.02463262528181076,0.054048843681812286,0.09156663715839386,0.3316453695297241
335.0,0.1265286687347624,0.0666945856064558,2.4645458538733895,0.04545902874734667,0.027545757384763822,0.6711887717247009,0.0671188771724701,0.05263539320892758,0.1265286687347624,0.04545902874734667,0.00868722532565395,0.0,0.09134413633081648,0.005263539320892758,0.00868722532565395,0.0,0.013755062595009804,0.014034004881978035,0.0167265422642231,0.014096895232796669,0.024373365566134453,0.052879296243190765,0.08629876375198364,0.31139275431632996
336.0,0.1366898442308108,0.07221229490824044,2.437740063966241,0.0513171147969034,0.0271130268358522,0.7266404893663194,0.07266404893663196,0.05104678745071093,0.1366898442308108,0.0513171147969034,0.0076040006760093905,0.0,0.08556683030393389,0.005104678745071093,0.0076040006760093905,0.0,0.013954078778624535,0.01433491799980402,0.016923148185014725,0.014390948228538036,0.024822212755680084,0.05435455963015556,0.09193485230207443,0.3469836413860321
337.0,0.12799899693992403,0.07522059918846935,2.43005569720588,0.04655128365589513,0.028084580683045916,0.6887838873598311,0.06887838873598312,0.04482464926938216,0.12799899693992403,0.04655128365589513,0.00808685976597998,0.0,0.08882859845956166,0.004482464926938216,0.00808685976597998,0.0,0.014282552525401115,0.014741233550012112,0.017067180946469307,0.01479983702301979,0.025394126772880554,0.05629682540893555,0.09562137722969055,0.3635616600513458
338.0,0.1261725342935986,0.07568117347545922,2.254733211672651,0.050545551917619176,0.026899593157900706,0.6336833635965983,0.06336833635965984,0.042566441309948765,0.1261725342935986,0.050545551917619176,0.008002004275719324,0.0,0.08774279637469186,0.004256644130994877,0.008002004275719324,0.0,0.014127611182630062,0.014579697512090206,0.01708623766899109,0.014626745134592056,0.025180481374263763,0.05558427423238754,0.09537608176469803,0.368888258934021
339.0,0.12102056708600786,0.06956792948767543,2.3202111303055655,0.04614053087102042,0.027184164358509913,0.6156498690446218,0.06156498690446219,0.05181877728965548,0.12102056708600786,0.04614053087102042,0.00813317128146688,0.0,0.08944827235407299,0.005181877728965548,0.00813317128146688,0.0,0.013863855972886086,0.01415952853858471,0.01684943214058876,0.014222845435142517,0.024705391377210617,0.053442273288965225,0.08807730674743652,0.331222802400589
340.0,0.12981969945960575,0.075053472770378,2.336428997594902,0.05361149046156141,0.02737654869755109,0.6237028539180756,0.062370285391807556,0.052292303596105844,0.12981969945960575,0.05361149046156141,0.008608693308714364,0.0,0.09109868026441997,0.005229230359610584,0.008608693308714364,0.0,0.014057823456823826,0.014438456855714321,0.017030077055096626,0.014509804546833038,0.02509305626153946,0.05495874956250191,0.09281140565872192,0.36752840876579285
