epoch,train_loss,val_window_mae_kwh,grad_norm,w_window,dynamics_residual_mae,l_state,w_state,l_prior,loss,l_window,l_dynamics,l_boundary,dynamics_residual_rmse,w_prior,w_dynamics,w_boundary,val_mae_soc_event_0.1,val_mae_soc_event_0.2,val_mae_soc_event_0.5,val_mae_time_60s,val_mae_time_120s,val_mae_time_300s,val_mae_time_600s,val_mae_full_trip
0.0,2.359639823436737,0.10621752019505948,0.9664757145808911,0.14028196947442162,0.01367795808861653,22.18929730521308,2.2189297305213085,0.000767362249057947,2.359639823436737,0.14028196947442162,0.00035132125615038804,0.0,0.018175428215828206,7.673622490579469e-05,0.00035132125615038804,0.0,0.014612121507525444,0.014956820756196976,0.016110414639115334,0.015014690347015858,0.02469557709991932,0.05487925931811333,0.09190993756055832,0.6175613403320312
1.0,2.2950021492110357,0.061699703335762024,1.0723334500455897,0.08737289408842723,0.015962572147448856,22.057927396562363,2.2057927396562365,0.013570286928572588,2.2950021492110357,0.08737289408842723,0.0004794327833224088,0.0,0.021039779091046915,0.001357028692857259,0.0004794327833224088,0.0,0.012782114557921886,0.013010676018893719,0.01455506682395935,0.012721331790089607,0.02092869207262993,0.04488004371523857,0.0738353356719017,0.3008843660354614
2.0,2.2351844906806946,0.06514879874885082,1.3153322673189112,0.062197150455580816,0.022254672832787037,21.669398731655544,2.1669398731655547,0.04508189091251956,2.2351844906806946,0.062197150455580816,0.0015392757163176106,0.0,0.03720938476423422,0.004508189091251957,0.0015392757163176106,0.0,0.012441529892385006,0.012678331695497036,0.014283810742199421,0.012493436224758625,0.02071942389011383,0.043918170034885406,0.07427790015935898,0.3303777873516083
3.0,2.1435753173298306,0.05662694911006838,1.2958224199017028,0.052883361362748675,0.04137227849827872,20.768025875091553,2.076802587509155,0.035436122160818845,2.1435753173298306,0.052883361362748675,0.010345726946575774,0.0,0.09823470562696457,0.003543612216081885,0.010345726946575774,0.0,0.012508625164628029,0.01276975404471159,0.014083478599786758,0.01300279051065445,0.020327284932136536,0.04322947934269905,0.07114266604185104,0.2659515142440796
4.0,2.0758231812053256,0.0534318876452744,1.217582514678575,0.06839782661861843,0.0760186914768484,19.64991807937622,1.964991807937622,0.02655569841671321,2.0758231812053256,0.06839782661861843,0.039777948417597346,0.0,0.19847645693355137,0.002655569841671321,0.039777948417597346,0.0,0.012145927175879478,0.012425238266587257,0.013776212930679321,0.012617334723472595,0.019761573523283005,0.04142054170370102,0.06880313158035278,0.24650514125823975
5.0,1.9946937825944688,0.0656622585374862,1.3184011344830857,0.056250562684403524,0.09999979204601711,18.640715705023872,1.864071570502387,0.04104362542016639,1.9946937825944688,0.056250562684403524,0.07026722240779135,0.0,0.26235509746604496,0.0041043625420166385,0.07026722240779135,0.0,0.012167690321803093,0.01237347163259983,0.014070902019739151,0.012338625267148018,0.020196352154016495,0.042150117456912994,0.0733506828546524,0.3386502265930176
6.0,1.923138803905911,0.057864596135914326,1.432433514567313,0.058361874893307686,0.10593533764282863,17.814942412906223,1.7814942412906225,0.03597893731461631,1.923138803905911,0.058361874893307686,0.07968479270736377,0.0,0.27753791047467125,0.0035978937314616304,0.07968479270736377,0.0,0.012448267079889774,0.012723728083074093,0.014077695086598396,0.012626541778445244,0.020100634545087814,0.0430712066590786,0.07067446410655975,0.27719423174858093
7.0,1.8665127555529277,0.054915971239097416,1.462934206537915,0.053828530427482396,0.10917305284076267,17.24313184950087,1.7243131849500868,0.026468908000323508,1.8665127555529277,0.053828530427482396,0.08572407811880112,0.0,0.28840794993771446,0.002646890800032351,0.08572407811880112,0.0,0.012456257827579975,0.012690708972513676,0.014092872850596905,0.012535715475678444,0.020139580592513084,0.04298119992017746,0.07115711271762848,0.2532743215560913
8.0,1.8216384649276733,0.053884098888374865,1.651845558640584,0.057345295738842755,0.11120742642217213,16.691612190670437,1.6691612190670437,0.030612202154265508,1.8216384649276733,0.057345295738842755,0.0920707562731372,0.0,0.30046973129113513,0.003061220215426551,0.0920707562731372,0.0,0.01254964154213667,0.012784418649971485,0.014127404429018497,0.01268678531050682,0.020185835659503937,0.04364156723022461,0.0713251531124115,0.2437719851732254
9.0,1.7715458936161466,0.059638249105773866,1.8635939418617562,0.05610465216967794,0.10672972434096867,16.20477792951796,1.6204777929517957,0.024386962151361838,1.7715458936161466,0.05610465216967794,0.09252474084496498,0.0,0.30094679858949447,0.002438696215136184,0.09252474084496498,0.0,0.013105925172567368,0.013421516865491867,0.01457853801548481,0.013425108976662159,0.020987313240766525,0.04601588100194931,0.07578106969594955,0.27979063987731934
10.0,1.7295661833551195,0.05630549183115363,2.005149594184555,0.059079131525423795,0.10212555858823988,15.811632739173042,1.581163273917304,0.027521988868506417,1.7295661833551195,0.059079131525423795,0.08657155889603826,0.0,0.2913876821597417,0.002752198886850642,0.08657155889603826,0.0,0.012574764899909496,0.012794229201972485,0.014254292473196983,0.012593762949109077,0.020515499636530876,0.04374358057975769,0.07252204418182373,0.2614457607269287
11.0,1.6899981498718262,0.06744104891549796,2.154363083186697,0.059931786730885506,0.10121177054113811,15.41881905661689,1.5418819056616888,0.026163006925748453,1.6899981498718262,0.059931786730885506,0.08556817389196819,0.0,0.28997010820441776,0.0026163006925748454,0.08556817389196819,0.0,0.013323246501386166,0.013662556186318398,0.014817645773291588,0.01368752308189869,0.021454298868775368,0.0472409687936306,0.07808288931846619,0.3372592628002167
12.0,1.652992261780633,0.07195982174016535,2.194216533765359,0.0632745652563042,0.10015801505910026,15.030959182315403,1.5030959182315402,0.026331676428930625,1.652992261780633,0.0632745652563042,0.0839885671933492,0.0,0.28647881580723655,0.0026331676428930626,0.0839885671933492,0.0,0.012764962390065193,0.013016966171562672,0.01456571277230978,0.012693677097558975,0.02111869677901268,0.04540153220295906,0.07781469076871872,0.37830233573913574
13.0,1.6221665143966675,0.055585182504728436,2.3048386358644946,0.06453279881841606,0.09967088864909278,14.714502122667101,1.4714502122667104,0.03494610678818491,1.6221665143966675,0.06453279881841606,0.08268881796134843,0.0,0.2837209469742245,0.0034946106788184906,0.08268881796134843,0.0,0.012770877219736576,0.01304352842271328,0.014338419772684574,0.012941459193825722,0.020571496337652206,0.04436962679028511,0.07280664891004562,0.2538394033908844
14.0,1.5710975527763367,0.066803167341277,2.272331020819861,0.053046307836969696,0.099152363008923,14.332718160417345,1.4332718160417344,0.032241800955186285,1.5710975527763367,0.053046307836969696,0.08155519515275955,0.0,0.2803796629110972,0.0032241800955186287,0.08155519515275955,0.0,0.012749546207487583,0.012987526133656502,0.014522586949169636,0.012698709964752197,0.021044665947556496,0.04502696171402931,0.07569199055433273,0.33970335125923157
15.0,1.5496590468618605,0.06847848475445062,2.4320033320965186,0.060259068798687726,0.09841290364662807,14.065627151065403,1.4065627151065405,0.028425551019608974,1.5496590468618605,0.060259068798687726,0.07999465738733609,0.0,0.27764226661788094,0.0028425551019608973,0.07999465738733609,0.0,0.013354847207665443,0.013686236925423145,0.01483310665935278,0.013739659450948238,0.021538302302360535,0.0472291000187397,0.07862287759780884,0.3448237478733063
16.0,1.5183487865659926,0.06227188277989626,2.4290161507055608,0.06527231261134148,0.09982915553781721,13.68024762471517,1.368024762471517,0.02630971594610148,1.5183487865659926,0.06527231261134148,0.08242069433132808,0.0,0.2810618281364441,0.0026309715946101478,0.08242069433132808,0.0,0.012694483622908592,0.012929023243486881,0.014434113167226315,0.012678928673267365,0.020925695076584816,0.044699348509311676,0.07363069802522659,0.30618277192115784
17.0,1.4854384528266058,0.05627671885304153,2.5357989396483003,0.05798280859986941,0.1009508226480749,13.394083658854166,1.3394083658854168,0.033169614978962474,1.4854384528266058,0.05798280859986941,0.08473028449548616,0.0,0.2854339794980155,0.003316961497896248,0.08473028449548616,0.0,0.012986877001821995,0.013311268761754036,0.014494399540126324,0.013329099863767624,0.020900897681713104,0.045169565826654434,0.0754733607172966,0.2545482814311981
18.0,1.4517850279808044,0.06444856664165854,2.4559747096272275,0.058710518603523575,0.10226406322585212,13.010311974419487,1.3010311974419488,0.030429674571173057,1.4517850279808044,0.058710518603523575,0.08900032771958245,0.0,0.2912490947379006,0.003042967457117306,0.08900032771958245,0.0,0.012680872343480587,0.01291651837527752,0.014444286935031414,0.012663058936595917,0.020971812307834625,0.044745754450559616,0.07432026416063309,0.3228459656238556
19.0,1.4331383374002244,0.05567837390117347,2.5992222094742408,0.05916480657955011,0.10112860674659412,12.81442732281155,1.2814427322811552,0.03468034271564749,1.4331383374002244,0.05916480657955011,0.08906274661421776,0.0,0.29258572061856586,0.003468034271564749,0.08906274661421776,0.0,0.012978440150618553,0.013299357146024704,0.014468722976744175,0.01334374863654375,0.020908990874886513,0.04505741223692894,0.0754954144358635,0.24987490475177765
20.0,1.4029658900366888,0.059213817585259676,2.5228151447348193,0.058955596345994205,0.10188234597444534,12.477916717529297,1.2477916717529298,0.030392089289509587,1.4029658900366888,0.058955596345994205,0.093179392731852,0.0,0.2984011405044132,0.003039208928950959,0.093179392731852,0.0,0.012625118717551231,0.01285590324550867,0.014326161704957485,0.012644277885556221,0.020771455019712448,0.04431448131799698,0.07313917577266693,0.28303396701812744
21.0,1.383975817097558,0.060656435089185834,2.6064603930678816,0.05691929554773702,0.10059001669287682,12.309016439649794,1.2309016439649794,0.03377689483265082,1.383975817097558,0.05691929554773702,0.09277712802092235,0.0,0.2996281534433365,0.0033776894832650826,0.09277712802092235,0.0,0.013052988797426224,0.013370740227401257,0.014533431269228458,0.013460060581564903,0.02105148881673813,0.04549722746014595,0.07624606788158417,0.2880394756793976
22.0,1.363312800725301,0.054415635648183525,2.599014759029939,0.060552761165632144,0.10086712158388561,12.044915835062662,1.2044915835062664,0.029740987345576286,1.363312800725301,0.060552761165632144,0.09529433151086171,0.0,0.3034260223309199,0.002974098734557629,0.09529433151086171,0.0,0.012575920671224594,0.012796062044799328,0.014223651960492134,0.012632949277758598,0.020610056817531586,0.0440356507897377,0.07209748029708862,0.24635331332683563
23.0,1.340025332238939,0.06436970003414899,2.581636716597204,0.05461018635994858,0.09975698093573253,11.860327879587809,1.1860327879587809,0.03294618220792876,1.340025332238939,0.05461018635994858,0.09608772810962465,0.0,0.3058851841423247,0.0032946182207928766,0.09608772810962465,0.0,0.01312059536576271,0.013425442390143871,0.014596172608435154,0.013545739464461803,0.021199380978941917,0.04579782485961914,0.07675440609455109,0.31651803851127625
24.0,1.3313947783576117,0.053809634409844875,2.7319662253112478,0.06148658237523503,0.09803466871380806,11.731361601087782,1.1731361601087782,0.029472518324231107,1.3313947783576117,0.06148658237523503,0.09382475415865581,0.0,0.3022618509001202,0.002947251832423111,0.09382475415865581,0.0,0.012534824199974537,0.012752193957567215,0.014167389832437038,0.0126319769769907,0.02049865387380123,0.043794602155685425,0.07191649079322815,0.2421809434890747
25.0,1.3038298620118036,0.05307686189189553,2.452614064865618,0.05555365213917361,0.09990308102634218,11.43016693327162,1.143016693327162,0.03640486424167951,1.3038298620118036,0.05555365213917361,0.1016190503206518,0.0,0.3147876130210029,0.0036404864241679513,0.1016190503206518,0.0,0.012683465145528316,0.012968527153134346,0.014207437634468079,0.012990406714379787,0.020505424588918686,0.043518662452697754,0.07243013381958008,0.23531083762645721
26.0,1.2945087883207533,0.05449076113291085,2.7955592136345215,0.054390653553936213,0.0939617653687795,11.460821522606743,1.1460821522606743,0.03339051212080651,1.2945087883207533,0.054390653553936213,0.0906969043943617,0.0,0.2976308564345042,0.003339051212080651,0.0906969043943617,0.0,0.012539265677332878,0.012763830833137035,0.014162158593535423,0.012648205272853374,0.020441662520170212,0.04376209154725075,0.07193242758512497,0.24767644703388214
27.0,1.2653931975364685,0.07590036874171346,2.551357643871283,0.05204737828009658,0.10215742803282207,11.005598545074463,1.1005598545074464,0.028106853572858706,1.2653931975364685,0.05204737828009658,0.10997525188657972,0.0,0.32828018731541103,0.002810685357285871,0.10997525188657972,0.0,0.013431093655526638,0.013723645359277725,0.014913084916770458,0.013884016312658787,0.0218721404671669,0.04719113931059837,0.07899432629346848,0.40319350361824036
28.0,1.2799108690685697,0.05416180635802448,2.9832078321734894,0.06551794935431746,0.09040845847792095,11.217025756835938,1.1217025756835939,0.0272263307383077,1.2799108690685697,0.06551794935431746,0.08996769496136242,0.0,0.2959330876668294,0.00272263307383077,0.08996769496136242,0.0,0.01251625083386898,0.01275776419788599,0.014123340137302876,0.012687977403402328,0.020364345982670784,0.043447863310575485,0.07188215851783752,0.24551475048065186
29.0,1.2327409717771742,0.05336759006604552,2.4799830932043028,0.05402853795223766,0.10196663439273834,10.606306393941244,1.0606306393941243,0.03712941933837202,1.2327409717771742,0.05402853795223766,0.114368860092428,0.0,0.3344305124547746,0.0037129419338372024,0.114368860092428,0.0,0.012578235939145088,0.012847447767853737,0.014124425128102303,0.012837881222367287,0.02038078010082245,0.043328363448381424,0.07188856601715088,0.23895502090454102
30.0,1.2293811970286899,0.055884030065499246,2.8685564740702865,0.05045382906165388,0.09011914249923494,10.858407656351725,1.0858407656351727,0.03211920377280977,1.2293811970286899,0.05045382906165388,0.08987467446260983,0.0,0.2962103767527474,0.0032119203772809773,0.08987467446260983,0.0,0.012660898268222809,0.012952673248946667,0.014207625761628151,0.012960590422153473,0.02038511075079441,0.043571945279836655,0.07226087152957916,0.25807252526283264
31.0,1.1903451018863254,0.056056121829897165,2.441777289232846,0.05107228168182903,0.09790850596295463,10.250366846720377,1.0250366846720376,0.02922573716690143,1.1903451018863254,0.05107228168182903,0.11131351234184371,0.0,0.3290051619211833,0.0029225737166901434,0.11131351234184371,0.0,0.012792538851499557,0.013093755580484867,0.014326398260891438,0.013166548684239388,0.02055983990430832,0.04386499524116516,0.07374685257673264,0.25689804553985596
32.0,1.18702228864034,0.05679687415249646,2.727509590637625,0.052324393971098795,0.09157592637671365,10.397090011172825,1.0397090011172825,0.030656860416962042,1.18702228864034,0.052324393971098795,0.0919231917295191,0.0,0.3001936111185286,0.003065686041696205,0.0919231917295191,0.0,0.012539728544652462,0.012787389568984509,0.014154896140098572,0.012675430625677109,0.020400837063789368,0.04366796091198921,0.0721563771367073,0.2659923732280731
33.0,1.1499849889013503,0.06370259961113334,2.484832779484896,0.05277987445394198,0.09375593894057804,9.9209373527103,0.99209373527103,0.027023079184194405,1.1499849889013503,0.05277987445394198,0.10240904531545109,0.0,0.3138536098930571,0.0027023079184194405,0.10240904531545109,0.0,0.013112627901136875,0.013419597409665585,0.01461405586451292,0.01354858186095953,0.021109120920300484,0.045638307929039,0.07674533873796463,0.31143316626548767
34.0,1.1418144371774461,0.05646695999894291,2.64840197029983,0.05867372598085138,0.08938395563099119,9.919220129648844,0.9919220129648844,0.028517815853572555,1.1418144371774461,0.05867372598085138,0.08836688804957601,0.0,0.29425115552213454,0.002851781585357255,0.08836688804957601,0.0,0.01248333603143692,0.012748673558235168,0.01415638905018568,0.012620951980352402,0.020497215911746025,0.04353741556406021,0.07270348817110062,0.26298820972442627
35.0,1.1031040383709803,0.056969172321259975,2.471357205250902,0.055666056358151965,0.0902976385421223,9.530440701378716,0.9530440701378718,0.033359076413843364,1.1031040383709803,0.055666056358151965,0.09105799367858304,0.0,0.29574567907386357,0.003335907641384337,0.09105799367858304,0.0,0.012769200839102268,0.013073815032839775,0.014314636588096619,0.013158236630260944,0.020525150001049042,0.043753448873758316,0.0737738162279129,0.26438507437705994
36.0,1.0751613974571228,0.05621940910350531,2.5051105494021835,0.05254541523754597,0.08594224519199795,9.399624453650581,0.9399624453650581,0.031827212828728885,1.0751613974571228,0.05254541523754597,0.07947079175048405,0.0,0.27854422728220624,0.003182721282872889,0.07947079175048405,0.0,0.012448255904018879,0.01272154413163662,0.014160597696900368,0.012586157768964767,0.020532263442873955,0.04345502704381943,0.0728730857372284,0.2609783411026001
37.0,1.0431972874535456,0.057111970032565296,2.389962747052115,0.056452293776803546,0.08667240540186565,9.052322228749594,0.9052322228749594,0.03316320706572798,1.0431972874535456,0.056452293776803546,0.07819641940295696,0.0,0.2747749189535777,0.003316320706572798,0.07819641940295696,0.0,0.012758960016071796,0.013055740855634212,0.014300796203315258,0.013151565566658974,0.020496809855103493,0.04374993219971657,0.07367544621229172,0.26570650935173035
38.0,1.0094023313787248,0.05627956648822874,2.345659070291779,0.05330041816665067,0.08200070261955261,8.840643246968588,0.8840643246968588,0.03031218113998572,1.0094023313787248,0.05330041816665067,0.06900635734200478,0.0,0.25920700695779586,0.003031218113998572,0.06900635734200478,0.0,0.012438188306987286,0.012702987529337406,0.014125644229352474,0.012596052139997482,0.020437736064195633,0.043359436094760895,0.07242688536643982,0.2621496021747589
39.0,0.9724812474515703,0.05737788695842028,2.3356566294943426,0.054529537136356034,0.0825904251800643,8.500631014506022,0.8500631014506023,0.03114409703347418,0.9724812474515703,0.054529537136356034,0.06477418583300379,0.0,0.2509019209278954,0.0031144097033474183,0.06477418583300379,0.0,0.012771660462021828,0.013062397949397564,0.014312257058918476,0.013168103992938995,0.020498210564255714,0.04386753961443901,0.07376420497894287,0.26757872104644775
40.0,0.9389296372731527,0.056346470257267356,2.2626307269899657,0.05432655393249459,0.07823971038063367,8.23473702536689,0.8234737025366888,0.02910492993477318,0.9389296372731527,0.05432655393249459,0.058218887696663536,0.0,0.2379194133811527,0.002910492993477318,0.058218887696663536,0.0,0.012430736795067787,0.012690592557191849,0.014108221977949142,0.012599935755133629,0.020381586626172066,0.04330681636929512,0.07211948186159134,0.2631343901157379
41.0,0.8966709507836236,0.057528618490323424,2.2677428318253274,0.05353438543776671,0.08002076049645741,7.841092401080662,0.7841092401080663,0.03005859028134081,0.8966709507836236,0.05353438543776671,0.056021454433600106,0.0,0.23370828396744198,0.003005859028134081,0.056021454433600106,0.0,0.012748273089528084,0.013035925105214119,0.014293191023170948,0.013137978501617908,0.020444881170988083,0.04382436349987984,0.07345624268054962,0.2692880928516388
42.0,0.8637066185474396,0.05648519692476839,2.2344898846009125,0.05447667112780942,0.07549799275067118,7.565539201100667,0.7565539201100668,0.028351495663324993,0.8637066185474396,0.05447667112780942,0.04984085986183749,0.0,0.22019115255938637,0.0028351495663324995,0.04984085986183749,0.0,0.012431984767317772,0.012687668204307556,0.014109557494521141,0.01259161252528429,0.020344754680991173,0.04330063983798027,0.07189444452524185,0.26452091336250305
43.0,0.8208759095933702,0.05722011171746999,2.214332058813809,0.05333188341723548,0.07975276145670149,7.140810118781196,0.7140810118781196,0.029369164465202227,0.8208759095933702,0.05333188341723548,0.050526105902261205,0.0,0.22196501824590895,0.002936916446520223,0.050526105902261205,0.0,0.01264822855591774,0.012934749014675617,0.01421250868588686,0.013010879047214985,0.020277557894587517,0.043506279587745667,0.0721697136759758,0.26900097727775574
44.0,0.78843312131034,0.06434544536750764,2.3159038275259025,0.05036582342452473,0.07217669445607397,6.925742467244466,0.6925742467244467,0.03298405733787351,0.78843312131034,0.05036582342452473,0.04219465206066767,0.0,0.20241380400127834,0.003298405733787351,0.04219465206066767,0.0,0.012463743798434734,0.012714593671262264,0.0143129238858819,0.012525638565421104,0.020739397034049034,0.04348256438970566,0.07443222403526306,0.32409247756004333
45.0,0.7567523585425483,0.05658461665734649,2.278052939271298,0.06043851044442919,0.08061878300375408,6.4474331802792015,0.6447433180279203,0.036280412847797074,0.7567523585425483,0.06043851044442919,0.04794247489836481,0.0,0.216053220960829,0.0036280412847797074,0.04794247489836481,0.0,0.012500455603003502,0.012763052247464657,0.014082361944019794,0.012774324044585228,0.020135540515184402,0.04311571270227432,0.07177194952964783,0.26553353667259216
46.0,0.7157057060135735,0.05554299638606608,2.406176496856994,0.04961827728483412,0.07105580220619838,6.26459280649821,0.6264592806498209,0.02725125218017234,0.7157057060135735,0.04961827728483412,0.036903030859927334,0.0,0.1888188107146157,0.0027251252180172337,0.036903030859927334,0.0,0.012648406438529491,0.01293161977082491,0.014197883196175098,0.0130309434607625,0.02026713639497757,0.043353475630283356,0.07244682312011719,0.2554676830768585
47.0,0.6845727529790666,0.05479459755588323,2.279428605160184,0.05173335803879632,0.08431582152843475,5.824772808286879,0.5824772808286879,0.03077824041247368,0.6845727529790666,0.05173335803879632,0.04728426328963704,0.0,0.21454133755630916,0.003077824041247368,0.04728426328963704,0.0,0.012403663247823715,0.012668044306337833,0.014117931947112083,0.012558121234178543,0.020432008430361748,0.04316122457385063,0.0717443898320198,0.25127139687538147
48.0,0.6589931514528062,0.05674405803438276,2.520627384607635,0.0534569246487485,0.0688267991774612,5.710960653093126,0.5710960653093127,0.0297859406305684,0.6589931514528062,0.0534569246487485,0.03146156078825394,0.0,0.17298501978317896,0.0029785940630568403,0.03146156078825394,0.0,0.012733994983136654,0.013025939464569092,0.01429474726319313,0.013107098639011383,0.020415429025888443,0.04371599480509758,0.07328490167856216,0.26337435841560364
49.0,0.6230534348222945,0.05874202272389084,2.3409847001590065,0.054426552520857915,0.08553247567680147,5.21030757162306,0.5210307571623061,0.02938284890519248,0.6230534348222945,0.054426552520857915,0.04465783884127935,0.0,0.20865632428063285,0.0029382848905192484,0.04465783884127935,0.0,0.01245752815157175,0.012723925523459911,0.014257802627980709,0.012534797191619873,0.020714065060019493,0.0434759221971035,0.0731787160038948,0.2805934250354767
50.0,0.6060733497142792,0.055677764932624996,2.5329657821293385,0.05697143284810914,0.06937005867560704,5.157155341572231,0.5157155341572233,0.034438118545545474,0.6060733497142792,0.05697143284810914,0.029942576514763966,0.0,0.16645734343263838,0.0034438118545545475,0.029942576514763966,0.0,0.012595527805387974,0.012874837033450603,0.014168722555041313,0.012880855239927769,0.020267140120267868,0.043302327394485474,0.07195618748664856,0.2573765218257904
51.0,0.5571268730693393,0.060616591828875244,2.2727306079194687,0.049939301485816635,0.08506977806488673,4.619824091593425,0.46198240915934247,0.03126100461102194,0.5571268730693393,0.049939301485816635,0.042079059303634696,0.0,0.20033607963058683,0.0031261004611021948,0.042079059303634696,0.0,0.01249757595360279,0.012753698974847794,0.014313873834908009,0.012542983517050743,0.02079002372920513,0.043705329298973083,0.07353328913450241,0.294795960187912
52.0,0.5518733527925279,0.05528518604114652,2.4488960070059718,0.057237955638104014,0.0697901803586218,4.610409008132087,0.4610409008132087,0.03317780803061194,0.5518733527925279,0.057237955638104014,0.03027669759467244,0.0,0.16432921505636638,0.003317780803061194,0.03027669759467244,0.0,0.012649353593587875,0.012923224829137325,0.014210297726094723,0.012929564341902733,0.020315099507570267,0.04344289004802704,0.07208561897277832,0.25372543931007385
53.0,0.4957220173544354,0.05576400028076023,2.118687888308228,0.051264936932259135,0.07866302712096108,4.065995653470357,0.40659956534703573,0.02942175568184919,0.4957220173544354,0.051264936932259135,0.03491532688753472,0.0,0.18019703527291617,0.0029421755681849193,0.03491532688753472,0.0,0.012503024190664291,0.012747407890856266,0.014250840060412884,0.012569266371428967,0.02061629667878151,0.04364203289151192,0.07247152179479599,0.25731161236763
54.0,0.4925636500120163,0.05416179867461324,2.218177411470746,0.054528058816989265,0.066276665776968,4.072878996531169,0.4072878996531169,0.030680677232642967,0.4925636500120163,0.054528058816989265,0.027679608720872138,0.0,0.15700673394733006,0.003068067723264297,0.027679608720872138,0.0,0.012681780382990837,0.012948647141456604,0.014222298748791218,0.012974371202290058,0.020328734070062637,0.04357200115919113,0.07205602526664734,0.24451053142547607
55.0,0.45177920328246224,0.056483105290681124,2.0552937344773277,0.0517440622465478,0.07045730741487609,3.6829432249069214,0.36829432249069216,0.029894293648087315,0.45177920328246224,0.0517440622465478,0.028751380741596222,0.0,0.1635026509563128,0.002989429364808732,0.028751380741596222,0.0,0.012493835762143135,0.012726026587188244,0.0142420195043087,0.012562454678118229,0.020614618435502052,0.043573178350925446,0.0725809633731842,0.263071745634079
56.0,0.44310496913062203,0.055943782441318035,2.165095384833123,0.05566679541435507,0.06155159572760264,3.5916475322511463,0.35916475322511465,0.03443042613152,0.44310496913062203,0.05566679541435507,0.02483036953748928,0.0,0.15217912776602638,0.003443042613152001,0.02483036953748928,0.0,0.01258721575140953,0.01282595656812191,0.014285041019320488,0.012644987553358078,0.020521007478237152,0.04391619935631752,0.07230125367641449,0.2584685981273651
57.0,0.4229610446426604,0.0558538167970255,2.0698378121236525,0.055041840920845665,0.06460863889919387,3.392139646742079,0.33921396467420795,0.02496882900595665,0.4229610446426604,0.055041840920845665,0.026208361921211083,0.0,0.1576256122854021,0.0024968829005956646,0.026208361921211083,0.0,0.012690146453678608,0.012944738380610943,0.014253244735300541,0.012938342988491058,0.020315691828727722,0.04380717873573303,0.07237640023231506,0.25750479102134705
58.0,0.4008384197950363,0.06831421831157058,2.066328973501746,0.049594813543889255,0.059397701587941915,3.236321555243598,0.32363215552435975,0.03189888161917528,0.4008384197950363,0.049594813543889255,0.02442155209266477,0.0,0.1524965680307812,0.003189888161917528,0.02442155209266477,0.0,0.012578473426401615,0.012819670140743256,0.01447383128106594,0.012599209323525429,0.020930631086230278,0.044310372322797775,0.07533019036054611,0.3534713685512543
59.0,0.39984526071283555,0.05032566445879638,2.1801944016595645,0.058898659629954234,0.06316076053513421,3.104817748069763,0.31048177480697636,0.037526604615979724,0.39984526071283555,0.058898659629954234,0.026712156935698457,0.0,0.15943660173151228,0.003752660461597972,0.026712156935698457,0.0,0.012524042278528214,0.012723625637590885,0.014120209030807018,0.012672210112214088,0.020302820950746536,0.04349100589752197,0.07150807976722717,0.21526332199573517
60.0,0.38106205728318954,0.05276941799093038,2.03597130665998,0.05378792703979545,0.06209600137339698,2.9680415060785084,0.2968041506078508,0.026252462683866423,0.38106205728318954,0.05378792703979545,0.027844735007319186,0.0,0.16330421302053663,0.0026252462683866423,0.027844735007319186,0.0,0.012636280618607998,0.012850472703576088,0.014158245176076889,0.012876303866505623,0.02024860493838787,0.04354662075638771,0.07205843180418015,0.2337803840637207
61.0,0.3675836854510837,0.061499135103076696,2.092594342218415,0.05089640037881003,0.06043288070294592,2.87285977602005,0.287285977602005,0.0312535727603568,0.3675836854510837,0.05089640037881003,0.026275947896970644,0.0,0.15865271869632933,0.0031253572760356796,0.026275947896970644,0.0,0.012589569203555584,0.01281796395778656,0.014370614662766457,0.012611801736056805,0.020677439868450165,0.04422349855303764,0.07435191422700882,0.30035027861595154
62.0,0.3652691427204344,0.052806886029429734,2.1690277232835538,0.052018956591685615,0.06211243114537663,2.803732090526157,0.28037320905261576,0.03174038583205806,0.3652691427204344,0.052018956591685615,0.029702934953901503,0.0,0.16954430441061655,0.0031740385832058063,0.029702934953901503,0.0,0.012572807259857655,0.012775512412190437,0.014168133027851582,0.012705803848803043,0.020314164459705353,0.043891604989767075,0.07213183492422104,0.2338952273130417
63.0,0.3533025880654653,0.054121625260449946,2.200012393641626,0.04878693280948533,0.05532514635059568,2.7587532997131348,0.2758753299713135,0.031088660729842052,0.3533025880654653,0.04878693280948533,0.02553144728557931,0.0,0.15644872022999656,0.0031088660729842055,0.02553144728557931,0.0,0.012538604438304901,0.012719281017780304,0.014197400771081448,0.012616444379091263,0.020382927730679512,0.04392073303461075,0.0727662593126297,0.2438313513994217
64.0,0.3672569559680091,0.05819945363327861,2.404780605164751,0.05040124845173624,0.06133033252424664,2.857704348034329,0.2857704348034329,0.029312860634591844,0.3672569559680091,0.05040124845173624,0.02815398449699084,0.0,0.16618011560704973,0.002931286063459185,0.02815398449699084,0.0,0.012706221081316471,0.012913220562040806,0.014317097142338753,0.012810727581381798,0.02040850929915905,0.044466640800237656,0.07307969033718109,0.27489352226257324
65.0,0.36220991445912254,0.05673443141859025,2.401139415703877,0.0563229788094759,0.051238920953538686,2.7822218338648477,0.2782221833864848,0.0284292401952876,0.36220991445912254,0.0563229788094759,0.0248218256359299,0.0,0.15540508346425164,0.00284292401952876,0.0248218256359299,0.0,0.012571425177156925,0.01274912804365158,0.014248378574848175,0.01263289712369442,0.020389437675476074,0.044112496078014374,0.07332353293895721,0.2638481557369232
66.0,0.37155330346690285,0.05599658819846809,2.4260888374990595,0.0502602756023407,0.0592654368115796,2.934199227227105,0.2934199227227105,0.030477390728063054,0.37155330346690285,0.0502602756023407,0.024825356486770842,0.0,0.15550756620036232,0.0030477390728063055,0.024825356486770842,0.0,0.012682043015956879,0.012875474989414215,0.014287147670984268,0.012770628556609154,0.020366676151752472,0.04442493990063667,0.07286985218524933,0.2576959431171417
67.0,0.37551401721106636,0.05043963307980448,2.5973718170811173,0.053769477953513466,0.04991290345788002,2.96045019891527,0.29604501989152693,0.026168958904842537,0.37551401721106636,0.053769477953513466,0.023082617566817336,0.0,0.14997433457109663,0.0026168958904842538,0.023082617566817336,0.0,0.012611397542059422,0.01278268825262785,0.014148120768368244,0.012780444696545601,0.020237529650330544,0.04389216750860214,0.07198810577392578,0.21507661044597626
68.0,0.38269272446632385,0.050815824419260025,2.506976224986928,0.05167840566072199,0.06337520024842686,2.9711592727237277,0.2971159272723728,0.029061012383964326,0.38269272446632385,0.05167840566072199,0.030992288556363847,0.0,0.17372540632883707,0.0029061012383964327,0.030992288556363847,0.0,0.012619520537555218,0.012795462273061275,0.014184283092617989,0.012760480865836143,0.020275337621569633,0.04406343400478363,0.07211527228355408,0.21771280467510223
69.0,0.396466432346238,0.055244783754460514,2.5001169428802568,0.05021812042428388,0.054370517945951886,3.167884627978007,0.3167884627978007,0.02691282005980611,0.396466432346238,0.05021812042428388,0.026768556692534022,0.0,0.16025646610392463,0.002691282005980611,0.026768556692534022,0.0,0.012748958542943,0.012938475236296654,0.014380796812474728,0.012794850394129753,0.02049744687974453,0.04473526403307915,0.07349459826946259,0.2503678798675537
70.0,0.33799779580699074,0.05352298927027732,2.3185908128297257,0.05038459309273296,0.05696763429376814,2.6084233389960394,0.260842333899604,0.02873221008727948,0.33799779580699074,0.05038459309273296,0.02389763802703884,0.0,0.15058155523406136,0.002873221008727948,0.02389763802703884,0.0,0.012618021108210087,0.012779632583260536,0.01425333134829998,0.012695293873548508,0.020402394235134125,0.044234465807676315,0.07292091101408005,0.23827986419200897
71.0,0.34739960067802006,0.05435392609797418,2.329166125670073,0.05482625505990452,0.05029618015719785,2.6501514116923013,0.2650151411692302,0.027848342071390815,0.34739960067802006,0.05482625505990452,0.024773369336293802,0.0,0.15260446237193215,0.002784834207139082,0.024773369336293802,0.0,0.012757238000631332,0.012951674871146679,0.014328714460134506,0.01290592085570097,0.02037704363465309,0.04449493810534477,0.07271570712327957,0.24430017173290253
72.0,0.3249933918317159,0.07224582938943058,2.19193814790655,0.051466179390748344,0.05171389215522342,2.5001294480429754,0.2500129448042976,0.027784493648343615,0.3249933918317159,0.051466179390748344,0.02073581102821562,0.0,0.14146606706910664,0.0027784493648343616,0.02073581102821562,0.0,0.012857756577432156,0.013121308758854866,0.01468485314399004,0.012819903902709484,0.02096843719482422,0.045584071427583694,0.07819373160600662,0.3797365725040436
73.0,0.33097586698002285,0.05523169762454927,2.345450861214217,0.054577628150582314,0.04734101353420152,2.4941090676519604,0.2494109067651961,0.03049099538475275,0.33097586698002285,0.054577628150582314,0.023938226617044873,0.0,0.15222109854221344,0.0030490995384752748,0.023938226617044873,0.0,0.012789899483323097,0.012975156307220459,0.014415701851248741,0.012844342738389969,0.02052084170281887,0.044896531850099564,0.07367603480815887,0.24973507225513458
74.0,0.32426074312792885,0.051224140101112425,2.284453621150949,0.04868537994722525,0.051309745758771896,2.5033792124854193,0.25033792124854193,0.029485295940604474,0.32426074312792885,0.04868537994722525,0.022288908974991903,0.0,0.14652210887935427,0.002948529594060447,0.022288908974991903,0.0,0.012650811113417149,0.012778743170201778,0.014235874637961388,0.012736734934151173,0.02044719271361828,0.04417518898844719,0.07273998111486435,0.2200285941362381
75.0,0.3373200562265184,0.04978899413254112,2.423648446700488,0.0596381908075677,0.04786468131674661,2.4990676773919,0.24990676773919004,0.030018428702735238,0.3373200562265184,0.0596381908075677,0.024773251679208543,0.0,0.15505706601672703,0.003001842870273524,0.024773251679208543,0.0,0.01275135762989521,0.01291037816554308,0.014258972369134426,0.012906881980597973,0.020350830629467964,0.044292718172073364,0.07233263552188873,0.2085081785917282
76.0,0.32963749600781334,0.05743192869704217,2.2903834317089427,0.051541340433888964,0.050772033631801605,2.536383973227607,0.25363839732276067,0.027241314088718757,0.32963749600781334,0.051541340433888964,0.021733618444866605,0.0,0.1443763416674402,0.0027241314088718763,0.021733618444866605,0.0,0.012776520103216171,0.012957889586687088,0.014431731775403023,0.012800865806639194,0.020606569945812225,0.044964563101530075,0.07408145070075989,0.2668358385562897
77.0,0.32356762223773533,0.0573508080560714,2.3265019183459086,0.04991325011683835,0.04626061187850104,2.4741821156607733,0.24741821156607735,0.029640845954418182,0.32356762223773533,0.04991325011683835,0.02327206606666247,0.0,0.15013514127996233,0.0029640845954418188,0.02327206606666247,0.0,0.012724238447844982,0.012880850583314896,0.014380117878317833,0.012769595719873905,0.020564880222082138,0.04471251368522644,0.07427999377250671,0.2664942741394043
78.0,0.31898197200563216,0.05432075134012848,2.335080856192713,0.0544384295741717,0.04858578493197759,2.413321163919237,0.24133211639192373,0.02842984426145752,0.31898197200563216,0.0544384295741717,0.020368438110583358,0.0,0.13955833348962995,0.002842984426145752,0.020368438110583358,0.0,0.012790785171091557,0.012976814061403275,0.014370069839060307,0.012912389822304249,0.02042822353541851,0.04474250599741936,0.07298692315816879,0.2433582991361618
79.0,0.3100643903017044,0.06863840075675398,1.9070971949412554,0.051666623602310814,0.046934150573280126,2.3192362586657205,0.23192362586657206,0.0272986577409837,0.3100643903017044,0.051666623602310814,0.023744270619418886,0.0,0.1520636412832472,0.0027298657740983698,0.023744270619418886,0.0,0.012863616459071636,0.013094283640384674,0.01462149154394865,0.012835676781833172,0.02087470144033432,0.04557633027434349,0.07746292650699615,0.35177817940711975
80.0,0.3064368880457348,0.05203782091848552,2.334102648008263,0.051993970241811543,0.04834829270839691,2.2990587684843273,0.22990587684843275,0.030357043569286663,0.3064368880457348,0.051993970241811543,0.021501335211926036,0.0,0.14430323822630775,0.003035704356928666,0.021501335211926036,0.0,0.01277122087776661,0.012937577441334724,0.014336131513118744,0.01288563385605812,0.02041289396584034,0.044668082147836685,0.07300804555416107,0.22528298199176788
81.0,0.3027327126926846,0.06639974343124777,2.084474008528657,0.050288004593716726,0.0462858420279291,2.261014805899726,0.2261014805899726,0.02948652445856068,0.3027327126926846,0.050288004593716726,0.023394575859937403,0.0,0.15063677645391887,0.002948652445856068,0.023394575859937403,0.0,0.01281218696385622,0.013014457188546658,0.014546185731887817,0.012821798212826252,0.020777232944965363,0.04532727971673012,0.0769617110490799,0.33493709564208984
82.0,0.3002786686023076,0.04933255596552044,2.309778176364619,0.05215198194815053,0.04701319419675403,2.245202898979187,0.22452028989791872,0.03202699590474367,0.3002786686023076,0.05215198194815053,0.02040369663801458,0.0,0.1405502094162835,0.003202699590474367,0.02040369663801458,0.0,0.012743700295686722,0.012893261387944221,0.014273962937295437,0.012874050065875053,0.02036837302148342,0.04443247243762016,0.07258618623018265,0.20448844134807587
83.0,0.297763940360811,0.0524091717088595,2.092995335190762,0.05151758901774883,0.046024674342738256,2.197687473562029,0.2197687473562029,0.027861661019010678,0.297763940360811,0.05151758901774883,0.023691436586280663,0.0,0.15217447363668019,0.002786166101901068,0.023691436586280663,0.0,0.012766257859766483,0.012934679165482521,0.014375251717865467,0.012836567126214504,0.02049836702644825,0.044768329709768295,0.07351309061050415,0.22758083045482635
84.0,0.2897281696399053,0.07143659389112145,2.1570209976796755,0.04851036084194978,0.04686104299293624,2.176159335507287,0.21761593355072872,0.030194147179524105,0.2897281696399053,0.04851036084194978,0.02058245510690742,0.0,0.14176592893070644,0.0030194147179524104,0.02058245510690742,0.0,0.012882289476692677,0.013131877407431602,0.014681298285722733,0.012850284576416016,0.020960072055459023,0.04570183530449867,0.07828137278556824,0.3730037212371826
85.0,0.29468638201554614,0.054775777040049434,2.2120366288697344,0.053246388832728066,0.04489973311622938,2.1654962499936423,0.21654962499936425,0.03011917933407757,0.29468638201554614,0.053246388832728066,0.021878451108932495,0.0,0.1463048689895206,0.003011917933407757,0.021878451108932495,0.0,0.012814799323678017,0.012994823046028614,0.014415178447961807,0.012902532704174519,0.020477520301938057,0.04490833356976509,0.07353280484676361,0.24616022408008575
86.0,0.28492096894317204,0.046440514852292836,2.1338579745811685,0.050356935502754316,0.04643567775686582,2.1139150063196817,0.2113915006319682,0.028244824148714542,0.28492096894317204,0.050356935502754316,0.0203480479410953,0.0,0.14119021346171698,0.0028244824148714546,0.0203480479410953,0.0,0.012699398212134838,0.012812216766178608,0.014211995527148247,0.012797324918210506,0.020428840070962906,0.04410598427057266,0.07233873754739761,0.1821296215057373
87.0,0.2937096804380417,0.04929726151749492,2.1810305319477505,0.058650404007898435,0.04630526279409727,2.080947074625227,0.20809470746252273,0.029325163483412728,0.2937096804380417,0.058650404007898435,0.02403204846713278,0.0,0.15378921147849825,0.0029325163483412734,0.02403204846713278,0.0,0.012789580971002579,0.012939312495291233,0.014259500429034233,0.012958130799233913,0.02037671022117138,0.04425923898816109,0.07236868888139725,0.20442692935466766
88.0,0.28614993227852714,0.06352095189504325,2.1502997638462693,0.05196797247562143,0.04663899582293299,2.1052207814322577,0.21052207814322577,0.029262808255023427,0.28614993227852714,0.05196797247562143,0.02073359851621919,0.0,0.14273007296853596,0.0029262808255023426,0.02073359851621919,0.0,0.012779591605067253,0.012962610460817814,0.014489816501736641,0.012803246267139912,0.020692668855190277,0.045135483145713806,0.0760570839047432,0.31324711441993713
89.0,0.2883901380830341,0.05081051564775407,2.2302115988104747,0.051049802659286395,0.04508398804399702,2.1182860599623785,0.21182860599623787,0.03141687468936046,0.2883901380830341,0.051049802659286395,0.02237003751926952,0.0,0.14811600744724274,0.003141687468936046,0.02237003751926952,0.0,0.012767164036631584,0.012920165434479713,0.01431594043970108,0.012887751683592796,0.020376820117235184,0.04455960914492607,0.07291329652070999,0.21574337780475616
90.0,0.2830468863248825,0.05616850801743567,2.164942194875676,0.05020585387117333,0.046609371486637324,2.102135810587141,0.21021358105871413,0.028189138923254278,0.2830468863248825,0.05020585387117333,0.01980853494670656,0.0,0.13949630326694912,0.0028189138923254277,0.01980853494670656,0.0,0.01278326753526926,0.01295421365648508,0.014429940842092037,0.012826682068407536,0.02057882770895958,0.04493541643023491,0.07400237768888474,0.2568373382091522
91.0,0.2838882240984175,0.05285362515132874,2.226766950212963,0.049126582220196724,0.045942640138996974,2.0744624535242715,0.2074462453524272,0.030212500960462622,0.2838882240984175,0.049126582220196724,0.02429414230088393,0.0,0.15485946171813542,0.0030212500960462626,0.02429414230088393,0.0,0.012713685631752014,0.012847865000367165,0.014314994215965271,0.012782621197402477,0.02049342729151249,0.044420868158340454,0.07322578877210617,0.2320297509431839
92.0,0.2952132241593467,0.05259653751272708,2.364701762295574,0.0549280753152238,0.04685549313823382,2.1779061953226724,0.21779061953226725,0.02896562244536148,0.2952132241593467,0.0549280753152238,0.01959795184019539,0.0,0.1386789364947213,0.0028965622445361484,0.01959795184019539,0.0,0.012797892093658447,0.012972487136721611,0.014337143860757351,0.012950541451573372,0.020411191508173943,0.04453522339463234,0.0728311762213707,0.2299366444349289
93.0,0.2936544318993886,0.0698431731434539,2.2399069508626663,0.052737465128302574,0.04494704595870442,2.153471675184038,0.21534716751840383,0.027735566047744617,0.2936544318993886,0.052737465128302574,0.02279623370203707,0.0,0.1498388722538948,0.002773556604774462,0.02279623370203707,0.0,0.012893207371234894,0.013131540268659592,0.014667268842458725,0.012865687720477581,0.020927133038640022,0.04567473754286766,0.0778612419962883,0.3607245683670044
94.0,0.29665253394179875,0.05503719544503838,2.244994087028849,0.05305948563747936,0.045813043498330645,2.223676416609022,0.22236764166090225,0.03222255605376429,0.29665253394179875,0.05305948563747936,0.01800313964486122,0.0,0.13235627859830856,0.0032222556053764294,0.01800313964486122,0.0,0.012782584875822067,0.01295024435967207,0.014419548213481903,0.012838641181588173,0.02054380625486374,0.04489254578948021,0.07386770844459534,0.24800248444080353
95.0,0.28819799257649314,0.06221246998757124,2.2604685723111873,0.04944058300720321,0.04589239880442619,2.111775517463684,0.21117755174636843,0.028186885122623708,0.28819799257649314,0.04944058300720321,0.02476117139061292,0.0,0.15641832848389944,0.0028186885122623707,0.02476117139061292,0.0,0.012835749424993992,0.013021952472627163,0.014521395787596703,0.01284162700176239,0.020712370052933693,0.04526645690202713,0.07568283379077911,0.30281737446784973
96.0,0.2903571211629444,0.0488540556980297,2.359790373130145,0.050069353439741664,0.04633447279532751,2.1861766046947904,0.21861766046947906,0.0316296172224813,0.2903571211629444,0.050069353439741664,0.018507138825953007,0.0,0.13454128222333062,0.0031629617222481304,0.018507138825953007,0.0,0.01272582821547985,0.012865612283349037,0.014290489256381989,0.01282589416950941,0.02041187509894371,0.04440167546272278,0.07282035797834396,0.20049071311950684
97.0,0.2867015202840169,0.05518301378469914,2.2508750971723637,0.05395379103720188,0.04380754050281313,2.0880047943856983,0.20880047943856983,0.024283775749305885,0.2867015202840169,0.05395379103720188,0.0215188627027803,0.0,0.14569099247455597,0.0024283775749305886,0.0215188627027803,0.0,0.012882748618721962,0.013066601008176804,0.01443595252931118,0.013041607104241848,0.020535465329885483,0.0449395552277565,0.07319868355989456,0.2493634968996048
98.0,0.28284737633334267,0.07711906707845628,2.2281818406636935,0.05410652359326681,0.044603085766235985,2.0806504752900867,0.20806504752900867,0.027980742148227163,0.28284737633334267,0.05410652359326681,0.017877729402648077,0.0,0.13218421075079176,0.0027980742148227163,0.017877729402648077,0.0,0.01300518773496151,0.013278628699481487,0.014864902943372726,0.01294750440865755,0.021236367523670197,0.04620886966586113,0.08010489493608475,0.4153061807155609
99.0,0.27958086298571694,0.07392118661664426,2.23214607198995,0.054835095587703914,0.04478397220373154,1.9787542819976807,0.19787542819976808,0.03747121865550677,0.27958086298571694,0.054835095587703914,0.023123218367497127,0.0,0.15131647553708819,0.003747121865550677,0.023123218367497127,0.0,0.012922879308462143,0.013167578727006912,0.014745255000889301,0.012909614481031895,0.02113952487707138,0.04588332772254944,0.07917704433202744,0.3914242684841156
100.0,0.27718401948610943,0.05109073140192777,2.247394160638999,0.05172353217171298,0.04540471815400653,2.0308084223005505,0.20308084223005507,0.030835760550366506,0.27718401948610943,0.05172353217171298,0.019296058143178623,0.0,0.13766218804650837,0.003083576055036651,0.019296058143178623,0.0,0.012822134420275688,0.012989288195967674,0.014329206198453903,0.012988914735615253,0.020480412989854813,0.0444461926817894,0.07269854098558426,0.21797116100788116
101.0,0.2757866581281026,0.05258329014759511,2.1424253802551045,0.056409870791766376,0.044203302512566246,1.9476394520865545,0.19476394520865548,0.026105914937539235,0.2757866581281026,0.056409870791766376,0.02200224291947153,0.0,0.14755464924706352,0.002610591493753924,0.02200224291947153,0.0,0.012775051407516003,0.012925195507705212,0.01438562385737896,0.012836725451052189,0.020592747256159782,0.04475365951657295,0.07336234301328659,0.22903497517108917
102.0,0.2674758533636729,0.05832115234807134,2.2798419584348752,0.049982127423087754,0.04477989052732786,1.9559573067559137,0.19559573067559138,0.028074022020316787,0.2674758533636729,0.049982127423087754,0.019090585721035797,0.0,0.13716037902567121,0.002807402202031679,0.019090585721035797,0.0,0.012921561487019062,0.013116944581270218,0.014578739181160927,0.012930759228765965,0.020789269357919693,0.04549318179488182,0.07448536902666092,0.2722533941268921
103.0,0.2735997926857736,0.06405597738921642,2.153347134404913,0.05799102555546495,0.04447036816014184,1.898938986990187,0.1898938986990187,0.02833280981414848,0.2735997926857736,0.05799102555546495,0.022881581758459408,0.0,0.15032562779055703,0.0028332809814148475,0.022881581758459408,0.0,0.012842298485338688,0.01302790455520153,0.014578995294868946,0.012833986431360245,0.020846564322710037,0.0453660748898983,0.07593598961830139,0.31701600551605225
104.0,0.26415201856030357,0.05959681305103004,2.245494578871307,0.04922200780775812,0.04414816449085871,1.933954934279124,0.1933954934279124,0.030582693612409964,0.26415201856030357,0.04922200780775812,0.018476246442231867,0.0,0.1350012727909618,0.0030582693612409965,0.018476246442231867,0.0,0.012900804169476032,0.01309079211205244,0.014587709680199623,0.012890901416540146,0.020827457308769226,0.04548218101263046,0.07471588253974915,0.28227877616882324
105.0,0.26588228427701527,0.06214223161805421,2.1527764038602353,0.05439628598590692,0.04394995462563303,1.8637234833505418,0.18637234833505423,0.030092008515364595,0.26588228427701527,0.05439628598590692,0.02210444522400697,0.0,0.147813081741333,0.0030092008515364595,0.02210444522400697,0.0,0.012811967171728611,0.012980684638023376,0.014531574212014675,0.012822088785469532,0.020786132663488388,0.0451594814658165,0.07542777806520462,0.302618145942688
106.0,0.26402511199315387,0.05570432310923934,2.285907602282513,0.051677663500110306,0.04443002161052492,1.903815123769972,0.19038151237699721,0.031084452548788652,0.26402511199315387,0.051677663500110306,0.01885748975392845,0.0,0.13650758730040657,0.0031084452548788655,0.01885748975392845,0.0,0.012860629707574844,0.013036226853728294,0.014509951695799828,0.01289573684334755,0.020707037299871445,0.045260895043611526,0.07419080287218094,0.2521733045578003
107.0,0.2627222041289012,0.056311220745556056,2.177600958685068,0.05211851787236002,0.04420301649305555,1.8529694941308763,0.18529694941308764,0.02984254186352094,0.2627222041289012,0.05211851787236002,0.022322484602530796,0.0,0.14854110611809623,0.002984254186352094,0.022322484602530796,0.0,0.012778307311236858,0.01291530579328537,0.014426128938794136,0.01281670480966568,0.02065275050699711,0.04477257281541824,0.07397226244211197,0.2581557333469391
108.0,0.2648673951625824,0.05364814354106784,2.3004941349073493,0.05341322927011384,0.043984554708004,1.9034963250160217,0.1903496325016022,0.03049045754596591,0.2648673951625824,0.05341322927011384,0.018055487734576065,0.0,0.1335354447364807,0.0030490457545965916,0.018055487734576065,0.0,0.01283300295472145,0.01300114393234253,0.01442634966224432,0.012922302819788456,0.02056192234158516,0.044952962547540665,0.0733734667301178,0.23711399734020233
109.0,0.25948130670520997,0.05128564848564565,2.199865678094532,0.05023491672343678,0.04407562936345736,1.8379679123560588,0.18379679123560586,0.029256633379393153,0.25948130670520997,0.05023491672343678,0.022523933400710423,0.0,0.14917489720715416,0.002925663337939315,0.022523933400710423,0.0,0.012758960947394371,0.012880491092801094,0.014338592998683453,0.012824463658034801,0.02057553455233574,0.044510748237371445,0.07311591506004333,0.21928048133850098
110.0,0.269123085671001,0.05164642655290663,2.3672906857081815,0.055581538213623896,0.04381037379304568,1.9284758302900527,0.19284758302900526,0.030862518534478214,0.269123085671001,0.055581538213623896,0.017607713325156107,0.0,0.13188471479548347,0.0030862518534478215,0.017607713325156107,0.0,0.012810979969799519,0.012968264520168304,0.014371994882822037,0.012924098409712315,0.02051227167248726,0.04472491517663002,0.07301080226898193,0.22184808552265167
111.0,0.26015743613243103,0.07680470601189882,2.22340712352115,0.04951805083288087,0.0440683298640781,1.8503784735997517,0.1850378473599752,0.030863025846580665,0.26015743613243103,0.04951805083288087,0.022515229259928066,0.0,0.14922675821516249,0.0030863025846580667,0.022515229259928066,0.0,0.013004908338189125,0.01327375415712595,0.014869819395244122,0.012957722879946232,0.021253513172268867,0.046200938522815704,0.08021260797977448,0.41266438364982605
112.0,0.2719607734017902,0.06555523176211864,2.356100578260114,0.05645718963609801,0.043870961086617574,1.9464482333925035,0.19464482333925037,0.037922058461440936,0.2719607734017902,0.05645718963609801,0.017066547854079142,0.0,0.1298114930589994,0.003792205846144094,0.017066547854079142,0.0,0.012827297672629356,0.01300960686057806,0.014584180898964405,0.012839528732001781,0.020862694829702377,0.04528248310089111,0.07658705115318298,0.328449010848999
113.0,0.26137735694646835,0.05786368518602103,2.3306757316713416,0.05209332083662351,0.043453216552734375,1.8412397238943312,0.18412397238943312,0.029254157820509538,0.26137735694646835,0.05209332083662351,0.02223464060160849,0.0,0.1482856190866894,0.002925415782050954,0.02223464060160849,0.0,0.012919642962515354,0.013113233260810375,0.014553043991327286,0.012967229820787907,0.0206806268543005,0.04530419409275055,0.07400068640708923,0.26937082409858704
114.0,0.2677728633085887,0.05143491190392524,2.3386155530129606,0.05859444331791666,0.043226129478878446,1.9004457659191556,0.19004457659191556,0.02609851583838463,0.2677728633085887,0.05859444331791666,0.016523995643688574,0.0,0.12777543481853273,0.002609851583838463,0.016523995643688574,0.0,0.012794047594070435,0.012950422242283821,0.014405507594347,0.012859907932579517,0.020585158839821815,0.04479339346289635,0.07337700575590134,0.21971385180950165
115.0,0.25350068757931393,0.05797837988939136,2.2704226079218306,0.050447116502457194,0.04268259306748708,1.7894610895050898,0.178946108950509,0.030261148284706805,0.25350068757931393,0.050447116502457194,0.021081349088086024,0.0,0.14437543021308052,0.0030261148284706804,0.021081349088086024,0.0,0.012827718630433083,0.012987475842237473,0.014512293972074986,0.012840552255511284,0.020710809156298637,0.045050248503685,0.0743768960237503,0.27052104473114014
116.0,0.2518038700024287,0.04717836028430611,2.3572983056997754,0.04816002584993839,0.04286519396636221,1.8418666389253404,0.18418666389253405,0.028734585270285606,0.2518038700024287,0.04816002584993839,0.016583715048101213,0.0,0.1280217261777984,0.0028734585270285607,0.016583715048101213,0.0,0.01280832290649414,0.012954989448189735,0.014289524406194687,0.012966704554855824,0.020479386672377586,0.04414142295718193,0.07212996482849121,0.18765656650066376
117.0,0.2507958437005679,0.04883537639398128,2.2334117700532836,0.054305290803313255,0.04279268367422952,1.725447760687934,0.1725447760687934,0.027776996889669035,0.2507958437005679,0.054305290803313255,0.02116807084530592,0.0,0.1447029204832183,0.0027776996889669037,0.02116807084530592,0.0,0.012783382087945938,0.0129393320530653,0.014382028952240944,0.012860137037932873,0.02054729498922825,0.04452507942914963,0.0727793425321579,0.1998664140701294
118.0,0.24766115181975895,0.06185171438846737,2.286179214717787,0.05073434404200978,0.04255186145504316,1.773217048909929,0.17732170489099291,0.027307166097064812,0.24766115181975895,0.05073434404200978,0.016874385583731864,0.0,0.12919435815678704,0.0027307166097064813,0.016874385583731864,0.0,0.01292490679770708,0.013126120902597904,0.0146526163443923,0.01287015713751316,0.020920412614941597,0.04551965370774269,0.07493522763252258,0.29986461997032166
119.0,0.24734312958187527,0.058014706475660205,2.200838748449206,0.05576610999802748,0.04232918843626976,1.6810594929589167,0.1681059492958917,0.028619516020019848,0.24734312958187527,0.05576610999802748,0.020609114319086075,0.0,0.1425524792737431,0.002861951602001985,0.020609114319086075,0.0,0.012827220372855663,0.012981529347598553,0.014510051347315311,0.012840327806770802,0.0207060519605875,0.04497959464788437,0.07451260834932327,0.27076026797294617
120.0,0.24402022692892286,0.05564736179076135,2.250204284888272,0.050668875169422894,0.04207670523060693,1.7387377619743347,0.1738737761974335,0.028393966663214896,0.24402022692892286,0.050668875169422894,0.016638169168598123,0.0,0.1282364452878634,0.00283939666632149,0.016638169168598123,0.0,0.012895967811346054,0.013076563365757465,0.014520117081701756,0.01295560598373413,0.020645346492528915,0.04516545683145523,0.07371208071708679,0.25220775604248047
121.0,0.23900255726443398,0.05183058755937964,2.150593048717964,0.053893426433205605,0.04222510796454218,1.625227881802453,0.16252278818024532,0.027316161534852453,0.23900255726443398,0.053893426433205605,0.01985472420023547,0.0,0.13986781818999183,0.0027316161534852454,0.01985472420023547,0.0,0.012796346098184586,0.012930150143802166,0.014399835839867592,0.012855477631092072,0.020578552037477493,0.04464554786682129,0.07330324500799179,0.2231355458498001
122.0,0.24049138029416403,0.05275993456598371,2.2227152450615404,0.05378928925428125,0.042462518645657435,1.6633837554189894,0.16633837554189895,0.029215086872378986,0.24049138029416403,0.05378928925428125,0.017442204472091462,0.0,0.1311982191271252,0.0029215086872378987,0.017442204472091462,0.0,0.01285837683826685,0.013024422340095043,0.014457806013524532,0.012947039678692818,0.020577849820256233,0.04494023695588112,0.07326585799455643,0.23000788688659668
123.0,0.2295111690958341,0.04659426398575306,2.1436581858079995,0.049263567560248904,0.04208042762345738,1.5861985550986395,0.158619855509864,0.028444174056251843,0.2295111690958341,0.049263567560248904,0.018783319431046646,0.0,0.13617382695277533,0.0028444174056251846,0.018783319431046646,0.0,0.012785916216671467,0.012900515459477901,0.01432136632502079,0.01287543959915638,0.020513448864221573,0.04435097053647041,0.0725826695561409,0.18242378532886505
124.0,0.23854834420813453,0.051435724599286914,2.2314847374047755,0.056095478435357414,0.04254261818197039,1.6145431134435866,0.16145431134435867,0.028412013288794294,0.23854834420813453,0.056095478435357414,0.01815735496994522,0.0,0.1335561747352282,0.0028412013288794296,0.01815735496994522,0.0,0.012859712354838848,0.013015992939472198,0.014400685206055641,0.012992269359529018,0.020515410229563713,0.04463094845414162,0.07300379872322083,0.22006697952747345
125.0,0.22997345113092,0.07597662217449397,2.068971306257203,0.051009061435858406,0.04211471974849701,1.5748747719658747,0.15748747719658746,0.029584014219128422,0.22997345113092,0.051009061435858406,0.018518506031897333,0.0,0.13509713692797554,0.0029584014219128426,0.018518506031897333,0.0,0.01303882710635662,0.013296523131430149,0.014895589090883732,0.012977716512978077,0.021264376118779182,0.04626928269863129,0.07991388440132141,0.4061567783355713
126.0,0.2349188874165217,0.06212000153027475,2.181168578869726,0.05753933576246103,0.042797838234239154,1.5499807529979281,0.15499807529979284,0.03583334282868438,0.2349188874165217,0.05753933576246103,0.018798139153255358,0.0,0.13543199002742767,0.0035833342828684384,0.018798139153255358,0.0,0.012845149263739586,0.01300545409321785,0.01455556508153677,0.0128501420840621,0.020782487466931343,0.04516026750206947,0.07566717267036438,0.3020937740802765
127.0,0.24240259991751778,0.05771006317809224,2.4295358419007256,0.05154452948934502,0.04325376161270671,1.7062776221169367,0.17062776221169368,0.028087544668879773,0.24240259991751778,0.05154452948934502,0.017421555187967088,0.0,0.13108869393666586,0.0028087544668879776,0.017421555187967088,0.0,0.012932850047945976,0.013123947195708752,0.014560865238308907,0.013002940453588963,0.020671211183071136,0.045202985405921936,0.0738605260848999,0.26832517981529236
128.0,0.2417226599322425,0.04945757729001343,2.2789927901905807,0.05987871169216103,0.04169139266014099,1.6153150333298578,0.16153150333298577,0.024229219493766625,0.2417226599322425,0.05987871169216103,0.01788952201604843,0.0,0.1326820966270235,0.0024229219493766625,0.01788952201604843,0.0,0.012809949927031994,0.012958064675331116,0.014405818656086922,0.012893403880298138,0.020513085648417473,0.04461925849318504,0.07304781675338745,0.20441322028636932
129.0,0.2440114054414961,0.05914187931921333,2.3012154425507387,0.05058514057762093,0.04113529415594207,1.7496898174285889,0.1749689817428589,0.032484298209763236,0.2440114054414961,0.05058514057762093,0.015208849269482825,0.0,0.12247992555300395,0.003248429820976324,0.015208849269482825,0.0,0.012813658453524113,0.012964928522706032,0.014522555284202099,0.012820699252188206,0.020762860774993896,0.04490261897444725,0.07450292259454727,0.2798447906970978
130.0,0.23550063951147926,0.06245788582600653,2.3251725715833973,0.0497688843558232,0.041206122686465584,1.6238555841975741,0.16238555841975744,0.02917105487237374,0.23550063951147926,0.0497688843558232,0.020429085422721174,0.0,0.14126320514414045,0.0029171054872373743,0.020429085422721174,0.0,0.013034971430897713,0.01325235329568386,0.014796038158237934,0.012968354858458042,0.021067041903734207,0.0458853617310524,0.07542471587657928,0.3032342493534088
131.0,0.24909358223279318,0.06464633566793054,2.343620198029012,0.06492659221920702,0.04033944714400503,1.6687683396869235,0.16687683396869238,0.027722196756965585,0.24909358223279318,0.06492659221920702,0.014517936752074294,0.0,0.11962784661187066,0.002772219675696559,0.014517936752074294,0.0,0.012931974604725838,0.013126433826982975,0.014694787561893463,0.012864409014582634,0.020994065329432487,0.045568134635686874,0.07564567029476166,0.3213452100753784
132.0,0.22559191452132332,0.043722465401515365,2.285597795191272,0.05141011128822962,0.040326126333740026,1.5350690682729085,0.15350690682729085,0.02950129047450092,0.22559191452132332,0.05141011128822962,0.017724766602946654,0.0,0.1317811831831932,0.0029501290474500926,0.017724766602946654,0.0,0.012808391824364662,0.012929757125675678,0.01427704282104969,0.012944440357387066,0.02048068679869175,0.044047802686691284,0.07149269431829453,0.16079890727996826
133.0,0.23802988231182098,0.0491636524675414,2.321678256247152,0.0587784710029761,0.04052053764462471,1.6124443941646152,0.16124443941646152,0.027785696736019518,0.23802988231182098,0.0587784710029761,0.01522839441895485,0.0,0.12233931985166338,0.002778569673601952,0.01522839441895485,0.0,0.012820729054510593,0.01297800149768591,0.01438882201910019,0.012932437472045422,0.020552240312099457,0.04442405328154564,0.07256067544221878,0.20265226066112518
134.0,0.22039681176344553,0.0803788237972185,2.1420129190002046,0.04976199401749505,0.04001632208625475,1.4968294898668926,0.14968294898668927,0.03154590958729386,0.22039681176344553,0.04976199401749505,0.017797273066308763,0.0,0.13215229163567224,0.0031545909587293863,0.017797273066308763,0.0,0.013121035881340504,0.013409973122179508,0.015084179118275642,0.013017707504332066,0.021633123978972435,0.046651579439640045,0.08049836754798889,0.4396146237850189
135.0,0.23162198315064111,0.07347832026425749,2.194644182448526,0.05845373641285631,0.03946150797936651,1.5429509149657354,0.15429509149657356,0.03583397467931112,0.23162198315064111,0.05845373641285631,0.015289757918152545,0.0,0.12211571799384223,0.0035833974679311117,0.015289757918152545,0.0,0.01297193206846714,0.013196590356528759,0.0148313632234931,0.012911682017147541,0.021300315856933594,0.04600720480084419,0.0784691795706749,0.3881382942199707
136.0,0.21782927132315105,0.045705840922892094,2.238279225430508,0.05158106361826261,0.03974897124701076,1.4607862697707281,0.14607862697707283,0.03091240684605307,0.21782927132315105,0.05158106361826261,0.017078340467479493,0.0,0.12928910387886894,0.003091240684605307,0.017078340467479493,0.0,0.012831817381083965,0.012972584925591946,0.014319382607936859,0.012979311868548393,0.02056700363755226,0.04419529810547829,0.07199078053236008,0.17579054832458496
137.0,0.22051724874311024,0.051635067677125335,2.2412415264516583,0.055338251714905105,0.040414390050702624,1.4549134572347004,0.14549134572347006,0.028005111367545195,0.22051724874311024,0.055338251714905105,0.016887137666344643,0.0,0.12802370803223717,0.0028005111367545195,0.016887137666344643,0.0,0.012842978350818157,0.01299038715660572,0.014480222016572952,0.012894139625132084,0.02076580747961998,0.04499632865190506,0.07355616241693497,0.22055451571941376
138.0,0.21662085420555538,0.06771598965860903,2.241752432101467,0.04966285741991467,0.03988555115130213,1.4790118005540636,0.14790118005540637,0.030658688447955582,0.21662085420555538,0.04966285741991467,0.015990944165322516,0.0,0.12504882862170538,0.0030658688447955584,0.015990944165322516,0.0,0.013006350956857204,0.01321145799010992,0.01481563039124012,0.012925589457154274,0.02120567113161087,0.0460185706615448,0.07680656760931015,0.3437380790710449
139.0,0.22226939267582363,0.052985675050877035,2.34644795913566,0.057140693068504333,0.04015119829111629,1.4506140417522855,0.14506140417522856,0.029632267438703112,0.22226939267582363,0.057140693068504333,0.017104062769148085,0.0,0.12833604382144082,0.0029632267438703115,0.017104062769148085,0.0,0.01284026075154543,0.012980670668184757,0.014483122155070305,0.012881754897534847,0.020724456757307053,0.04492787644267082,0.07365289330482483,0.23139436542987823
140.0,0.22960528565777671,0.050738551653921604,2.4322660223989185,0.05180426687002182,0.03987377882003784,1.599918497933282,0.15999184979332817,0.030370908737596538,0.22960528565777671,0.05180426687002182,0.01477207781540023,0.0,0.12041240268283421,0.003037090873759654,0.01477207781540023,0.0,0.012827706523239613,0.012975052930414677,0.014455592259764671,0.012886825948953629,0.020652949810028076,0.04481559246778488,0.07334496825933456,0.21394972503185272
141.0,0.2188014810283979,0.07611971162259579,2.2535263102645855,0.04928293927676148,0.03890150454309252,1.5003872248861525,0.15003872248861524,0.03155967484538754,0.2188014810283979,0.04928293927676148,0.016323848937948544,0.0,0.12642517851458657,0.0031559674845387537,0.016323848937948544,0.0,0.01308123953640461,0.013341381214559078,0.014981063082814217,0.012981141917407513,0.021407844498753548,0.04631922394037247,0.07924766093492508,0.4075981378555298
142.0,0.23526834117041695,0.054992103250697255,2.299124776204709,0.056461835693981915,0.03827474887172381,1.6168290774027507,0.16168290774027508,0.03133801598515776,0.23526834117041695,0.056461835693981915,0.013989791481031312,0.0,0.11670856260591084,0.0031338015985157754,0.013989791481031312,0.0,0.012861194089055061,0.013030407950282097,0.014550061896443367,0.012861661612987518,0.02074669674038887,0.04495420679450035,0.07374390959739685,0.24718868732452393
143.0,0.2090253589881791,0.05896975961513817,2.169950967664555,0.05035312515166071,0.03783475442065133,1.3966762555970087,0.1396676255597009,0.02746274011830489,0.2090253589881791,0.05035312515166071,0.01625833318879207,0.0,0.1256397714217504,0.0027462740118304888,0.01625833318879207,0.0,0.012872528284788132,0.013042885810136795,0.014587906189262867,0.012842890806496143,0.020799584686756134,0.0450080931186676,0.07466460019350052,0.2779395878314972
144.0,0.2047358469830619,0.045235540717840195,2.2214989185270735,0.049319136473867625,0.03780119907524851,1.3763828741179571,0.13763828741179573,0.027327504836850695,0.2047358469830619,0.049319136473867625,0.015045672344664732,0.0,0.12052594621976216,0.0027327504836850694,0.015045672344664732,0.0,0.012800008058547974,0.01293753832578659,0.01434533391147852,0.012912974692881107,0.020497744902968407,0.04427919536828995,0.07179342955350876,0.17231810092926025
145.0,0.21116707970698675,0.06088361609727144,2.2471706943793617,0.0552274284677373,0.038293089303705424,1.3758870429462857,0.13758870429462858,0.029838554561138153,0.21116707970698675,0.0552274284677373,0.015367091012497744,0.0,0.1221269956893391,0.0029838554561138157,0.015367091012497744,0.0,0.012937827967107296,0.013104145415127277,0.014662270434200764,0.012899917550384998,0.020922457799315453,0.04546782746911049,0.07531570643186569,0.29175877571105957
146.0,0.21289939184983572,0.04757139750290662,2.340518961649349,0.05172793981101778,0.038857214980655246,1.4205025831858318,0.14205025831858317,0.028587949358754687,0.21289939184983572,0.05172793981101778,0.01626240358584457,0.0,0.12476089845101039,0.002858794935875469,0.01626240358584457,0.0,0.012821854092180729,0.012950428761541843,0.014406900852918625,0.012903417460620403,0.02055765688419342,0.04453638941049576,0.07282374799251556,0.18957078456878662
147.0,0.22466766917043263,0.05893399193882942,2.4651897388589665,0.05340318236913946,0.03889731648895475,1.5342291196187336,0.1534229119618734,0.030374039016250107,0.22466766917043263,0.05340318236913946,0.01480416969085733,0.0,0.12011072122388416,0.003037403901625011,0.01480416969085733,0.0,0.012928543612360954,0.013087800703942776,0.014629730023443699,0.012914758175611496,0.020855652168393135,0.0454673133790493,0.0750439241528511,0.2765442132949829
148.0,0.2141996572415034,0.044856865773908794,2.355936734292038,0.05229231922162904,0.03781177517440584,1.4418206082450018,0.14418206082450022,0.027686150123675663,0.2141996572415034,0.05229231922162904,0.014956664707925584,0.0,0.120523854262299,0.0027686150123675665,0.014956664707925584,0.0,0.012835354544222355,0.012951252050697803,0.014373162761330605,0.01292880903929472,0.020538151264190674,0.04437529668211937,0.07242070883512497,0.16843219101428986
149.0,0.22339696519904667,0.054233211441896856,2.3386161498535407,0.05588493848012553,0.03741207180751695,1.5074145992596943,0.15074145992596946,0.03163938493364387,0.22339696519904667,0.05588493848012553,0.013606623125573,0.0,0.11511124173800151,0.0031639384933643874,0.013606623125573,0.0,0.012869521044194698,0.013013913296163082,0.014532431028783321,0.012901583686470985,0.020714089274406433,0.04503994807600975,0.07395467907190323,0.24083952605724335
150.0,0.20231648948457506,0.04716825857758522,2.230637828786186,0.050424127736025386,0.03714451090329223,1.3374934792518616,0.1337493479251862,0.026499177950123947,0.20231648948457506,0.050424127736025386,0.015493094300230345,0.0,0.12252017607291539,0.002649917795012395,0.015493094300230345,0.0,0.012895876541733742,0.013043182902038097,0.0143625782802701,0.013055646792054176,0.02057691663503647,0.04461214318871498,0.07222197204828262,0.18657775223255157
151.0,0.20350628346204758,0.055100715602748096,2.1889747587927197,0.05481332975129286,0.03666447144415644,1.3162014881769817,0.13162014881769818,0.028605504866896406,0.20350628346204758,0.05481332975129286,0.014212251640856266,0.0,0.11677753925323486,0.0028605504866896407,0.014212251640856266,0.0,0.012857996858656406,0.013006741181015968,0.014539437368512154,0.012878749519586563,0.020751098170876503,0.044999029487371445,0.07389824837446213,0.2478744238615036
152.0,0.19583437343438467,0.07198834477458149,2.1607515865914824,0.048330777842137546,0.03753803815278742,1.294666462474399,0.12946664624743992,0.030772450897428725,0.19583437343438467,0.048330777842137546,0.01495970351000627,0.0,0.12021982421477635,0.003077245089742873,0.01495970351000627,0.0,0.013066865503787994,0.013303492218255997,0.014940149150788784,0.012955404818058014,0.021343497559428215,0.04617631062865257,0.07764400541782379,0.37647703289985657
153.0,0.2209718773762385,0.0559714442351833,2.443703287108518,0.05837983679440287,0.037346928690870605,1.446282188097636,0.1446282188097636,0.029916648132105667,0.2209718773762385,0.05837983679440287,0.014972151877979437,0.0,0.1193602333466212,0.002991664813210567,0.014972151877979437,0.0,0.01285130437463522,0.013002559542655945,0.014547222293913364,0.01285726297646761,0.0207478329539299,0.044863924384117126,0.07398874312639236,0.25491270422935486
154.0,0.21567903459072113,0.056206279899924994,2.3742185648482192,0.05070779596765836,0.038804553656114474,1.466081486807929,0.14660814868079294,0.027393230185326602,0.21567903459072113,0.05070779596765836,0.015623761185755333,0.0,0.1229079556134012,0.0027393230185326603,0.015623761185755333,0.0,0.01295383833348751,0.013136466033756733,0.014637971296906471,0.012942691333591938,0.020860416814684868,0.04538211598992348,0.07426387071609497,0.255472868680954
155.0,0.2183232456445694,0.06025111326016486,2.432598378694881,0.05484870138267676,0.03729657787415716,1.457214679982927,0.14572146799829272,0.030172698924110994,0.2183232456445694,0.05484870138267676,0.01473580150761538,0.0,0.11874610020054711,0.0030172698924111,0.01473580150761538,0.0,0.01287543959915638,0.013017237186431885,0.014592986553907394,0.01287105306982994,0.020874161273241043,0.044997651129961014,0.07524661719799042,0.2875337600708008
156.0,0.21178962041934332,0.057971323491074145,2.3848028751683956,0.056123525732093386,0.037695965005291834,1.3823778165711298,0.13823778165711298,0.03326923193203078,0.21178962041934332,0.056123525732093386,0.014101389692061476,0.0,0.1167857547601064,0.0033269231932030784,0.014101389692061476,0.0,0.012916077859699726,0.013077407144010067,0.0146291209384799,0.012900235131382942,0.020861994475126266,0.04530106484889984,0.07444757968187332,0.2696371078491211
157.0,0.1951480565799607,0.045390979503281415,2.2251508295425357,0.05227226350042555,0.03718274852467908,1.2586979733573065,0.12586979733573067,0.026860308936900563,0.1951480565799607,0.05227226350042555,0.014319964063664278,0.0,0.11743279132578108,0.0026860308936900563,0.014319964063664278,0.0,0.012858138419687748,0.012984780594706535,0.01435814332216978,0.012973799370229244,0.020543254911899567,0.044377051293849945,0.07189559936523438,0.17313706874847412
158.0,0.20711299031972885,0.057467383332550526,2.254894463428715,0.055294338820709124,0.036590313331948385,1.345533225271437,0.1345533225271437,0.031058754306286573,0.20711299031972885,0.055294338820709124,0.014159449997047583,0.0,0.11585238824288051,0.0031058754306286574,0.014159449997047583,0.0,0.01292804442346096,0.013079456984996796,0.014632505364716053,0.012926816008985043,0.02086702547967434,0.0453769788146019,0.07453423738479614,0.265394002199173
159.0,0.1993586445848147,0.04898489825427532,2.3611395388872465,0.05133409280743864,0.036800844594836235,1.3123100267516241,0.13123100267516244,0.02767955811901225,0.1993586445848147,0.05133409280743864,0.014025594625208113,0.0,0.11616149710284339,0.002767955811901225,0.014025594625208113,0.0,0.01289009116590023,0.013033729046583176,0.014416052959859371,0.013014699332416058,0.020618896931409836,0.04460205137729645,0.07271154969930649,0.20059211552143097
160.0,0.21331913520892462,0.061655746307224035,2.4257536492923313,0.05307605324520005,0.03719484102394846,1.4246386620733473,0.14246386620733473,0.030115235338194504,0.21331913520892462,0.05307605324520005,0.014767684559855197,0.0,0.11841073466671838,0.0030115235338194508,0.014767684559855197,0.0,0.012936742976307869,0.013092436827719212,0.01469685323536396,0.012898807413876057,0.021013418212532997,0.045427002012729645,0.07511477917432785,0.2980659306049347
161.0,0.2065555238061481,0.045638147625140846,2.427151812192004,0.04970948356721136,0.03732644538912508,1.3894843657811482,0.13894843657811484,0.0306999363626043,0.2065555238061481,0.04970948356721136,0.014827611649201976,0.0,0.1194043970770306,0.0030699936362604302,0.014827611649201976,0.0,0.012822496704757214,0.012957279570400715,0.014378346502780914,0.012931582517921925,0.02058633603155613,0.044226787984371185,0.07182490825653076,0.17537744343280792
162.0,0.20547312001387277,0.0558327860198915,2.333712351167725,0.05331343122654491,0.03599939371148745,1.351543492741055,0.13515434927410552,0.02971242642444041,0.20547312001387277,0.05331343122654491,0.014034096979432635,0.0,0.11535634928279453,0.0029712426424440413,0.014034096979432635,0.0,0.012891151010990143,0.013043204322457314,0.014596243388950825,0.012897430919110775,0.02084963209927082,0.045058924704790115,0.0739290714263916,0.2533966302871704
163.0,0.1910458728671074,0.07272343849763274,2.2420516260257974,0.04775512922141287,0.036390802926487394,1.264540606074863,0.12645406060748632,0.032045942834681936,0.1910458728671074,0.04775512922141287,0.013632088278730711,0.0,0.11433566196097268,0.0032045942834681936,0.013632088278730711,0.0,0.013088631443679333,0.01332501694560051,0.014987895265221596,0.012976727448403835,0.02141503244638443,0.04621412977576256,0.07777006179094315,0.38201001286506653
164.0,0.20554319024085999,0.05166812380775809,2.3481813460688,0.05961250472399923,0.036493584513664246,1.291394054889679,0.12913940548896793,0.03050485449946589,0.20554319024085999,0.05961250472399923,0.013740797682354847,0.0,0.11410621305306752,0.0030504854499465895,0.013740797682354847,0.0,0.01284789852797985,0.012995216064155102,0.014511886052787304,0.01288643293082714,0.020693903788924217,0.044653523713350296,0.0731525719165802,0.22160355746746063
165.0,0.20076984994941288,0.056191794108599424,2.427459011809125,0.05168886420627435,0.035963761102822095,1.3321939441892836,0.13321939441892836,0.02736015198752284,0.20076984994941288,0.05168886420627435,0.013125575871931182,0.0,0.1123781485690011,0.0027360151987522842,0.013125575871931182,0.0,0.01295440923422575,0.01313661690801382,0.014606795273721218,0.012998494319617748,0.020763032138347626,0.04513484984636307,0.07381133735179901,0.25612881779670715
166.0,0.20389491319656372,0.05151385872159153,2.364246015558246,0.056188032031059265,0.03626125781900353,1.305754542350769,0.1305754542350769,0.028565607447591092,0.20389491319656372,0.056188032031059265,0.014274864612768093,0.0,0.11603390259875192,0.002856560744759109,0.014274864612768093,0.0,0.012854080647230148,0.012983061373233795,0.014498365111649036,0.012896163389086723,0.020722771063447,0.04462539032101631,0.07313189655542374,0.2203991413116455
167.0,0.20044449054532582,0.05455884139519185,2.410492128707855,0.053376377249757447,0.03580081897477309,1.310037288400862,0.1310037288400862,0.03096923449387153,0.20044449054532582,0.053376377249757447,0.012967460167904695,0.0,0.11151097632116741,0.003096923449387153,0.012967460167904695,0.0,0.012938200496137142,0.013109195046126842,0.014604615978896618,0.012962160632014275,0.020791199058294296,0.04520220309495926,0.07384734600782394,0.2430158108472824
168.0,0.20197939458820555,0.0458165411837399,2.3870172065242183,0.05326478328141901,0.03601266257464886,1.3254757854673598,0.132547578546736,0.029385085321134992,0.20197939458820555,0.05326478328141901,0.01322851868139373,0.0,0.11198973158995311,0.002938508532113499,0.01322851868139373,0.0,0.012843914330005646,0.012961533851921558,0.014417693018913269,0.012921755202114582,0.020621182397007942,0.04433242231607437,0.07240526378154755,0.1760285645723343
169.0,0.20253670546743605,0.05310303333681077,2.4290098302690613,0.05446095806029108,0.035727492430143885,1.3202353914578755,0.13202353914578757,0.029768693312588666,0.20253670546743605,0.05446095806029108,0.013075336969147125,0.0,0.11189546022150251,0.0029768693312588667,0.013075336969147125,0.0,0.01291896216571331,0.013080796226859093,0.014520961791276932,0.013008716516196728,0.020647253841161728,0.044815436005592346,0.07344269007444382,0.2323894500732422
170.0,0.19930540108018452,0.04390752385370433,2.324161072734489,0.051860551867220134,0.035704586654901505,1.3081144558058844,0.13081144558058846,0.027676442534559302,0.19930540108018452,0.051860551867220134,0.013865760527551174,0.0,0.11410530325439242,0.0027676442534559304,0.013865760527551174,0.0,0.01285505760461092,0.012958288192749023,0.014375979080796242,0.012941128574311733,0.02058688923716545,0.0442073754966259,0.07199471443891525,0.16134075820446014
171.0,0.19535841047763824,0.05306659860070795,2.3846989023783647,0.05533131481044822,0.03556078941457801,1.234218246406979,0.1234218246406979,0.03218046151515511,0.19535841047763824,0.05533131481044822,0.013387219980359077,0.0,0.11292502449618445,0.0032180461515155107,0.013387219980359077,0.0,0.012934808619320393,0.013086047023534775,0.01459428109228611,0.012966429814696312,0.020788175985217094,0.04521132633090019,0.0740286186337471,0.2309231013059616
172.0,0.19505346732007134,0.04860652715433389,2.3697033559595213,0.053347890782687396,0.03562470649679502,1.2598091098997328,0.1259809109899733,0.02598984156631761,0.19505346732007134,0.053347890782687396,0.013125677437831959,0.0,0.11121316668060091,0.0025989841566317613,0.013125677437831959,0.0,0.012970867566764355,0.013132154941558838,0.014445019885897636,0.013135232031345367,0.020687591284513474,0.04481286182999611,0.07258597016334534,0.19708251953125
173.0,0.20006991922855377,0.05729792430065572,2.3835285257710996,0.05536418884164757,0.0351784351385302,1.2871783508194818,0.12871783508194817,0.029830176021075912,0.20006991922855377,0.05536418884164757,0.013004875638418727,0.0,0.11137122495306863,0.0029830176021075913,0.013004875638418727,0.0,0.01290871575474739,0.013055921532213688,0.014628740958869457,0.012905383482575417,0.02089126780629158,0.04512772709131241,0.07412433624267578,0.26474130153656006
174.0,0.18978667755921683,0.044447963242419064,2.3796668335271773,0.04895422193739149,0.035238338427411184,1.241388652059767,0.1241388652059767,0.030093456721968122,0.18978667755921683,0.04895422193739149,0.013684243015531037,0.0,0.1134432562523418,0.003009345672196812,0.013684243015531037,0.0,0.012868535704910755,0.012993446551263332,0.014400552026927471,0.012973325327038765,0.020656269043684006,0.044183772057294846,0.07158297300338745,0.1659248322248459
175.0,0.19426900231175953,0.06211634841747582,2.383363554564511,0.05514829895562596,0.03503034284545316,1.2289922833442688,0.12289922833442689,0.031430832834707365,0.19426900231175953,0.05514829895562596,0.013078389171924856,0.0,0.11159860259956783,0.0031430832834707365,0.013078389171924856,0.0,0.012981880456209183,0.013161612674593925,0.014765892177820206,0.012910684570670128,0.021123802289366722,0.04558888077735901,0.07484421879053116,0.3015538156032562
176.0,0.19455411699083117,0.04715715127531439,2.4382433747242107,0.05482946832974752,0.035073121595713824,1.2397867110040452,0.12397867110040456,0.028848727130227618,0.19455411699083117,0.05482946832974752,0.012861103802505467,0.0,0.11013301296366586,0.002884872713022762,0.012861103802505467,0.0,0.012872174382209778,0.013010768219828606,0.014474385417997837,0.012952513992786407,0.020697573199868202,0.0444265641272068,0.07220220565795898,0.1866210252046585
177.0,0.19178021450837454,0.059694183291867375,2.3797891173226033,0.052018433809280396,0.034866583430104785,1.2366236845652263,0.12366236845652262,0.030788403677029744,0.19178021450837454,0.052018433809280396,0.013020570079485575,0.0,0.11138194840815333,0.0030788403677029746,0.013020570079485575,0.0,0.012972405180335045,0.013146080076694489,0.014724818989634514,0.012928307056427002,0.021061034873127937,0.04554152861237526,0.0746234729886055,0.28255581855773926
178.0,0.19129540357324812,0.0462619187310338,2.38341866003142,0.05448091237081422,0.0349376630038023,1.209688299232059,0.12096882992320593,0.02803890945182906,0.19129540357324812,0.05448091237081422,0.013041767912606398,0.0,0.11074431488911311,0.002803890945182906,0.013041767912606398,0.0,0.0128758130595088,0.01300171297043562,0.01444639265537262,0.012962736189365387,0.020679505541920662,0.044376030564308167,0.0721525177359581,0.17960064113140106
179.0,0.1873808859123124,0.0679722661152482,2.32588559152118,0.052739412213365235,0.03489256463944912,1.1852627330356174,0.11852627330356175,0.033802829010205135,0.1873808859123124,0.052739412213365235,0.012734908558842208,0.0,0.1100379257566399,0.003380282901020514,0.012734908558842208,0.0,0.01303656492382288,0.01321446429938078,0.014864843338727951,0.012951349839568138,0.02128651924431324,0.045881934463977814,0.07661828398704529,0.34592416882514954
180.0,0.18891889022456276,0.04763955937232822,2.377838363370099,0.05373598366147942,0.035042338694135346,1.1917332344584994,0.11917332344584992,0.03259090189304617,0.18891889022456276,0.05373598366147942,0.01275048984421624,0.0,0.10968305336104499,0.0032590901893046163,0.01275048984421624,0.0,0.012869305908679962,0.012978079728782177,0.014464039355516434,0.012935059145092964,0.020766085013747215,0.04452105239033699,0.07259765267372131,0.18998520076274872
181.0,0.19141478174262577,0.05308147566393018,2.3638885354359025,0.054045149228639074,0.03448569609059228,1.2200770907931857,0.12200770907931857,0.02973112704542776,0.19141478174262577,0.054045149228639074,0.012388809454730816,0.0,0.10869982424709532,0.002973112704542776,0.012388809454730816,0.0,0.012950371950864792,0.013108544982969761,0.014545566402375698,0.013050580397248268,0.02075430564582348,0.044904060661792755,0.07362694293260574,0.23171143233776093
182.0,0.18718036678102282,0.043914634734392166,2.3332243751487916,0.05278044814864794,0.03492005024519232,1.1852802634239197,0.11852802634239198,0.02784257082061635,0.18718036678102282,0.05278044814864794,0.013087632703698344,0.0,0.11095584597852495,0.0027842570820616353,0.013087632703698344,0.0,0.012904292903840542,0.01299931202083826,0.014383632689714432,0.013005392625927925,0.02067628689110279,0.04424598067998886,0.0719180628657341,0.16118411719799042
183.0,0.18864006714688408,0.057192294974811375,2.3541766746298207,0.055848136751188174,0.034522220492362976,1.1703361405266657,0.11703361405266656,0.03335253710651563,0.18864006714688408,0.055848136751188174,0.012423062515962455,0.0,0.10868979369600613,0.0033352537106515635,0.012423062515962455,0.0,0.012936213985085487,0.013078978285193443,0.01464634109288454,0.012940192595124245,0.02091955579817295,0.04528726637363434,0.07432642579078674,0.26340338587760925
184.0,0.18684941447443432,0.047484298469498754,2.4245572243114255,0.05179671094649368,0.03477560459739632,1.1970507502555847,0.11970507502555848,0.028496086907883484,0.18684941447443432,0.05179671094649368,0.01249801403739386,0.0,0.1085230600502756,0.0028496086907883484,0.01249801403739386,0.0,0.01293427124619484,0.013075633905827999,0.014426016248762608,0.013071835041046143,0.02068382315337658,0.044532909989356995,0.07239121198654175,0.18875868618488312
185.0,0.1900777460800277,0.059196664369665086,2.376355054113792,0.05389190817044841,0.03436987267600165,1.2068686485290527,0.12068686485290529,0.03077509781966607,0.1900777460800277,0.05389190817044841,0.012421464211203985,0.0,0.10873756102389759,0.003077509781966607,0.012421464211203985,0.0,0.012915510684251785,0.01306222379207611,0.014657396823167801,0.012895914725959301,0.020941805094480515,0.04514281824231148,0.0744747743010521,0.2794828712940216
186.0,0.1850027541319529,0.04448895843233913,2.3852254622197018,0.04941597539517614,0.03412450415392717,1.2045455906126235,0.12045455906126236,0.030336816795170307,0.1850027541319529,0.04941597539517614,0.012098536619709598,0.0,0.10689978881014718,0.003033681679517031,0.012098536619709598,0.0,0.012858747504651546,0.012986870482563972,0.014405655674636364,0.012960526160895824,0.020636700093746185,0.044162627309560776,0.0714697539806366,0.1664307862520218
187.0,0.18175389286544588,0.06332358170766383,2.3665535783338707,0.05328740717636214,0.0344985607597563,1.129585411813524,0.11295854118135241,0.031195969527794257,0.18175389286544588,0.05328740717636214,0.012388345940659443,0.0,0.10847945966654354,0.0031195969527794253,0.012388345940659443,0.0,0.012988800182938576,0.013171937316656113,0.014787969179451466,0.012905403971672058,0.021151402965188026,0.045614663511514664,0.07492652535438538,0.3110419511795044
188.0,0.18660792708396912,0.047135705477558076,2.4225584765217234,0.05647066359718641,0.034632200168238744,1.1484615802764893,0.11484615802764894,0.02872331885413991,0.18660792708396912,0.05647066359718641,0.012418772714833418,0.0,0.1081033158633444,0.0028723318854139914,0.012418772714833418,0.0,0.012866513803601265,0.013006940484046936,0.014478039927780628,0.012942571192979813,0.02068769559264183,0.044417355209589005,0.07207968831062317,0.18660683929920197
189.0,0.18170294993453556,0.06576381193008274,2.377620544399566,0.050355119009812675,0.03381062547365824,1.1606299479802449,0.11606299479802451,0.03293426091679268,0.18170294993453556,0.050355119009812675,0.01199141087838345,0.0,0.1067858590847916,0.0032934260916792687,0.01199141087838345,0.0,0.012969888746738434,0.013126854784786701,0.014763967134058475,0.012917342595756054,0.021141594275832176,0.04550495371222496,0.07595943659543991,0.3297264575958252
190.0,0.1815609344177776,0.042553215054795146,2.3652330291299815,0.05076839423014058,0.034309246473842196,1.148648930920495,0.1148648930920495,0.03392480748395125,0.1815609344177776,0.05076839423014058,0.012535163046171268,0.0,0.10847023957305485,0.003392480748395125,0.012535163046171268,0.0,0.012857113964855671,0.012957671657204628,0.014371918514370918,0.012947502546012402,0.02063610590994358,0.044042617082595825,0.07132268697023392,0.15129010379314423
191.0,0.1853040572669771,0.05335844587534666,2.459498203520589,0.05777300294074747,0.034098705276846886,1.1288258234659831,0.11288258234659833,0.026715393928397033,0.1853040572669771,0.05777300294074747,0.011976932589378621,0.0,0.10657229522864024,0.002671539392839703,0.011976932589378621,0.0,0.012995018623769283,0.01318520586937666,0.014559571631252766,0.013146494515240192,0.02073834091424942,0.0451456718146801,0.07326144725084305,0.23383581638336182
192.0,0.1834229884876145,0.04508544865529984,2.420237030810258,0.05521226074132654,0.03450821526348591,1.134145630730523,0.11341456307305231,0.025915216447578535,0.1834229884876145,0.05521226074132654,0.012204645098083548,0.0,0.10715893366270596,0.0025915216447578537,0.012204645098083548,0.0,0.012880926951766014,0.012989498674869537,0.014422635547816753,0.012967478483915329,0.0206917691975832,0.044300079345703125,0.07204794138669968,0.1703832596540451
193.0,0.18424098855919308,0.07869456987828016,2.3621190418535387,0.05260297593971094,0.03380505016280545,1.1601887742678325,0.11601887742678325,0.03729693891687526,0.18424098855919308,0.05260297593971094,0.011889443706928028,0.0,0.106238411532508,0.0037296938916875264,0.011889443706928028,0.0,0.013160787522792816,0.01338929869234562,0.01508552860468626,0.013079590164124966,0.02166125550866127,0.046861886978149414,0.08034121990203857,0.4259769916534424
194.0,0.1881406017475658,0.05435239220969379,2.377792367458127,0.057580334030919604,0.03416973373128308,1.1496125128534105,0.11496125128534104,0.03530686886774169,0.1881406017475658,0.057580334030919604,0.012068330077454448,0.0,0.10651576932933596,0.003530686886774169,0.012068330077454448,0.0,0.012917320244014263,0.013055743649601936,0.014610241167247295,0.012939289212226868,0.02092154510319233,0.04510631784796715,0.07371017336845398,0.2415585070848465
195.0,0.17661189287900925,0.05055599182378501,2.380478303259308,0.05091261573963695,0.03425954096019268,1.1054770747820537,0.11054770747820536,0.0310460040345788,0.17661189287900925,0.05091261573963695,0.012046972160331078,0.0,0.10689753252598974,0.0031046004034578803,0.012046972160331078,0.0,0.012873565778136253,0.013002417981624603,0.01451876387000084,0.012921367771923542,0.020771577954292297,0.04466170817613602,0.0729563981294632,0.2127421349287033
196.0,0.17835166967577404,0.06004690320696682,2.393188046999681,0.04860086739063263,0.03413216583430767,1.1508422295252483,0.11508422295252482,0.03120957687497139,0.17835166967577404,0.04860086739063263,0.011545623678507077,0.0,0.10440965617696445,0.0031209576874971392,0.011545623678507077,0.0,0.012993745505809784,0.0131524121388793,0.014742628671228886,0.01295995432883501,0.021047445014119148,0.04561326280236244,0.07477792352437973,0.28508785367012024
197.0,0.18050636019971636,0.04314594157040119,2.4668637226360626,0.05298139320479499,0.034025642193026014,1.1299726631906297,0.11299726631906298,0.030933520756661892,0.18050636019971636,0.05298139320479499,0.011434345480261577,0.0,0.10405439759294192,0.00309335207566619,0.011434345480261577,0.0,0.012885288335382938,0.012978069484233856,0.014341156929731369,0.012997939251363277,0.02060095965862274,0.044161904603242874,0.07150176912546158,0.1557004451751709
198.0,0.18534060567617416,0.04945664689876139,2.3732638462531255,0.05663913033074803,0.03371831443574694,1.136229740248786,0.11362297402487861,0.032454839597145714,0.18534060567617416,0.05663913033074803,0.011833020278977023,0.0,0.10532773286104202,0.0032454839597145717,0.011833020278977023,0.0,0.012917404994368553,0.013050255365669727,0.014503021724522114,0.012991653755307198,0.02066587656736374,0.0447022020816803,0.07295358180999756,0.20386917889118195
199.0,0.17139578776227105,0.044701506616547704,2.3891434751394858,0.04995390338202318,0.03431350737810135,1.0614738398128085,0.10614738398128086,0.031520946158303156,0.17139578776227105,0.04995390338202318,0.01214240248211556,0.0,0.10710578825738695,0.003152094615830316,0.01214240248211556,0.0,0.012873276136815548,0.012985765002667904,0.014364272356033325,0.012979753315448761,0.020566903054714203,0.04415262117981911,0.07167962938547134,0.16800983250141144
200.0,0.17779466758171716,0.05490671191364527,2.2097530512311323,0.052721192232436605,0.033668970275256366,1.1088406443595886,0.11088406443595886,0.0278867955526544,0.17779466758171716,0.052721192232436605,0.01140073244459927,0.0,0.10352621061934365,0.00278867955526544,0.01140073244459927,0.0,0.012966576032340527,0.013137797825038433,0.01459586527198553,0.01304024551063776,0.02073005773127079,0.04500278830528259,0.0737285315990448,0.2460518330335617
201.0,0.1802980030576388,0.05215132480952889,2.4380905993560154,0.05649713116387526,0.03386686556041241,1.090320712990231,0.10903207129902309,0.03029683656576607,0.1802980030576388,0.05649713116387526,0.0117391183351477,0.0,0.10548582921425502,0.003029683656576607,0.0117391183351477,0.0,0.012862974777817726,0.012983196415007114,0.014508752152323723,0.01290220394730568,0.020717337727546692,0.04453900456428528,0.07323707640171051,0.22546005249023438
202.0,0.17605419208606085,0.05373749614227563,2.4097659684648756,0.05158189684152603,0.03397680136064688,1.0924506253666348,0.1092450625366635,0.03211366033388509,0.17605419208606085,0.05158189684152603,0.012015870617081722,0.0,0.1061568483710289,0.003211366033388509,0.012015870617081722,0.0,0.012953090481460094,0.013116362504661083,0.01462877169251442,0.012979830615222454,0.02079802006483078,0.04518288001418114,0.07379129528999329,0.2364497184753418
203.0,0.17844956947697532,0.04541341098956764,2.4822099073356387,0.05544927509294616,0.03374738080634011,1.0897378987736173,0.10897378987736173,0.026941489428281784,0.17844956947697532,0.05544927509294616,0.011332349515416555,0.0,0.10360681431161033,0.0026941489428281788,0.011332349515416555,0.0,0.012938123196363449,0.013073621317744255,0.01437996607273817,0.013101163320243359,0.020578188821673393,0.04454728215932846,0.07175377011299133,0.17293517291545868
204.0,0.17840386264854008,0.05545927211642265,2.3568745684380357,0.05416443964673413,0.03374809150894483,1.0918935736020405,0.10918935736020406,0.034255874162125916,0.17840386264854008,0.05416443964673413,0.011624471310319172,0.0,0.10454508289694786,0.0034255874162125916,0.011624471310319172,0.0,0.012901118956506252,0.013006720691919327,0.014552723616361618,0.012923474423587322,0.02082832343876362,0.04452531412243843,0.07404645532369614,0.2508900463581085
205.0,0.177908379998472,0.06972795457113534,2.3946656394866723,0.05351052226291762,0.03382508332530657,1.0897203485171,0.10897203485171,0.03601081658982568,0.177908379998472,0.05351052226291762,0.011824738337761827,0.0,0.10587538282076518,0.003601081658982569,0.011824738337761827,0.0,0.013098388910293579,0.013303949497640133,0.014958241954445839,0.01299145258963108,0.021330377086997032,0.04604687541723251,0.07686121016740799,0.35923314094543457
206.0,0.18976613465282652,0.05069525493308902,2.4212689123357736,0.06313066805402438,0.03380632669561439,1.1238703926404316,0.11238703926404317,0.029202626707653206,0.18976613465282652,0.06313066805402438,0.011328160711046722,0.0,0.1033428269955847,0.0029202626707653207,0.011328160711046722,0.0,0.01290854997932911,0.013062410056591034,0.014518950134515762,0.012986792251467705,0.020644553005695343,0.044569335877895355,0.07272237539291382,0.21414907276630402
207.0,0.17321122768852446,0.06217189668677747,2.394692104708992,0.04889068897399637,0.0339208644711309,1.0930909117062886,0.10930909117062887,0.03299304853296942,0.17321122768852446,0.04889068897399637,0.011712141464360885,0.0,0.10544188734557894,0.0032993048532969425,0.011712141464360885,0.0,0.012939419597387314,0.013097387738525867,0.014693120494484901,0.012896065600216389,0.02097787894308567,0.044967811554670334,0.0751597136259079,0.3026437759399414
208.0,0.1805767665306727,0.05008937371894717,2.528392469026889,0.05483104454146491,0.033959345064229436,1.1134901112980313,0.11134901112980315,0.029865171139438946,0.1805767665306727,0.05483104454146491,0.011410195613279939,0.0,0.10359607761104901,0.0029865171139438953,0.011410195613279939,0.0,0.012930664233863354,0.013120333664119244,0.014478888362646103,0.013082273304462433,0.02062004618346691,0.044771190732717514,0.07210108637809753,0.20961050689220428
209.0,0.17596418824460772,0.06324464443605393,2.398413829799733,0.05115615866250462,0.03306326953073343,1.1085156268543668,0.11085156268543668,0.03072598043622242,0.17596418824460772,0.05115615866250462,0.010883869680886468,0.0,0.10156054256690873,0.0030725980436222423,0.010883869680886468,0.0,0.0129480492323637,0.01310774590820074,0.014714233577251434,0.012894514948129654,0.021025152876973152,0.04502756521105766,0.0752730742096901,0.310966819524765
210.0,0.1770124700334337,0.049155003507621586,2.445099486982878,0.053657600863112345,0.033301577592889466,1.0885472098986309,0.1088547209898631,0.03241437518348297,0.1770124700334337,0.053657600863112345,0.011258710900114642,0.0,0.1027863799697823,0.0032414375183482964,0.011258710900114642,0.0,0.012892170809209347,0.013044091872870922,0.014476625248789787,0.012989054434001446,0.02062494121491909,0.04443296790122986,0.07223112136125565,0.2025490552186966
211.0,0.17001836250225702,0.06599430204369128,2.3922097156283892,0.04883114000161489,0.03336726687848568,1.0640564031071134,0.10640564031071133,0.0324071265446643,0.17001836250225702,0.04883114000161489,0.011540873545325465,0.0,0.1041922118100855,0.003240712654466431,0.011540873545325465,0.0,0.012999172322452068,0.013179021887481213,0.014814468100667,0.012903032824397087,0.021174445748329163,0.04542429372668266,0.07563558965921402,0.331824392080307
212.0,0.17661365121603012,0.047264660242944956,2.346165223373259,0.05377580059899224,0.03289128467440605,1.0906523134973314,0.10906523134973314,0.03168380632996559,0.17661365121603012,0.05377580059899224,0.010604236430178085,0.0,0.09979273213280572,0.0031683806329965594,0.010604236430178085,0.0,0.012850292026996613,0.012997249141335487,0.014476596377789974,0.012922451831400394,0.02063126675784588,0.044186580926179886,0.07177159190177917,0.18828125298023224
213.0,0.16716195146242777,0.05245812248904258,2.408915519611017,0.049713287916448384,0.033040197359191045,1.0338119003507826,0.10338119003507826,0.03067087423470285,0.16716195146242777,0.049713287916448384,0.01100038369703624,0.0,0.10191419969002406,0.0030670874234702853,0.01100038369703624,0.0,0.012915224768221378,0.013077564537525177,0.014603961259126663,0.01293865405023098,0.020787296816706657,0.044832758605480194,0.0731697753071785,0.2273397445678711
214.0,0.16859729091326395,0.04571148531977087,2.350981165235512,0.050084014940592975,0.03365383359293143,1.035763422648112,0.10357634226481119,0.03184411457429329,0.16859729091326395,0.050084014940592975,0.011752520610267917,0.0,0.10471804150276715,0.0031844114574293295,0.011752520610267917,0.0,0.012848708778619766,0.012980686500668526,0.014434331096708775,0.012936463579535484,0.02061554044485092,0.04403962939977646,0.07143677026033401,0.17639975249767303
215.0,0.1690678315030204,0.05079461308196187,2.4166332430819293,0.05075866915285587,0.03256710908479161,1.0446298254860773,0.10446298254860772,0.03057550835526652,0.1690678315030204,0.05075866915285587,0.010788626063408123,0.0,0.1010065260860655,0.0030575508355266522,0.010788626063408123,0.0,0.012896042317152023,0.013047522865235806,0.014540055766701698,0.012956132180988789,0.020697029307484627,0.0445852056145668,0.0726446583867073,0.2149902582168579
216.0,0.16863389809926352,0.0476514344336465,2.3641180377990483,0.049686975984109774,0.03309156083398395,1.040593895647261,0.1040593895647261,0.0343871069037252,0.16863389809926352,0.049686975984109774,0.011448819940495823,0.0,0.1033368135492007,0.0034387106903725198,0.011448819940495823,0.0,0.012858162634074688,0.012968083843588829,0.01446344144642353,0.01292531006038189,0.020692747086286545,0.0440974123775959,0.07203443348407745,0.19117188453674316
217.0,0.170163384742207,0.0546540409559384,2.4027924000227716,0.05332764610648155,0.032628724765446454,1.026394373840756,0.1026394373840756,0.03217235921571652,0.170163384742207,0.05332764610648155,0.010979066473535366,0.0,0.10169601067900658,0.0032172359215716525,0.010979066473535366,0.0,0.012941192835569382,0.013112545944750309,0.014596867375075817,0.013003730215132236,0.02074967324733734,0.04482561722397804,0.073360875248909,0.24464182555675507
218.0,0.17325293769439062,0.046328034601174295,2.376896673905541,0.055731298194991216,0.03294769881500138,1.036748727162679,0.10367487271626791,0.02867953199893236,0.17325293769439062,0.055731298194991216,0.010978809945906201,0.0,0.10151828245984183,0.0028679531998932364,0.010978809945906201,0.0,0.012861807830631733,0.01298839133232832,0.014439648017287254,0.01295370515435934,0.020632850006222725,0.04409496858716011,0.07174692302942276,0.18090598285198212
219.0,0.16725563671853808,0.054214634583331645,2.3802890546742814,0.05005736731820636,0.03278979493512048,1.0295320683055453,0.10295320683055455,0.032389089982542724,0.16725563671853808,0.05005736731820636,0.011006148221592108,0.0,0.10186418683992492,0.0032389089982542726,0.011006148221592108,0.0,0.012947355397045612,0.013111255131661892,0.014634748920798302,0.012972178868949413,0.020840879529714584,0.04505189135670662,0.0734957605600357,0.24066300690174103
220.0,0.1772210184070799,0.04682483524084091,2.467198879184139,0.053783478008376226,0.03253593730429808,1.0996492703755696,0.10996492703755698,0.032326562226646476,0.1772210184070799,0.053783478008376226,0.010239951752333177,0.0,0.09836440367831124,0.003232656222664648,0.010239951752333177,0.0,0.012872958555817604,0.01298726350069046,0.014470034278929234,0.012946977280080318,0.02070615254342556,0.044223785400390625,0.07212871313095093,0.18426279723644257
221.0,0.17427854239940643,0.05248483060859144,2.441327037278658,0.05193943323360549,0.03361231957872709,1.0686832865079243,0.10686832865079245,0.03226764432878958,0.17427854239940643,0.05193943323360549,0.012244017096236348,0.0,0.10661975087391005,0.0032267644328789584,0.012244017096236348,0.0,0.012919062748551369,0.013072896748781204,0.014543522149324417,0.012997832149267197,0.02069558948278427,0.044643111526966095,0.07307107746601105,0.2279355525970459
222.0,0.18107162912686667,0.04406651319004595,2.4645688933976975,0.0514552928507328,0.0321791579739915,1.1735245982805889,0.11735245982805889,0.03047093003988266,0.18107162912686667,0.0514552928507328,0.009216781834968261,0.0,0.09352861882911788,0.0030470930039882666,0.009216781834968261,0.0,0.01288195513188839,0.012986973859369755,0.014380209147930145,0.012982352636754513,0.0206277035176754,0.044006213545799255,0.07138680666685104,0.16327989101409912
223.0,0.16902369012435278,0.05132728302851319,2.4136501558260988,0.05345136775738663,0.0326306675043371,1.0173003938462999,0.10173003938462999,0.030471508184240922,0.16902369012435278,0.05345136775738663,0.010795135076882111,0.0,0.10086242895987299,0.0030471508184240926,0.010795135076882111,0.0,0.012916945852339268,0.01306510902941227,0.014502977952361107,0.013018147088587284,0.02065655030310154,0.04458322376012802,0.07284309715032578,0.21903221309185028
224.0,0.1778324486480819,0.04781067289877683,2.4764465019820148,0.05104178169535266,0.03357616418765651,1.123184515370263,0.1123184515370263,0.030278013191289373,0.1778324486480819,0.05104178169535266,0.011444406842605935,0.0,0.10344690829515457,0.0030278013191289374,0.011444406842605935,0.0,0.012897152453660965,0.013029797933995724,0.014462586492300034,0.012998180463910103,0.02067640796303749,0.04434823617339134,0.07215150445699692,0.19192151725292206
225.0,0.17203114761246574,0.06331412924919277,2.3984193520622017,0.050235431641340256,0.03217695756918854,1.0770302679803636,0.10770302679803637,0.03359685563999745,0.17203114761246574,0.050235431641340256,0.010733003314170573,0.0,0.10055061388346884,0.0033596855639997456,0.010733003314170573,0.0,0.012960204854607582,0.013114805333316326,0.014732319861650467,0.012907614931464195,0.021071402356028557,0.0450189933180809,0.0750964879989624,0.31161120533943176
226.0,0.17972795251342985,0.0515482856426388,2.544588888562051,0.052997989373074636,0.03193584022422632,1.13696285088857,0.11369628508885704,0.030704251387053065,0.17972795251342985,0.052997989373074636,0.00996325190903412,0.0,0.09695225208997726,0.0030704251387053075,0.00996325190903412,0.0,0.012931271456182003,0.013104584999382496,0.014530193991959095,0.01304792333394289,0.020706813782453537,0.0446787029504776,0.07246623188257217,0.22092056274414062
227.0,0.16740749114089543,0.06671585282310843,2.3655296021372743,0.05261748159925143,0.03172252078851064,1.0101347234514024,0.10101347234514024,0.030570919004579384,0.16740749114089543,0.05261748159925143,0.010719444188806746,0.0,0.10036570702989896,0.0030570919004579387,0.010719444188806746,0.0,0.013000390492379665,0.01317200344055891,0.014810382388532162,0.012918197549879551,0.0212035421282053,0.04532982409000397,0.07564707100391388,0.33764541149139404
228.0,0.1703716499937905,0.042521502706222236,2.4585904544402544,0.05200027550260226,0.031849566019243665,1.0468520257208083,0.10468520257208082,0.035796369736393295,0.1703716499937905,0.05200027550260226,0.010106534722985493,0.0,0.09749623553620444,0.00357963697363933,0.010106534722985493,0.0,0.012840596958994865,0.0129560437053442,0.014408268965780735,0.012929050251841545,0.020621173083782196,0.043817754834890366,0.07092553377151489,0.1516736000776291
229.0,0.17345539646016228,0.05192770506255329,2.444632980501975,0.05747811786002583,0.03203350636694166,1.0203248129950628,0.1020324812995063,0.029446032519141834,0.17345539646016228,0.05747811786002583,0.011000187524283925,0.0,0.10156652662489149,0.002944603251914183,0.011000187524283925,0.0,0.012909742072224617,0.013088451698422432,0.014519553631544113,0.013026895001530647,0.020675625652074814,0.044596701860427856,0.07229744642972946,0.22430722415447235
230.0,0.17083424826463064,0.04648035438731313,2.4641519791420547,0.05208831652998924,0.03172055445611477,1.0612374676598444,0.10612374676598443,0.029371907727585897,0.17083424826463064,0.05208831652998924,0.009684993549146585,0.0,0.09568902063700888,0.0029371907727585903,0.009684993549146585,0.0,0.012866025790572166,0.01298261247575283,0.01448049396276474,0.012937957420945168,0.020708778873085976,0.0440741665661335,0.07174336165189743,0.1820494383573532
231.0,0.16643722934855354,0.062099618720822036,2.37848874396622,0.05216763003004922,0.03167892951104376,1.001294367843204,0.10012943678432043,0.03529965246303214,0.16643722934855354,0.05216763003004922,0.010610195264841119,0.0,0.09987869072291586,0.003529965246303214,0.010610195264841119,0.0,0.012977641075849533,0.01313040405511856,0.014776686206459999,0.012924152426421642,0.021157504990696907,0.04532293602824211,0.0745910257101059,0.30191659927368164
232.0,0.17131166242890888,0.04600760864559561,2.480709571501154,0.053132964919010796,0.03202774251500765,1.050806509123908,0.10508065091239083,0.031545006980498634,0.17131166242890888,0.053132964919010796,0.00994353992347088,0.0,0.0967827517953184,0.0031545006980498638,0.00994353992347088,0.0,0.012900196015834808,0.013014017604291439,0.014450430870056152,0.012997645884752274,0.020736737176775932,0.044155847281217575,0.0717700645327568,0.1780359297990799
233.0,0.16579192959600025,0.06635451258625835,2.150995914959338,0.05144443176686764,0.0320558175444603,0.9991746743520101,0.09991746743520102,0.03644726052880287,0.16579192959600025,0.05144443176686764,0.01078530129355689,0.0,0.10063261828488773,0.0036447260528802874,0.01078530129355689,0.0,0.013025149703025818,0.013170651160180569,0.014834213070571423,0.012961498461663723,0.02127496339380741,0.0454849898815155,0.07578793168067932,0.33429670333862305
234.0,0.1687661103076405,0.046544906799681485,2.475841185496976,0.05108721492191156,0.0318875333501233,1.044294794400533,0.1044294794400533,0.03419874939653608,0.1687661103076405,0.05108721492191156,0.009829536339061128,0.0,0.09643663176231915,0.0034198749396536087,0.009829536339061128,0.0,0.012902283109724522,0.013027395121753216,0.014453426003456116,0.013009545393288136,0.020743824541568756,0.04423310607671738,0.07168620079755783,0.18230347335338593
235.0,0.16781254609425864,0.05104531906545162,2.387656833040505,0.05223324584464232,0.031788641379939184,1.0151661766899958,0.10151661766899957,0.032177530358442,0.16781254609425864,0.05223324584464232,0.010844927565712068,0.0,0.10096912624107467,0.0032177530358442007,0.010844927565712068,0.0,0.012870574370026588,0.013007426634430885,0.01455749198794365,0.012909341603517532,0.020793743431568146,0.04430552199482918,0.07231596112251282,0.21760249137878418
236.0,0.1687645059492853,0.06798263289965689,2.472297023200283,0.04976067836913797,0.031461099783579506,1.0657419098748102,0.10657419098748101,0.032158828961352505,0.1687645059492853,0.04976067836913797,0.009213753355046114,0.0,0.09343775113423665,0.003215882896135251,0.009213753355046114,0.0,0.01309444010257721,0.013296564109623432,0.01497978437691927,0.012986274436116219,0.0214198250323534,0.045871552079916,0.07566743344068527,0.34654518961906433
237.0,0.17021241866879994,0.04791187809314579,2.4154284173057214,0.06002659164369106,0.031835547337929405,0.9682387444708083,0.09682387444708082,0.030491632512874074,0.17021241866879994,0.06002659164369106,0.010312781772679754,0.0,0.09831673693325785,0.0030491632512874077,0.010312781772679754,0.0,0.01285947673022747,0.012997698970139027,0.014482047408819199,0.012939020991325378,0.020679529756307602,0.04407268017530441,0.07166217267513275,0.19360239803791046
238.0,0.16374833385149637,0.06920870183967054,2.3706675860309363,0.049034695244497724,0.03169925200442473,1.011098391479916,0.10110983914799161,0.03593845675802893,0.16374833385149637,0.049034695244497724,0.010009954942183362,0.0,0.09689143465624915,0.0035938456758028933,0.010009954942183362,0.0,0.013080745935440063,0.013263406231999397,0.014943934045732021,0.012972638942301273,0.021410003304481506,0.04568758234381676,0.07619822770357132,0.356113076210022
239.0,0.1700486499402258,0.04488482733722776,2.5092312735832163,0.0557822369866901,0.03159714303910732,1.0021469063229032,0.10021469063229033,0.03421111415243811,0.1700486499402258,0.0557822369866901,0.010630605095583532,0.0,0.09974948151244058,0.0034211114152438112,0.010630605095583532,0.0,0.012851295061409473,0.012968478724360466,0.01440411526709795,0.012950624339282513,0.020630303770303726,0.04377061501145363,0.07117103785276413,0.1703321486711502
240.0,0.17508505450354683,0.053034216281957924,2.5250736200512724,0.0550792972660727,0.031091855838894844,1.0800744493802388,0.10800744493802389,0.030592865258869197,0.17508505450354683,0.0550792972660727,0.008939025225117803,0.0,0.09199953865673807,0.00305928652588692,0.008939025225117803,0.0,0.012961450964212418,0.01312826108187437,0.014561505988240242,0.013089397922158241,0.020733891054987907,0.04470760375261307,0.07288360595703125,0.2322080135345459
241.0,0.1601289850142267,0.043763953377492726,2.3891060694827306,0.05179246018330256,0.0316004552361038,0.9503039518992106,0.09503039518992107,0.031204067998462252,0.1601289850142267,0.05179246018330256,0.010185719519439671,0.0,0.0980182360443804,0.0031204067998462253,0.010185719519439671,0.0,0.012867114506661892,0.012968037277460098,0.01434435322880745,0.012983826920390129,0.02062864601612091,0.04365376755595207,0.07106631994247437,0.1615995615720749
242.0,0.16565757741530737,0.05114873452112079,2.4464325970870964,0.0551100191142824,0.03197890126870738,0.9672466218471527,0.09672466218471527,0.03327416227613059,0.16565757741530737,0.0551100191142824,0.010495480900216434,0.0,0.0992642951508363,0.0033274162276130583,0.010495480900216434,0.0,0.01291810255497694,0.013062584213912487,0.014519575983285904,0.013017121702432632,0.02073989249765873,0.04435153678059578,0.07280147075653076,0.21777959167957306
243.0,0.16577662693129647,0.046872734441421926,2.4361821510760664,0.05013441273735629,0.031362141172091164,1.019421829117669,0.1019421829117669,0.03315729906575547,0.16577662693129647,0.05013441273735629,0.01038430149977406,0.0,0.09878719308310085,0.003315729906575548,0.01038430149977406,0.0,0.012865499593317509,0.012988005764782429,0.014398500323295593,0.0129805663600564,0.02064960077404976,0.043844252824783325,0.07171005010604858,0.1855453997850418
244.0,0.1691353221734365,0.05569122370798141,2.4390929080183894,0.0492882521616088,0.031197176211410098,1.0751608676380582,0.10751608676380582,0.03341417609610491,0.1691353221734365,0.0492882521616088,0.008989558917366795,0.0,0.09230840123362011,0.0033414176096104916,0.008989558917366795,0.0,0.012977685779333115,0.013150347396731377,0.014716091565787792,0.012963064014911652,0.02102905511856079,0.04513950273394585,0.07378005981445312,0.25177398324012756
245.0,0.1640277314517233,0.048089235089719296,2.4104530849538905,0.05803052832682928,0.03138274326920509,0.9298311405711703,0.09298311405711705,0.02922006996555461,0.1640277314517233,0.05803052832682928,0.010092081993611323,0.0,0.09754850342869759,0.002922006996555461,0.010092081993611323,0.0,0.01288454607129097,0.013040556572377682,0.014413460157811642,0.013043271377682686,0.02063285931944847,0.04403160512447357,0.0717148557305336,0.19495272636413574
246.0,0.15695497310823864,0.05609495239332318,2.3180648656856295,0.050169702205393046,0.03149870162208875,0.9312148127290938,0.09312148127290937,0.035993124099655285,0.15695497310823864,0.050169702205393046,0.010064472547835775,0.0,0.09731417107913229,0.003599312409965529,0.010064472547835775,0.0,0.012898256070911884,0.013023617677390575,0.014618593268096447,0.012901087291538715,0.020903345197439194,0.04461125284433365,0.0727790892124176,0.2570243775844574
247.0,0.16555696974198023,0.04804385791067034,2.483517586951047,0.052753261807892055,0.03082199042869939,0.9952588081359863,0.09952588081359864,0.0344542157318857,0.16555696974198023,0.052753261807892055,0.009832403234516581,0.0,0.09618211496207449,0.00344542157318857,0.009832403234516581,0.0,0.012872015126049519,0.013041052967309952,0.014408846385776997,0.013035879470407963,0.020623119547963142,0.043974149972200394,0.07151369005441666,0.1948821097612381
248.0,0.16471949054135215,0.059875776525586843,2.3654739395702924,0.04875636535386244,0.03128248784277174,1.0302717586358388,0.1030271758635839,0.03497469507985645,0.16471949054135215,0.04875636535386244,0.009438474455641376,0.0,0.09427977974216144,0.003497469507985645,0.009438474455641376,0.0,0.012937369756400585,0.013069109059870243,0.014700246043503284,0.012908467091619968,0.021026315167546272,0.04492325335741043,0.07354655116796494,0.28589490056037903
249.0,0.15979057136509153,0.04786088829860091,2.4537478533523074,0.05290100992553764,0.030678616008824773,0.9371511605050828,0.09371511605050828,0.03612966431925694,0.15979057136509153,0.05290100992553764,0.009561475379289024,0.0,0.09478690102696419,0.003612966431925694,0.009561475379289024,0.0,0.012872620485723019,0.01302339881658554,0.014412172138690948,0.013023425824940205,0.020648203790187836,0.043856315314769745,0.07164780050516129,0.19340316951274872
250.0,0.15576897230413225,0.05009046266786754,2.3677070893616037,0.048991385433408946,0.03135339460439152,0.933905240562227,0.09339052405622271,0.03389048886795839,0.15576897230413225,0.048991385433408946,0.009998011014734706,0.0,0.09668744852145512,0.0033890488867958386,0.009998011014734706,0.0,0.012876271270215511,0.012998390942811966,0.014536162838339806,0.012924657203257084,0.020797137171030045,0.04423815757036209,0.0720667839050293,0.21028614044189453
251.0,0.16045674350526598,0.04705822572577745,2.462756192006636,0.050253408029675484,0.03032322848836581,0.9761890172958374,0.09761890172958375,0.033650688309636384,0.16045674350526598,0.050253408029675484,0.00921935996868544,0.0,0.09304249452220069,0.003365068830963638,0.00921935996868544,0.0,0.012920412234961987,0.01308619137853384,0.014399544335901737,0.01311388798058033,0.020631253719329834,0.04420483484864235,0.07143966108560562,0.18667002022266388
252.0,0.1617007785373264,0.050402212305925786,2.396430390674585,0.05094757862389088,0.031077013454503484,0.9808164305157132,0.09808164305157131,0.03282408659449882,0.1617007785373264,0.05094757862389088,0.009389142997355925,0.0,0.09390140945712726,0.003282408659449882,0.009389142997355925,0.0,0.0128990663215518,0.01305042952299118,0.01458184514194727,0.012939820997416973,0.02084317058324814,0.044353779405355453,0.07244614511728287,0.2121034413576126
253.0,0.15509561200936636,0.04086672712583095,2.412026454785735,0.04948844160470697,0.030538226374321513,0.9270321395662096,0.09270321395662096,0.03374553989205095,0.15509561200936636,0.04948844160470697,0.009529403501397206,0.0,0.09452096041705874,0.003374553989205096,0.009529403501397206,0.0,0.012855890206992626,0.012980605475604534,0.01428310014307499,0.013016707263886929,0.02058628760278225,0.043516386300325394,0.07007401436567307,0.1396208256483078
254.0,0.16502431283394495,0.04845825210213661,2.448072421873638,0.05874857699705495,0.030933356740408473,0.9328108959727817,0.09328108959727816,0.035297681499893464,0.16502431283394495,0.05874857699705495,0.009464875562116504,0.0,0.09419720205995771,0.003529768149989347,0.009464875562116504,0.0,0.012885942123830318,0.013020411133766174,0.01446699071675539,0.012996155768632889,0.020727835595607758,0.043814316391944885,0.07202008366584778,0.1977342814207077
255.0,0.1544339151846038,0.06564451474696398,2.349026678812672,0.047758608849512205,0.030684807648261387,0.9324461817741394,0.09324461817741396,0.03638444499423107,0.1544339151846038,0.047758608849512205,0.009792241966351867,0.0,0.09572011729081471,0.0036384444994231064,0.009792241966351867,0.0,0.013024065643548965,0.01318440679460764,0.014869950711727142,0.012944252230226994,0.021309608593583107,0.04530811309814453,0.07492468506097794,0.3295910358428955
256.0,0.16577517158455318,0.04729264648631215,2.509920731109828,0.05489507669376002,0.030890845383207004,0.9833641846974691,0.0983364184697469,0.036969218817022115,0.16577517158455318,0.05489507669376002,0.008846750974448191,0.0,0.09142834900154008,0.003696921881702212,0.008846750974448191,0.0,0.01289103552699089,0.013028059154748917,0.014428195543587208,0.013028844259679317,0.020703203976154327,0.043733276426792145,0.07150537520647049,0.1890231817960739
257.0,0.15829322818252775,0.05545975861605257,2.4133808545523827,0.049969987529847354,0.031251834291550845,0.9469272891680399,0.094692728916804,0.03305568954803877,0.15829322818252775,0.049969987529847354,0.010324941508265005,0.0,0.09823680876029862,0.0033055689548038775,0.010324941508265005,0.0,0.0129169300198555,0.013093853369355202,0.01461887825280428,0.0129618551582098,0.02085140161216259,0.044473372399806976,0.07315126061439514,0.25161051750183105
258.0,0.16359355052312216,0.046547504141926765,2.5528690360681634,0.05468664545979765,0.030477043862144153,0.9736373027165731,0.0973637302716573,0.03258305063678159,0.16359355052312216,0.05468664545979765,0.008284869241631694,0.0,0.08871598293383916,0.003258305063678159,0.008284869241631694,0.0,0.012858130969107151,0.012995700351893902,0.014436306431889534,0.012964330613613129,0.020668530836701393,0.04368894547224045,0.07118704915046692,0.18358103930950165
259.0,0.1568982924024264,0.053869306459091604,2.3920013700169864,0.05116614906324281,0.031370596339305244,0.92147915230857,0.09214791523085701,0.03313007428207331,0.1568982924024264,0.05116614906324281,0.010271217363576094,0.0,0.09777409003840552,0.0033130074282073313,0.010271217363576094,0.0,0.012888532131910324,0.013059237971901894,0.014567313715815544,0.01295256707817316,0.020771926268935204,0.04421105980873108,0.07275359332561493,0.2397502213716507
260.0,0.15736710611316893,0.04519023571629077,2.4806725875547557,0.052043297638495765,0.030318037503295474,0.9359360535939535,0.09359360535939534,0.035056652708186045,0.15736710611316893,0.052043297638495765,0.008224535384215415,0.0,0.0881818135579427,0.0035056652708186048,0.008224535384215415,0.0,0.012854976579546928,0.012970993295311928,0.014455978758633137,0.012940550222992897,0.020695434883236885,0.04384808987379074,0.07112297415733337,0.17263288795948029
261.0,0.15652039564318126,0.05240398831665516,2.3688539433878777,0.053085321767462626,0.031105844924847286,0.8971245619985793,0.08971245619985793,0.036407328935133085,0.15652039564318126,0.053085321767462626,0.010081883726848496,0.0,0.09682706453733975,0.0036407328935133087,0.010081883726848496,0.0,0.012883178889751434,0.013041887432336807,0.014546635560691357,0.012948325835168362,0.020772485062479973,0.044161323457956314,0.0725652202963829,0.22831284999847412
262.0,0.15652606222364637,0.05132860399316996,2.539224337260202,0.052531248786383204,0.030603823769423697,0.9238454103469849,0.09238454103469848,0.02930367023994525,0.15652606222364637,0.052531248786383204,0.008679900111423599,0.0,0.090523488405678,0.0029303670239945257,0.008679900111423599,0.0,0.013014833442866802,0.013213926926255226,0.01443321444094181,0.013247692957520485,0.02072959952056408,0.04471030831336975,0.07134109735488892,0.21993815898895264
263.0,0.15914762351248,0.05214893410447985,2.4308698459135307,0.05404544952842924,0.030594424655040104,0.9201105170779758,0.0920110517077976,0.033148212617056236,0.15914762351248,0.05404544952842924,0.009776301061113676,0.0,0.09559309606750806,0.003314821261705624,0.009776301061113676,0.0,0.012890848331153393,0.013041316531598568,0.01454624067991972,0.012961994856595993,0.020804356783628464,0.04422794282436371,0.07268527895212173,0.22603349387645721
264.0,0.15816203422016567,0.048010814120061696,2.4881390124146168,0.050463334346810974,0.030498874891135428,0.9561819500393338,0.09561819500393338,0.03445546546330055,0.15816203422016567,0.050463334346810974,0.008634960770400034,0.0,0.09028715598914358,0.0034455465463300553,0.008634960770400034,0.0,0.012875935062766075,0.013014241121709347,0.014462064020335674,0.012981538660824299,0.020715903490781784,0.0437987744808197,0.07163289934396744,0.19460515677928925
265.0,0.15302006155252457,0.05001918086782098,2.3740051766907655,0.0486576815860139,0.03051601991885238,0.9146159026357863,0.09146159026357864,0.03236065442777342,0.15302006155252457,0.0486576815860139,0.00966472621075809,0.0,0.09512850766380627,0.0032360654427773423,0.00966472621075809,0.0,0.01285103615373373,0.013009621761739254,0.014491206966340542,0.012941800989210606,0.020711446180939674,0.043740447610616684,0.0716434046626091,0.21076448261737823
266.0,0.15005968925025728,0.04153639543801546,2.5006761463340705,0.047053171114789114,0.029949971578187413,0.9146737853686014,0.09146737853686016,0.03289914772742324,0.15005968925025728,0.047053171114789114,0.008249221835285425,0.0,0.08834912420974837,0.0032899147727423247,0.008249221835285425,0.0,0.012891038320958614,0.013045215979218483,0.014323660172522068,0.01307377964258194,0.020653484389185905,0.0437065064907074,0.0696987509727478,0.14489872753620148
267.0,0.16077961110406452,0.04940547386649996,2.4239533406771203,0.05837197705275483,0.030235699688394863,0.8938103980488248,0.08938103980488248,0.0360623552567429,0.16077961110406452,0.05837197705275483,0.009420353893397583,0.0,0.093762775676118,0.0036062355256742903,0.009420353893397583,0.0,0.01286095567047596,0.013002492487430573,0.014489240013062954,0.012961914762854576,0.020765060558915138,0.04375802353024483,0.07170765846967697,0.20569844543933868
268.0,0.1474713236093521,0.04663247591815889,2.4476992959147923,0.04560354703830348,0.030216054990887642,0.8968360490269132,0.08968360490269131,0.03690752169738213,0.1474713236093521,0.04560354703830348,0.008493418520730402,0.0,0.08937489986419678,0.0036907521697382133,0.008493418520730402,0.0,0.012871942482888699,0.012991894036531448,0.014483364298939705,0.012971748597919941,0.02078261226415634,0.043796177953481674,0.07118255645036697,0.18397951126098633
269.0,0.15229932301574284,0.05242723226547241,2.4066829548807025,0.05074003111157152,0.030327331895629566,0.8847314384248521,0.08847314384248522,0.03533452495725618,0.15229932301574284,0.05074003111157152,0.009552695943663517,0.0,0.09440444947944747,0.003533452495725619,0.009552695943663517,0.0,0.01289740577340126,0.013050710782408714,0.014589831233024597,0.012957856059074402,0.02091437391936779,0.04425215721130371,0.07252568751573563,0.2282298356294632
270.0,0.15149838974078497,0.041904727229848504,2.4323940073336843,0.04753319815629058,0.0301593289607101,0.9178335070610046,0.09178335070610048,0.037340096922384367,0.15149838974078497,0.04753319815629058,0.00844783240204884,0.0,0.08916839998629358,0.0037340096922384367,0.00844783240204884,0.0,0.01287656556814909,0.012951971031725407,0.0143783213570714,0.01298536453396082,0.02072589099407196,0.04354621469974518,0.0703534409403801,0.14742004871368408
271.0,0.15927302754587597,0.04848736710846424,2.4517763728874344,0.058244389999243945,0.030093459619416132,0.8789472844865587,0.08789472844865587,0.03816971622614397,0.15927302754587597,0.058244389999243945,0.009316938592948847,0.0,0.09323320248060757,0.003816971622614397,0.009316938592948847,0.0,0.012874754145741463,0.013006594032049179,0.014442713931202888,0.013005612418055534,0.020740097388625145,0.04372309520840645,0.07164715975522995,0.19845890998840332
272.0,0.15058720525768068,0.06609323818702251,2.388850226135647,0.04827793770366245,0.03025560329357783,0.900252640247345,0.09002526402473449,0.036370891249842115,0.15058720525768068,0.04827793770366245,0.008646910415134497,0.0,0.09017652687099245,0.003637089124984212,0.008646910415134497,0.0,0.013069678097963333,0.01325105968862772,0.01494617760181427,0.012973582372069359,0.021433381363749504,0.04545799642801285,0.07466328889131546,0.33295074105262756
273.0,0.15753059917026097,0.04729091050103307,2.4634535822664194,0.057208694310651884,0.030013642584284145,0.8765223026275635,0.08765223026275634,0.035261795959538884,0.15753059917026097,0.057208694310651884,0.00914349255617708,0.0,0.09249550186925465,0.0035261795959538886,0.00914349255617708,0.0,0.012840059585869312,0.012983923777937889,0.014431820251047611,0.012953095138072968,0.020673643797636032,0.04363357648253441,0.07091465592384338,0.18989650905132294
274.0,0.15441510909133488,0.05496393283829093,2.54372898669577,0.05282799878882037,0.029426317248079512,0.9041799306869507,0.09041799306869507,0.03182665170687768,0.15441510909133488,0.05282799878882037,0.007986452301136322,0.0,0.08680189773440361,0.0031826651706877685,0.007986452301136322,0.0,0.012934209778904915,0.013123066164553165,0.014592004008591175,0.01305282674729824,0.02080921269953251,0.04438769444823265,0.07257154583930969,0.2482409030199051
275.0,0.1530049882001347,0.04593242169357836,2.3750313843384254,0.052862528090675674,0.03017938302622901,0.8752153780725267,0.08752153780725268,0.032693096436560154,0.1530049882001347,0.052862528090675674,0.009351611396090852,0.0,0.09325932380225924,0.0032693096436560154,0.009351611396090852,0.0,0.012832011096179485,0.012960835359990597,0.0143948495388031,0.0129526536911726,0.02065095491707325,0.043515175580978394,0.07074911147356033,0.17940378189086914
276.0,0.15401743269628948,0.053501202375628054,2.4948580399881606,0.05256049086650213,0.02954981310500039,0.8991858826743232,0.08991858826743232,0.03716821140713162,0.15401743269628948,0.05256049086650213,0.007821532082743943,0.0,0.08588702811135186,0.0037168211407131624,0.007821532082743943,0.0,0.01291834656149149,0.013079396449029446,0.014599340036511421,0.012976265512406826,0.020877406001091003,0.04420432820916176,0.07268904894590378,0.2366654872894287
277.0,0.14729098892874187,0.04424401116557419,2.378024156631621,0.04944230202171537,0.030337629839777946,0.8485660884115431,0.08485660884115431,0.036139735538098544,0.14729098892874187,0.04944230202171537,0.009378104884591367,0.0,0.0933634667760796,0.0036139735538098555,0.009378104884591367,0.0,0.012837386690080166,0.012952307239174843,0.014342783950269222,0.012972088530659676,0.020630136132240295,0.04339352995157242,0.07047933340072632,0.1663445234298706
278.0,0.15592049724525875,0.05136118677910417,2.514599827656977,0.05615777812070317,0.029405744539366827,0.8837172587712606,0.08837172587712605,0.03557112093807922,0.15592049724525875,0.05615777812070317,0.007833882907612456,0.0,0.08596896214617623,0.0035571120938079227,0.007833882907612456,0.0,0.012901688925921917,0.013060180470347404,0.014499044045805931,0.01303200051188469,0.020743045955896378,0.04385526850819588,0.07210972905158997,0.22068853676319122
279.0,0.14547100911537805,0.04753572342451662,2.371647109354433,0.04788854449159569,0.030246022674772475,0.8472069369422065,0.08472069369422064,0.03436133451759815,0.14547100911537805,0.04788854449159569,0.009425635501328442,0.0,0.09351619415813023,0.003436133451759816,0.009425635501328442,0.0,0.012860281392931938,0.013007618486881256,0.014389662072062492,0.013027898035943508,0.02065228670835495,0.04353538155555725,0.0710606575012207,0.19175200164318085
280.0,0.14756239619519976,0.0534214386716485,2.503417625092423,0.04887915630307463,0.029435408612092335,0.8751231895552741,0.08751231895552741,0.033050605872025095,0.14756239619519976,0.04887915630307463,0.007865859777666628,0.0,0.08613138894240062,0.003305060587202509,0.007865859777666628,0.0,0.012908129021525383,0.013067212887108326,0.014560460112988949,0.012998471036553383,0.02082715928554535,0.04398876056075096,0.07276300340890884,0.23625831305980682
281.0,0.14910551408926645,0.04729545989539474,2.4026058412439983,0.05074499361217022,0.03018834234939681,0.8531451688872443,0.08531451688872443,0.03747638201134072,0.14910551408926645,0.05074499361217022,0.009298367399929298,0.0,0.09289804680479898,0.003747638201134073,0.009298367399929298,0.0,0.012833666056394577,0.012956671416759491,0.01442255824804306,0.012944084592163563,0.02068856544792652,0.04355575889348984,0.0713706836104393,0.1895916908979416
282.0,0.1486146416929033,0.05683649505954236,2.4814224136764977,0.04962752117878861,0.0293582317729791,0.8771277599864535,0.08771277599864537,0.03456695543395148,0.1486146416929033,0.04962752117878861,0.007817646385067038,0.0,0.08579616993665695,0.003456695543395149,0.007817646385067038,0.0,0.012937779538333416,0.01311634760349989,0.01464152056723833,0.01301133818924427,0.020913349464535713,0.04435101896524429,0.07348129898309708,0.2622393071651459
283.0,0.15370062821441227,0.048427996691316366,2.41632654038552,0.05652108767794238,0.030082730990317132,0.8452370365460714,0.08452370365460714,0.03466466400358412,0.15370062821441227,0.05652108767794238,0.009189365767977305,0.0,0.09226726699206564,0.0034664664003584123,0.009189365767977305,0.0,0.012836595997214317,0.01296798512339592,0.014439113438129425,0.012948498129844666,0.02070664055645466,0.04356888681650162,0.07160849124193192,0.1983477622270584
284.0,0.14708841260936525,0.055170719511806965,2.484678470965981,0.04858456407156256,0.029229371084107295,0.8731268180741204,0.08731268180741206,0.034889791109081775,0.14708841260936525,0.04858456407156256,0.007702191916501356,0.0,0.08509074027339618,0.0034889791109081777,0.007702191916501356,0.0,0.012922622263431549,0.013093716464936733,0.014581752009689808,0.013034198433160782,0.020829487591981888,0.04413716867566109,0.07307465374469757,0.2496921569108963
285.0,0.14898604237371021,0.04605966084636748,2.41909538253907,0.05293063881496588,0.029978438177042536,0.8365104330910577,0.08365104330910578,0.03250488773402241,0.14898604237371021,0.05293063881496588,0.00915386985676984,0.0,0.09198162001040247,0.0032504887734022404,0.00915386985676984,0.0,0.012865719385445118,0.013000987470149994,0.014351952821016312,0.013043769635260105,0.02063995599746704,0.043432168662548065,0.07092899829149246,0.18021373450756073
286.0,0.148934216135078,0.052791952271945775,2.477190258037421,0.05153890078266462,0.029117185208532546,0.8620152407222323,0.08620152407222324,0.03577490347541041,0.148934216135078,0.05153890078266462,0.007616295207602282,0.0,0.08456919714808464,0.003577490347541041,0.007616295207602282,0.0,0.012902737595140934,0.013057813048362732,0.01452623400837183,0.013027475215494633,0.020785892382264137,0.0438363142311573,0.07267468422651291,0.23152446746826172
287.0,0.1435497941242324,0.04393031564541161,2.387193232619267,0.048752804597218834,0.02971669514146116,0.8236020008722941,0.08236020008722941,0.03509453290866481,0.1435497941242324,0.048752804597218834,0.008927336195483804,0.0,0.09091304615139961,0.0035094532908664816,0.008927336195483804,0.0,0.012878280133008957,0.013010328635573387,0.014314661733806133,0.013072649948298931,0.020617486909031868,0.0435212180018425,0.07052632421255112,0.16350157558918
288.0,0.15251224239667258,0.05059977772179991,2.5045833737387224,0.05599287442035145,0.029087823091281786,0.8536680208312141,0.0853668020831214,0.0346138711190886,0.15251224239667258,0.05599287442035145,0.007691176103738447,0.0,0.08492092043161392,0.0034613871119088596,0.007691176103738447,0.0,0.01293027214705944,0.013093396089971066,0.01446462795138359,0.013120334595441818,0.02071487158536911,0.04389859735965729,0.0720556229352951,0.21452049911022186
289.0,0.14195926156308916,0.04726156732067466,2.4368822107724863,0.04698110268347793,0.029372712390290365,0.8300102684232924,0.08300102684232924,0.033732344292932086,0.14195926156308916,0.04698110268347793,0.008603894707953764,0.0,0.08947337542970975,0.0033732344292932087,0.008603894707953764,0.0,0.012875962071120739,0.01302108634263277,0.014364908449351788,0.013071428053081036,0.020646551623940468,0.0434800423681736,0.071218341588974,0.18941421806812286
290.0,0.14755791425704956,0.057379900361411273,2.48842641505419,0.04837766041358312,0.029636783939268854,0.8771233624882169,0.08771233624882169,0.033489637128594846,0.14755791425704956,0.04837766041358312,0.008118952702110013,0.0,0.0869495566520426,0.003348963712859485,0.008118952702110013,0.0,0.012943512760102749,0.013125339522957802,0.014626367017626762,0.013056667521595955,0.020875493064522743,0.04435889795422554,0.07365380972623825,0.2663991153240204
291.0,0.1537365367015203,0.04948192462325096,2.4660247594296774,0.05771981510851118,0.029314682508508366,0.8443913658459982,0.08443913658459982,0.03163066040724516,0.1537365367015203,0.05771981510851118,0.008414518980619809,0.0,0.0885006044473913,0.0031630660407245157,0.008414518980619809,0.0,0.012886608019471169,0.013048293069005013,0.014409837312996387,0.013088828884065151,0.020676687359809875,0.0435958057641983,0.07168976962566376,0.20645956695079803
292.0,0.14904207984606424,0.048212887602858245,2.488849015111821,0.04929380387895637,0.029650366140736475,0.8829721907774607,0.08829721907774607,0.03307423104221622,0.14904207984606424,0.04929380387895637,0.00814363184488482,0.0,0.08700800852643119,0.0033074231042216225,0.00814363184488482,0.0,0.012889258563518524,0.013056932017207146,0.014410863630473614,0.013082524761557579,0.0206739641726017,0.043603066354990005,0.07124510407447815,0.19674138724803925
293.0,0.1443164919813474,0.056990473764017224,2.4329646736066435,0.04772017978959613,0.029041840901805296,0.8477514386177063,0.08477514386177062,0.035905337582031883,0.1443164919813474,0.04772017978959613,0.008230631731243597,0.0,0.08746404118008083,0.0035905337582031885,0.008230631731243597,0.0,0.012946427799761295,0.013129331171512604,0.014716526493430138,0.012924606911838055,0.021127138286828995,0.044587958604097366,0.07354129105806351,0.26295050978660583
294.0,0.15624790059195626,0.04863751458469778,2.5252381362566236,0.05724990264409118,0.02964249522321754,0.8742058608267043,0.08742058608267043,0.03557300060573551,0.15624790059195626,0.05724990264409118,0.008020110480073426,0.0,0.08645685762166977,0.0035573000605735507,0.008020110480073426,0.0,0.01291039027273655,0.013067184016108513,0.014422763139009476,0.013099870644509792,0.020698728039860725,0.04371196776628494,0.07141177356243134,0.19977743923664093
295.0,0.1466591027047899,0.05383381911087781,2.4090408281948568,0.048875381549199425,0.029183772082130115,0.8557856546507941,0.08557856546507941,0.03623384056198928,0.1466591027047899,0.048875381549199425,0.008581769562119411,0.0,0.08905533659789297,0.0036233840561989287,0.008581769562119411,0.0,0.012881474569439888,0.01304537057876587,0.014540772885084152,0.012968438677489758,0.020794816315174103,0.04380223900079727,0.07269107550382614,0.2399463653564453
296.0,0.1497072387072775,0.05070920998696238,2.566897479414787,0.052232748104466334,0.028878083245621786,0.8695926070213318,0.08695926070213318,0.032472818779448666,0.1497072387072775,0.052232748104466334,0.0072679449933477575,0.0,0.08274361449811193,0.003247281877944867,0.0072679449933477575,0.0,0.012999593280255795,0.013200914487242699,0.014414546079933643,0.013256453908979893,0.020722607150673866,0.04436050355434418,0.07122402638196945,0.2154950350522995
297.0,0.1479293190770679,0.05251860909629613,2.4048522655875098,0.052476372155878276,0.029255300760269165,0.8313968976338705,0.08313968976338704,0.03682134243556195,0.1479293190770679,0.052476372155878276,0.008631119802076783,0.0,0.08920398892627822,0.003682134243556195,0.008631119802076783,0.0,0.012868584133684635,0.013021746650338173,0.014521596021950245,0.01295014563947916,0.02080734819173813,0.04383648931980133,0.07245257496833801,0.22969038784503937
298.0,0.1448125715057055,0.050657909363508224,2.4741184789331356,0.05292825255956915,0.028397299349308014,0.8158597283893161,0.0815859728389316,0.03259453767289718,0.1448125715057055,0.05292825255956915,0.007038892984079818,0.0,0.0812609452340338,0.0032594537672897186,0.007038892984079818,0.0,0.012999585829675198,0.01321019884198904,0.014470047317445278,0.013260160572826862,0.02074418030679226,0.044353581964969635,0.07190585881471634,0.21431966125965118
299.0,0.13738610429896247,0.05144073814153671,2.324970142540363,0.04962084856298235,0.02933551495273908,0.7589653035004934,0.07589653035004934,0.0340858135993282,0.13738610429896247,0.04962084856298235,0.008460142132308748,0.0,0.08866794821288851,0.00340858135993282,0.008460142132308748,0.0,0.01284122560173273,0.013003581203520298,0.014494768343865871,0.01293447706848383,0.020739814266562462,0.04356532543897629,0.07172855734825134,0.22221815586090088
300.0,0.13599889311525556,0.049834921141155064,2.4441898718321315,0.04958766098651621,0.028497146649493113,0.7568012542194791,0.07568012542194791,0.03349791984591219,0.13599889311525556,0.04958766098651621,0.007381313493371838,0.0,0.08316903768314256,0.0033497919845912197,0.007381313493371838,0.0,0.012947646901011467,0.01317524816840887,0.014396967366337776,0.013224462047219276,0.020688116550445557,0.04404386132955551,0.07116628438234329,0.20903678238391876
301.0,0.14044908516936833,0.05088625312782824,2.4571137500404348,0.05170625593099329,0.02896358652247323,0.7700362801551819,0.0770036280155182,0.03701736291663514,0.14044908516936833,0.05170625593099329,0.008037460631587438,0.0,0.08670748107963139,0.0037017362916635147,0.008037460631587438,0.0,0.012856491841375828,0.013011550530791283,0.014558641240000725,0.012895145453512669,0.020869243890047073,0.04394892603158951,0.07161997258663177,0.21733005344867706
302.0,0.14334271103143692,0.04969341913238168,2.4995439980678538,0.051500862878229886,0.028602045443322923,0.803815119796329,0.0803815119796329,0.03725391926450862,0.14334271103143692,0.051500862878229886,0.007734945897633831,0.0,0.0848616220884853,0.003725391926450862,0.007734945897633831,0.0,0.012883221730589867,0.013045852072536945,0.014425408095121384,0.01307773683220148,0.020695772022008896,0.04357773810625076,0.07139516621828079,0.2084464579820633
303.0,0.1347354600826899,0.04995507060084492,2.3916724713666375,0.046867224698265396,0.029183414661222033,0.7595320840676626,0.07595320840676625,0.0379371410753164,0.1347354600826899,0.046867224698265396,0.008121310552168224,0.0,0.08676603974567519,0.00379371410753164,0.008121310552168224,0.0,0.012832744978368282,0.012980978935956955,0.014473279938101768,0.012926923111081123,0.02075216732919216,0.043587859719991684,0.0715981274843216,0.2104884833097458
304.0,0.13872596124807993,0.053938223514705896,2.4869421137667405,0.0511921350326803,0.02822910000880559,0.7693902916378446,0.07693902916378444,0.032327055310209594,0.13872596124807993,0.0511921350326803,0.007362092211325135,0.0,0.08322878720031844,0.0032327055310209596,0.007362092211325135,0.0,0.013056875206530094,0.013293657451868057,0.01455367635935545,0.01335294172167778,0.020808454602956772,0.044751476496458054,0.07307875156402588,0.23860995471477509
305.0,0.13484821220239004,0.05154178326483816,2.3907057388962563,0.052836399939325124,0.028985858377483156,0.7068430516454909,0.07068430516454909,0.03258841143300136,0.13484821220239004,0.052836399939325124,0.00806866612078415,0.0,0.08673401549458504,0.0032588411433001362,0.00806866612078415,0.0,0.01285132672637701,0.013008859939873219,0.014508884400129318,0.012943309731781483,0.02079465053975582,0.043672412633895874,0.07197625190019608,0.22257857024669647
306.0,0.13605791413121754,0.04694634024053812,2.4217904007417745,0.05013111523456044,0.02824267206920518,0.747657491101159,0.0747657491101159,0.03611692599952221,0.13605791413121754,0.05013111523456044,0.00754935528513872,0.0,0.08414615607923931,0.0036116925999522217,0.00754935528513872,0.0,0.012917887419462204,0.013103952631354332,0.01433500461280346,0.013169478625059128,0.020644962787628174,0.04386155679821968,0.07012752443552017,0.1874103546142578
307.0,0.14895285252067778,0.05440093739889562,2.53602833451021,0.05416860100295809,0.0291761780778567,0.8345956405003866,0.08345956405003867,0.033838846979455814,0.14895285252067778,0.05416860100295809,0.007940802464468611,0.0,0.08575938310888079,0.0033838846979455817,0.007940802464468611,0.0,0.012929528951644897,0.01312974188476801,0.014536415226757526,0.013132711872458458,0.02082250453531742,0.0440269410610199,0.07229547947645187,0.2443341761827469
308.0,0.1483730541335212,0.04672772844787687,2.521494698924549,0.05128126839796702,0.02752375944207112,0.867628726694319,0.0867628726694319,0.03472134771032466,0.1483730541335212,0.05128126839796702,0.006856772751133475,0.0,0.07999055460095406,0.0034721347710324657,0.006856772751133475,0.0,0.01286577433347702,0.013013799674808979,0.01435825228691101,0.013069650158286095,0.020677797496318817,0.04332234710454941,0.07073773443698883,0.1857764720916748
309.0,0.14721374130911297,0.05380398849956691,2.536117631705162,0.05130463879969385,0.028712133980459638,0.8437263435787625,0.08437263435787626,0.03616130641765065,0.14721374130911297,0.05130463879969385,0.007920335305647718,0.0,0.08557553382383452,0.0036161306417650647,0.007920335305647718,0.0,0.012896474450826645,0.013063479214906693,0.014527382329106331,0.013046341016888618,0.02081890217959881,0.04369443282485008,0.07244990020990372,0.2399349957704544
310.0,0.14260606633292305,0.045547989080660045,2.4580409113959933,0.049715102132823735,0.02837005764659908,0.8152055806583829,0.0815205580658383,0.038241519696182676,0.14260606633292305,0.049715102132823735,0.007546251807879243,0.0,0.08342077541682455,0.0038241519696182676,0.007546251807879243,0.0,0.012822152115404606,0.012931941077113152,0.014341349713504314,0.012982473708689213,0.02065937966108322,0.04307471588253975,0.07074832916259766,0.17682357132434845
311.0,0.14889035208357704,0.05192526418250054,2.4970329434698,0.05369142567118009,0.029061007002989452,0.8353620403342776,0.08353620403342776,0.039640967165016465,0.14889035208357704,0.05369142567118009,0.007698619777026276,0.0,0.08467769457234277,0.0039640967165016465,0.007698619777026276,0.0,0.012886105105280876,0.013041403144598007,0.014487984590232372,0.013041770085692406,0.020780064165592194,0.0435977540910244,0.07214779406785965,0.22541923820972443
312.0,0.13909955322742462,0.06436749664135277,2.4553137255001505,0.04878491763439444,0.028554141314493284,0.7910264299975501,0.079102642999755,0.03213730930454201,0.13909955322742462,0.04878491763439444,0.007998260811695622,0.0,0.08575289282533857,0.003213730930454201,0.007998260811695622,0.0,0.013178142718970776,0.013417794369161129,0.014619951136410236,0.01354182418435812,0.021047454327344894,0.0450705960392952,0.07397746294736862,0.3200867474079132
313.0,0.1457743611600664,0.0513212668010965,2.5265270991670756,0.05577076619697942,0.027992350773678884,0.7978795833057828,0.07978795833057828,0.035162219130951494,0.1457743611600664,0.05577076619697942,0.0066994125954806805,0.0,0.07935729457272424,0.0035162219130951498,0.0066994125954806805,0.0,0.012901848182082176,0.01304507814347744,0.014477732591331005,0.013066133484244347,0.020787887275218964,0.04362056404352188,0.07217800617218018,0.220492884516716
314.0,0.13630595058202744,0.0496052234666422,2.429633323534442,0.046872188026706375,0.028955470356676314,0.7758102483219571,0.07758102483219571,0.03527871477935049,0.13630595058202744,0.046872188026706375,0.008324864605027769,0.0,0.08732832554313871,0.0035278714779350497,0.008324864605027769,0.0,0.012960877269506454,0.01313432864844799,0.014416643418371677,0.013223130255937576,0.020807715132832527,0.04387453943490982,0.07159245759248734,0.20683209598064423
315.0,0.13868631339735454,0.05063677532598376,2.410954363988136,0.05041338110135661,0.02820062099231614,0.7756516138712565,0.07756516138712564,0.03841449666975273,0.13868631339735454,0.05041338110135661,0.006866319596560465,0.0,0.08010179383887185,0.0038414496669752726,0.006866319596560465,0.0,0.012855066917836666,0.012997934594750404,0.01452080998569727,0.012951463460922241,0.02090728096663952,0.043782878667116165,0.07192300260066986,0.21515576541423798
316.0,0.1337309396929211,0.04918667464517057,2.4742310922909576,0.047973419436150126,0.02883655743466483,0.7412873837682936,0.07412873837682936,0.03763430710468027,0.1337309396929211,0.047973419436150126,0.007865351611851819,0.0,0.0854494571685791,0.0037634307104680276,0.007865351611851819,0.0,0.012957929633557796,0.013136278837919235,0.014407328329980373,0.013227134943008423,0.020806722342967987,0.0438394658267498,0.07143706828355789,0.20368146896362305
317.0,0.13655835886796316,0.049353771726600826,2.4061786824454003,0.05016529415216711,0.027975144278672006,0.7571384112040201,0.07571384112040203,0.03615959035232663,0.13655835886796316,0.05016529415216711,0.007063263703861998,0.0,0.08108155222402678,0.0036159590352326638,0.007063263703861998,0.0,0.012867633253335953,0.013022385537624359,0.014417186379432678,0.013059071265161037,0.02072899043560028,0.04338138923048973,0.07127904146909714,0.20607447624206543
318.0,0.13483243766758177,0.05803436506539583,2.5040237995272143,0.047509665290514626,0.028973133406705327,0.7565005256070031,0.0756500525607003,0.037255751279493175,0.13483243766758177,0.047509665290514626,0.00794714743581911,0.0,0.0857794802221987,0.0037255751279493174,0.00794714743581911,0.0,0.012927013449370861,0.013114305213093758,0.014687691815197468,0.012949923053383827,0.02111351490020752,0.04428062215447426,0.07349839806556702,0.27170345187187195
319.0,0.15066772119866478,0.05015724606346339,2.5402218869507647,0.05738857864505715,0.028167024668720033,0.8267489671707153,0.08267489671707154,0.034453655800057784,0.15066772119866478,0.05738857864505715,0.007158880005590618,0.0,0.08178907798396216,0.0034453655800057784,0.007158880005590618,0.0,0.012913556769490242,0.013089668937027454,0.014430019073188305,0.01313819456845522,0.020742926746606827,0.043685976415872574,0.0713479295372963,0.2119096964597702
320.0,0.13669664412736893,0.055314762983471155,2.5075463870156565,0.04732428760164314,0.028389699343178008,0.7796876629193624,0.07796876629193623,0.03969931152338783,0.13669664412736893,0.04732428760164314,0.007433656641903023,0.0,0.08332945199476348,0.0039699311523387825,0.007433656641903023,0.0,0.012898768298327923,0.013069907203316689,0.014630389399826527,0.012936031445860863,0.021017055958509445,0.044153593480587006,0.07294818013906479,0.250864177942276
321.0,0.1463908842868275,0.05034541885834187,2.367924547419529,0.054203153484397464,0.028326404591401417,0.8137049012713962,0.08137049012713964,0.03593393394516574,0.1463908842868275,0.054203153484397464,0.0072238459898572825,0.0,0.08217471051547262,0.003593393394516574,0.0072238459898572825,0.0,0.012921820394694805,0.013106181286275387,0.014431575313210487,0.013157560490071774,0.020742882043123245,0.043749384582042694,0.07134374976158142,0.21331019699573517
322.0,0.13643547727002037,0.05706633802037686,2.5389139959169373,0.046531995137532554,0.02862302317387528,0.784732010629442,0.0784732010629442,0.037900812923908234,0.13643547727002037,0.046531995137532554,0.007640201882976625,0.0,0.08424515277147293,0.0037900812923908236,0.007640201882976625,0.0,0.01289272028952837,0.013079424388706684,0.014627426862716675,0.012949901632964611,0.020995555445551872,0.04401629790663719,0.07318858802318573,0.26478078961372375
323.0,0.15053513811694252,0.05055665667168796,2.5471870763409523,0.05629998714559608,0.027587388538651995,0.8430055446094937,0.08430055446094936,0.034164461928109326,0.15053513811694252,0.05629998714559608,0.006518145027156506,0.0,0.07811132238970862,0.003416446192810933,0.006518145027156506,0.0,0.01291866134852171,0.013104529120028019,0.014429197646677494,0.013155759312212467,0.020742911845445633,0.043708283454179764,0.0714057981967926,0.214988112449646
324.0,0.13093929986159006,0.05605817725881934,2.3955038399137325,0.04657460997502009,0.02801463670200772,0.7348041335741679,0.0734804133574168,0.03893853879223267,0.13093929986159006,0.04657460997502009,0.006990421602192025,0.0,0.08095952537324694,0.003893853879223268,0.006990421602192025,0.0,0.012887384742498398,0.013067224062979221,0.01462229248136282,0.012925658375024796,0.021010957658290863,0.04409939423203468,0.07303448021411896,0.256818026304245
325.0,0.14182355172104305,0.04901004710700363,2.434130239143309,0.05512831235925356,0.028188231504625745,0.7589837544494205,0.07589837544494206,0.03676427993923426,0.14182355172104305,0.05512831235925356,0.007120432435638375,0.0,0.08157716360357073,0.0036764279939234257,0.007120432435638375,0.0,0.01291810441762209,0.013096112757921219,0.01439767237752676,0.013157482258975506,0.020717885345220566,0.04367237165570259,0.07105153799057007,0.20306921005249023
326.0,0.13399113631910747,0.05379571090452373,2.4364132712970075,0.048512148360411324,0.027539615829785664,0.7485063042905595,0.07485063042905597,0.037201466504484415,0.13399113631910747,0.048512148360411324,0.006908205337822437,0.0,0.08044575361741914,0.0037201466504484418,0.006908205337822437,0.0,0.012875338084995747,0.013045243918895721,0.014500248245894909,0.013028157874941826,0.02076888456940651,0.04357713833451271,0.0722675621509552,0.24030311405658722
327.0,0.13518518043888939,0.05741508863866329,2.4603977281716007,0.05121931019756529,0.027681693020794127,0.7338203125529819,0.07338203125529819,0.03264710203640991,0.13518518043888939,0.05121931019756529,0.0073191257866306435,0.0,0.08219335228204727,0.0032647102036409913,0.0073191257866306435,0.0,0.013074269518256187,0.013297914527356625,0.01446556206792593,0.013399437069892883,0.02080688625574112,0.04448775574564934,0.07231467962265015,0.2674742043018341
328.0,0.13515094584888881,0.05235133075620979,2.437817807636474,0.05197730225821336,0.027718992075986333,0.7235675983958774,0.07235675983958775,0.03742441845436891,0.13515094584888881,0.05197730225821336,0.007074440493144923,0.0,0.08094567557175954,0.003742441845436891,0.007074440493144923,0.0,0.012861015275120735,0.013020014390349388,0.014470724388957024,0.013015885837376118,0.020748306065797806,0.04348247870802879,0.07199981808662415,0.22921240329742432
329.0,0.13338216890891394,0.05833117489237338,2.4980904408051874,0.05144985454777876,0.028059323007861774,0.7121785084406534,0.07121785084406534,0.03265032875869009,0.13338216890891394,0.05144985454777876,0.00744943043941425,0.0,0.08274007381664382,0.0032650328758690094,0.00744943043941425,0.0,0.013105932623147964,0.013345240615308285,0.014543602243065834,0.013438256457448006,0.020874733105301857,0.04463119059801102,0.073219895362854,0.2734905481338501
330.0,0.1334927918182479,0.046702176914550364,2.491844197538546,0.04922043718397617,0.02827679966058996,0.7308987478415171,0.0730898747841517,0.036973068645844855,0.1334927918182479,0.04922043718397617,0.007485171366069052,0.0,0.08309984082976977,0.0036973068645844856,0.007485171366069052,0.0,0.012806689366698265,0.012935719452798367,0.014373435638844967,0.012954308651387691,0.020657675340771675,0.04302847385406494,0.0709921345114708,0.1858689785003662
331.0,0.141729350719187,0.04948852164670825,2.585497616308653,0.052507182169291705,0.027501619938347075,0.7865291701422797,0.07865291701422798,0.03930041090481811,0.141729350719187,0.052507182169291705,0.006639208644628525,0.0,0.07863637929161389,0.003930041090481812,0.006639208644628525,0.0,0.01296438742429018,0.013162082992494106,0.014385811053216457,0.013243732042610645,0.020722825080156326,0.04394759237766266,0.07104546576738358,0.20643627643585205
332.0,0.12965160194370481,0.05801509111188352,2.492610423503395,0.04790744909809695,0.028032785488499537,0.7085646457142301,0.07085646457142299,0.036989349509692855,0.12965160194370481,0.04790744909809695,0.007188755980071922,0.0,0.08183792564604017,0.0036989349509692856,0.007188755980071922,0.0,0.012898333370685577,0.013085899874567986,0.01461401954293251,0.012985361739993095,0.02095101960003376,0.043950144201517105,0.07328465580940247,0.27235129475593567
333.0,0.14421065482828352,0.05307404254563153,2.544500054312112,0.059060572543078,0.027922281995415688,0.7477688988049825,0.07477688988049824,0.03192791901528835,0.14421065482828352,0.059060572543078,0.007180400296217865,0.0,0.08158822274870342,0.003192791901528835,0.007180400296217865,0.0,0.012957665137946606,0.013152035884559155,0.01448156125843525,0.01321440190076828,0.020786145702004433,0.04388727992773056,0.07206273823976517,0.23405051231384277
334.0,0.13142610920800102,0.050689552328549325,2.445080641779478,0.047830675832099386,0.027918479922744963,0.726056714852651,0.0726056714852651,0.03876248891982767,0.13142610920800102,0.047830675832099386,0.007113512294987838,0.0,0.08139081630441877,0.003876248891982768,0.007113512294987838,0.0,0.012821660377085209,0.012971938587725163,0.014475945383310318,0.012914267368614674,0.020826898515224457,0.04353062063455582,0.07162918150424957,0.2163459062576294
335.0,0.13547757433520424,0.05323672294616699,2.516308532375403,0.05155453706781069,0.027486250839299627,0.7330325974358453,0.07330325974358452,0.036643913533124656,0.13547757433520424,0.05155453706781069,0.00695538430267738,0.0,0.08033531780044238,0.0036643913533124664,0.00695538430267738,0.0,0.012964840978384018,0.013168850913643837,0.01448514498770237,0.013233261182904243,0.020783917978405952,0.043900612741708755,0.07207585126161575,0.235281303524971
336.0,0.13137087805403602,0.05105291970539838,2.4424072966709542,0.04832871175474591,0.027922310762935214,0.7200079725848304,0.07200079725848303,0.037617558820380106,0.13137087805403602,0.04832871175474591,0.007279608747921884,0.0,0.08213409947024451,0.0037617558820380106,0.007279608747921884,0.0,0.012828492559492588,0.012981290929019451,0.0144991809502244,0.012907007709145546,0.020873671397566795,0.04362836107611656,0.07172587513923645,0.21897947788238525
337.0,0.13715192758374745,0.052181428647600114,2.539347853743541,0.05184092455440097,0.02770904389520486,0.744693312380049,0.07446933123800491,0.03831958253350523,0.13715192758374745,0.05184092455440097,0.007009714014000363,0.0,0.08050089246696895,0.0038319582533505227,0.007009714014000363,0.0,0.0129621597006917,0.013160011731088161,0.014458953402936459,0.013234259560704231,0.020767806097865105,0.04383603483438492,0.0718284323811531,0.22720377147197723
338.0,0.13037045382791096,0.04933837824501097,2.482312165096002,0.04823466638724009,0.02801730049153169,0.7132536504003737,0.07132536504003736,0.03599016725396117,0.13037045382791096,0.04823466638724009,0.007211403015794026,0.0,0.08153346925973892,0.003599016725396117,0.007211403015794026,0.0,0.01282903365790844,0.012983732856810093,0.014387848787009716,0.013011481612920761,0.020672570914030075,0.04318508505821228,0.07103696465492249,0.20660030841827393
339.0,0.13543536265691122,0.05954339576419443,2.556572420893476,0.049395693466067314,0.02729767519566748,0.7599079410235087,0.07599079410235088,0.03479334732724561,0.13543536265691122,0.049395693466067314,0.006569541732056273,0.0,0.07803868212633663,0.0034793347327245604,0.006569541732056273,0.0,0.013121251948177814,0.013361976481974125,0.0145589429885149,0.013465114869177341,0.020904434844851494,0.044673677533864975,0.07337898761034012,0.28288277983665466
340.0,0.12890232851107916,0.048347379197366536,2.4514572848985905,0.04914645064208242,0.027827118212978046,0.6897461546791924,0.06897461546791925,0.03660028624451823,0.12890232851107916,0.04914645064208242,0.007121235791904231,0.0,0.08126849350002077,0.003660028624451823,0.007121235791904231,0.0,0.012813553214073181,0.012951417826116085,0.014370026998221874,0.012980994768440723,0.020656200125813484,0.04306987673044205,0.07106480002403259,0.1988721638917923
341.0,0.13394187639156976,0.05214694433379918,2.528642504816686,0.05058473493489954,0.02748370398249891,0.7267249292797513,0.07267249292797512,0.03768728952854872,0.13394187639156976,0.05058473493489954,0.006915916921570897,0.0,0.07984423182076877,0.0037687289528548725,0.006915916921570897,0.0,0.013012670911848545,0.013208313845098019,0.014430166222155094,0.013309875503182411,0.020750882104039192,0.044055890291929245,0.07189632207155228,0.22651143372058868
342.0,0.12726694924963844,0.05245252756867558,2.4332279618746377,0.04732384946611193,0.027581874695089128,0.692263533671697,0.0692263533671697,0.03750491183665064,0.12726694924963844,0.04732384946611193,0.006966253884861039,0.0,0.08037106403046185,0.003750491183665064,0.006966253884861039,0.0,0.012835141271352768,0.01299801841378212,0.014456087723374367,0.012987266294658184,0.020739641040563583,0.043346237391233444,0.07185126096010208,0.23040656745433807
343.0,0.1316684666607115,0.05195835849735886,2.4130787204207857,0.049339739605784416,0.02750701250301467,0.7165763974189758,0.0716576397418976,0.03702807685153352,0.1316684666607115,0.049339739605784416,0.006968278450787895,0.0,0.08016596941484345,0.0037028076851533514,0.006968278450787895,0.0,0.012965818867087364,0.013167336583137512,0.014344194903969765,0.01327285636216402,0.02069040760397911,0.043880660086870193,0.07080288231372833,0.22654271125793457
344.0,0.13612900425990423,0.05252796201966703,2.5304300116134844,0.05517074486447705,0.02738868362373776,0.7038851446575589,0.07038851446575589,0.037887091774286494,0.13612900425990423,0.05517074486447705,0.006781033175583515,0.0,0.0792947800623046,0.0037887091774286494,0.006781033175583515,0.0,0.012898147106170654,0.013087616302073002,0.014444243162870407,0.013147876597940922,0.02076900005340576,0.04353305697441101,0.07158146798610687,0.2307622879743576
345.0,0.12782836705446243,0.044692844967357814,2.4184105274741476,0.04593858226305909,0.02780744433403015,0.7069810363981459,0.07069810363981459,0.039247074578371316,0.12782836705446243,0.04593858226305909,0.007266975771118369,0.0,0.08166433208518559,0.003924707457837132,0.007266975771118369,0.0,0.012868624180555344,0.013010159134864807,0.014296745881438255,0.013094422407448292,0.020681362599134445,0.04321751371026039,0.07083550840616226,0.16953842341899872
346.0,0.13505235314369202,0.051744639058597386,2.503396785407243,0.05537649864951769,0.027354770029584568,0.6877565383911133,0.06877565383911133,0.04132726296989454,0.13505235314369202,0.05537649864951769,0.006767470027423567,0.0,0.079214698738522,0.004132726296989454,0.006767470027423567,0.0,0.012889236211776733,0.013060197234153748,0.014433369040489197,0.0131166847422719,0.020780518651008606,0.04345659539103508,0.07161454856395721,0.2246059626340866
347.0,0.12709102200137246,0.055899104569107294,2.420657305214679,0.04648356884717941,0.02748474892642763,0.6995179388258193,0.06995179388258192,0.036128422969745264,0.12709102200137246,0.04648356884717941,0.007042812610355516,0.0,0.08052170856131448,0.0036128422969745272,0.007042812610355516,0.0,0.012881468050181866,0.013060111552476883,0.014537720009684563,0.013010677881538868,0.020841514691710472,0.04367182031273842,0.07253141701221466,0.2566581070423126
348.0,0.1302549797627661,0.05424990598112345,2.591565127103762,0.049910750654008657,0.027604738250374794,0.6958242687914107,0.06958242687914108,0.03694964189910226,0.1302549797627661,0.049910750654008657,0.007066835287130541,0.0,0.0806947752005524,0.0036949641899102262,0.007066835287130541,0.0,0.013015957549214363,0.013215688057243824,0.014404550194740295,0.013330264948308468,0.02075987495481968,0.044167570769786835,0.07114238291978836,0.24396295845508575
349.0,0.14067082355419794,0.05086387682240456,2.512746067914172,0.05474194077154001,0.027087173528141446,0.7503966622882419,0.0750396662288242,0.042904815895275936,0.14067082355419794,0.05474194077154001,0.0065987364052691394,0.0,0.07800108152959082,0.004290481589527594,0.0065987364052691394,0.0,0.012837273068726063,0.012982082553207874,0.014439010061323643,0.012976327911019325,0.020751534029841423,0.0433613546192646,0.07169148325920105,0.21787194907665253
350.0,0.12855827063322067,0.056318172020837665,2.548730344915439,0.05001068549851576,0.02763930211464564,0.6799962884849973,0.06799962884849974,0.03641726180083222,0.12855827063322067,0.05001068549851576,0.006906227700205313,0.0,0.08007368569572766,0.003641726180083222,0.006906227700205313,0.0,0.013098757714033127,0.013313413597643375,0.014629156328737736,0.013404607772827148,0.020936481654644012,0.04468252509832382,0.07354364544153214,0.25693678855895996
351.0,0.13564827872647178,0.05519750830717385,2.477884178882267,0.05356013112597995,0.027701385526193514,0.7158767117394341,0.0715876711739434,0.03409435972571373,0.13564827872647178,0.05356013112597995,0.007091034177897705,0.0,0.0808663090897931,0.003409435972571373,0.007091034177897705,0.0,0.012883808463811874,0.013047892600297928,0.01453695259988308,0.013008719310164452,0.02088317833840847,0.043702468276023865,0.07255237549543381,0.2509646713733673
352.0,0.13200711707274118,0.05318151763640344,2.571705174873598,0.05032805788020293,0.027449965063068602,0.711569713221656,0.07115697132216561,0.03785159325020181,0.13200711707274118,0.05032805788020293,0.006736928066756163,0.0,0.07897976413369179,0.0037851593250201807,0.006736928066756163,0.0,0.013019201345741749,0.013213373720645905,0.014422482810914516,0.013324441388249397,0.020798731595277786,0.04412469640374184,0.0714649185538292,0.23508429527282715
353.0,0.13566195136970943,0.05496987537480891,2.505038704218149,0.051134432355562844,0.026950307190418243,0.7433998584747314,0.07433998584747314,0.03812933273406492,0.13566195136970943,0.051134432355562844,0.006374601598104669,0.0,0.07682803024848302,0.0038129332734064924,0.006374601598104669,0.0,0.012886238284409046,0.0130572859197855,0.01452149823307991,0.013038729317486286,0.020845262333750725,0.04365111514925957,0.07229536026716232,0.2494635134935379
