epoch,train_loss,val_window_mae_kwh,grad_norm,w_window,dynamics_residual_mae,l_state,w_state,l_prior,loss,l_window,l_dynamics,l_boundary,dynamics_residual_rmse,w_prior,w_dynamics,w_boundary,val_mae_soc_event_0.1,val_mae_soc_event_0.2,val_mae_soc_event_0.5,val_mae_time_60s,val_mae_time_120s,val_mae_time_300s,val_mae_time_600s,val_mae_full_trip
0.0,2.620787501335144,0.11758577858563513,1.0395891063503302,0.14868362993001938,0.012725933351450495,24.717199113633896,2.47171991136339,0.0005448957678405956,2.620787501335144,0.14868362993001938,0.0003294473248792605,0.0,0.017569095517198246,5.448957678405956e-05,0.0003294473248792605,0.0,0.014948182739317417,0.01558948028832674,0.017625663429498672,0.015131858177483082,0.025686640292406082,0.05601850897073746,0.0931902602314949,0.7024956345558167
1.0,2.5453838109970093,0.046913381200283766,1.1699382512073566,0.08894463338785702,0.015011575383444628,24.548714849683975,2.4548714849683972,0.010812170415495833,2.5453838109970093,0.08894463338785702,0.0004864384391112253,0.0,0.020945414176417723,0.0010812170415495832,0.0004864384391112253,0.0,0.013040771707892418,0.013692098669707775,0.015887273475527763,0.012892489321529865,0.022039350122213364,0.04675755277276039,0.07469961047172546,0.17629790306091309
2.0,2.4685288071632385,0.062360118492506444,1.4311754520645716,0.0592804861565431,0.022102675090233486,24.033201217651367,2.4033201217651365,0.03703112776080767,2.4685288071632385,0.0592804861565431,0.0022250263783563343,0.0,0.04284191814561685,0.0037031127760807675,0.0022250263783563343,0.0,0.013095181435346603,0.013852854259312153,0.016141237691044807,0.012669578194618225,0.022533532232046127,0.048326920717954636,0.07769230008125305,0.29456934332847595
3.0,2.3600346975856357,0.05771682283375412,1.3947958368315307,0.053177358168694705,0.043796362148390874,22.875336752997505,2.28753367529975,0.03183143027126789,2.3600346975856357,0.053177358168694705,0.01614047617961963,0.0,0.11925565368599361,0.0031831430271267894,0.01614047617961963,0.0,0.01296640932559967,0.013711604289710522,0.01593548245728016,0.012774048373103142,0.02214636467397213,0.047774624079465866,0.07620516419410706,0.26022088527679443
4.0,2.27386971977022,0.053160216310061514,1.3811744746813517,0.05273874600728353,0.07826701344715224,21.57903183831109,2.157903183831109,0.02716882775227229,2.27386971977022,0.05273874600728353,0.06051086075603962,0.0,0.2403671857383516,0.0027168827752272287,0.06051086075603962,0.0,0.013001774437725544,0.013737523928284645,0.01600697636604309,0.012839451432228088,0.022131768986582756,0.04801943153142929,0.07751662284135818,0.22202818095684052
5.0,2.200895686944326,0.05117144202813506,1.5152740927612243,0.053006527945399284,0.09476254052586025,20.51514016257392,2.051514016257392,0.02719056150979466,2.200895686944326,0.053006527945399284,0.09365604652298821,0.0,0.30197298361195457,0.002719056150979466,0.09365604652298821,0.0,0.013013969175517559,0.013724110089242458,0.016028352081775665,0.012797381728887558,0.022177735343575478,0.047855693846940994,0.07789158076047897,0.2058827131986618
6.0,2.1067268517282276,0.054601780022494495,1.8015143942784482,0.0560694829457336,0.09011129621002409,19.702139059702557,1.9702139059702555,0.02533609399365054,2.1067268517282276,0.0560694829457336,0.07790976762771606,0.0,0.27431731091605294,0.002533609399365055,0.07790976762771606,0.0,0.013177614659070969,0.013868127949535847,0.016079852357506752,0.013054335489869118,0.02241535298526287,0.04845863953232765,0.07651501893997192,0.23324529826641083
7.0,2.027406301763323,0.0641571554588154,2.0162599008186564,0.05279537414511045,0.08856993292768796,18.97799301147461,1.8977993011474608,0.02349257055256102,2.027406301763323,0.05279537414511045,0.07446235128574902,0.0,0.2656654334730572,0.0023492570552561018,0.07446235128574902,0.0,0.01331079751253128,0.014079930260777473,0.016468705609440804,0.012790991924703121,0.022681308910250664,0.04994764178991318,0.07978261262178421,0.30419525504112244
8.0,1.970303025510576,0.06432463205419481,2.3981932295075548,0.05952698364853859,0.09057697157065074,18.15256208843655,1.8152562088436552,0.03016690102716287,1.970303025510576,0.05952698364853859,0.0925031126373344,0.0,0.29286862744225395,0.003016690102716287,0.0925031126373344,0.0,0.013305358588695526,0.014060030691325665,0.016437673941254616,0.012902923859655857,0.022741757333278656,0.050135307013988495,0.0781298354268074,0.30688416957855225
9.0,1.9046685894330342,0.06480075931176543,2.4359283126758813,0.05371539398199982,0.08798284663094415,17.504023869832356,1.7504023869832355,0.022798656382494502,1.9046685894330342,0.05371539398199982,0.09827091089553303,0.0,0.29900228480498,0.0022798656382494505,0.09827091089553303,0.0,0.013338911347091198,0.014090142212808132,0.016466103494167328,0.012924358248710632,0.022821778431534767,0.050144948065280914,0.07810398191213608,0.3105158507823944
10.0,1.8587935169537861,0.06466364744119346,2.769751236924518,0.052755079335636564,0.08504933242996533,17.01187647713555,1.7011876477135555,0.022253778038753405,1.8587935169537861,0.052755079335636564,0.10262538120150566,0.0,0.2997875925567415,0.0022253778038753406,0.10262538120150566,0.0,0.01330161839723587,0.014065955765545368,0.016432788223028183,0.012829394079744816,0.0227474607527256,0.0499221608042717,0.07808627188205719,0.30992352962493896
11.0,1.8313792546590169,0.06265614682342857,2.9541491722187496,0.05764513173037105,0.08324284272061454,16.628463745117188,1.6628463745117188,0.024948460670808952,1.8313792546590169,0.05764513173037105,0.1083928636378712,0.0,0.306750002834532,0.0024948460670808953,0.1083928636378712,0.0,0.0132861053571105,0.014004423283040524,0.016357114538550377,0.012953800149261951,0.02267867513000965,0.04952716827392578,0.07676967978477478,0.295672208070755
12.0,1.7979254855049982,0.0665924787754193,2.959538089817085,0.05463248346414831,0.08271458538042174,16.259719795650906,1.6259719795650909,0.026400659440292254,1.7979254855049982,0.05463248346414831,0.11468091027604209,0.0,0.3132082521915436,0.002640065944029225,0.11468091027604209,0.0,0.013424936681985855,0.014242859557271004,0.016605503857135773,0.012799958698451519,0.022977806627750397,0.050042618066072464,0.08071988075971603,0.3219262659549713
13.0,1.7820738686455622,0.0860285087255761,3.1652866803674424,0.059480303484532565,0.08082378034790356,16.040584723154705,1.6040584723154705,0.02068934843151106,1.7820738686455622,0.059480303484532565,0.11646613188915783,0.0,0.3136296619971593,0.002068934843151106,0.11646613188915783,0.0,0.013814205303788185,0.014473779127001762,0.01669010892510414,0.013857382349669933,0.023651331663131714,0.05122777074575424,0.08251506835222244,0.4719984233379364
14.0,1.7701659798622131,0.08057803846895695,3.2132420605222194,0.07034324068162176,0.07964930476413833,15.808675818973118,1.5808675818973117,0.01857183889175455,1.7701659798622131,0.07034324068162176,0.11709794505602783,0.0,0.31450502077738446,0.001857183889175455,0.11709794505602783,0.0,0.013863529078662395,0.014810272492468357,0.01712333969771862,0.013067660853266716,0.024105533957481384,0.05147719383239746,0.08805277943611145,0.4221239984035492
15.0,1.768370787302653,0.06241819798015058,3.306724316578686,0.07893707851568858,0.08121671775976817,15.638709174262154,1.5638709174262153,0.04128583934572008,1.768370787302653,0.07893707851568858,0.12143417571981747,0.0,0.3178040170007282,0.004128583934572008,0.12143417571981747,0.0,0.013203924521803856,0.013959812000393867,0.016305914148688316,0.012770617380738258,0.02255863882601261,0.049181196838617325,0.07763665169477463,0.2937288284301758
16.0,1.7202308111720614,0.05949659494217485,3.205830810082212,0.054136790335178375,0.07952843896216816,15.455101119147407,1.5455101119147407,0.01961918506357405,1.7202308111720614,0.054136790335178375,0.11862197311388122,0.0,0.3166531374057134,0.001961918506357405,0.11862197311388122,0.0,0.013280104845762253,0.01393863558769226,0.016214795410633087,0.013130954466760159,0.02260681614279747,0.0488889105618,0.07694246619939804,0.27097007632255554
17.0,1.7139394217067294,0.06314723507966846,3.1981160628522423,0.05684606503281328,0.07970308864282237,15.369392500983345,1.5369392500983343,0.0232437112265163,1.7139394217067294,0.05684606503281328,0.1178296831332975,0.0,0.3125561541981167,0.00232437112265163,0.1178296831332975,0.0,0.013247095048427582,0.014031518250703812,0.016379496082663536,0.01271985936909914,0.022620078176259995,0.04908507317304611,0.07865633070468903,0.2984384298324585
18.0,1.704552948474884,0.059898843872360885,3.293612698223286,0.06065644779139095,0.08051768669651614,15.215869479709202,1.52158694797092,0.030424026772379875,1.704552948474884,0.06065644779139095,0.11926708349751101,0.0,0.3158494449324078,0.0030424026772379875,0.11926708349751101,0.0,0.013163681142032146,0.013876339420676231,0.016186246648430824,0.012871138751506805,0.022470470517873764,0.04859492927789688,0.07632144540548325,0.2757064998149872
19.0,1.6806069943639967,0.06155856419354677,3.1635658232737023,0.05303694245715936,0.08038689051237372,15.088495572408041,1.508849557240804,0.024077278251449268,1.6806069943639967,0.05303694245715936,0.11631273912886779,0.0,0.31253068645795185,0.0024077278251449265,0.11631273912886779,0.0,0.013183224014937878,0.013935103081166744,0.016278844326734543,0.012770786881446838,0.022519299760460854,0.04879297316074371,0.07752461731433868,0.2874636650085449
20.0,1.677793436580234,0.05875786824617535,3.269309055237482,0.05622105052073797,0.08030338337024052,15.048268106248644,1.5048268106248646,0.025090188201930787,1.677793436580234,0.05622105052073797,0.11423652308682601,0.0,0.3090356902943717,0.0025090188201930793,0.11423652308682601,0.0,0.013169371522963047,0.013877023942768574,0.01614893041551113,0.012955616228282452,0.022487880662083626,0.048371102660894394,0.07607332617044449,0.2669796943664551
21.0,1.6595777074495952,0.06315514049492776,3.2108930702746026,0.05338052515354422,0.08089383857117759,14.9123903910319,1.4912390391031902,0.02412313616110219,1.6595777074495952,0.05338052515354422,0.1125458021544748,0.0,0.3092421938975652,0.002412313616110219,0.1125458021544748,0.0,0.013245404697954655,0.014014782384037971,0.016376562416553497,0.012786193750798702,0.022623226046562195,0.04892772063612938,0.07862519472837448,0.29864203929901123
22.0,1.6582501994238958,0.06031589407939464,3.2794648065341936,0.05667790460089842,0.08118454201353921,14.881728490193685,1.4881728490193684,0.027943793270323012,1.6582501994238958,0.05667790460089842,0.11060508340597153,0.0,0.3060118175215191,0.002794379327032302,0.11060508340597153,0.0,0.013155643828213215,0.01388279814273119,0.016184883192181587,0.01286568958312273,0.022507838904857635,0.04840927571058273,0.07677075266838074,0.2787502706050873
23.0,1.6398223638534546,0.05758702615275979,3.26363747475709,0.052053018369608454,0.08201387400428455,14.76076168484158,1.4760761684841581,0.021991493594315317,1.6398223638534546,0.052053018369608454,0.10949400936563809,0.0,0.30663952562544083,0.0021991493594315323,0.10949400936563809,0.0,0.013128061778843403,0.013835872523486614,0.016094598919153214,0.012944810092449188,0.02245422825217247,0.04799295589327812,0.07623383402824402,0.2580118477344513
24.0,1.6342791716257732,0.060481409658677876,3.325318289089152,0.05218992361591922,0.08169152297907406,14.734577390882704,1.4734577390882704,0.02645032025045819,1.6342791716257732,0.05218992361591922,0.10598642047908571,0.0,0.3018696341249678,0.002645032025045819,0.10598642047908571,0.0,0.01317228190600872,0.013931846246123314,0.01627691276371479,0.012791766785085201,0.02248738333582878,0.048270367085933685,0.07836869359016418,0.27855202555656433
25.0,1.630157510439555,0.055743032484315336,3.3348239062157123,0.05544268753793505,0.08329706597659323,14.654461224873861,1.4654461224873863,0.026452868555982906,1.630157510439555,0.05544268753793505,0.10662334991825952,0.0,0.3034897314177619,0.002645286855598291,0.10662334991825952,0.0,0.013106276281177998,0.013806522823870182,0.016052985563874245,0.012983548454940319,0.022413820028305054,0.04789946973323822,0.07636284083127975,0.24331879615783691
26.0,1.61190132300059,0.05900349491275847,3.267273647655271,0.05087760297788514,0.08314082399010658,14.550990316602919,1.4550990316602919,0.024678231320447393,1.61190132300059,0.05087760297788514,0.10345684592094687,0.0,0.30146966377894086,0.002467823132044739,0.10345684592094687,0.0,0.013142377138137817,0.013893715105950832,0.01621653512120247,0.012823567725718021,0.022452129051089287,0.047938957810401917,0.07830021530389786,0.26726046204566956
27.0,1.6107208993699815,0.05546788894571364,3.353601667074471,0.05479286631776227,0.08433025040560299,14.50929398006863,1.4509293980068634,0.02820618140200774,1.6107208993699815,0.05479286631776227,0.10217792106171449,0.0,0.29957788354820675,0.0028206181402007737,0.10217792106171449,0.0,0.013060620054602623,0.013783418573439121,0.01603490300476551,0.012922831811010838,0.02237013354897499,0.04741775617003441,0.07687404006719589,0.24127940833568573
28.0,1.5887817674212985,0.051747889374382794,3.2840021596027396,0.04993718572788768,0.08547018178635174,14.357241842481825,1.4357241842481825,0.023329958112703428,1.5887817674212985,0.04993718572788768,0.1007873856772979,0.0,0.30005206995540196,0.0023329958112703435,0.1007873856772979,0.0,0.013022877275943756,0.01371410209685564,0.01591603085398674,0.013015197589993477,0.022273743525147438,0.04749118909239769,0.07626891136169434,0.21228106319904327
29.0,1.5710026025772095,0.05204031465109438,3.2462150439925774,0.04925063500801722,0.08542737033632067,14.23628701104058,1.4236287011040583,0.025176055522428617,1.5710026025772095,0.04925063500801722,0.09560567223363453,0.0,0.293690487742424,0.002517605552242862,0.09560567223363453,0.0,0.012988820672035217,0.013697225600481033,0.015921566635370255,0.012942011468112469,0.022238805890083313,0.047015510499477386,0.07666175812482834,0.214856818318367
30.0,1.5475196374787226,0.06453670922201127,3.193590492235231,0.05003435040513674,0.08662381519873937,14.03122509850396,1.403122509850396,0.023766712389058538,1.5475196374787226,0.05003435040513674,0.09198605331281821,0.0,0.28930092685752445,0.0023766712389058533,0.09198605331281821,0.0,0.013154439628124237,0.013776651583611965,0.0159060750156641,0.013274500146508217,0.022377289831638336,0.04849254712462425,0.07504700869321823,0.3142651617527008
31.0,1.5228633880615234,0.058219533413648605,3.0650391941878667,0.051669750776555806,0.08882242855098513,13.79501904381646,1.379501904381646,0.027897050914665062,1.5228633880615234,0.051669750776555806,0.08890205042229758,0.0,0.28584154612488216,0.0027897050914665066,0.08890205042229758,0.0,0.013051214627921581,0.013893958181142807,0.016166619956493378,0.012768364511430264,0.022525327280163765,0.04716876149177551,0.07958589494228363,0.2605961263179779
32.0,1.508663190735711,0.054352717590518296,3.094427665339158,0.05708237696025106,0.09208002769284779,13.589259359571669,1.3589259359571668,0.03476634952757093,1.508663190735711,0.05708237696025106,0.08917824261718327,0.0,0.28700799412197536,0.003476634952757094,0.08917824261718327,0.0,0.012966415844857693,0.013687382452189922,0.01591578684747219,0.01287159975618124,0.022205499932169914,0.047119613736867905,0.07661234587430954,0.23344309628009796
33.0,1.4696513480610318,0.04891967831645161,2.958597727535253,0.04768733059366544,0.09270842828684384,13.314644919501411,1.3314644919501413,0.02590160568555196,1.4696513480610318,0.04768733059366544,0.08790939177076022,0.0,0.28664835956361556,0.002590160568555196,0.08790939177076022,0.0,0.012846224009990692,0.013559444807469845,0.015757715329527855,0.01283971406519413,0.021968090906739235,0.046522606164216995,0.0762118548154831,0.19165177643299103
34.0,1.448142773575253,0.06460964167490602,3.0209960275903533,0.050971324659056134,0.09104759866992633,13.100701226128471,1.3100701226128475,0.029178466647863388,1.448142773575253,0.050971324659056134,0.08418346237805155,0.0,0.281666475865576,0.0029178466647863392,0.08418346237805155,0.0,0.013034793548285961,0.013655179180204868,0.01568390615284443,0.013162773102521896,0.021940013393759727,0.04801008477807045,0.07455399632453918,0.3168363869190216
35.0,1.4155931671460469,0.047841803287155926,2.890975779509281,0.048180784616205424,0.09092746881975068,12.808938556247288,1.2808938556247287,0.02793438618795739,1.4155931671460469,0.048180784616205424,0.08372506499290466,0.0,0.28162648611598545,0.0027934386187957396,0.08372506499290466,0.0,0.012754915282130241,0.013441904447972775,0.015517150051891804,0.012842672877013683,0.02165086939930916,0.04611580818891525,0.07543504983186722,0.18497605621814728
36.0,1.3931391768985324,0.06580572202801704,2.946645779212461,0.05324498357044326,0.09091648418042395,12.537361833784315,1.2537361833784315,0.03429922854734792,1.3931391768985324,0.05324498357044326,0.08272807879580392,0.0,0.28094472487767536,0.003429922854734792,0.08272807879580392,0.0,0.01303666178137064,0.013640698976814747,0.015600746497511864,0.013189086690545082,0.021729787811636925,0.04739990457892418,0.07446954399347305,0.32737934589385986
37.0,1.3545062343279521,0.051680631819181144,2.8216205808334096,0.04677399910158581,0.08975706994533539,12.249793264600966,1.2249793264600966,0.028963394256101713,1.3545062343279521,0.04677399910158581,0.07985652362306912,0.0,0.27635080284542507,0.0028963394256101716,0.07985652362306912,0.0,0.012802096083760262,0.0135080860927701,0.015600040555000305,0.012878930196166039,0.02169138379395008,0.04676076024770737,0.0756545290350914,0.2145492285490036
38.0,1.3239180114534166,0.052589167025871575,2.7739272534035715,0.04714770408140288,0.08987764765818913,11.94162262810601,1.1941622628106012,0.028319399596916303,1.3239180114534166,0.04714770408140288,0.07977605362733205,0.0,0.27628997299406266,0.0028319399596916307,0.07977605362733205,0.0,0.012845538556575775,0.013557990081608295,0.015683326870203018,0.012882990762591362,0.021786952391266823,0.04710875451564789,0.07567337900400162,0.22117440402507782
39.0,1.290970418188307,0.05542836769018322,2.760636185282593,0.04869313703642951,0.08927542716264725,11.63064824210273,1.1630648242102728,0.027941385491026774,1.290970418188307,0.04869313703642951,0.07641828101542261,0.0,0.27059996128082275,0.0027941385491026772,0.07641828101542261,0.0,0.012917742133140564,0.013627072796225548,0.015759561210870743,0.012958883307874203,0.021883133798837662,0.047567643225193024,0.07560780644416809,0.24310509860515594
40.0,1.257409738169776,0.04762928280979395,2.7090594382669897,0.04850602481100294,0.0894376171959771,11.310227817959255,1.1310227817959257,0.030295217202769384,1.257409738169776,0.04850602481100294,0.07485140115022659,0.0,0.26799334088961285,0.0030295217202769387,0.07485140115022659,0.0,0.012749843299388885,0.013513818383216858,0.015745116397738457,0.012653222307562828,0.021752096712589264,0.04585624113678932,0.07698787748813629,0.1817760467529297
41.0,1.2277953492270575,0.05758302693720907,2.7743076323342963,0.05442493802143468,0.08867489298184712,10.991807619730631,1.0991807619730634,0.03548340271744463,1.2277953492270575,0.05442493802143468,0.07064128211802906,0.0,0.26086850629912484,0.0035483402717444634,0.07064128211802906,0.0,0.01285750512033701,0.013566862791776657,0.015576970763504505,0.012960138730704784,0.02154584787786007,0.047128111124038696,0.07525522261857986,0.26177355647087097
42.0,1.1816040608617995,0.05823230091482401,2.5641124962186836,0.04767406504187319,0.08800062206056383,10.639632648891872,1.0639632648891872,0.02718957492874728,1.1816040608617995,0.04767406504187319,0.06724775872296757,0.0,0.25472751094235313,0.0027189574928747286,0.06724775872296757,0.0,0.012864559888839722,0.013569765724241734,0.015548305585980415,0.012975613586604595,0.021495049819350243,0.047064755111932755,0.07509634643793106,0.26724401116371155
43.0,1.143366899755266,0.0565500179072842,2.6755944862843055,0.049302726777063474,0.08690964099433687,10.267791748046875,1.0267791748046875,0.030819244475828275,1.143366899755266,0.049302726777063474,0.06420306695832147,0.0,0.2489425523413552,0.0030819244475828278,0.06420306695832147,0.0,0.012852156534790993,0.013569868169724941,0.015574395656585693,0.012964271008968353,0.021520184352993965,0.04702118784189224,0.07534147053956985,0.25355660915374756
44.0,1.0989316172069974,0.04783881432376802,2.6162843991035136,0.04675680667989784,0.08609878106249703,9.87932433022393,0.987932433022393,0.03013685138689147,1.0989316172069974,0.04675680667989784,0.06122869998216629,0.0,0.24312450157271492,0.0030136851386891473,0.06122869998216629,0.0,0.012770691886544228,0.013520505279302597,0.015621255151927471,0.012831664644181728,0.021538758650422096,0.04624650254845619,0.07603191584348679,0.18414922058582306
45.0,1.0602618919478521,0.06946634664200246,2.6744034718236884,0.049003454546133675,0.08528418590625127,9.499738216400146,0.9499738216400146,0.029017909119526546,1.0602618919478521,0.049003454546133675,0.0583828195101685,0.0,0.23749511937300363,0.002901790911952655,0.0583828195101685,0.0,0.01317527610808611,0.01384648960083723,0.015748819336295128,0.013295771554112434,0.021851802244782448,0.048523541539907455,0.07487541437149048,0.3544136583805084
46.0,1.020703223016527,0.04226366081275046,2.5762367537115165,0.05198287756906615,0.0835042032930586,9.126417477925619,0.9126417477925618,0.026418839995231893,1.020703223016527,0.05198287756906615,0.05343668369783296,0.0,0.22732477717929417,0.0026418839995231893,0.05343668369783296,0.0,0.012727594934403896,0.013486720621585846,0.015606849454343319,0.012791872024536133,0.021516073495149612,0.04562222957611084,0.0765225887298584,0.13983535766601562
47.0,0.9815658264689975,0.05069327785167843,2.6880424470177373,0.054870551038119525,0.08296576142311096,8.714810583326551,0.8714810583326552,0.03883331413898203,0.9815658264689975,0.054870551038119525,0.05133088346984652,0.0,0.2226384696033266,0.0038833314138982033,0.05133088346984652,0.0,0.012788951396942139,0.013524034060537815,0.015556829050183296,0.01290787011384964,0.02140803448855877,0.04618692025542259,0.07593462616205215,0.20723895728588104
48.0,0.929965058962504,0.06642646761611104,2.5996787237023438,0.04814162270890342,0.08096663778026898,8.32094701131185,0.832094701131185,0.029257211627231702,0.929965058962504,0.04814162270890342,0.04680300566057364,0.0,0.21281735764609444,0.0029257211627231705,0.04680300566057364,0.0,0.013071089051663876,0.013750528916716576,0.015623578801751137,0.013223960064351559,0.021500760689377785,0.04762129858136177,0.07520955055952072,0.3314109742641449
49.0,0.8849396109580994,0.05056535778567195,2.6251344994087793,0.047415751963853836,0.08069197419616911,7.877164840698242,0.7877164840698243,0.031635397838221654,0.8849396109580994,0.047415751963853836,0.0466438126232889,0.0,0.21201098130808937,0.003163539783822166,0.0466438126232889,0.0,0.012765494175255299,0.013493113219738007,0.015519343316555023,0.01290143746882677,0.02134808711707592,0.045938026160001755,0.07551025599241257,0.20704710483551025
50.0,0.8460836145612929,0.07157172192819417,2.6779682289107605,0.051341967864169016,0.07783719897270203,7.4968480004204645,0.7496848000420464,0.03301542955968115,0.8460836145612929,0.051341967864169016,0.041755270626809865,0.0,0.20052036808596718,0.003301542955968115,0.041755270626809865,0.0,0.013200705870985985,0.013858177699148655,0.015691203996539116,0.01336760725826025,0.0216559749096632,0.048120155930519104,0.07489421963691711,0.3717857301235199
51.0,0.7998524904251099,0.04984648362733424,2.6114962074690915,0.04836104189356168,0.07674554528461562,7.081067721048991,0.7081067721048991,0.029090418583816953,0.7998524904251099,0.04836104189356168,0.040475614782836705,0.0,0.19730043245686424,0.002909041858381695,0.040475614782836705,0.0,0.012774106115102768,0.013498852029442787,0.015542308799922466,0.0129174729809165,0.0213510449975729,0.04589742794632912,0.07576366513967514,0.20102699100971222
52.0,0.7626944780349731,0.06705265224445611,2.686141438444101,0.05314395659499698,0.0743248305386967,6.690345843633016,0.6690345843633015,0.03540361983080705,0.7626944780349731,0.05314395659499698,0.03697557602491644,0.0,0.1883084923028946,0.003540361983080705,0.03697557602491644,0.0,0.013090267777442932,0.013783237896859646,0.015633007511496544,0.013272697106003761,0.021453076973557472,0.04741104692220688,0.07556799054145813,0.33620989322662354
53.0,0.7162197927633921,0.05786563374567777,2.609892938384037,0.04785312132702933,0.07222785510950619,6.310266918606228,0.6310266918606229,0.02879526238474581,0.7162197927633921,0.04785312132702933,0.0344604357249207,0.0,0.18183621598614585,0.002879526238474581,0.0344604357249207,0.0,0.01290632039308548,0.013598987832665443,0.015576187521219254,0.013075673021376133,0.02134735696017742,0.04657552018761635,0.07549770921468735,0.2643473148345947
54.0,0.6781957977347903,0.07670513994526118,2.6988452402632745,0.049786429645286664,0.07109454770882924,5.91860564549764,0.5918605645497641,0.030706064568625555,0.6781957977347903,0.049786429645286664,0.033478175186448626,0.0,0.1791975216733085,0.003070606456862556,0.033478175186448626,0.0,0.013344306498765945,0.014046580530703068,0.015815768390893936,0.013547919690608978,0.021860213950276375,0.04839746281504631,0.07569969445466995,0.4109291732311249
55.0,0.6364842421478696,0.05297789187170565,2.630999989524382,0.04845022327370114,0.06940487275520961,5.536520613564385,0.5536520613564386,0.028574043057031102,0.6364842421478696,0.04845022327370114,0.031524533612860575,0.0,0.1739009055826399,0.0028574043057031104,0.031524533612860575,0.0,0.012836471199989319,0.01354039553552866,0.015572953037917614,0.013011429458856583,0.021319402381777763,0.04606485739350319,0.0757942944765091,0.225683331489563
56.0,0.6071957548459371,0.07108329585753381,2.7344180418990174,0.05380851195918189,0.06817606464028358,5.193739440706041,0.5193739440706042,0.035714253369304866,0.6071957548459371,0.05380851195918189,0.030441865945855778,0.0,0.17108876837624443,0.0035714253369304874,0.030441865945855778,0.0,0.013209245167672634,0.013950045220553875,0.015713514760136604,0.01340695470571518,0.02158679999411106,0.047388963401317596,0.07642433047294617,0.3669865131378174
57.0,0.5648933516608344,0.062335788970813155,2.6516016004354332,0.04715036435259713,0.06712451453010242,4.850989977518718,0.48509899775187176,0.028931212921937306,0.5648933516608344,0.04715036435259713,0.029750860917071503,0.0,0.16954547746313942,0.0028931212921937313,0.029750860917071503,0.0,0.013008974492549896,0.013730572536587715,0.015612543560564518,0.013209174387156963,0.021379847079515457,0.0467037670314312,0.07551128417253494,0.29953014850616455
58.0,0.5380237036281161,0.08152053819503635,2.7414665544243992,0.049558442499902516,0.06528706807229254,4.5731301175223456,0.4573130117522346,0.030685969731873937,0.5380237036281161,0.049558442499902516,0.028083644082976714,0.0,0.1649927513466941,0.0030685969731873938,0.028083644082976714,0.0,0.013504681177437305,0.01423579640686512,0.01594286970794201,0.013733291998505592,0.02213142067193985,0.048444878309965134,0.07625721395015717,0.44791415333747864
59.0,0.5158633142709732,0.04631176171824336,2.7349462052216165,0.05001498945057392,0.06419358650843303,4.3449066215091285,0.4344906621509128,0.03322942368686199,0.5158633142709732,0.05001498945057392,0.028034730296995904,0.0,0.1654409079088105,0.0033229423686861994,0.028034730296995904,0.0,0.012713199481368065,0.01351054199039936,0.015738341957330704,0.012812957167625427,0.021669887006282806,0.04589513689279556,0.07759445905685425,0.1705595701932907
60.0,0.5076909081803428,0.0708768725162372,2.858248963903022,0.06450078346663052,0.06300257767240207,4.120582236184014,0.41205822361840144,0.04175700950953695,0.5076909081803428,0.06450078346663052,0.026956194390853245,0.0,0.1621566050582462,0.004175700950953696,0.026956194390853245,0.0,0.013182508759200573,0.013903135433793068,0.015689395368099213,0.01338772289454937,0.02161325141787529,0.04742492362856865,0.07543022185564041,0.366383820772171
61.0,0.4635598709185918,0.04143499583005905,2.7762740980188254,0.04516522855394416,0.058024643609921135,3.9312297768063016,0.39312297768063015,0.03163218539622095,0.4635598709185918,0.04516522855394416,0.022108440494371787,0.0,0.14654366340902117,0.003163218539622095,0.022108440494371787,0.0,0.012774385511875153,0.013510231859982014,0.015635322779417038,0.012887234799563885,0.02154490351676941,0.04590402916073799,0.07716607302427292,0.132057785987854
62.0,0.4756181538105011,0.06815199053380638,2.9056082731472985,0.05529938514033953,0.053965633942021266,3.9550715817345514,0.39550715817345516,0.03475555839637915,0.4756181538105011,0.05529938514033953,0.0213360543259316,0.0,0.14369229558441374,0.003475555839637915,0.0213360543259316,0.0,0.013136137276887894,0.01382722333073616,0.01570308208465576,0.013318135403096676,0.021627163514494896,0.04784500598907471,0.07610668987035751,0.34365248680114746
63.0,0.46880141066180336,0.06803042534738779,2.8521291849634345,0.05237793632679515,0.06088110887342029,3.842789795663622,0.3842789795663622,0.024355010646912787,0.46880141066180336,0.05237793632679515,0.029708984204464488,0.0,0.17153146035141414,0.0024355010646912784,0.029708984204464488,0.0,0.013117266818881035,0.013789764605462551,0.01565777137875557,0.01330279279500246,0.021582314744591713,0.04769216477870941,0.075482577085495,0.3436187505722046
64.0,0.43538234300083584,0.04642863885965198,2.918301978238165,0.04722810515926944,0.054443141652478114,3.6497766176859536,0.36497766176859536,0.03159742429852486,0.43538234300083584,0.04722810515926944,0.020016826999684174,0.0,0.13826994515127605,0.0031597424298524853,0.020016826999684174,0.0,0.012767655774950981,0.013483372516930103,0.015524365939199924,0.01290567684918642,0.021450849249958992,0.04587728530168533,0.07595513015985489,0.17346477508544922
65.0,0.44999422629674274,0.07576319354120642,2.9185327726438586,0.050586635453833476,0.049176718625757426,3.7780623038609824,0.37780623038609823,0.03138847152392069,0.44999422629674274,0.050586635453833476,0.01846252040316661,0.0,0.13378151506185532,0.0031388471523920696,0.01846252040316661,0.0,0.013349222019314766,0.013978850096464157,0.01582644321024418,0.013548423536121845,0.02211182937026024,0.04844897612929344,0.07354333251714706,0.40529847145080566
66.0,0.4391248855325911,0.04244344145990908,2.8815800865573045,0.056994342141681247,0.05594229160083665,3.533962223264906,0.35339622232649065,0.029812276259892516,0.4391248855325911,0.056994342141681247,0.025753083535366587,0.0,0.15977755354510415,0.0029812276259892517,0.025753083535366587,0.0,0.012661597691476345,0.013456271961331367,0.015636295080184937,0.012731955386698246,0.02156832069158554,0.04543757438659668,0.0770258754491806,0.14102964103221893
67.0,0.424869105219841,0.04814559954684228,2.8783761572412723,0.06310637005501324,0.053272831771108836,3.3782265186309814,0.3378226518630982,0.04561394163303905,0.424869105219841,0.06310637005501324,0.019378673595686752,0.0,0.13722928447855842,0.004561394163303905,0.019378673595686752,0.0,0.012679093517363071,0.013404898345470428,0.015490682795643806,0.012840637937188148,0.02119768224656582,0.045607615262269974,0.07512084394693375,0.18882334232330322
68.0,0.40131226513120866,0.0918516042875126,2.8725207879550627,0.05028174300160673,0.04544150374001927,3.330205970340305,0.3330205970340305,0.028671369370487,0.40131226513120866,0.05028174300160673,0.01514277420938015,0.0,0.12096783104870054,0.0028671369370487,0.01514277420938015,0.0,0.013737578876316547,0.014437359757721424,0.01618162728846073,0.013991090469062328,0.02272476814687252,0.04950246587395668,0.0769021213054657,0.5273358225822449
69.0,0.4291616976261139,0.04456275049597025,2.8424543642993694,0.06187681812379095,0.05378223251965311,3.4209255509906344,0.34209255509906344,0.026157054532733228,0.4291616976261139,0.06187681812379095,0.02257661148905754,0.0,0.1490540165040228,0.002615705453273323,0.02257661148905754,0.0,0.01263175718486309,0.01338052749633789,0.015533381141722202,0.012774710543453693,0.021237708628177643,0.045465875416994095,0.07582969963550568,0.1596483439207077
70.0,0.40499841007921433,0.06275471672415733,2.973794285163234,0.06028431529800097,0.053670990384287305,3.2066468000411987,0.3206646800041199,0.04151134296423859,0.40499841007921433,0.06028431529800097,0.019898279673523374,0.0,0.13915462129645878,0.004151134296423859,0.019898279673523374,0.0,0.012918991036713123,0.013600850477814674,0.015490274876356125,0.013108032755553722,0.021352345123887062,0.0464625358581543,0.07382035255432129,0.3052843511104584
71.0,0.40313997864723206,0.049201510730199516,2.873902765210249,0.04499904769990179,0.043200392483009234,3.4172038899527655,0.34172038899527657,0.03194101341068745,0.40313997864723206,0.04499904769990179,0.01322643438147174,0.0,0.11293809860944748,0.0031941013410687453,0.01322643438147174,0.0,0.012762977741658688,0.013481762260198593,0.015514143742620945,0.012890753336250782,0.02151445485651493,0.04615138843655586,0.07519930601119995,0.19609729945659637
72.0,0.38694893485969967,0.059308149735443294,2.858314162794647,0.047024833452370435,0.04997284337878227,3.180104242430793,0.3180104242430793,0.03041332649687926,0.38694893485969967,0.047024833452370435,0.018872349936929014,0.0,0.13637803081009123,0.003041332649687926,0.018872349936929014,0.0,0.012930570170283318,0.013588640838861465,0.015598984435200691,0.013094625435769558,0.021711748093366623,0.04729095846414566,0.074074886739254,0.27617478370666504
73.0,0.36959216164218056,0.04648113006260246,2.7985062415109305,0.04890099126431677,0.04943394867910279,3.011239343219333,0.3011239343219334,0.031039330901371107,0.36959216164218056,0.04890099126431677,0.016463290641291276,0.0,0.12545863538980484,0.003103933090137111,0.016463290641291276,0.0,0.012722590006887913,0.013455986976623535,0.015530037693679333,0.012844693847000599,0.021492281928658485,0.04585959017276764,0.07523887604475021,0.17470498383045197
74.0,0.3773290730184979,0.06844105245545506,2.9227532668633303,0.04922173751725091,0.04283678490254614,3.121274020936754,0.31212740209367545,0.03048741527729564,0.3773290730184979,0.04922173751725091,0.012931181997474697,0.0,0.11173535138368607,0.0030487415277295643,0.012931181997474697,0.0,0.013168363831937313,0.013763708993792534,0.015765342861413956,0.013340911827981472,0.02206631377339363,0.04822346568107605,0.07360342890024185,0.3475968837738037
75.0,0.3752845509184731,0.042560039670206606,2.8097237149667436,0.05683737641407384,0.04862545327179962,2.980104684829712,0.2980104684829712,0.02948999549779627,0.3752845509184731,0.05683737641407384,0.017487701442506578,0.0,0.13094722976287207,0.002948999549779627,0.017487701442506578,0.0,0.012681473046541214,0.013470855541527271,0.01567511260509491,0.012721020728349686,0.021614179015159607,0.04548493027687073,0.07714459300041199,0.14168815314769745
76.0,0.3673637393448088,0.04375724459532648,2.8178593252326434,0.06256940070953634,0.04783812537789345,2.854625529713101,0.2854625529713101,0.044401372886366315,0.3673637393448088,0.06256940070953634,0.014891645664142238,0.0,0.11897485786014134,0.004440137288636632,0.014891645664142238,0.0,0.012681442312896252,0.01340612955391407,0.015510567463934422,0.012797773815691471,0.021373359486460686,0.045650042593479156,0.07601474970579147,0.15262389183044434
77.0,0.3760002950827281,0.0751369392964989,2.939267119950414,0.04896315290696091,0.039852379717760615,3.1322642167409263,0.3132264216740926,0.030134294389022723,0.3760002950827281,0.04896315290696091,0.010797288786205981,0.0,0.10176241728994581,0.003013429438902272,0.010797288786205981,0.0,0.013232583180069923,0.013861261308193207,0.015683824196457863,0.013399623334407806,0.021861718967556953,0.04819607362151146,0.07333901524543762,0.4015214145183563
78.0,0.3624987039301131,0.04932895349338651,2.8053553506229716,0.052012683202823005,0.046988651984267764,2.9145218796200223,0.2914521879620023,0.028386052180495527,0.3624987039301131,0.052012683202823005,0.01619522583981355,0.0,0.12630363057057062,0.0028386052180495525,0.01619522583981355,0.0,0.012743671424686909,0.013436024077236652,0.015513288788497448,0.012890211306512356,0.02123909816145897,0.04594055935740471,0.07568059116601944,0.19718818366527557
79.0,0.35435396432876587,0.060325090773403645,2.843229133815508,0.058098146277997226,0.04711745637986395,2.7787253061930337,0.2778725306193034,0.03734961193468836,0.35435396432876587,0.058098146277997226,0.014648316376325157,0.0,0.11795397682322396,0.0037349611934688353,0.014648316376325157,0.0,0.01292677503079176,0.013604371808469296,0.015554353594779968,0.013076651841402054,0.02130698598921299,0.04674794524908066,0.07572981715202332,0.2836538255214691
80.0,0.36829950080977547,0.05765324109233916,2.914483268430031,0.04842596873641014,0.038606658577919006,3.066137817170885,0.30661378171708853,0.03054931780530347,0.36829950080977547,0.04842596873641014,0.010204813857045438,0.0,0.0988020905190044,0.0030549317805303473,0.010204813857045438,0.0,0.012840783223509789,0.013522462919354439,0.015490497462451458,0.012987862341105938,0.021374426782131195,0.046644147485494614,0.07487733662128448,0.26348841190338135
81.0,0.34619997772905564,0.0635675749508664,2.801119224848014,0.04582394680215253,0.044857277845342956,2.826357616318597,0.28263576163185966,0.028387649605671566,0.34619997772905564,0.04582394680215253,0.014901498850021098,0.0,0.12097847875621584,0.0028387649605671563,0.014901498850021098,0.0,0.012934896163642406,0.01356807816773653,0.015508132055401802,0.013095266185700893,0.021487781777977943,0.04700411483645439,0.07309449464082718,0.31184783577919006
82.0,0.3346796929836273,0.04674794140737504,2.764268886615151,0.04796388993660609,0.04594472278323439,2.69546631971995,0.269546631971995,0.03396540507674217,0.3346796929836273,0.04796388993660609,0.013772625890043046,0.0,0.11451136486397849,0.0033965405076742173,0.013772625890043046,0.0,0.012653195299208164,0.013333000242710114,0.015390442684292793,0.012808524072170258,0.021294835954904556,0.04546269774436951,0.07405075430870056,0.17899008095264435
83.0,0.3601265764898724,0.06569607241544873,2.9676424388869247,0.05363071213165919,0.03832504173947705,2.932862957318624,0.29328629573186243,0.035379702846209206,0.3601265764898724,0.05363071213165919,0.009671580486206545,0.0,0.09646015407310592,0.0035379702846209207,0.009671580486206545,0.0,0.013032295741140842,0.013643478974699974,0.015577216632664204,0.013199985958635807,0.021753445267677307,0.04708489775657654,0.07226018607616425,0.3290170729160309
84.0,0.342540153198772,0.044928265968337655,2.7760764086692484,0.05327389327188333,0.04320646801756488,2.7247853676478067,0.2724785367647807,0.031425248831510544,0.342540153198772,0.05327389327188333,0.013645200472739007,0.0,0.11565003958013323,0.0031425248831510547,0.013645200472739007,0.0,0.012670555151998997,0.01336051058024168,0.015463137999176979,0.012820763513445854,0.021326588466763496,0.045456502586603165,0.07530726492404938,0.1630208045244217
85.0,0.3349466903342141,0.05776676151435822,2.839640645547625,0.05752148727575938,0.04428385342988703,2.608537276585897,0.2608537276585897,0.037633567634556025,0.3349466903342141,0.05752148727575938,0.012808103476547532,0.0,0.11034757147232692,0.003763356763455603,0.012808103476547532,0.0,0.012876666150987148,0.013530803844332695,0.015498064458370209,0.013030262663960457,0.02136346325278282,0.04653361067175865,0.07502221316099167,0.26427900791168213
86.0,0.3450107557906045,0.07259807921946049,2.917385065976336,0.049743119420276746,0.03799051067067517,2.8314127922058105,0.2831412792205811,0.025785924245913822,0.3450107557906045,0.049743119420276746,0.009547762521025207,0.0,0.09594408174355824,0.0025785924245913822,0.009547762521025207,0.0,0.013204571790993214,0.013817139901220798,0.015661517158150673,0.013359196484088898,0.02185981720685959,0.04821687191724777,0.073543019592762,0.38112249970436096
87.0,0.32774219910303753,0.04870423802640289,2.7942662356148857,0.04870813339948654,0.04266825028591686,2.6304527786042957,0.2630452778604295,0.031025360338389874,0.32774219910303753,0.04870813339948654,0.012886245528029071,0.0,0.11225644250710805,0.0031025360338389875,0.012886245528029071,0.0,0.012785297818481922,0.013451451435685158,0.015569392591714859,0.012923752889037132,0.02146250195801258,0.04576122760772705,0.07641688734292984,0.19126339256763458
88.0,0.32609720528125763,0.07864591584075242,2.854391795467504,0.05753037892282009,0.04313826850718922,2.5331883562935724,0.2533188356293572,0.03332389208177725,0.32609720528125763,0.05753037892282009,0.01191559609853559,0.0,0.10639187031322056,0.0033323892081777253,0.01191559609853559,0.0,0.013377227820456028,0.01399304624646902,0.015808453783392906,0.013546486385166645,0.022138087078928947,0.048843830823898315,0.07432004809379578,0.42714014649391174
89.0,0.34010644422637093,0.048330468707717955,2.900544767413175,0.05779732308453984,0.038158697800503835,2.7023206022050648,0.27023206022050644,0.02545042998260922,0.34010644422637093,0.05779732308453984,0.009532008837494586,0.0,0.09604490051666896,0.002545042998260922,0.009532008837494586,0.0,0.012801381759345531,0.013459773734211922,0.015556497499346733,0.012936964631080627,0.02144075743854046,0.04591774567961693,0.07632419466972351,0.18820643424987793
90.0,0.3311706201897727,0.07111627759877592,2.930624852440742,0.057617372936672635,0.04308647848665714,2.569706082344055,0.2569706082344056,0.035932117659184665,0.3311706201897727,0.057617372936672635,0.01298942592822843,0.0,0.11269324521223704,0.0035932117659184673,0.01298942592822843,0.0,0.013147158548235893,0.013764305040240288,0.01557635422796011,0.013300454244017601,0.021702662110328674,0.047774795442819595,0.07379701733589172,0.3698674738407135
91.0,0.31168904734982383,0.049023799248971045,2.788435408010831,0.04922539182007313,0.04172227138446437,2.4846693674723306,0.24846693674723308,0.029682421642873023,0.31168904734982383,0.04922539182007313,0.011028471040642925,0.0,0.1025059926840994,0.0029682421642873024,0.011028471040642925,0.0,0.01275178324431181,0.013394196517765522,0.015514355152845383,0.012894821353256702,0.021392248570919037,0.04555875435471535,0.07584153860807419,0.19484269618988037
92.0,0.33117462860213387,0.07241064810659736,2.9960850345959207,0.05851123109459877,0.03927414119243622,2.5885133610831366,0.2588513361083137,0.036492637048165,0.33117462860213387,0.05851123109459877,0.010162800084799528,0.0,0.09932458814647463,0.0036492637048165005,0.010162800084799528,0.0,0.013160820119082928,0.013771380297839642,0.015585009008646011,0.013310139067471027,0.02175777405500412,0.047760073095560074,0.07306455075740814,0.38087543845176697
93.0,0.31581883794731563,0.05225715774577111,2.7911283334719728,0.052075684484508306,0.04292109008464548,2.479944626490275,0.2479944626490275,0.02845603444923957,0.31581883794731563,0.052075684484508306,0.012903089376373423,0.0,0.11225150277217229,0.0028456034449239574,0.012903089376373423,0.0,0.01279594749212265,0.013403004966676235,0.01548432745039463,0.01295473799109459,0.021299971267580986,0.045608703047037125,0.07561170309782028,0.22089886665344238
94.0,0.31350007984373307,0.06952520168852061,2.903562957802775,0.055831227658523455,0.040702432187067136,2.4358482228385077,0.24358482228385078,0.03557382048004203,0.31350007984373307,0.055831227658523455,0.010526640133725272,0.0,0.1006540060043335,0.0035573820480042035,0.010526640133725272,0.0,0.013091789558529854,0.013697728514671326,0.015543024986982346,0.013233094476163387,0.021647749468684196,0.04746434465050697,0.07309000939130783,0.35843387246131897
95.0,0.30733822451697457,0.05191599496174604,2.7347559152406613,0.0501432992104027,0.04038472721974055,2.433865918053521,0.24338659180535213,0.028259687436123688,0.30733822451697457,0.0501432992104027,0.010982356758581268,0.0,0.10350300537215339,0.0028259687436123695,0.010982356758581268,0.0,0.012822339311242104,0.013446388766169548,0.015487291850149632,0.012968167662620544,0.02134205400943756,0.04613585025072098,0.07556319236755371,0.21756267547607422
96.0,0.3074217173788283,0.06261300074402243,2.8331206488520535,0.05500699207186699,0.04307325432697932,2.3626257048712835,0.23626257048712837,0.03417162597179413,0.3074217173788283,0.05500699207186699,0.01273498839388291,0.0,0.11130061166154014,0.003417162597179413,0.01273498839388291,0.0,0.013010033406317234,0.013627908192574978,0.015542774461209774,0.013148719444870949,0.021558649837970734,0.04714149609208107,0.07556471973657608,0.3013097047805786
97.0,0.31740598380565643,0.05554451607167721,2.894656177428528,0.050073685538437634,0.038191280224257045,2.549211369620429,0.25492113696204294,0.026984755156768694,0.31740598380565643,0.050073685538437634,0.009712679466853539,0.0,0.09704579247368707,0.00269847551567687,0.009712679466853539,0.0,0.012861166149377823,0.013514918275177479,0.01553668174892664,0.013002442196011543,0.021544773131608963,0.04672035574913025,0.07511215656995773,0.24606363475322723
98.0,0.2959797912173801,0.058854756411165,2.833695261791269,0.046464783863888845,0.04167416277858946,2.3433898422453137,0.23433898422453142,0.02895319503214624,0.2959797912173801,0.046464783863888845,0.0122807035740051,0.0,0.1097048098842303,0.0028953195032146244,0.0122807035740051,0.0,0.012898411601781845,0.013523081317543983,0.015576723031699657,0.013055133633315563,0.021710477769374847,0.04685191065073013,0.07338304817676544,0.2738392651081085
99.0,0.2906172060304218,0.049410209991037846,2.767291269568729,0.05050501703388161,0.04232717346813944,2.2524086833000183,0.22524086833000187,0.030162460170686245,0.2906172060304218,0.05050501703388161,0.011855074618425634,0.0,0.10703623625967237,0.003016246017068625,0.011855074618425634,0.0,0.012721761129796505,0.013342454098165035,0.01541929505765438,0.012860482558608055,0.021311404183506966,0.04557981714606285,0.07465207576751709,0.19939438998699188
100.0,0.31088948746522266,0.0636645823251456,2.994320219818521,0.05529595249229007,0.038617875427007675,2.4224468999438815,0.24224468999438814,0.03459916181034512,0.31088948746522266,0.05529595249229007,0.009888914051569171,0.0,0.09823688036865658,0.0034599161810345124,0.009888914051569171,0.0,0.012964526191353798,0.01356731727719307,0.015459900721907616,0.013093724846839905,0.021463481709361076,0.04695532098412514,0.07409556210041046,0.31171682476997375
101.0,0.2907659295532439,0.060625734156928957,2.816612931914174,0.047649942338466644,0.0420120492991474,2.2790271176232233,0.22790271176232235,0.026830605541666348,0.2907659295532439,0.047649942338466644,0.012530205874807306,0.0,0.11088221768538158,0.002683060554166635,0.012530205874807306,0.0,0.012893282808363438,0.01349903829395771,0.015479878522455692,0.013027478940784931,0.021525463089346886,0.04680055007338524,0.07360796630382538,0.2881722152233124
102.0,0.2809358222617043,0.06124124932102859,2.82454277979553,0.04550055724879106,0.041322066345148616,2.2106011046303644,0.22106011046303645,0.029779630195763376,0.2809358222617043,0.04550055724879106,0.011397183407098055,0.0,0.10494263884094027,0.0029779630195763377,0.011397183407098055,0.0,0.012901823036372662,0.013495238497853279,0.015412748791277409,0.01303355023264885,0.021412920206785202,0.04635082185268402,0.07316145300865173,0.29416143894195557
103.0,0.2857424434688356,0.06516729411669075,2.900978509838614,0.045487212017178535,0.03974238514072365,2.2665225797229342,0.22665225797229344,0.029083179103003606,0.2857424434688356,0.045487212017178535,0.010694656365861496,0.0,0.10236408975389269,0.002908317910300361,0.010694656365861496,0.0,0.012997474521398544,0.01358557865023613,0.015449750237166882,0.013129216618835926,0.02148493565618992,0.0469990149140358,0.07401809096336365,0.3236742913722992
104.0,0.28433357841438717,0.05665761383716017,2.8319771353843533,0.04909956641495228,0.042182108387351036,2.1965846618016562,0.21965846618016563,0.029143657949235704,0.28433357841438717,0.04909956641495228,0.012661180407222774,0.0,0.11148504498932096,0.0029143657949235705,0.012661180407222774,0.0,0.012838048860430717,0.013448317535221577,0.015455703251063824,0.01296603586524725,0.021450433880090714,0.04639475420117378,0.07436317950487137,0.25634443759918213
105.0,0.27972164418962264,0.06060915591660887,2.9195509239227966,0.04669796199434333,0.03986755241122511,2.193305081791348,0.21933050817913477,0.028756566138731107,0.27972164418962264,0.04669796199434333,0.010817509041064315,0.0,0.10231227758857939,0.002875656613873111,0.010817509041064315,0.0,0.012898306362330914,0.013521960936486721,0.015568318776786327,0.01304512470960617,0.021734099835157394,0.046929482370615005,0.07277733087539673,0.2883986234664917
106.0,0.28489792512522805,0.043007881846278906,2.812192385331974,0.04880350621210204,0.04144446427623431,2.206568890147739,0.22065688901477393,0.03509308873779244,0.28489792512522805,0.04880350621210204,0.011928218623830212,0.0,0.10835859096712536,0.003509308873779244,0.011928218623830212,0.0,0.012684105895459652,0.013320147059857845,0.015498167835175991,0.012798245064914227,0.021485842764377594,0.045309584587812424,0.07539833337068558,0.14756862819194794
107.0,0.29040468401379055,0.06734913354739547,2.927580471701863,0.059042410304148994,0.042159380598200694,2.152348359425863,0.2152348359425863,0.03572480484015412,0.29040468401379055,0.059042410304148994,0.01255495504786571,0.0,0.11066543890370263,0.003572480484015412,0.01255495504786571,0.0,0.01310815941542387,0.013727988116443157,0.015833131968975067,0.013242175802588463,0.022101711481809616,0.047971684485673904,0.07427287846803665,0.338535338640213
108.0,0.30604972773128086,0.04356272262521088,2.9620622583297145,0.05872756325536304,0.0387041610148218,2.3452812830607095,0.23452812830607098,0.025385154514676996,0.30604972773128086,0.05872756325536304,0.01025551174663835,0.0,0.09996738781531651,0.0025385154514677,0.01025551174663835,0.0,0.012703481130301952,0.01334982831031084,0.015507204458117485,0.012815166264772415,0.021428268402814865,0.04537494108080864,0.07502003014087677,0.15230286121368408
109.0,0.2815450926621755,0.04818904201965779,2.872444721734905,0.05927591915759775,0.04130486357543203,2.0623547633488974,0.20623547633488976,0.040181002062227994,0.2815450926621755,0.05927591915759775,0.012015587598499324,0.0,0.10837590446074803,0.004018100206222799,0.012015587598499324,0.0,0.012735153548419476,0.013364392332732677,0.01548937987536192,0.012857934460043907,0.021391231566667557,0.045671816915273666,0.07484844326972961,0.1891539841890335
110.0,0.26577318211396533,0.06458437093533576,2.8218290786897495,0.048328197871645294,0.041464905358023114,2.024378332826826,0.20243783328268264,0.029085067825184927,0.26577318211396533,0.048328197871645294,0.012098640513916811,0.0,0.10825403531392415,0.002908506782518493,0.012098640513916811,0.0,0.013012177310883999,0.013644351623952389,0.015714047476649284,0.013137785717844963,0.02191125974059105,0.04750986769795418,0.0732826292514801,0.3184628486633301
111.0,0.28047867119312286,0.043383430573157966,2.928379663992217,0.051217755716707974,0.038639551856451564,2.157535023159451,0.21575350231594512,0.02937000317292081,0.28047867119312286,0.051217755716707974,0.010570404999372032,0.0,0.10142074277003606,0.002937000317292081,0.010570404999372032,0.0,0.012729473412036896,0.013353416696190834,0.015502534806728363,0.012843872420489788,0.021398430690169334,0.045425865799188614,0.07518747448921204,0.15062637627124786
112.0,0.2746616105238597,0.07193846884183586,2.938796657557764,0.0521870663182603,0.04193653538823128,2.065832257270813,0.20658322572708132,0.030415976006123755,0.2746616105238597,0.0521870663182603,0.012849713675677776,0.0,0.11224494543340471,0.0030415976006123754,0.012849713675677776,0.0,0.013291717506945133,0.013923915103077888,0.016071515157818794,0.013396508060395718,0.022477326914668083,0.04885810986161232,0.0763627216219902,0.3711259365081787
113.0,0.28144991397857666,0.04478027916047722,2.909374763405572,0.0664991442528036,0.04051015360487832,2.0108534892400107,0.20108534892400107,0.02193727840979894,0.28144991397857666,0.0664991442528036,0.011671690218564536,0.0,0.10613248497247696,0.0021937278409798946,0.011671690218564536,0.0,0.012744810432195663,0.013372055254876614,0.015529955737292767,0.012856627814471722,0.021438099443912506,0.045586828142404556,0.07526776194572449,0.16144609451293945
114.0,0.281523734331131,0.044634129269979894,2.9270646478134634,0.061797096911403865,0.040052999638848834,2.042607797516717,0.2042607797516717,0.04261372797191143,0.281523734331131,0.061797096911403865,0.011204480659216642,0.0,0.10476887805594338,0.004261372797191143,0.011204480659216642,0.0,0.012744876556098461,0.013351415283977985,0.015492449514567852,0.012860709801316261,0.02140451781451702,0.04546923190355301,0.07508980482816696,0.1606600284576416
115.0,0.26158813966645134,0.07756235892884433,2.8656804607394544,0.04846446981860532,0.04097216452161471,1.9822578562630548,0.19822578562630547,0.026451421487662528,0.26158813966645134,0.04846446981860532,0.012252739992820554,0.0,0.10948272628916635,0.002645142148766253,0.012252739992820554,0.0,0.013522745110094547,0.014111212454736233,0.01631329208612442,0.01364610530436039,0.022945847362279892,0.04949875921010971,0.0780993178486824,0.41236159205436707
116.0,0.28808070056968266,0.046953851357102394,3.02175209627287,0.07000180478725168,0.038866096486647926,2.0485697587331138,0.20485697587331134,0.02460891432646248,0.28808070056968266,0.07000180478725168,0.010761035347564353,0.0,0.10206358134746552,0.0024608914326462485,0.010761035347564353,0.0,0.012651132419705391,0.01325021032243967,0.015343580394983292,0.012781118042767048,0.021375004202127457,0.04498986154794693,0.07335807383060455,0.1818818300962448
117.0,0.27784017887380386,0.048143962980248034,2.9276196886323493,0.06093143050869306,0.04137100362115436,2.0018154647615223,0.20018154647615222,0.043736395322614245,0.27784017887380386,0.06093143050869306,0.012353558662450977,0.0,0.11017031967639923,0.0043736395322614245,0.012353558662450977,0.0,0.012657293118536472,0.013239657506346703,0.015319008380174637,0.012784495949745178,0.021315647289156914,0.04495624825358391,0.07323630899190903,0.19164304435253143
118.0,0.25978677802615696,0.07145413826219738,2.9030716142476347,0.051448056681288615,0.040697707484165825,1.930545323424869,0.19305453234248693,0.03185981988079018,0.25978677802615696,0.051448056681288615,0.012098203982330032,0.0,0.10839853352970547,0.003185981988079018,0.012098203982330032,0.0,0.013266761787235737,0.013844631612300873,0.01599891670048237,0.013386373408138752,0.02249249629676342,0.047959085553884506,0.0742611363530159,0.37042370438575745
119.0,0.2926991366677814,0.05383734009228647,3.00162727243665,0.06394672766327858,0.03849156780375375,2.157727837562561,0.2157727837562561,0.023828792799678113,0.2926991366677814,0.06394672766327858,0.010596747251434458,0.0,0.10154534131288528,0.002382879279967812,0.010596747251434458,0.0,0.01280204113572836,0.013434918597340584,0.015508169308304787,0.012922664172947407,0.0216249730437994,0.04599106311798096,0.07341447472572327,0.23500041663646698
120.0,0.25063058733940125,0.06029482767917216,2.890230165524975,0.05030073618723287,0.040290330433183245,1.8545966413285997,0.18545966413285997,0.029254613858130243,0.25063058733940125,0.05030073618723287,0.011944718969364962,0.0,0.10777295546399222,0.0029254613858130246,0.011944718969364962,0.0,0.012979761697351933,0.013624440878629684,0.01569279655814171,0.01306904572993517,0.02190130576491356,0.047438159584999084,0.07414016127586365,0.2835129499435425
121.0,0.24955959618091583,0.04738721845205873,2.8087763778121633,0.050423766382866435,0.040202540448970266,1.8448165522681341,0.18448165522681345,0.02673314532472028,0.24955959618091583,0.050423766382866435,0.01198085630312562,0.0,0.10757775439156426,0.002673314532472028,0.01198085630312562,0.0,0.012797832489013672,0.013434354215860367,0.01558046042919159,0.01290894765406847,0.021562935784459114,0.045911289751529694,0.07529336959123611,0.18160855770111084
122.0,0.261502785815133,0.05695659120101482,2.9838362296303336,0.052917924606137805,0.038418193037311234,1.9433055851194594,0.19433055851194594,0.033140590828326016,0.261502785815133,0.052917924606137805,0.010940236712081565,0.0,0.10317257212267981,0.0033140590828326013,0.010940236712081565,0.0,0.012906488962471485,0.01354746799916029,0.015612279064953327,0.013018311932682991,0.02178339846432209,0.04683438688516617,0.07406061887741089,0.2578897774219513
123.0,0.24868890477551353,0.045683054835535586,2.8152264078880425,0.045295492849416204,0.04070681085189184,1.881338013543023,0.1881338013543023,0.029679322408305273,0.24868890477551353,0.045295492849416204,0.012291682677136527,0.0,0.10964197003179127,0.0029679322408305273,0.012291682677136527,0.0,0.012761143036186695,0.013375389389693737,0.015531377866864204,0.012892172671854496,0.02155342884361744,0.04541943967342377,0.07462544739246368,0.16930603981018066
124.0,0.2581452810102039,0.056583358091302216,2.991662817837654,0.05410163104534149,0.03940306272771624,1.8919621308644612,0.18919621308644613,0.03470820188522339,0.2581452810102039,0.05410163104534149,0.011376604748268923,0.0,0.10458496544096205,0.0034708201885223387,0.011376604748268923,0.0,0.01289074681699276,0.01350685115903616,0.015556912869215012,0.013017389923334122,0.021742772310972214,0.04638073593378067,0.07321697473526001,0.2563544809818268
125.0,0.24770225087801614,0.04876916611101478,2.8548134772776432,0.044916924089193344,0.03991658157772488,1.8843517899513245,0.18843517899513246,0.02967103622439835,0.24770225087801614,0.044916924089193344,0.011383043964289956,0.0,0.10557300845781963,0.0029671036224398354,0.011383043964289956,0.0,0.012851469218730927,0.01337340660393238,0.015455313958227634,0.012975011020898819,0.021429266780614853,0.04554959386587143,0.07417812943458557,0.19434113800525665
126.0,0.2480521731906467,0.07196147309150547,2.91533133701435,0.053428711369633675,0.03968793050282531,1.799111055003272,0.17991110550032724,0.03163771558966902,0.2480521731906467,0.053428711369633675,0.011548586138006713,0.0,0.10601485355032815,0.0031637715589669015,0.011548586138006713,0.0,0.013237263076007366,0.013803462497889996,0.01585262641310692,0.013356107287108898,0.02218198962509632,0.04813399538397789,0.073825903236866,0.37530043721199036
127.0,0.2622256593571769,0.043628714280202985,2.890464384634134,0.058669199960099325,0.03800054950018724,1.9061695800887213,0.19061695800887213,0.024939909991290834,0.2622256593571769,0.058669199960099325,0.010445508795479933,0.0,0.10053612457381354,0.0024939909991290835,0.010445508795479933,0.0,0.01277870312333107,0.01334371231496334,0.015503151342272758,0.012910883873701096,0.021540353074669838,0.045323003083467484,0.07448022812604904,0.15314967930316925
128.0,0.25160497592555153,0.054397100349888206,2.9886012442213143,0.05840087723400858,0.040230052545666695,1.773731403880649,0.17737314038806493,0.03833607832590739,0.25160497592555153,0.05840087723400858,0.011997347542395195,0.0,0.10815933015611437,0.003833607832590739,0.011997347542395195,0.0,0.012890375219285488,0.013530143536627293,0.015610594302415848,0.012995891273021698,0.02188274823129177,0.04622277989983559,0.07280199974775314,0.23924227058887482
129.0,0.23534621629450056,0.03945923189166933,2.880126315307343,0.04703289539449745,0.039113842571775116,1.7361203365855746,0.17361203365855749,0.03135679124130143,0.23534621629450056,0.04703289539449745,0.011565606161538098,0.0,0.10572938207123014,0.003135679124130143,0.011565606161538098,0.0,0.012818779796361923,0.013483764603734016,0.015711013227701187,0.012870273552834988,0.02181636169552803,0.0454191118478775,0.0758385956287384,0.11771595478057861
130.0,0.24686352908611298,0.0585594866424799,2.9789620759413653,0.05025327412618531,0.03892118235429128,1.8244775136311848,0.18244775136311853,0.03101913444697857,0.24686352908611298,0.05025327412618531,0.011060590907517407,0.0,0.10343917790386412,0.0031019134446978575,0.011060590907517407,0.0,0.013093494810163975,0.01376648060977459,0.01593579538166523,0.01315887738019228,0.022415412589907646,0.047436248511075974,0.07417083531618118,0.2684987485408783
131.0,0.24873175554805332,0.040235960856080055,2.895494989506997,0.052791953914695315,0.04091798928048876,1.8015294472376506,0.18015294472376506,0.02971932219548358,0.24873175554805332,0.052791953914695315,0.012814919826471143,0.0,0.1116664707660675,0.0029719322195483574,0.012814919826471143,0.0,0.012777836993336678,0.013432884588837624,0.01570752263069153,0.012838385999202728,0.021877385675907135,0.045139554888010025,0.07556814700365067,0.12454596906900406
132.0,0.25781988766458297,0.054510634392499924,3.099819641664025,0.060705008606115975,0.03753869173427423,1.8244488901562161,0.18244488901562161,0.03820844946636094,0.25781988766458297,0.060705008606115975,0.010849141308830844,0.0,0.1022354695532057,0.0038208449466360945,0.010849141308830844,0.0,0.012953154742717743,0.013616297394037247,0.015742836520075798,0.013024257495999336,0.022116880863904953,0.0463956817984581,0.0725487619638443,0.23968720436096191
133.0,0.2430670162041982,0.04086653655394912,2.9260365310267455,0.051064005535509854,0.04014750694235166,1.7685290310117934,0.17685290310117932,0.029213094669911597,0.2430670162041982,0.051064005535509854,0.012228798121213913,0.0,0.10927437245845795,0.0029213094669911597,0.012228798121213913,0.0,0.012807177379727364,0.013472351245582104,0.015665989369153976,0.012880639173090458,0.021771838888525963,0.045360859483480453,0.07507727295160294,0.1298961639404297
134.0,0.2417911340792974,0.05139240634161979,2.996470434757112,0.054631638858053416,0.03866446970237626,1.7219969696468778,0.1721996969646878,0.03298546208275689,0.2417911340792974,0.054631638858053416,0.01166124465978808,0.0,0.10601650675137837,0.0032985462082756895,0.01166124465978808,0.0,0.012962928973138332,0.013646051287651062,0.0157642662525177,0.013019699603319168,0.022014537826180458,0.04672400280833244,0.07527942955493927,0.21172833442687988
135.0,0.25115371578269535,0.054599588038399816,2.9430100646096515,0.0489960043794579,0.03742974458469285,1.8873483339945476,0.18873483339945477,0.02552244977818595,0.25115371578269535,0.0489960043794579,0.010870626972367367,0.0,0.102531841231717,0.002552244977818595,0.010870626972367367,0.0,0.012999874539673328,0.01373229268938303,0.015901194885373116,0.012976041063666344,0.022260405123233795,0.04673461243510246,0.07507098466157913,0.23712129890918732
136.0,0.22465289301342434,0.048618987086229026,2.8579414325095343,0.04619701537821028,0.03932775412168768,1.6363437970479329,0.1636343797047933,0.029160796975096066,0.22465289301342434,0.04619701537821028,0.011905418760660622,0.0,0.10756877064704895,0.0029160796975096067,0.011905418760660622,0.0,0.012921308167278767,0.013614998199045658,0.01574837975203991,0.012957627885043621,0.02203207090497017,0.04600083455443382,0.07470069825649261,0.19097597897052765
137.0,0.22619146936469608,0.0556115087820217,2.9268246471300565,0.047434043139219284,0.037855044628183045,1.6495479941368103,0.16495479941368102,0.026389335385627218,0.22619146936469608,0.047434043139219284,0.011163688368267484,0.0,0.10368369933631685,0.0026389335385627218,0.011163688368267484,0.0,0.01298906747251749,0.013651929795742035,0.01576363481581211,0.01306411623954773,0.022175464779138565,0.04667104780673981,0.07286686450242996,0.2477099448442459
138.0,0.22965205212434134,0.04191079654265195,2.8741425416575104,0.049036472828851804,0.03806739259097311,1.6589404675695631,0.16589404675695635,0.03511504673709472,0.22965205212434134,0.049036472828851804,0.011210021355913745,0.0,0.10459668685992558,0.0035115046737094727,0.011210021355913745,0.0,0.012806546874344349,0.013447756879031658,0.015730971470475197,0.012887070886790752,0.021978747099637985,0.045238085091114044,0.0758415088057518,0.13735568523406982
139.0,0.23509690331088173,0.05734586529433727,2.9793836972750305,0.06330479722883967,0.03774127922952175,1.5661673943201702,0.156616739432017,0.037969640352659755,0.23509690331088173,0.06330479722883967,0.011378413014527824,0.0,0.104908244477378,0.003796964035265976,0.011378413014527824,0.0,0.013044014573097229,0.013710586354136467,0.0158242117613554,0.013117315247654915,0.022242778912186623,0.04712720960378647,0.07347109913825989,0.2602297067642212
140.0,0.2324017799562878,0.03918596776202321,2.8700522780859288,0.052525147795677185,0.036449810283051595,1.6654661297798157,0.16654661297798157,0.027558134040898748,0.2324017799562878,0.052525147795677185,0.010574199828422733,0.0,0.10083435061905119,0.0027558134040898746,0.010574199828422733,0.0,0.012831730768084526,0.013492693193256855,0.015729203820228577,0.012881423346698284,0.021927742287516594,0.04531526565551758,0.07554157078266144,0.11576811224222183
141.0,0.2271601458390554,0.05986239667981863,3.0190143729922,0.05388136808243063,0.038263191365533404,1.5826651785108778,0.15826651785108778,0.03299066817594899,0.2271601458390554,0.05388136808243063,0.011713191245992979,0.0,0.10675392962164348,0.0032990668175948996,0.011713191245992979,0.0,0.013170037418603897,0.01384609192609787,0.016033388674259186,0.013215901330113411,0.022564789280295372,0.047673773020505905,0.07471327483654022,0.2776819169521332
142.0,0.23302036854955885,0.04143140488304198,3.0176339100231346,0.05793674083219634,0.03703044748140706,1.6117458740870159,0.16117458740870158,0.025263992034726672,0.23302036854955885,0.05793674083219634,0.011382634337577555,0.0,0.10448615087403192,0.002526399203472667,0.011382634337577555,0.0,0.012822714634239674,0.013502904213964939,0.015728414058685303,0.012854678556323051,0.021900037303566933,0.04522062465548515,0.07509929686784744,0.13432256877422333
143.0,0.23865192963017356,0.04613083181902766,2.975861628186673,0.058981196127004094,0.038402301569779716,1.644879115952386,0.1644879115952386,0.03911572549906042,0.23865192963017356,0.058981196127004094,0.011271238327026367,0.0,0.10469984511534373,0.003911572549906043,0.011271238327026367,0.0,0.012823720462620258,0.013464435935020447,0.015609248541295528,0.012916415929794312,0.021727241575717926,0.04549577832221985,0.07412077486515045,0.17288903892040253
144.0,0.22054599887794918,0.06095406215172261,2.933530595455353,0.04744101191560427,0.03791766779290305,1.5853249298201666,0.1585324929820167,0.02785046398639679,0.22054599887794918,0.04744101191560427,0.011787440213892195,0.0,0.10682380282216603,0.002785046398639679,0.011787440213892195,0.0,0.013023525476455688,0.0136506212875247,0.01573578454554081,0.013109991326928139,0.022088956087827682,0.04682730510830879,0.07232406735420227,0.2908722460269928
145.0,0.2337511678536733,0.03812920954078436,2.931610970404099,0.050174060381121106,0.03553706324762768,1.700662526819441,0.1700662526819441,0.032396973938577704,0.2337511678536733,0.050174060381121106,0.010271150670531724,0.0,0.09954832411474651,0.0032396973938577708,0.010271150670531724,0.0,0.012776398099958897,0.01340792328119278,0.01565593294799328,0.012862379662692547,0.021814992651343346,0.045210324227809906,0.07494635134935379,0.10835937410593033
146.0,0.2236904501914978,0.06346231792122126,2.9955221258805094,0.05988441821601656,0.03796685921649138,1.4859841730859544,0.14859841730859547,0.03489040811028746,0.2236904501914978,0.05988441821601656,0.011718578222725127,0.0,0.10658832805024253,0.003489040811028745,0.011718578222725127,0.0,0.013148478232324123,0.013792995363473892,0.015945203602313995,0.013216898776590824,0.022383444011211395,0.04755690321326256,0.07400190830230713,0.30765271186828613
147.0,0.22216237088044485,0.037535603740252554,2.891947684051375,0.057106336371766195,0.03606258146464825,1.5140603449609544,0.15140603449609544,0.024911851208243106,0.22216237088044485,0.057106336371766195,0.01115881253240837,0.0,0.1036921458111869,0.0024911851208243106,0.01115881253240837,0.0,0.01278951670974493,0.013437215238809586,0.015653876587748528,0.012861154973506927,0.021806620061397552,0.04515582695603371,0.07470319420099258,0.10387742519378662
148.0,0.22162827518251207,0.05273644102271646,3.0329396481628272,0.05707838055160311,0.03740320706533061,1.492630163828532,0.14926301638285316,0.037037540641095906,0.22162827518251207,0.05707838055160311,0.011583116681625446,0.0,0.10588732361793518,0.003703754064109591,0.011583116681625446,0.0,0.012970762327313423,0.013669144362211227,0.0158391073346138,0.012979320250451565,0.022259866818785667,0.046467751264572144,0.0730029046535492,0.22470267117023468
149.0,0.21560005098581314,0.0476489084539935,2.9796185802529487,0.047210259156094656,0.03646621170143286,1.5397665898005168,0.15397665898005167,0.030445378066764936,0.21560005098581314,0.047210259156094656,0.011368592373198934,0.0,0.10436694241232342,0.003044537806676494,0.011368592373198934,0.0,0.012972536496818066,0.013703232631087303,0.015961268916726112,0.012905940413475037,0.022182021290063858,0.046131253242492676,0.07641608268022537,0.18091893196105957
150.0,0.22487561404705048,0.06233636580873281,3.0215716502618832,0.051100118913584285,0.036173767513699,1.5972434613439772,0.1597243461343977,0.030379811094866857,0.22487561404705048,0.051100118913584285,0.01101316547849112,0.0,0.10314671198527019,0.003037981109486686,0.01101316547849112,0.0,0.013194422237575054,0.013932276517152786,0.016192326322197914,0.01314525492489338,0.022816186770796776,0.04804234951734543,0.07535073161125183,0.2960173785686493
151.0,0.217762753367424,0.047487459378317,2.9183432572491004,0.052157327325807676,0.0376196965161297,1.5077859626875982,0.15077859626875983,0.029456018677188292,0.217762753367424,0.052157327325807676,0.011881229571170278,0.0,0.10711322393682268,0.002945601867718829,0.011881229571170278,0.0,0.012952323071658611,0.01368812844157219,0.01600087806582451,0.012885999865829945,0.02223985083401203,0.04619906097650528,0.07723155617713928,0.17870187759399414
152.0,0.2285775492588679,0.0568772527622059,3.0703948073524243,0.061471727987130485,0.03544358557297124,1.5259540014796786,0.15259540014796788,0.03811305885513624,0.2285775492588679,0.061471727987130485,0.010699107570366727,0.0,0.10140784664286508,0.0038113058855136234,0.010699107570366727,0.0,0.013035316951572895,0.013760805130004883,0.015991441905498505,0.013005668297410011,0.022483667358756065,0.047084253281354904,0.07366883754730225,0.2559880316257477
153.0,0.2099718600511551,0.047747017932124436,3.017898306691318,0.04966717358264658,0.03710858151316643,1.4565174380938213,0.14565174380938214,0.028870341161059007,0.2099718600511551,0.04966717358264658,0.01176590813944737,0.0,0.10669234974516763,0.002887034116105901,0.01176590813944737,0.0,0.012937850318849087,0.013655311428010464,0.015916429460048676,0.012886890210211277,0.022115232422947884,0.045855745673179626,0.07566133141517639,0.18294735252857208
154.0,0.21750922832224104,0.05181997059844434,3.0915488298639975,0.053479931213789515,0.035772319676147565,1.495114313231574,0.14951143132315745,0.031224087087644473,0.21750922832224104,0.053479931213789515,0.011395447783999972,0.0,0.10468078321880764,0.003122408708764447,0.011395447783999972,0.0,0.013058844022452831,0.013766244053840637,0.015892066061496735,0.013067790307104588,0.022243039682507515,0.04714897274971008,0.07519907504320145,0.2141837328672409
155.0,0.21883415513568455,0.040172266541048884,2.9271581475401476,0.04946081443793244,0.03571896503369013,1.5597795579168532,0.1559779557916853,0.027093792541159525,0.21883415513568455,0.04946081443793244,0.010685995065917572,0.0,0.10172477116187413,0.0027093792541159527,0.010685995065917572,0.0,0.012911725789308548,0.013579241000115871,0.015785692259669304,0.012962420471012592,0.021949492394924164,0.04573661834001541,0.07584519684314728,0.1226077452301979
156.0,0.21235019299719068,0.06396570825017989,2.983284110556051,0.04991605319082737,0.03700700091818968,1.4803777469529047,0.14803777469529047,0.029167826804849837,0.21235019299719068,0.04991605319082737,0.011479577049612999,0.0,0.10535827693012026,0.002916782680484984,0.011479577049612999,0.0,0.013275636360049248,0.013934187591075897,0.016157815232872963,0.013318788260221481,0.022792844101786613,0.04794616252183914,0.07515373826026917,0.3091464936733246
157.0,0.22135335206985474,0.04127906169742346,2.9789800178895582,0.05975420503980584,0.03451311174366209,1.4879326687918768,0.1487932668791877,0.02574846686588393,0.22135335206985474,0.05975420503980584,0.010231032760606872,0.0,0.09931319703658421,0.0025748466865883938,0.010231032760606872,0.0,0.012809965759515762,0.013498969376087189,0.015734892338514328,0.012842264026403427,0.02198125794529915,0.04546401649713516,0.07533813267946243,0.13256299495697021
158.0,0.21582572989993626,0.04166398011147976,3.0001151389970064,0.06173831762539016,0.03656480751103825,1.383365790049235,0.1383365790049235,0.04347705137398508,0.21582572989993626,0.06173831762539016,0.011403126952548822,0.0,0.10507639911439684,0.004347705137398508,0.011403126952548822,0.0,0.012812941335141659,0.01349598914384842,0.01573179103434086,0.012840240262448788,0.021956726908683777,0.04541692137718201,0.07510456442832947,0.1359526664018631
159.0,0.20802822212378183,0.06081311183515936,3.0891798346793946,0.05142445427676042,0.03468260520862208,1.4241985612445407,0.1424198561244541,0.030873070574469037,0.20802822212378183,0.05142445427676042,0.011096601529667774,0.0,0.10334848446978463,0.003087307057446904,0.011096601529667774,0.0,0.013268258422613144,0.013956187292933464,0.01621144451200962,0.01328547764569521,0.022880032658576965,0.04800759628415108,0.07536551356315613,0.2835303843021393
160.0,0.20981591277652317,0.04262983682565391,2.997814597092958,0.05989412901302179,0.03520882108973132,1.3673140009244282,0.13673140009244283,0.025143010541796684,0.20981591277652317,0.05989412901302179,0.010676076066576771,0.0,0.10156189401944478,0.002514301054179669,0.010676076066576771,0.0,0.01287548616528511,0.013577854260802269,0.015851225703954697,0.012863470241427422,0.022103669121861458,0.04559596627950668,0.07570893317461014,0.1424620896577835
161.0,0.2152834932009379,0.05507818318437785,3.1024842609849195,0.05584202996558613,0.035529683654507004,1.448637584845225,0.14486375848452251,0.03556773852970865,0.2152834932009379,0.05584202996558613,0.011020931570480267,0.0,0.10286453945769204,0.003556773852970865,0.011020931570480267,0.0,0.013055366463959217,0.013757183216512203,0.01595574989914894,0.013055435381829739,0.022491659969091415,0.047093961387872696,0.07336406409740448,0.2418520450592041
162.0,0.2228247970342636,0.048365984694100916,3.024472788353943,0.050199595383471914,0.033279695030715734,1.5985520548290677,0.15985520548290677,0.028597463957137532,0.2228247970342636,0.050199595383471914,0.00991024413249559,0.0,0.09787023564179738,0.0028597463957137532,0.00991024413249559,0.0,0.01294704806059599,0.013677106238901615,0.015929726883769035,0.012897458858788013,0.02218921296298504,0.045983366668224335,0.07559259980916977,0.18771135807037354
163.0,0.19914682540628645,0.050471991300582886,2.96649448846943,0.05375064681801531,0.03514683639837636,1.3126363886727228,0.1312636388672723,0.0328495419687695,0.19914682540628645,0.05375064681801531,0.010847583723564943,0.0,0.10220769710010952,0.00328495419687695,0.010847583723564943,0.0,0.013027431443333626,0.013726482167840004,0.015841007232666016,0.013051573187112808,0.022186439484357834,0.04684973880648613,0.07515620440244675,0.20393705368041992
164.0,0.2007591434650951,0.057923012995161116,2.9831478965304554,0.051457155495882034,0.0335829011682007,1.3647121124797397,0.13647121124797398,0.024206407885584567,0.2007591434650951,0.051457155495882034,0.010410132248782449,0.0,0.10009204099575679,0.0024206407885584568,0.010410132248782449,0.0,0.013085159473121166,0.013828486204147339,0.016010083258152008,0.013029618188738823,0.022464502602815628,0.047254592180252075,0.07469448447227478,0.2630171775817871
165.0,0.1921353903081682,0.04537054861430079,3.041389962707943,0.04466469854944282,0.03543327231374052,1.3323195709122553,0.1332319570912255,0.029883890723188717,0.1921353903081682,0.04466469854944282,0.011250340845435858,0.0,0.10422006166643566,0.002988389072318872,0.011250340845435858,0.0,0.012859074398875237,0.013555516488850117,0.015743298456072807,0.012874744832515717,0.02201259881258011,0.04562840238213539,0.07457131892442703,0.1657194346189499
166.0,0.2153846969207128,0.05577253841329366,3.297105596424459,0.05220253931151496,0.03435600135061476,1.4873993462986417,0.14873993462986418,0.03355851728055212,0.2153846969207128,0.05220253931151496,0.011086363759305742,0.0,0.1028615062435468,0.003355851728055212,0.011086363759305742,0.0,0.013048780150711536,0.013711624778807163,0.015875810757279396,0.013089695014059544,0.022377118468284607,0.04683955758810043,0.07302645593881607,0.24821126461029053
167.0,0.20944507006141874,0.04011992074083537,3.090757780944676,0.05147784948348999,0.03582639992237091,1.4373476107915242,0.14373476107915242,0.031184022314846516,0.20944507006141874,0.05147784948348999,0.011114056894762648,0.0,0.10385881033208635,0.003118402231484652,0.011114056894762648,0.0,0.0128446901217103,0.013515865430235863,0.01576434262096882,0.012886105105280876,0.02200876548886299,0.04541916772723198,0.0751400887966156,0.12338034063577652
168.0,0.19936919543478224,0.056815364863723516,3.087977165391541,0.05037740266157521,0.03423992792765299,1.3514710466066997,0.13514710466066995,0.03217570732037226,0.19936919543478224,0.05037740266157521,0.010627114162262943,0.0,0.1014965209696028,0.0032175707320372267,0.010627114162262943,0.0,0.013091305270791054,0.013810821808874607,0.016006240621209145,0.013076351024210453,0.022543923929333687,0.04729210212826729,0.07356136292219162,0.2551408112049103
169.0,0.2120111518436008,0.04854702530428767,2.98505077378312,0.0488822174568971,0.03258381225168705,1.5031150380770366,0.15031150380770367,0.03088468427045478,0.2120111518436008,0.0488822174568971,0.009728960848102966,0.0,0.09709747383991878,0.0030884684270454776,0.009728960848102966,0.0,0.01302312407642603,0.013782371766865253,0.016061818227171898,0.012938188388943672,0.022369874641299248,0.046643517911434174,0.07735072821378708,0.18620657920837402
170.0,0.19256182346079084,0.06729039270430803,3.045216408872405,0.05275566544797686,0.0341027213467492,1.2622237271732755,0.12622237271732756,0.030926628452208307,0.19256182346079084,0.05275566544797686,0.010491122129476733,0.0,0.1007362347510126,0.0030926628452208308,0.010491122129476733,0.0,0.013411377556622028,0.014167983084917068,0.016463996842503548,0.013348733074963093,0.023244637995958328,0.04910815879702568,0.07738465815782547,0.33119359612464905
171.0,0.20870723327000937,0.05153696960769594,3.0320145152123152,0.06663978844881058,0.03286647838022974,1.2975971433851454,0.12975971433851455,0.02227677270356152,0.20870723327000937,0.06663978844881058,0.010080053315808376,0.0,0.09851588391595417,0.0022276772703561524,0.010080053315808376,0.0,0.01304017473012209,0.013804148882627487,0.016076119616627693,0.012937144376337528,0.02235996536910534,0.04677550867199898,0.0768662765622139,0.21043641865253448
172.0,0.19844600723849404,0.04610929184127599,3.0087395235942482,0.058180041818155184,0.03471947544150882,1.2526907788382635,0.12526907788382638,0.03989269294672542,0.19844600723849404,0.058180041818155184,0.011007613968104124,0.0,0.10303491271204418,0.003989269294672543,0.011007613968104124,0.0,0.012919009663164616,0.013624238781630993,0.01586863584816456,0.012903326191008091,0.022103888913989067,0.04583291336894035,0.07531091570854187,0.17031140625476837
173.0,0.1982387759619289,0.05823924206197262,3.123884485131053,0.04869148549106386,0.032532087009814054,1.3632252216339111,0.13632252216339114,0.028843778495987255,0.1982387759619289,0.04869148549106386,0.01034038539768921,0.0,0.09976996895339754,0.002884377849598726,0.01034038539768921,0.0,0.013045420870184898,0.013690158724784851,0.015832234174013138,0.013104455545544624,0.022263895720243454,0.046871036291122437,0.07244526594877243,0.2686614692211151
174.0,0.19217573520210054,0.03775706433225423,3.0301967738890325,0.049347777333524495,0.034469425678253174,1.285912765396966,0.1285912765396966,0.03266845281339354,0.19217573520210054,0.049347777333524495,0.010969833263920413,0.0,0.10283199614948696,0.0032668452813393537,0.010969833263920413,0.0,0.012821385636925697,0.013449976220726967,0.015694497153162956,0.01290410477668047,0.021912695840001106,0.04555413872003555,0.07536008954048157,0.10435962677001953
175.0,0.2112063252263599,0.05559418152552098,3.2842021456847164,0.06021376699209213,0.03325095296733909,1.36706895298428,0.136706895298428,0.035606026028593384,0.2112063252263599,0.06021376699209213,0.01072505685604281,0.0,0.10132309711641735,0.003560602602859338,0.01072505685604281,0.0,0.013125701807439327,0.013820711523294449,0.015998296439647675,0.013131309300661087,0.022539295256137848,0.04736492037773132,0.07386960834264755,0.24490360915660858
176.0,0.19996252159277597,0.044613577774725854,3.083596681879075,0.05247694274617566,0.0334316450688574,1.3421113755967882,0.1342111375596788,0.027132816198799346,0.19996252159277597,0.05247694274617566,0.010561150860869221,0.0,0.1012734141614702,0.002713281619879935,0.010561150860869221,0.0,0.012957683764398098,0.01367333997040987,0.015952594578266144,0.012916277162730694,0.02223682403564453,0.04610205814242363,0.0760551169514656,0.15701472759246826
177.0,0.19189548161294726,0.05967721017077565,3.1234045413713267,0.054358447384503156,0.03263661699990431,1.2411850425932143,0.12411850425932142,0.032391957524749965,0.19189548161294726,0.054358447384503156,0.010179332457482815,0.0,0.09933530456489986,0.0032391957524749975,0.010179332457482815,0.0,0.013211822137236595,0.01393094938248396,0.016164081171154976,0.01319092232733965,0.02278069406747818,0.047935377806425095,0.0747787281870842,0.27542510628700256
178.0,0.20541854037178886,0.04545619303826243,2.994133907017152,0.05521759556399451,0.031579709922273956,1.3800059954325359,0.13800059954325358,0.0264779646984405,0.20541854037178886,0.05521759556399451,0.009552545897248719,0.0,0.09626028024488026,0.00264779646984405,0.009552545897248719,0.0,0.012971239164471626,0.013717387802898884,0.016000552102923393,0.012906698510050774,0.022320972755551338,0.04647614061832428,0.07743649929761887,0.16182005405426025
179.0,0.19644025795989567,0.05694725690409541,3.0707824425810926,0.05854602323638068,0.03330300375819206,1.2378649645381503,0.12378649645381505,0.03785681683156225,0.19644025795989567,0.05854602323638068,0.010322049260139465,0.0,0.09994114604261187,0.003785681683156226,0.010322049260139465,0.0,0.013079107739031315,0.013814898207783699,0.016029415652155876,0.01304121594876051,0.02256036549806595,0.04737132042646408,0.07465053349733353,0.25503119826316833
180.0,0.1859954314099418,0.049563473206944764,2.9729543090722683,0.04853689608474573,0.03178398683667183,1.2473804818259344,0.12473804818259346,0.02996972306734986,0.1859954314099418,0.04853689608474573,0.009723513387143612,0.0,0.09669737766186397,0.0029969723067349856,0.009723513387143612,0.0,0.01298693660646677,0.013739213347434998,0.016001874580979347,0.012905418872833252,0.02230043150484562,0.04641197994351387,0.07652963697910309,0.19563229382038116
181.0,0.1821040478017595,0.05185374920256436,3.013484499160919,0.05300066971944438,0.03305213153362274,1.152099953757392,0.11520999537573921,0.033436502433485456,0.1821040478017595,0.05300066971944438,0.010549733001324866,0.0,0.10087471538119847,0.0033436502433485454,0.010549733001324866,0.0,0.013044648803770542,0.013760888017714024,0.015886209905147552,0.01304403506219387,0.02225675992667675,0.046818505972623825,0.07523050904273987,0.21478843688964844
182.0,0.18767218871249092,0.06141239055432379,3.086550466307999,0.05112477454046408,0.031559117345346346,1.2400991651746962,0.12400991651746963,0.024710933367411297,0.18767218871249092,0.05112477454046408,0.010066402144730091,0.0,0.09845637944009569,0.0024710933367411304,0.010066402144730091,0.0,0.013155851513147354,0.01393825188279152,0.01613822765648365,0.013021338731050491,0.0226290225982666,0.04777858033776283,0.07555341720581055,0.28908443450927734
183.0,0.17870876441399255,0.048842960968613625,3.1038688852914342,0.04350731583933035,0.03321137196487851,1.2159846358829074,0.12159846358829074,0.03036759855846564,0.17870876441399255,0.04350731583933035,0.01056622201576829,0.0,0.10096778886185752,0.0030367598558465633,0.01056622201576829,0.0,0.012908626347780228,0.01364931371062994,0.01585441082715988,0.012873823754489422,0.022164175286889076,0.046369098126888275,0.07594253867864609,0.1909817010164261
184.0,0.19460966189702353,0.0537896720925346,3.2888773358221446,0.05126342632704311,0.03235970044301616,1.2937934464878507,0.1293793446487851,0.03397791584332784,0.19460966189702353,0.05126342632704311,0.010569097163776556,0.0,0.10046673483318752,0.003397791584332784,0.010569097163776556,0.0,0.01308347936719656,0.013774106279015541,0.01597907580435276,0.01308402605354786,0.022532258182764053,0.047397468239068985,0.07402391731739044,0.2304430454969406
185.0,0.19275031901068157,0.0436342105967924,3.08309979345155,0.05220215850406223,0.0328501220792532,1.2693647013770208,0.1269364701377021,0.031145103172295623,0.19275031901068157,0.05220215850406223,0.01049717805451817,0.0,0.10087878836525811,0.003114510317229563,0.01049717805451817,0.0,0.012903252616524696,0.01360941119492054,0.015875855460762978,0.012887970544397831,0.022158004343509674,0.0459425151348114,0.0759170725941658,0.14977960288524628
186.0,0.18170461720890468,0.06019265647046268,3.1208426775714155,0.04948749993410376,0.03167793961862723,1.1898509528901842,0.11898509528901842,0.032114491073621645,0.18170461720890468,0.04948749993410376,0.010020567311180962,0.0,0.09852668394645055,0.003211449107362164,0.010020567311180962,0.0,0.013146835379302502,0.013909298926591873,0.016131160780787468,0.01307846698909998,0.022700589150190353,0.04780225828289986,0.07509981095790863,0.2796728312969208
187.0,0.19155745870537227,0.05292187468148768,2.998609326758385,0.04888139623734686,0.030867291821373835,1.301979296737247,0.1301979296737247,0.031158621112505596,0.19155745870537227,0.04888139623734686,0.009362267744210031,0.0,0.0953097856707043,0.0031158621112505596,0.009362267744210031,0.0,0.013141187839210033,0.013927033171057701,0.016207866370677948,0.012965834699571133,0.022604873403906822,0.047555048018693924,0.07905960083007812,0.21791355311870575
188.0,0.1818966137038337,0.06494936044327915,3.0709000683785126,0.05036895266837544,0.03217177465558052,1.182855486869812,0.11828554868698121,0.03259917224446932,0.1818966137038337,0.05036895266837544,0.009982194441060225,0.0,0.09828993926445644,0.0032599172244469326,0.009982194441060225,0.0,0.0132498973980546,0.014054810628294945,0.01629766635596752,0.013108125887811184,0.02292480878531933,0.04840594157576561,0.0764833316206932,0.3150703012943268
189.0,0.18410993367433548,0.054711319389753044,3.024844820159232,0.05108949003948106,0.030901613955696423,1.2063759764035542,0.1206375976403554,0.030071403003401227,0.18410993367433548,0.05108949003948106,0.009375705797639158,0.0,0.09494144635068046,0.0030071403003401223,0.009375705797639158,0.0,0.013138102367520332,0.013930452056229115,0.01620355062186718,0.01293717510998249,0.022581417113542557,0.04763812944293022,0.07897964119911194,0.23228208720684052
190.0,0.17368567983309427,0.06617807655129582,3.0741989371174183,0.0469517202840911,0.032291090943747096,1.1336386402448018,0.11336386402448019,0.03137869325776895,0.17368567983309427,0.0469517202840911,0.01023222537090381,0.0,0.09942721989419726,0.0031378693257768948,0.01023222537090381,0.0,0.013288376852869987,0.014093252830207348,0.016367707401514053,0.013138007372617722,0.023028720170259476,0.04863455146551132,0.07677323371171951,0.3241007626056671
191.0,0.18456060853269365,0.055768814170733094,3.0542454039333538,0.05358193897538715,0.030909711288081274,1.185427533255683,0.11854275332556832,0.0293520192305247,0.18456060853269365,0.05358193897538715,0.009500712104555633,0.0,0.09549076937966877,0.00293520192305247,0.009500712104555633,0.0,0.013139596208930016,0.013935080729424953,0.01620224118232727,0.012918100692331791,0.022573884576559067,0.04772814363241196,0.07894623279571533,0.24070723354816437
192.0,0.1782988558212916,0.054790951777249575,3.1049236288638946,0.05422270484268665,0.03221617783937189,1.1031417449315388,0.1103141744931539,0.03539466423292955,0.1782988558212916,0.05422270484268665,0.010222509192923704,0.0,0.0992831364274025,0.0035394664232929543,0.010222509192923704,0.0,0.013043510727584362,0.013794860802590847,0.016005294397473335,0.012954093515872955,0.02231954038143158,0.04695633798837662,0.07515595108270645,0.23809802532196045
193.0,0.17947320308950213,0.05415364704094827,3.159771375049526,0.04807242378592491,0.03091770990027322,1.186801360713111,0.1186801360713111,0.02525418893330627,0.17947320308950213,0.04807242378592491,0.010195221855408616,0.0,0.09882221784856585,0.002525418893330627,0.010195221855408616,0.0,0.013023133389651775,0.013766469433903694,0.01598953828215599,0.01292423252016306,0.022303733974695206,0.04691721498966217,0.07523400336503983,0.23307085037231445
194.0,0.17480153342088064,0.055867332965135574,3.215879971132799,0.046868120009700455,0.032058096387320094,1.145416001478831,0.1145416001478831,0.03069826877779431,0.17480153342088064,0.046868120009700455,0.010321986706306538,0.0,0.09996253831519021,0.003069826877779431,0.010321986706306538,0.0,0.013019316829741001,0.013783088885247707,0.015985531732439995,0.012909969314932823,0.022377662360668182,0.047088321298360825,0.07552767544984818,0.2462470978498459
195.0,0.17822910596927008,0.06058788986410946,3.2174480266458576,0.04342877306044102,0.03112960730989774,1.2185612320899963,0.12185612320899963,0.029139950561026733,0.17822910596927008,0.04342877306044102,0.010030213226046827,0.0,0.09802207019593981,0.0029139950561026737,0.010030213226046827,0.0,0.013120847754180431,0.013894905336201191,0.01610850915312767,0.01295438688248396,0.022620558738708496,0.047791045159101486,0.07577676326036453,0.2824361026287079
196.0,0.1746947475605541,0.06387401337269694,2.743392872177981,0.045356347122126155,0.030767096620466974,1.1654416852527194,0.11654416852527197,0.03057208201951451,0.1746947475605541,0.045356347122126155,0.00973702615333928,0.0,0.09716365238030751,0.0030572082019514513,0.00973702615333928,0.0,0.013258343562483788,0.014078187756240368,0.016265785321593285,0.012955909594893456,0.022764574736356735,0.048348475247621536,0.0782870277762413,0.305033802986145
197.0,0.17244023415777418,0.06891764746978879,3.027971287371759,0.047164421528577805,0.030971349113517337,1.1286512679523892,0.11286512679523891,0.028863214370277192,0.17244023415777418,0.047164421528577805,0.009524356987741258,0.0,0.09583376099665959,0.002886321437027719,0.009524356987741258,0.0,0.013343394733965397,0.014187966473400593,0.016358979046344757,0.013013340532779694,0.023002231493592262,0.04916256293654442,0.07832973450422287,0.3439429700374603
198.0,0.17485418915748596,0.06429470528382808,2.996402516088907,0.045939111047320895,0.030042102560400963,1.165617459350162,0.11656174593501621,0.03378191114299827,0.17485418915748596,0.045939111047320895,0.008975139793215526,0.0,0.09322829792896907,0.0033781911142998274,0.008975139793215526,0.0,0.013307188637554646,0.014158941805362701,0.016342269256711006,0.012946143746376038,0.02288343571126461,0.04889519885182381,0.08072509616613388,0.30509936809539795
199.0,0.16890097823407915,0.06746641034260392,3.0877235229361166,0.04759228602051735,0.031524196474088564,1.0844711396429274,0.10844711396429274,0.030954341714580853,0.16890097823407915,0.04759228602051735,0.009766137486116754,0.0,0.09707434392637676,0.0030954341714580853,0.009766137486116754,0.0,0.013343158178031445,0.014121481217443943,0.016425609588623047,0.013198817148804665,0.0231474619358778,0.04900164157152176,0.07703695446252823,0.3334561586380005
200.0,0.18050523350636163,0.05066794785670936,3.079351721098711,0.05606871574289269,0.030274262237879965,1.1254019273651972,0.11254019273651972,0.026383361054791346,0.18050523350636163,0.05606871574289269,0.009257987917711338,0.0,0.09414618876245287,0.0026383361054791348,0.009257987917711338,0.0,0.013057328760623932,0.013818921521306038,0.016102930530905724,0.01288580521941185,0.022412540391087532,0.047300152480602264,0.07841235399246216,0.2013535499572754
201.0,0.17524530986944833,0.06325148977339268,3.154321275667808,0.05447039918767081,0.03151598241594103,1.0729127526283264,0.10729127526283265,0.03375082338849703,0.17524530986944833,0.05447039918767081,0.010108550234387318,0.0,0.09875800460577011,0.0033750823388497037,0.010108550234387318,0.0,0.013235495425760746,0.013993410393595695,0.016265835613012314,0.013128732331097126,0.02287726104259491,0.048482559621334076,0.0754547044634819,0.30257391929626465
202.0,0.17920193738407558,0.05150188389234245,3.0878811279569454,0.053564648454387985,0.03023466674817933,1.1360714700486925,0.11360714700486925,0.027111014040807884,0.17920193738407558,0.053564648454387985,0.009319035802036524,0.0,0.09448488553365071,0.0027111014040807884,0.009319035802036524,0.0,0.013080192729830742,0.013848500326275826,0.01613003760576248,0.012882698327302933,0.022459281608462334,0.047543976455926895,0.07887927442789078,0.2071911096572876
203.0,0.17974079897006354,0.06969830917660147,3.2064626806505867,0.05466404805580775,0.0316425236976809,1.1146092083719041,0.11146092083719042,0.035674435603949756,0.17974079897006354,0.05466404805580775,0.010048383950359292,0.0,0.09829092853599125,0.003567443560394976,0.010048383950359292,0.0,0.013359311036765575,0.014207936823368073,0.016428139060735703,0.013083159923553467,0.02311033569276333,0.049298256635665894,0.07810220122337341,0.3499971330165863
204.0,0.18298308385743034,0.05925555306021124,3.204558348814517,0.049819123206867114,0.02991518647306495,1.2140246960851881,0.12140246960851882,0.03020428027957678,0.18298308385743034,0.049819123206867114,0.008741057607241802,0.0,0.09159435662958357,0.003020428027957678,0.008741057607241802,0.0,0.013353098183870316,0.01418476551771164,0.016452031210064888,0.012976101599633694,0.022997945547103882,0.049278177320957184,0.08215634524822235,0.262645959854126
205.0,0.1856105542845196,0.07191461534239352,3.230356750383894,0.05584948882460594,0.031202816714843113,1.1652514437834423,0.11652514437834421,0.03649489519496759,0.1856105542845196,0.05584948882460594,0.00958642927515838,0.0,0.09615807400809394,0.003649489519496759,0.00958642927515838,0.0,0.013430211693048477,0.014293988235294819,0.01653398759663105,0.01312063168734312,0.023286033421754837,0.049737349152565,0.0789734348654747,0.36594128608703613
206.0,0.17820602158705393,0.059122924227267504,3.0865581340179986,0.05171747733321455,0.029512794688344002,1.1524832116232977,0.11524832116232979,0.029500300271643534,0.17820602158705393,0.05171747733321455,0.008290192112326622,0.0,0.08930527460243967,0.0029500300271643534,0.008290192112326622,0.0,0.013281603343784809,0.014110878109931946,0.01636582985520363,0.012926694937050343,0.022848201915621758,0.04900273680686951,0.0815323144197464,0.26291513442993164
207.0,0.1692944425675604,0.072269850759767,3.1808015576095916,0.05240989228089651,0.029983106379707653,1.0437066091431513,0.10437066091431513,0.03471384570002556,0.1692944425675604,0.05240989228089651,0.009042501501325104,0.0,0.09355295159750515,0.0034713845700025557,0.009042501501325104,0.0,0.01345269288867712,0.014305233024060726,0.01660161092877388,0.013177341781556606,0.023382244631648064,0.049847763031721115,0.07944672554731369,0.36794519424438477
208.0,0.17352892789575788,0.06403009523637593,3.0601165079683708,0.05617637435595194,0.029453417079316244,1.0609061453077528,0.10609061453077528,0.0267221803466479,0.17352892789575788,0.05617637435595194,0.008589715464040637,0.0,0.09112368275721867,0.00267221803466479,0.008589715464040637,0.0,0.013343569822609425,0.014187886379659176,0.016414029523730278,0.01296895369887352,0.02290881797671318,0.049141377210617065,0.0807720348238945,0.3025040924549103
209.0,0.16938910550541347,0.06461521529126912,3.1294678213324363,0.051759487431910306,0.03069358815749486,1.0457761221461825,0.10457761221461828,0.03589066221482224,0.16938910550541347,0.051759487431910306,0.00946293579828408,0.0,0.09547789229287042,0.003589066221482224,0.00946293579828408,0.0,0.013312188908457756,0.014142372645437717,0.016344809904694557,0.012984339147806168,0.022800151258707047,0.04890125244855881,0.07898416370153427,0.30945244431495667
210.0,0.17185482796695498,0.07014732342213392,3.1636064076615242,0.05030505172908306,0.029195941156811185,1.1060624519983928,0.11060624519983928,0.024380903277132247,0.17185482796695498,0.05030505172908306,0.008505438764890036,0.0,0.09073685026831096,0.002438090327713225,0.008505438764890036,0.0,0.013419723138213158,0.01420674566179514,0.016533194109797478,0.013233848847448826,0.023281315341591835,0.04950287938117981,0.07775121182203293,0.3532496690750122
211.0,0.1737053452266587,0.05442130449227989,3.054120424165427,0.05496704247262743,0.030277206458979182,1.0656742718484666,0.10656742718484667,0.02984575678904851,0.1737053452266587,0.05496704247262743,0.009186304536544614,0.0,0.0942130900091595,0.0029845756789048513,0.009186304536544614,0.0,0.013131026178598404,0.013902785256505013,0.01623067632317543,0.012899437919259071,0.022698266431689262,0.048179741948843,0.0811530277132988,0.22717547416687012
212.0,0.19022259612878165,0.06152292131446302,3.16468581482519,0.06662730168965128,0.02917249293790923,1.1091976695590549,0.1109197669559055,0.043531838804483414,0.19022259612878165,0.06662730168965128,0.008322340125838915,0.0,0.08964662460817231,0.004353183880448341,0.008322340125838915,0.0,0.013139876537024975,0.013940841890871525,0.016148120164871216,0.012918276712298393,0.02266252040863037,0.04832987114787102,0.07751359045505524,0.2875302731990814
213.0,0.16029581593142617,0.05244655010756105,3.019980980695487,0.04542258443931738,0.030176206802328426,1.023058295249939,0.10230582952499391,0.03212806799759468,0.16029581593142617,0.04542258443931738,0.009354592921833197,0.0,0.09496094038089116,0.0032128067997594678,0.009354592921833197,0.0,0.01308378018438816,0.01384732499718666,0.016131173819303513,0.01286169234663248,0.022438734769821167,0.04763180762529373,0.07882624119520187,0.21475164592266083
214.0,0.16833219759994084,0.06698610447347164,3.2000341280795124,0.05026866578393512,0.02906826924946573,1.0656656954023573,0.10656656954023573,0.029921155629886523,0.16833219759994084,0.05026866578393512,0.00850484082992706,0.0,0.09022649005055428,0.0029921155629886527,0.00850484082992706,0.0,0.013302095234394073,0.014089548960328102,0.016370531171560287,0.013084052130579948,0.023037713021039963,0.04901330918073654,0.07741056382656097,0.32958102226257324
215.0,0.16431416819492975,0.05410523235332221,3.109620334708298,0.050884062010380954,0.030357587047749095,1.0103121598561604,0.10103121598561605,0.030234988675349288,0.16431416819492975,0.050884062010380954,0.00937539292499423,0.0,0.09494776651263237,0.003023498867534929,0.00937539292499423,0.0,0.013157687149941921,0.01393946260213852,0.016228388994932175,0.012879343703389168,0.02260124497115612,0.04812953248620033,0.08030743151903152,0.2255987673997879
216.0,0.16983032640483645,0.06754389021079987,3.1810736229475784,0.050113522137204804,0.028798056973351374,1.0811325907707214,0.10811325907707216,0.033386607757873006,0.16983032640483645,0.050113522137204804,0.008264884119853377,0.0,0.08878393843770027,0.003338660775787301,0.008264884119853377,0.0,0.013297067023813725,0.014119507744908333,0.016364125534892082,0.01302354596555233,0.023025114089250565,0.0492129810154438,0.07839278876781464,0.3329159915447235
217.0,0.16140369491444695,0.05502094572875649,3.0978755394174446,0.049989360488123365,0.03002055941356553,0.993968172205819,0.09939681722058191,0.030545640115936596,0.16140369491444695,0.049989360488123365,0.008962954627349973,0.0,0.09282136335968971,0.00305456401159366,0.008962954627349973,0.0,0.013162047602236271,0.013949358835816383,0.016232218593358994,0.01287192665040493,0.022593803703784943,0.048207543790340424,0.08025036007165909,0.23290030658245087
218.0,0.15999402354160944,0.06841121113393456,3.1175828292260537,0.04839267519613107,0.028814305033948686,0.9999335143301222,0.09999335143301222,0.031777466336886086,0.15999402354160944,0.04839267519613107,0.00843024597917166,0.0,0.08987745270133018,0.003177746633688609,0.00843024597917166,0.0,0.013334698975086212,0.014151623472571373,0.016419129446148872,0.013060257770121098,0.023098401725292206,0.04936249926686287,0.07842383533716202,0.3394392430782318
219.0,0.15641211883889306,0.05703935690689832,3.0704666076791054,0.05175147702296575,0.029947941915856466,0.9259441859192319,0.09259441859192319,0.029255756177008152,0.15641211883889306,0.05175147702296575,0.009140643291175365,0.0,0.09369091151489152,0.0029255756177008155,0.009140643291175365,0.0,0.013210421428084373,0.014005862176418304,0.016279269009828568,0.012888782657682896,0.022655827924609184,0.04847303032875061,0.08034875988960266,0.24845290184020996
220.0,0.15622351898087394,0.06856517517007887,3.1717943424990516,0.046989628631207675,0.029217873596482806,0.9709305895699395,0.09709305895699395,0.031081937460435763,0.15622351898087394,0.046989628631207675,0.009032634552568197,0.0,0.09281089363826646,0.0031081937460435763,0.009032634552568197,0.0,0.013334112241864204,0.014180193655192852,0.016402948647737503,0.013006421737372875,0.023043932393193245,0.04951905086636543,0.07916884869337082,0.33986589312553406
221.0,0.15934644473923576,0.05709487106651068,3.185199420379378,0.04975338569945759,0.030140627796451252,0.9698486460579766,0.09698486460579767,0.03387524580789937,0.15934644473923576,0.04975338569945759,0.00922066922713485,0.0,0.09429551950759357,0.0033875245807899372,0.00922066922713485,0.0,0.013319885358214378,0.014132705517113209,0.01643209531903267,0.012932485900819302,0.022925114259123802,0.0492626316845417,0.08268602192401886,0.2450680285692215
222.0,0.16918517980310652,0.07386688387487084,3.316556294574651,0.05233651503092713,0.0294129674633344,1.0435353020826976,0.10435353020826975,0.03386286087334156,0.16918517980310652,0.05233651503092713,0.00910884550669127,0.0,0.09319824890957938,0.0033862860873341565,0.00910884550669127,0.0,0.013518995605409145,0.014360953122377396,0.016640519723296165,0.013185260817408562,0.023412635549902916,0.050185054540634155,0.0796821117401123,0.37994953989982605
223.0,0.17054637024799982,0.05883987480774522,3.223134243400491,0.061785053461790085,0.029316348748074636,0.9778089059723748,0.09778089059723749,0.025545290774769254,0.17054637024799982,0.061785053461790085,0.008425898565393355,0.0,0.09012699623902638,0.0025545290774769253,0.008425898565393355,0.0,0.013337231241166592,0.014152364805340767,0.016450518742203712,0.012949968688189983,0.0229217279702425,0.049117814749479294,0.08194587379693985,0.25984349846839905
224.0,0.16899652116828495,0.06947517953813076,3.2244479456769657,0.05095170934995016,0.02882049646642473,1.059404797024197,0.1059404797024197,0.035047142249014646,0.16899652116828495,0.05095170934995016,0.008599617337394092,0.0,0.09047152681483163,0.0035047142249014646,0.008599617337394092,0.0,0.013378358446061611,0.014220231212675571,0.01644475944340229,0.013046789914369583,0.023106643930077553,0.049643971025943756,0.07920696586370468,0.34675371646881104
225.0,0.16598951319853464,0.05686659214552492,3.122294544729603,0.05179563909769058,0.0287125160296758,1.0273263851801555,0.10273263851801556,0.03026377037167549,0.16598951319853464,0.05179563909769058,0.00843486068252888,0.0,0.09012646393643485,0.0030263770371675492,0.00843486068252888,0.0,0.013321002945303917,0.014131653122603893,0.016432063654065132,0.01293371431529522,0.022920383140444756,0.04926304146647453,0.08255207538604736,0.24337880313396454
226.0,0.16344319615099165,0.06824268156196922,3.1995836153600155,0.05387874278757307,0.029050615305701893,0.9721637997362349,0.09721637997362349,0.03645779378712177,0.16344319615099165,0.05387874278757307,0.00870229091702236,0.0,0.0909340816239516,0.0036457793787121775,0.00870229091702236,0.0,0.01334206759929657,0.014174493961036205,0.01642441190779209,0.01303875632584095,0.023075535893440247,0.04946010187268257,0.07889800518751144,0.3375280797481537
227.0,0.1597580744160546,0.056723676971159875,3.0969388285014796,0.05308895847863621,0.028686667275097635,0.9529071880711449,0.09529071880711451,0.02917293231520388,0.1597580744160546,0.05308895847863621,0.008461100773678886,0.0,0.08994416602783734,0.0029172932315203884,0.008461100773678886,0.0,0.013249668292701244,0.014063496142625809,0.016349289566278458,0.012880580499768257,0.022776877507567406,0.04894343018531799,0.08168435096740723,0.2438417226076126
228.0,0.15492452681064606,0.0683684361865744,3.1541055816637598,0.050615121300021805,0.028992324860559568,0.9208031031820509,0.09208031031820511,0.03465041249162621,0.15492452681064606,0.050615121300021805,0.00876405317750242,0.0,0.09124127609862222,0.0034650412491626214,0.00876405317750242,0.0,0.013356909155845642,0.014172661118209362,0.016456911340355873,0.013072105124592781,0.023122549057006836,0.04947848990559578,0.07866457849740982,0.3386232852935791
229.0,0.15948431607749727,0.05898670409806073,3.096630526077101,0.055661673140194684,0.029102057011591062,0.9207633435726166,0.09207633435726167,0.02817141730338335,0.15948431607749727,0.055661673140194684,0.008929165183669992,0.0,0.0922342733376556,0.0028171417303383354,0.008929165183669992,0.0,0.01330942939966917,0.01413804478943348,0.0164176058024168,0.012900385074317455,0.022870473563671112,0.04929792508482933,0.08209613710641861,0.26086363196372986
230.0,0.15698791295289993,0.07644668978173286,3.2106932435531483,0.049710057882799044,0.029363773970140353,0.9462074306276109,0.09462074306276108,0.03592501497930951,0.15698791295289993,0.049710057882799044,0.009064608201798465,0.0,0.09265399600068729,0.0035925014979309505,0.009064608201798465,0.0,0.013592222705483437,0.014500975608825684,0.016696009784936905,0.013106870464980602,0.02347738668322563,0.050947126001119614,0.08160366863012314,0.39764925837516785
231.0,0.1690260726544592,0.06859456049278378,3.246282524447612,0.052119601517915726,0.029011450707912445,1.0527008540100522,0.10527008540100521,0.0312429696528448,0.1690260726544592,0.052119601517915726,0.008512089003084434,0.0,0.09034026000234816,0.00312429696528448,0.008512089003084434,0.0,0.013705432415008545,0.014600810594856739,0.016898062080144882,0.01309585478156805,0.023675408214330673,0.05142349749803543,0.08689198642969131,0.32846543192863464
232.0,0.1698568065961202,0.07836304744705558,3.2795272228852346,0.051631935561696686,0.02937361142701573,1.055017997821172,0.10550179978211721,0.036745295135511294,0.1698568065961202,0.051631935561696686,0.009048541205831699,0.0,0.09262182687719663,0.0036745295135511297,0.009048541205831699,0.0,0.013654641807079315,0.014573822729289532,0.01677917316555977,0.013140973635017872,0.02361935004591942,0.05127621814608574,0.08215354382991791,0.4117066562175751
233.0,0.16177654266357422,0.06700563232880086,3.131201852914404,0.05345206128226386,0.0283333125213782,0.9751886890994178,0.09751886890994177,0.030319107179012563,0.16177654266357422,0.05345206128226386,0.007773703015926812,0.0,0.0864920744465457,0.0030319107179012567,0.007773703015926812,0.0,0.01359366811811924,0.014479704201221466,0.016766278073191643,0.013029658235609531,0.02343173138797283,0.050851911306381226,0.08540955930948257,0.31848254799842834
234.0,0.1525477882888582,0.07719814940355718,3.15633336295138,0.04920253571536806,0.028408585116267204,0.9168970319959853,0.09168970319959853,0.035151085919804044,0.1525477882888582,0.04920253571536806,0.00814044222028719,0.0,0.08819838530487484,0.0035151085919804042,0.00814044222028719,0.0,0.01361612044274807,0.014519236981868744,0.016764895990490913,0.013149891048669815,0.023569537326693535,0.051061224192380905,0.0815400779247284,0.4033642113208771
235.0,0.1554319734374682,0.0653876633150503,3.1332553064778472,0.05583234172728327,0.02846865418056647,0.8850282298194038,0.08850282298194038,0.029037654399871826,0.1554319734374682,0.05583234172728327,0.008193038533338241,0.0,0.0885334097676807,0.002903765439987183,0.008193038533338241,0.0,0.013509443961083889,0.014383108355104923,0.016664477065205574,0.012981369160115719,0.023246916010975838,0.050450894981622696,0.08411198109388351,0.3077531158924103
236.0,0.1560229617688391,0.05617288954090327,3.1431079554138908,0.05532443254358239,0.028865106403827667,0.8796764181719886,0.08796764181719886,0.040333531176050506,0.1560229617688391,0.05532443254358239,0.008697532815858722,0.0,0.09069738247328335,0.004033353117605051,0.008697532815858722,0.0,0.01315051969140768,0.01393921673297882,0.01621512696146965,0.01283649355173111,0.022535808384418488,0.048440974205732346,0.07943131774663925,0.24283365905284882
237.0,0.146583025654157,0.06012140295933932,3.0961872826960235,0.04486454609367582,0.028740335255861282,0.8985536230934991,0.08985536230934991,0.030443183456857998,0.146583025654157,0.04486454609367582,0.008818800509389903,0.0,0.09147113396061791,0.0030443183456858,0.008818800509389903,0.0,0.013206874951720238,0.013975284993648529,0.01622411608695984,0.012909299694001675,0.022581009194254875,0.0484771691262722,0.0775202289223671,0.2760772407054901
238.0,0.14720049086544248,0.07185160357039422,3.13438649995628,0.04598293329278628,0.028672533730665844,0.8951207200686137,0.08951207200686137,0.031043803526295558,0.14720049086544248,0.04598293329278628,0.008601101399916742,0.0,0.09017585176560614,0.0031043803526295557,0.008601101399916742,0.0,0.013586760498583317,0.014474178664386272,0.01672358624637127,0.013013091869652271,0.023320551961660385,0.050687070935964584,0.0834219753742218,0.35958561301231384
239.0,0.147365041077137,0.07961973547935486,3.1704143416380237,0.04345059394836426,0.028532836586236954,0.9242878258228302,0.09242878258228303,0.031099694470564525,0.147365041077137,0.04345059394836426,0.008375693474792771,0.0,0.08933873681558503,0.0031099694470564524,0.008375693474792771,0.0,0.013691955246031284,0.014621257781982422,0.01683712564408779,0.013126387260854244,0.023741276934742928,0.051651932299137115,0.0828932598233223,0.4203946888446808
240.0,0.15797020412153667,0.06382571009453386,3.1498318060077377,0.05272691883146763,0.02904117252263758,0.9309499065081278,0.09309499065081278,0.03433485536111726,0.15797020412153667,0.05272691883146763,0.008714808073515693,0.0,0.0907403321729766,0.0034334855361117258,0.008714808073515693,0.0,0.013537480495870113,0.014407382346689701,0.016707422211766243,0.012964609079062939,0.02332288585603237,0.05077837407588959,0.08514585345983505,0.2937416732311249
241.0,0.16058045791255104,0.08001657389104366,3.283735282989459,0.052766486588451594,0.02832230573727025,0.9626176224814521,0.09626176224814521,0.03448209890888797,0.16058045791255104,0.052766486588451594,0.00810399449740847,0.0,0.08788130059838295,0.0034482098908887966,0.00810399449740847,0.0,0.013709897175431252,0.014601698145270348,0.016903450712561607,0.013234933838248253,0.02375233918428421,0.05143076553940773,0.08235985785722733,0.4241396486759186
242.0,0.16611235009299385,0.06578991049900651,3.243021060379369,0.06333359537853135,0.028767786506149504,0.9169309470388625,0.09169309470388626,0.025175799305240314,0.16611235009299385,0.06333359537853135,0.008568080504321389,0.0,0.0899887482325236,0.002517579930524031,0.008568080504321389,0.0,0.013533703051507473,0.014396967366337776,0.016705235466361046,0.012971526943147182,0.02324233017861843,0.05048784613609314,0.08416660875082016,0.31081506609916687
243.0,0.15658961898750728,0.07999862194992602,3.2500515208064393,0.04947516777449184,0.028180439232124224,0.9564713272783492,0.09564713272783493,0.035090525531106524,0.15658961898750728,0.04947516777449184,0.00795826287422743,0.0,0.08706673648622301,0.0035090525531106522,0.00795826287422743,0.0,0.013705655001103878,0.014622713439166546,0.01685870625078678,0.013132473453879356,0.023695506155490875,0.051614902913570404,0.08240152150392532,0.423957496881485
244.0,0.15718460165792042,0.0658894875086844,3.2113001731914226,0.05283045065071848,0.028589386286007032,0.9288707905345492,0.09288707905345493,0.030142639246251848,0.15718460165792042,0.05283045065071848,0.008452803957172565,0.0,0.08935319135586421,0.0030142639246251847,0.008452803957172565,0.0,0.013642527163028717,0.014511057175695896,0.016839101910591125,0.013029898516833782,0.0235198512673378,0.051085732877254486,0.08614184707403183,0.30834588408470154
245.0,0.1568055989013778,0.0798631755169481,3.2500601288047455,0.05314133730199602,0.028009977605607774,0.9210992389255099,0.092109923892551,0.03683717900680171,0.1568055989013778,0.05314133730199602,0.007870619392229451,0.0,0.08650851787792312,0.0036837179006801706,0.007870619392229451,0.0,0.013707585632801056,0.014625213108956814,0.01686272956430912,0.013128270395100117,0.023686233907938004,0.05162317678332329,0.08248944580554962,0.4227827489376068
246.0,0.1528931533296903,0.0660822803620249,3.180034469974918,0.05352554325428274,0.02841748110949993,0.8806895348760817,0.08806895348760817,0.029324985212749906,0.1528931533296903,0.05352554325428274,0.008366160017127791,0.0,0.08889355344904794,0.0029324985212749906,0.008366160017127791,0.0,0.013615199364721775,0.014481973834335804,0.016811063513159752,0.01301020011305809,0.023436734452843666,0.050907522439956665,0.08550845086574554,0.31088709831237793
247.0,0.14800515356991026,0.07994448661338538,3.1951992483169143,0.05016843850413958,0.028097422586547002,0.8626474936803182,0.08626474936803183,0.03488791257970863,0.14800515356991026,0.05016843850413958,0.008083175014083585,0.0,0.08756288513541222,0.003488791257970863,0.008083175014083585,0.0,0.013712090440094471,0.01462266594171524,0.016881082206964493,0.01314615085721016,0.0236844290047884,0.0516141876578331,0.0822218656539917,0.4236734211444855
