epoch,train_loss,val_window_mae_kwh,grad_norm,l_state,w_state,w_boundary,w_prior,w_dynamics,dynamics_residual_mae,loss,l_window,l_boundary,dynamics_residual_rmse,w_window,l_prior,l_dynamics,val_mae_soc_event_0.1,val_mae_soc_event_0.2,val_mae_soc_event_0.5,val_mae_time_60s,val_mae_time_120s,val_mae_time_300s,val_mae_time_600s,val_mae_full_trip
0.0,1.9296700725188622,0.09403311146888882,0.7673216880597773,17.98556712957529,1.7985567129575288,0.0,0.00012749215007855897,0.0003848487988132267,0.014783468240728745,1.9296700725188622,0.1306009258215244,0.0,0.019144147921067018,0.1306009258215244,0.0012749215007855897,0.0003848487988132267,0.014223395846784115,0.014865302480757236,0.01737494021654129,0.014071912504732609,0.02486911416053772,0.05337880924344063,0.09339530766010284,0.5200861096382141
1.0,1.832832281406109,0.16537194105330855,0.910213730125432,17.601980722867527,1.7601980722867527,0.0,0.002433982280154641,0.0011743422857342432,0.02170599180345352,1.832832281406109,0.06902581768540236,0.0,0.0319622541562869,0.06902581768540236,0.02433982280154641,0.0011743422857342432,0.016529448330402374,0.01764051429927349,0.020106060430407524,0.015119860880076885,0.02817007713019848,0.06865358352661133,0.11947733163833618,1.037278652191162
2.0,1.7461752066245446,0.08022567932493985,1.2386276662771751,16.364540576934814,1.6364540576934812,0.0,0.0053193819924042774,0.01421000654450976,0.05192457397396748,1.7461752066245446,0.09019167262774247,0.0,0.11266169381829408,0.09019167262774247,0.053193819924042776,0.01421000654450976,0.012762067839503288,0.01365190465003252,0.016069037839770317,0.012185181491076946,0.02230229042470455,0.0490197017788887,0.08227153867483139,0.43354371190071106
3.0,1.6106868707216704,0.08330920338630676,1.0324693598816053,14.949058202596811,1.4949058202596814,0.0,0.0039205548138572625,0.05651799632379642,0.09202446301396076,1.6106868707216704,0.05534249243254845,0.0,0.23391128503359282,0.05534249243254845,0.03920554813857262,0.05651799632379642,0.012472414411604404,0.013431702740490437,0.015696262940764427,0.012241896241903305,0.021979376673698425,0.046941131353378296,0.08049802482128143,0.4632128179073334
4.0,1.549641728401184,0.08083758095744997,1.002194075870628,14.191314220428467,1.4191314220428468,0.0,0.004783035084032096,0.07353043069060032,0.10578384594275402,1.549641728401184,0.05219683480950502,0.0,0.26176162178699786,0.05219683480950502,0.04783035084032095,0.07353043069060032,0.012567490339279175,0.013651483692228794,0.015928536653518677,0.012202443554997444,0.02221219800412655,0.04866097494959831,0.08407148718833923,0.4374060332775116
5.0,1.5006597179632921,0.08137901872396469,1.0761102263518325,13.664885190817026,1.3664885190817029,0.0,0.003943278525884335,0.07392206343893822,0.11048460235962501,1.5006597179632921,0.05630586568552714,0.0,0.26387198727864486,0.05630586568552714,0.03943278525884335,0.07392206343893822,0.01260782964527607,0.013479851186275482,0.0159002598375082,0.012277482077479362,0.022162551060318947,0.04863853007555008,0.08235199749469757,0.4436136484146118
6.0,1.4547370351277864,0.09079447505064309,1.1214115638849118,13.253581083737886,1.3253581083737889,0.0,0.004473172729978194,0.07307235380777946,0.11036159442021297,1.4547370351277864,0.05183338388227499,0.0,0.2643716266522041,0.05183338388227499,0.04473172729978195,0.07307235380777946,0.013360084034502506,0.014531309716403484,0.016818566247820854,0.012641392648220062,0.02318030223250389,0.052700404077768326,0.09132326394319534,0.5018004775047302
7.0,1.419947101519658,0.08100354776252061,1.2176470416013347,12.79244246849647,1.2792442468496472,0.0,0.003405901861305421,0.07653290090652612,0.10905715593924889,1.419947101519658,0.06076405082757656,0.0,0.27322326600551605,0.06076405082757656,0.0340590186130542,0.07653290090652612,0.012927488423883915,0.01365190465003252,0.016184886917471886,0.012464934028685093,0.022643517702817917,0.05010221153497696,0.08483763784170151,0.4352158010005951
8.0,1.3827118002451384,0.08024905656930059,1.248227652728424,12.528203414036678,1.252820341403668,0.0,0.003466437928951704,0.07193426615916766,0.10688999639107631,1.3827118002451384,0.05449073088283722,0.0,0.2627434409581698,0.05449073088283722,0.03466437928951704,0.07193426615916766,0.012938691303133965,0.01384202390909195,0.016228003427386284,0.012292797677218914,0.02242717146873474,0.050431255251169205,0.084665447473526,0.4291670620441437
9.0,1.3609244181559637,0.08075739559717476,1.3136935769851956,12.288595529702993,1.2288595529702995,0.0,0.0036659145154632057,0.07261611291995415,0.1075649020763544,1.3609244181559637,0.055782826617360115,0.0,0.26589427429896134,0.055782826617360115,0.036659145154632054,0.07261611291995415,0.012837757356464863,0.01367336604744196,0.01607963629066944,0.012285225093364716,0.022361109033226967,0.04955935478210449,0.08329172432422638,0.4359709918498993
10.0,1.3307310113540063,0.07739332609344274,1.320134196361431,12.010100511404184,1.2010100511404185,0.0,0.0036056451069620935,0.07281087854733834,0.10673427753723584,1.3307310113540063,0.05330436762708884,0.0,0.2641162815002295,0.05330436762708884,0.03605645106962094,0.07281087854733834,0.012616605497896671,0.013366767205297947,0.015832919627428055,0.012341483496129513,0.022104308009147644,0.04791976884007454,0.08304239064455032,0.4119223654270172
11.0,1.3068985159580524,0.07177102332934737,1.3454160071648598,11.82171656535222,1.182171656535222,0.0,0.003945440612733365,0.07004005175370437,0.10501329944683956,1.3068985159580524,0.050741357155717336,0.0,0.2593066669427432,0.050741357155717336,0.03945440612733364,0.07004005175370437,0.012426840141415596,0.013185403309762478,0.015529205091297626,0.0122990682721138,0.02173670567572117,0.04660126194357872,0.08171187341213226,0.3706778287887573
12.0,1.280565619468689,0.06573485175613314,1.3464811727781756,11.560930252075195,1.1560930252075197,0.0,0.0041126805071074225,0.07115539937065198,0.10526394270933591,1.280565619468689,0.049204470159915775,0.0,0.26114486387142766,0.049204470159915775,0.04112680507107423,0.07115539937065198,0.012289208360016346,0.013004934415221214,0.015189658850431442,0.012363409623503685,0.021400414407253265,0.04608101397752762,0.08007045835256577,0.3254797160625458
13.0,1.2560480695504408,0.08271507278550416,1.3151886986821408,11.308281715099628,1.130828171509963,0.0,0.005160778374052965,0.07060919300867961,0.10350196693952267,1.2560480695504408,0.04944990303080816,0.0,0.2592659042431758,0.04944990303080816,0.05160778374052965,0.07060919300867961,0.012621649540960789,0.013584940694272518,0.015844853594899178,0.012235919944941998,0.02235279604792595,0.0480896532535553,0.08301220089197159,0.453978568315506
14.0,1.2292421047504132,0.07742467254865915,1.3577458378489018,11.025106796851524,1.1025106796851525,0.0,0.004557602107524872,0.07203622506215022,0.10335165720719558,1.2292421047504132,0.05013755995493669,0.0,0.2619912910919923,0.05013755995493669,0.04557602107524872,0.07203622506215022,0.012751288712024689,0.01351462583988905,0.01568952202796936,0.012822220101952553,0.022559642791748047,0.04807277396321297,0.08348782360553741,0.4104994833469391
15.0,1.2038718095192542,0.08592466148547828,1.3151380084326065,10.781034249525804,1.0781034249525805,0.0,0.005271462702120726,0.0656029090571862,0.09958894149615215,1.2038718095192542,0.05489395917035066,0.0,0.24945534421847418,0.05489395917035066,0.05271462702120726,0.0656029090571862,0.012902160175144672,0.013993419706821442,0.016180526465177536,0.012380094267427921,0.02286471426486969,0.050317805260419846,0.08732958137989044,0.4714289903640747
16.0,1.1720450566365168,0.07333099748939276,1.3700513413218298,10.461950027025663,1.0461950027025664,0.0,0.005166033483468569,0.06631907304892173,0.10035784657184894,1.1720450566365168,0.054364934706917174,0.0,0.25264883270630467,0.054364934706917174,0.05166033483468569,0.06631907304892173,0.01257527619600296,0.013340204022824764,0.015498391352593899,0.012668559327721596,0.02220197767019272,0.04715357720851898,0.0815812423825264,0.38162875175476074
17.0,1.1341342536302714,0.07768097007647157,1.2950224489011397,10.165647818492008,1.016564781849201,0.0,0.005057101789861917,0.05869464920117305,0.09471702862244386,1.1341342536302714,0.05381770890492659,0.0,0.2357128938803306,0.05381770890492659,0.050571017898619175,0.05869464920117305,0.012475519441068172,0.013432051986455917,0.015660736709833145,0.012178060598671436,0.022078655660152435,0.047385893762111664,0.08169082552194595,0.4165460169315338
18.0,1.0950074631434221,0.07434080704115331,1.3539703911702277,9.812737428225004,0.9812737428225005,0.0,0.005516744419359245,0.05661103430275734,0.09473315741007145,1.0950074631434221,0.0516059362831024,0.0,0.23388142196031717,0.0516059362831024,0.05516744419359244,0.05661103430275734,0.012337356805801392,0.013182501308619976,0.015405615791678429,0.012309304438531399,0.02178429253399372,0.04591119661927223,0.07944339513778687,0.3943527936935425
19.0,1.0496072264818044,0.057309658732265234,1.341258208117213,9.44639304968027,0.9446393049680271,0.0,0.005255079484329774,0.05212164469636404,0.09078222054701585,1.0496072264818044,0.04759117874961633,0.0,0.2232224356669646,0.04759117874961633,0.052550794843297735,0.05212164469636404,0.012116353958845139,0.012858741916716099,0.014904539100825787,0.012218911200761795,0.021201100200414658,0.04485953971743584,0.07645341753959656,0.263864666223526
20.0,1.0074780308283293,0.07161048345733434,1.3602944346305088,9.037192803162794,0.9037192803162797,0.0,0.0058086637407541285,0.048790259286761284,0.08871416919506513,1.0074780308283293,0.04915981496182772,0.0,0.21714154688211587,0.04915981496182772,0.058086637407541275,0.048790259286761284,0.012233932502567768,0.013105527497828007,0.015313086099922657,0.012155704200267792,0.02158362604677677,0.04565967246890068,0.07832825928926468,0.37450405955314636
21.0,0.9609927603831658,0.07108442229218781,1.3869098241633977,8.600911048742441,0.860091104874244,0.0,0.00482371781881039,0.046650194348051,0.08578134901248492,0.9609927603831658,0.04942772121956715,0.0,0.21176549333792466,0.04942772121956715,0.0482371781881039,0.046650194348051,0.012509413994848728,0.01326135452836752,0.015372070483863354,0.012613675557076931,0.0220467671751976,0.04678399860858917,0.08091162890195847,0.3651764690876007
22.0,0.9191956313756796,0.07542817131616175,1.3762290223044824,8.20840072631836,0.820840072631836,0.0,0.005381054510004244,0.04162026956104315,0.08299147624235886,0.9191956313756796,0.051354202800072156,0.0,0.20038768305228308,0.051354202800072156,0.053810545100042455,0.04162026956104315,0.012428616173565388,0.013388500548899174,0.015606807544827461,0.012183522805571556,0.022017668932676315,0.047085851430892944,0.08191882818937302,0.39879557490348816
23.0,0.8737791318159837,0.06822062702849507,1.4602628120257886,7.726354984136728,0.7726354984136728,0.0,0.005183656728611543,0.04225665216262524,0.08270419675570267,0.8737791318159837,0.05370330423689806,0.0,0.20204068605716413,0.05370330423689806,0.05183656728611542,0.04225665216262524,0.012359277345240116,0.013107567094266415,0.015272777527570724,0.012496279552578926,0.021766865625977516,0.04616883769631386,0.07979678362607956,0.34479662775993347
24.0,0.825573763022056,0.07014503399841487,1.4254710375377824,7.315507430296678,0.7315507430296677,0.0,0.005202040900118076,0.03850786430904499,0.07928681316284034,0.825573763022056,0.0503131036575024,0.0,0.19217443695435157,0.0503131036575024,0.05202040900118076,0.03850786430904499,0.012235983274877071,0.013155557215213776,0.015383271500468254,0.012066810391843319,0.021601269021630287,0.04599125683307648,0.07908471673727036,0.36164140701293945
25.0,0.781695863375297,0.06657162471674383,1.5390408927819927,6.859917585666363,0.6859917585666364,0.0,0.004902877572637339,0.037501911274515666,0.07832309661003259,0.781695863375297,0.05329929951291818,0.0,0.18968897943313306,0.05329929951291818,0.04902877572637338,0.037501911274515666,0.01233337726444006,0.013049180619418621,0.015215178951621056,0.012493982911109924,0.021691223606467247,0.04625905305147171,0.07954099774360657,0.33199000358581543
26.0,0.7319009533295264,0.07259577140212059,1.4547911223554648,6.430259466171265,0.6430259466171265,0.0,0.005417013196991041,0.033645690203859255,0.07625860376999928,0.7319009533295264,0.049812301563528866,0.0,0.1804816356072059,0.049812301563528866,0.0541701319699104,0.033645690203859255,0.012426953762769699,0.013374819420278072,0.015614145435392857,0.012138685211539268,0.02197965420782566,0.047199878841638565,0.08166377991437912,0.3763682544231415
27.0,0.6954340865978828,0.0656553803710267,1.5384712386343116,6.002463010641245,0.6002463010641245,0.0,0.00528494818852498,0.03419374574262362,0.07575221015856816,0.6954340865978828,0.05570909853738088,0.0,0.1821844566326875,0.05570909853738088,0.0528494818852498,0.03419374574262362,0.012264251708984375,0.01301366463303566,0.015206357464194298,0.012371269054710865,0.021587323397397995,0.045640867203474045,0.07862181961536407,0.32653748989105225
28.0,0.6437501494701092,0.06591064238455147,1.4287015337739353,5.600773206123939,0.5600773206123939,0.0,0.0052183158409137,0.03006330942018674,0.07199039281560825,0.6437501494701092,0.04839119501411915,0.0,0.1710261135147168,0.04839119501411915,0.052183158409136995,0.03006330942018674,0.012171185575425625,0.013062410056591034,0.01530733797699213,0.012003746815025806,0.02143101952970028,0.04565196484327316,0.07795065641403198,0.3297068178653717
29.0,0.6103802758913773,0.0678359178127721,1.5246969833439883,5.2154577145209675,0.5215457714520968,0.0,0.004895359535629933,0.029393236081187542,0.07009347298970589,0.6103802758913773,0.05454590701713012,0.0,0.1685070487169119,0.05454590701713012,0.048953595356299326,0.029393236081187542,0.01229188684374094,0.012971379794180393,0.015134187415242195,0.01246469933539629,0.021502871066331863,0.046066489070653915,0.07845573127269745,0.3438000977039337
30.0,0.5709283191424149,0.06980941060464829,1.4941530013671167,4.893847722273606,0.48938477222736065,0.0,0.004674747521774127,0.026391372156257812,0.06718939313521752,0.5709283191424149,0.05047741131140636,0.0,0.1592231197999074,0.05047741131140636,0.046747475217741266,0.026391372156257812,0.012242437340319157,0.01309993490576744,0.01534484326839447,0.012179158627986908,0.021581115201115608,0.04543491452932358,0.0785934329032898,0.3599994480609894
31.0,0.5353328471000378,0.06989733432419598,1.5996953195691952,4.549898138413062,0.45498981384130627,0.0,0.004406016477598595,0.025135263370779846,0.06513246148824692,0.5353328471000378,0.050801738523519956,0.0,0.15533673935211623,0.050801738523519956,0.04406016477598594,0.025135263370779846,0.012371770106256008,0.013137278147041798,0.015401140786707401,0.01245735865086317,0.02188536338508129,0.04626232013106346,0.07985220104455948,0.35781124234199524
32.0,0.5035079648861518,0.060580097255297005,1.568812905418358,4.2279076759631815,0.4227907675963181,0.0,0.004320106741327506,0.024222040763841227,0.0641745887696743,0.5035079648861518,0.052175034410678424,0.0,0.1527670226418055,0.052175034410678424,0.043201067413275056,0.024222040763841227,0.012269494123756886,0.012991122901439667,0.0150916688144207,0.012377383187413216,0.021533256396651268,0.04517274349927902,0.07689651846885681,0.28830859065055847
33.0,0.4862970904662059,0.06836831499822438,1.818340713881245,4.050899560634907,0.40508995606349074,0.0,0.004702666588127614,0.028976744112487022,0.06795297563076019,0.4862970904662059,0.04752771756969965,0.0,0.16751549679499406,0.04752771756969965,0.04702666588127613,0.028976744112487022,0.012449054978787899,0.013130052015185356,0.015067310072481632,0.01258404552936554,0.021630890667438507,0.04636741057038307,0.07739071547985077,0.34832704067230225
34.0,0.48085976105469924,0.06284128979314119,1.7980318278850025,3.885271567564744,0.3885271567564744,0.0,0.004646525474695059,0.03758222251557387,0.0766028449512445,0.48085976105469924,0.05010385582080254,0.0,0.18864867492364004,0.05010385582080254,0.04646525474695059,0.03758222251557387,0.012258296832442284,0.01299304235726595,0.01523459330201149,0.012365799397230148,0.021526610478758812,0.04541703313589096,0.07779638469219208,0.30513855814933777
35.0,0.42690359170620257,0.0676384816179052,1.4817941879426635,3.52167992408459,0.352167992408459,0.0,0.0044273435639647345,0.022170169852100886,0.05645611395056431,0.42690359170620257,0.04813807887526659,0.0,0.14599278282660705,0.04813807887526659,0.044273435639647335,0.022170169852100886,0.012421253137290478,0.013099126517772675,0.01510551106184721,0.012575807981193066,0.021567244082689285,0.046204254031181335,0.07768165320158005,0.3424530029296875
36.0,0.4162346457059567,0.06287710566539317,1.556448202363097,3.4032456966546865,0.3403245696654687,0.0,0.004375877496428215,0.022437827303432502,0.056664722183575995,0.4162346457059567,0.04909636939947422,0.0,0.14641233877493784,0.04909636939947422,0.04375877496428215,0.022437827303432502,0.012238400988280773,0.012977010570466518,0.015237976796925068,0.01235051266849041,0.02150624245405197,0.045270394533872604,0.07782067358493805,0.30561563372612
37.0,0.3926619268380679,0.05868858587928116,1.4872853099600425,3.216748448518606,0.32167484485186065,0.0,0.004201022492578396,0.017611631443007633,0.054697699271715604,0.3926619268380679,0.04917441595059175,0.0,0.12989254181201643,0.04917441595059175,0.04201022492578396,0.017611631443007633,0.01236673817038536,0.013076071627438068,0.015180078335106373,0.012511033564805984,0.0216197669506073,0.045770712196826935,0.07736845314502716,0.2716158330440521
38.0,0.3747999094999753,0.0740932528860867,1.5242993314951947,3.0290515514520497,0.302905155145205,0.0,0.004430802395710578,0.020161431533499405,0.05298617138312413,0.3747999094999753,0.04730251818322218,0.0,0.13828561111138418,0.04730251818322218,0.044308023957105785,0.020161431533499405,0.012601716443896294,0.013278735801577568,0.015201490372419357,0.0127749964594841,0.021832402795553207,0.04688813537359238,0.07801811397075653,0.3921504318714142
39.0,0.3606372934121352,0.05385958880651742,1.3964723054786876,2.8637194358385525,0.2863719435838553,0.0,0.00507083390481197,0.01952617443524874,0.0461730297941428,0.3606372934121352,0.04966833284841134,0.0,0.13608131041893592,0.04966833284841134,0.050708339048119694,0.01952617443524874,0.012121237814426422,0.012851240113377571,0.015056582167744637,0.012243679724633694,0.02132502757012844,0.04397861659526825,0.0758560448884964,0.23744428157806396
40.0,0.35344900305454546,0.07115751504898071,1.431907957030472,2.8071677959882297,0.28071677959882296,0.0,0.005012584735567754,0.01635464972171646,0.04716776884519137,0.35344900305454546,0.05136498479315868,0.0,0.1251500008197931,0.05136498479315868,0.05012584735567753,0.01635464972171646,0.0125197172164917,0.013199173845350742,0.015157602727413177,0.012682129628956318,0.021709265187382698,0.04652723670005798,0.07774107903242111,0.369723916053772
41.0,0.347298013476225,0.05573430866934359,1.3955367313545746,2.745949979011829,0.2745949979011829,0.0,0.005404571028283008,0.019486128710783444,0.04852163247190989,0.347298013476225,0.047812313557817385,0.0,0.13419996889737937,0.047812313557817385,0.05404571028283009,0.019486128710783444,0.012122081592679024,0.012921963818371296,0.015195256099104881,0.012138820253312588,0.021354837343096733,0.04481400549411774,0.07677815854549408,0.2505493462085724
42.0,0.3608115968795923,0.07429869286715984,1.624896268133593,2.7883482850514927,0.2788348285051493,0.0,0.0048867849919658445,0.019219970258955773,0.04667575270510637,0.3608115968795923,0.05787001263636809,0.0,0.13441192186795747,0.05787001263636809,0.04886784991965844,0.019219970258955773,0.01248760987073183,0.013141319155693054,0.015212943777441978,0.012685333378612995,0.021653730422258377,0.04673488810658455,0.07854116708040237,0.3939325511455536
43.0,0.3408304200722621,0.06159667973406613,1.4702575093195764,2.6983589300742516,0.26983589300742516,0.0,0.005038413018561326,0.016655009777213518,0.04465590947522567,0.3408304200722621,0.049301099175444014,0.0,0.1258442453466929,0.049301099175444014,0.05038413018561327,0.016655009777213518,0.01225343905389309,0.013102427124977112,0.015379558317363262,0.012178846634924412,0.021588828414678574,0.045633185654878616,0.0780172049999237,0.29461994767189026
44.0,0.34049504880721754,0.06719027203507721,1.4211876074396115,2.6206506674106302,0.26206506674106306,0.0,0.0049662596617753695,0.016558248513879683,0.04277493575444588,0.34049504880721754,0.056905465200543404,0.0,0.12478041476928271,0.056905465200543404,0.04966259661775369,0.016558248513879683,0.012365815229713917,0.013032626360654831,0.015154451131820679,0.012571900151669979,0.021537335589528084,0.046016037464141846,0.07765582203865051,0.33918818831443787
45.0,0.32910753098817974,0.05393227864988148,1.3788758129506227,2.592174681333395,0.2592174681333395,0.0,0.004909483429331046,0.016253476174404986,0.04553526195769127,0.32910753098817974,0.04872710114488235,0.0,0.12335726733391102,0.04872710114488235,0.049094834293310456,0.016253476174404986,0.012086411938071251,0.012868355959653854,0.01514110155403614,0.012112859636545181,0.021241841837763786,0.04430922493338585,0.07588908821344376,0.23780934512615204
46.0,0.3442636143702727,0.07461248536128551,1.6036787272585504,2.664861642397367,0.2664861642397367,0.0,0.0046046329089082195,0.01781810848758771,0.0454521868377924,0.3442636143702727,0.0553547040774272,0.0,0.12898541184572074,0.0553547040774272,0.046046329089082204,0.01781810848758771,0.012457470409572124,0.0131045151501894,0.015206764452159405,0.012668208219110966,0.021587654948234558,0.04652080684900284,0.0780830979347229,0.39727136492729187
47.0,0.33313235296652866,0.060610197484493256,1.522157787345628,2.6124690725253177,0.26124690725253175,0.0,0.004887955822050571,0.016930607828096703,0.04354088810773996,0.33313235296652866,0.05006687085215862,0.0,0.12597702386287543,0.05006687085215862,0.048879558220505714,0.016930607828096703,0.012246817350387573,0.013089693151414394,0.01535368338227272,0.012156517244875431,0.02153433859348297,0.04543827101588249,0.0773773118853569,0.28768494725227356
48.0,0.3289765463425563,0.06510399316903204,1.3642329688254964,2.5451405965364895,0.254514059653649,0.0,0.004876628073935326,0.014306367160036014,0.04050090077977914,0.3289765463425563,0.05527949075286205,0.0,0.11658419095552884,0.05527949075286205,0.048766280739353254,0.014306367160036014,0.012315441854298115,0.01297822967171669,0.015148955397307873,0.012531074695289135,0.021470338106155396,0.04569275304675102,0.07709894329309464,0.32359620928764343
49.0,0.3192902241761868,0.05443454114720225,1.365524758729614,2.4981519075540395,0.24981519075540395,0.0,0.004949601496068331,0.015715514005233463,0.04522736771748616,0.3192902241761868,0.04880991133932884,0.0,0.12144292346560039,0.04880991133932884,0.04949601496068331,0.015715514005233463,0.012099271640181541,0.012896198779344559,0.015165152959525585,0.012096810154616833,0.02126939967274666,0.04447837918996811,0.07587496936321259,0.24159614741802216
50.0,0.3355899963241357,0.06978529412299395,1.6114187090157235,2.593077288224147,0.2593077288224147,0.0,0.004752401606394695,0.01676295163969581,0.0444319683771867,0.3355899963241357,0.05476690914768439,0.0,0.12508645195227402,0.05476690914768439,0.04752401606394695,0.01676295163969581,0.01235419325530529,0.012992155738174915,0.015148050151765347,0.012568281963467598,0.02141977846622467,0.04587602987885475,0.07704506814479828,0.3608787953853607
51.0,0.3207232224253508,0.06271525321062654,1.4774380066094608,2.507871742431934,0.25078717424319347,0.0,0.00502633536234498,0.01568663206238013,0.04228337538930086,0.3207232224253508,0.04922307999088214,0.0,0.12104626515736946,0.04922307999088214,0.0502633536234498,0.01568663206238013,0.012273143045604229,0.013120436109602451,0.015379087068140507,0.012144429609179497,0.021577410399913788,0.04560422897338867,0.0774698480963707,0.3041534423828125
52.0,0.32018346282152027,0.06262384844012558,1.3637829321656776,2.465350430745345,0.2465350430745345,0.0,0.005008167272003797,0.013690427787458668,0.03991559649316164,0.32018346282152027,0.05494982405350758,0.0,0.11382724573979011,0.05494982405350758,0.050081672720037974,0.013690427787458668,0.012272470630705357,0.012945253401994705,0.015135622583329678,0.012482065707445145,0.021410880610346794,0.04530111327767372,0.07649397850036621,0.30494940280914307
53.0,0.31032322576412785,0.0529515917878598,1.3451119901397977,2.4144976139068604,0.24144976139068605,0.0,0.004810894552904826,0.015074042979484567,0.043102119117975235,0.31032322576412785,0.0489885238214181,0.0,0.11844813193266208,0.0489885238214181,0.04810894552904826,0.015074042979484567,0.012030870653688908,0.012811051681637764,0.015076866373419762,0.012061784975230694,0.021130716428160667,0.043935131281614304,0.07501061260700226,0.23155570030212402
54.0,0.3249321012542798,0.05468911153730005,1.5790020352418734,2.509485208071195,0.25094852080711955,0.0,0.005115127463180286,0.015568440994964195,0.04226337573849238,0.3249321012542798,0.05330001519849667,0.0,0.12027969497900742,0.05330001519849667,0.05115127463180285,0.015568440994964195,0.012078115716576576,0.012732942588627338,0.014959114603698254,0.012287327088415623,0.021058570593595505,0.0441872738301754,0.07489392161369324,0.24531562626361847
55.0,0.30813507105295473,0.07852806488517672,1.4477754243431666,2.4040832336132345,0.24040832336132342,0.0,0.004045347984020527,0.014679640567360016,0.0414119316981389,0.30813507105295473,0.0490017612106525,0.0,0.11716298300486344,0.0490017612106525,0.04045347984020527,0.014679640567360016,0.012456962838768959,0.013080621138215065,0.01513349823653698,0.012692774645984173,0.021362248808145523,0.04569259658455849,0.07601045817136765,0.4317953586578369
56.0,0.30634364714989293,0.055107284686528146,1.2986879204184578,2.377374360194573,0.23773743601945727,0.0,0.005229233155170313,0.013308787431854468,0.03921605904514973,0.30634364714989293,0.0500681850199516,0.0,0.11157178735503784,0.0500681850199516,0.052292331551703125,0.013308787431854468,0.012061123736202717,0.012855319306254387,0.015076743438839912,0.012130094692111015,0.021218854933977127,0.04378889873623848,0.07576174288988113,0.2479654997587204
57.0,0.30515330800643337,0.060271310969255865,1.3694855318432602,2.340141447690817,0.23401414476908175,0.0,0.005214242565517242,0.013780665816739202,0.0411143282858225,0.30515330800643337,0.05214424875493233,0.0,0.11335859361749429,0.05214424875493233,0.05214242565517242,0.013780665816739202,0.012224751524627209,0.0128932548686862,0.015021376311779022,0.012436225078999996,0.021279094740748405,0.044658370316028595,0.07543545961380005,0.28822195529937744
58.0,0.30833760591653675,0.061383671942166984,1.5198528572731875,2.3909514133746805,0.23909514133746806,0.0,0.004778020907766544,0.016170995900980555,0.040700737243661515,0.30833760591653675,0.04829344611901503,0.0,0.12135614053561138,0.04829344611901503,0.04778020907766544,0.016170995900980555,0.012150595895946026,0.012962526641786098,0.015181534923613071,0.012218005955219269,0.02130696177482605,0.04421818628907204,0.07651767879724503,0.2965138852596283
59.0,0.30588650932678807,0.06250744464341551,1.4656959811776813,2.3719780995295596,0.23719780995295597,0.0,0.004576244663733703,0.01419564949062008,0.04123093130496832,0.30588650932678807,0.04991679896528904,0.0,0.11515111447526859,0.04991679896528904,0.04576244663733702,0.01419564949062008,0.012341364286839962,0.013050960376858711,0.015272681601345539,0.012526285834610462,0.021621795371174812,0.045431338250637054,0.07754164934158325,0.3022734820842743
60.0,0.29981281952216077,0.062070238520391285,1.266152218300306,2.303629370836111,0.2303629370836111,0.0,0.004997707065194846,0.014472110161127953,0.040425511506887585,0.29981281952216077,0.04998006170185713,0.0,0.11577909497114328,0.04998006170185713,0.04997707065194845,0.014472110161127953,0.012257187627255917,0.013138067908585072,0.01535873394459486,0.012134719640016556,0.021548224613070488,0.0455276221036911,0.07819882780313492,0.29839852452278137
61.0,0.30241875923596895,0.06714925915002823,1.463927702902747,2.296098456932948,0.2296098456932948,0.0,0.004883839963720395,0.013765160030183883,0.043286303631388225,0.30241875923596895,0.05415991278221974,0.0,0.11397256816808994,0.05415991278221974,0.04883839963720395,0.013765160030183883,0.01230118703097105,0.01294579915702343,0.01515235286206007,0.012513507157564163,0.021412640810012817,0.04526624083518982,0.07668747007846832,0.34091487526893616
62.0,0.3020756175884834,0.06195630063302815,1.4692295487837248,2.3150063707278323,0.23150063707278326,0.0,0.005114856441147051,0.0167587547419736,0.04260047969336693,0.3020756175884834,0.0487013623978083,0.0,0.12365947663784027,0.0487013623978083,0.051148564411470525,0.0167587547419736,0.012219841592013836,0.013085393235087395,0.015314456075429916,0.012082449160516262,0.021478334441781044,0.045533183962106705,0.0778527557849884,0.29808399081230164
63.0,0.3222086595801207,0.059905031812377274,1.6539331180374337,2.4583055010208716,0.2458305501020872,0.0,0.005085139463727291,0.016123461805713866,0.04348655790090561,0.3222086595801207,0.05516949267341541,0.0,0.12262455803843644,0.05516949267341541,0.05085139463727291,0.016123461805713866,0.012274366803467274,0.012966131791472435,0.015226331539452076,0.012448894791305065,0.02147805504500866,0.04494898021221161,0.07678768038749695,0.2831098139286041
64.0,0.29399597816742384,0.06297102652024478,1.3263437592935174,2.2781643133897047,0.2278164313389705,0.0,0.005048208655073093,0.01299915575565627,0.039477489315546475,0.29399597816742384,0.04813218002135937,0.0,0.1103152925005326,0.04813218002135937,0.05048208655073093,0.01299915575565627,0.01229924988001585,0.01316913403570652,0.015389589592814445,0.012121565639972687,0.021593283861875534,0.04581708461046219,0.07837934046983719,0.3049989640712738
65.0,0.30149737229714024,0.06162828649394214,1.462038624431341,2.293858188849229,0.22938581888492288,0.0,0.004934595811825533,0.012386453714078436,0.040236433108265586,0.30149737229714024,0.05479050570955643,0.0,0.10772620514035225,0.05479050570955643,0.049345958118255324,0.012386453714078436,0.012268933467566967,0.012929518707096577,0.015176165848970413,0.012448480352759361,0.021420162171125412,0.044866904616355896,0.07634890824556351,0.297567218542099
66.0,0.2981465808474101,0.06439947767648846,1.4640322330045394,2.294028442639571,0.22940284426395713,0.0,0.004638585677513709,0.015327393793715881,0.04079553441932568,0.2981465808474101,0.04877775420363133,0.0,0.11827260313125756,0.04877775420363133,0.046385856775137096,0.015327393793715881,0.012297922745347023,0.013139893300831318,0.015354491770267487,0.012264395132660866,0.021558858454227448,0.04529857262969017,0.07798783481121063,0.31729385256767273
67.0,0.28855842581162083,0.065943926689215,1.3745715111043864,2.209345450768104,0.22093454507681043,0.0,0.004422635413133182,0.012439394602552056,0.03671677840443758,0.28855842581162083,0.05076184711204125,0.0,0.10719195925272428,0.05076184711204125,0.04422635413133181,0.012439394602552056,0.012408439069986343,0.013155710883438587,0.015422155149281025,0.012519928626716137,0.02177199348807335,0.04554789140820503,0.07870958000421524,0.3280157148838043
68.0,0.2844736650586128,0.06138780643232167,1.3068911694420957,2.1628138514665456,0.21628138514665457,0.0,0.004154295674883403,0.012824938166886568,0.038013715870105304,0.2844736650586128,0.0512130491148967,0.0,0.10875770678887,0.0512130491148967,0.04154295674883402,0.012824938166886568,0.012258458882570267,0.012900223024189472,0.01506208535283804,0.012451991438865662,0.02133619599044323,0.044551704078912735,0.07553444057703018,0.29700735211372375
69.0,0.2810006279211778,0.06030793336685747,1.3740584446108646,2.151792980157412,0.21517929801574123,0.0,0.004889871960935686,0.01281408118442274,0.036774865709818326,0.2810006279211778,0.04811737313866615,0.0,0.10801517963409424,0.04811737313866615,0.04889871960935684,0.01281408118442274,0.012216471135616302,0.012988868169486523,0.015184342861175537,0.012318629771471024,0.021373718976974487,0.044072557240724564,0.07638348639011383,0.2879253923892975
70.0,0.2871004302914326,0.05726136453449726,1.465013017374711,2.1967721627308774,0.21967721627308773,0.0,0.004757440491364552,0.01430386294109317,0.038566198343267806,0.2871004302914326,0.04836190749819462,0.0,0.1141887533550079,0.04836190749819462,0.04757440491364552,0.01430386294109317,0.012242930009961128,0.0129271624609828,0.015126737765967846,0.01241292804479599,0.021378323435783386,0.044265031814575195,0.07548657059669495,0.2642512321472168
71.0,0.2827720882800909,0.06851143017411232,1.3843547112972985,2.166254827609429,0.2166254827609429,0.0,0.004816232027056126,0.013611144923533384,0.03777411594413794,0.2827720882800909,0.04771922886944734,0.0,0.11142073686306293,0.04771922886944734,0.048162320270561255,0.013611144923533384,0.012373010627925396,0.013193615712225437,0.015435599721968174,0.012384883128106594,0.021669447422027588,0.04514345899224281,0.07828476279973984,0.3496066629886627
72.0,0.27824732145437825,0.06148229516111314,1.2777670762543554,2.118024876484504,0.2118024876484504,0.0,0.004696257842274813,0.013168334011704875,0.03954449754494887,0.27824732145437825,0.04858023429719301,0.0,0.1103904886314502,0.04858023429719301,0.046962578422748126,0.013168334011704875,0.012320074252784252,0.013031979091465473,0.015241970308125019,0.012460517697036266,0.021520042791962624,0.04458291456103325,0.07686402648687363,0.29583683609962463
73.0,0.2758322793703813,0.06462357344571501,1.3846454031417195,2.0988666919561534,0.20988666919561533,0.0,0.004947050173695271,0.013191865766062759,0.03783783603173036,0.2758322793703813,0.047806690232111856,0.0,0.10945387929677963,0.047806690232111856,0.04947050173695271,0.013191865766062759,0.012294167652726173,0.013165144249796867,0.015319817699491978,0.012231385335326195,0.021523071452975273,0.04528863728046417,0.07803785055875778,0.31912851333618164
74.0,0.28394150676635593,0.06219464831519872,1.4630514483990906,2.1302443009156447,0.2130244300915645,0.0,0.004844290390610694,0.015282710655950583,0.0408783103697575,0.28394150676635593,0.05079006518308933,0.0,0.11873502972034308,0.05079006518308933,0.04844290390610695,0.015282710655950583,0.012341662310063839,0.013039544224739075,0.015287605114281178,0.012487276457250118,0.02157684601843357,0.04492886736989021,0.07720988988876343,0.30068549513816833
75.0,0.29753789420311266,0.06629598652943969,1.6193242662417402,2.2728181206263027,0.2272818120626303,0.0,0.005210026095692928,0.017790288664400578,0.04100609026276148,0.29753789420311266,0.04725576722278045,0.0,0.1259692835693176,0.04725576722278045,0.05210026095692928,0.017790288664400578,0.012367019429802895,0.013262014836072922,0.01549258828163147,0.012126926332712173,0.02169821597635746,0.04644050449132919,0.08017049729824066,0.3288101255893707
76.0,0.28672128113416523,0.062295686337165534,1.3517471604167401,2.1222181962086606,0.21222181962086603,0.0,0.005106451992805188,0.012097985519526096,0.03821856528520584,0.28672128113416523,0.057295019953296736,0.0,0.10648959674514256,0.057295019953296736,0.051064519928051874,0.012097985519526096,0.012329867109656334,0.012986281886696815,0.01525738276541233,0.012490159831941128,0.021530969068408012,0.04496939480304718,0.07702895998954773,0.30177247524261475
77.0,0.27377672722706425,0.06181205890607089,1.385843073635531,2.0747868831341085,0.20747868831341088,0.0,0.004583957354323222,0.014022984846423451,0.03864698369915669,0.27377672722706425,0.047691092324944645,0.0,0.11225407083447163,0.047691092324944645,0.04583957354323222,0.014022984846423451,0.012258772738277912,0.01308255735784769,0.015274246223270893,0.012248309329152107,0.021379468962550163,0.044888678938150406,0.07733868062496185,0.2980257570743561
78.0,0.2814656272530556,0.056369738187640905,1.4810601062670157,2.1369642798717203,0.213696427987172,0.0,0.004774738103151322,0.01377774617419793,0.038190008499301396,0.2814656272530556,0.04921671103399534,0.0,0.11264140961261895,0.04921671103399534,0.047747381031513214,0.01377774617419793,0.012173067778348923,0.012886622920632362,0.015125175938010216,0.012289788573980331,0.021215129643678665,0.043761953711509705,0.07547610998153687,0.2580300569534302
79.0,0.2718661312873547,0.08800158719532192,1.4402814612929775,2.0377107721108656,0.2037710772110866,0.0,0.004193125794140193,0.014474633131892635,0.03795962666089718,0.2718661312873547,0.04942728722324738,0.0,0.1138172040765102,0.04942728722324738,0.04193125794140192,0.014474633131892635,0.012914329767227173,0.013555441051721573,0.015565997920930386,0.013128706254065037,0.022250643000006676,0.047529708594083786,0.07984940707683563,0.4992184638977051
80.0,0.2715363720288643,0.05979062616825104,1.2791600991860366,2.025849291911492,0.20258492919114918,0.0,0.005178470830791272,0.011805315107966844,0.03619584111640087,0.2715363720288643,0.05196765738611038,0.0,0.10366890579462051,0.05196765738611038,0.051784708307912715,0.011805315107966844,0.012259670533239841,0.013106954284012318,0.015241001732647419,0.012180336751043797,0.02152671292424202,0.045357197523117065,0.07893679291009903,0.2797163426876068
81.0,0.2761932026881438,0.06856993294786662,1.41652549381006,1.9929516453009386,0.19929516453009388,0.0,0.005331014913435165,0.0162465342750343,0.04126697434828831,0.2761932026881438,0.055320486856194645,0.0,0.12113678398040625,0.055320486856194645,0.053310149134351656,0.0162465342750343,0.012432913295924664,0.01309989020228386,0.015279445797204971,0.012625284492969513,0.021678343415260315,0.04527667537331581,0.07675202190876007,0.35141488909721375
82.0,0.285351924598217,0.063641550950706,1.5845073738115818,2.1526495676774244,0.21526495676774246,0.0,0.005012378311501101,0.016528995492710516,0.040885823707167916,0.285351924598217,0.048545586375089794,0.0,0.1213227748297728,0.048545586375089794,0.05012378311501099,0.016528995492710516,0.012335646897554398,0.01315793301910162,0.015313521958887577,0.01234487071633339,0.021584175527095795,0.04484536498785019,0.0777042806148529,0.31184661388397217
83.0,0.27086228934618145,0.060265508480370045,1.4787019733870386,2.0151202266032877,0.20151202266032883,0.0,0.0051721752119752076,0.015477205089365061,0.042258476551908716,0.27086228934618145,0.04870089114858554,0.0,0.11905804391090687,0.04870089114858554,0.05172175211975208,0.015477205089365061,0.012254946865141392,0.012996396981179714,0.01520354300737381,0.012353682890534401,0.021421687677502632,0.04422828182578087,0.07676667720079422,0.2868988513946533
84.0,0.2698394598869177,0.09004863840527833,1.3965859510961545,2.0422551723626943,0.20422551723626944,0.0,0.004438771665669405,0.012920887612451155,0.03641129772250469,0.2698394598869177,0.048254287300201565,0.0,0.10795362981466147,0.048254287300201565,0.04438771665669405,0.012920887612451155,0.013100763782858849,0.013746468350291252,0.015703456476330757,0.013296306133270264,0.022608201950788498,0.04837246984243393,0.08128520846366882,0.5122762322425842
85.0,0.2766958154164828,0.059799410752020776,1.4604644727502214,2.0152622644717875,0.20152622644717877,0.0,0.005155170529794235,0.016913906277085725,0.04408288560807705,0.2766958154164828,0.0531005088526469,0.0,0.12464330460016544,0.0531005088526469,0.05155170529794235,0.016913906277085725,0.012251384556293488,0.013076437637209892,0.015191402286291122,0.012242731638252735,0.02150532230734825,0.044978491961956024,0.07870867848396301,0.2804408371448517
86.0,0.29508472635195804,0.0752104326384142,1.5510940939628468,2.1717357635498047,0.21717357635498047,0.0,0.0053902562850942975,0.01862597608795533,0.04278507628119909,0.29508472635195804,0.053894914543399446,0.0,0.1296430562551205,0.053894914543399446,0.05390256285094298,0.01862597608795533,0.01268858928233385,0.013378466479480267,0.01543416827917099,0.012859621085226536,0.022104717791080475,0.04653225094079971,0.07850316166877747,0.40018248558044434
87.0,0.2673529994029265,0.06488464481662959,1.3520385631872118,1.972832161646623,0.1972832161646623,0.0,0.005056234735708971,0.015042505495680066,0.04046594924651659,0.2673529994029265,0.049971033460818805,0.0,0.11704265813414867,0.049971033460818805,0.050562347357089706,0.015042505495680066,0.012393016368150711,0.013206811621785164,0.015362278558313847,0.012412767857313156,0.02172083780169487,0.04499226063489914,0.07845936715602875,0.3205298185348511
88.0,0.26994794091353047,0.06017290393356234,1.3873289791599819,2.038116386303535,0.20381163863035345,0.0,0.005193007479493435,0.013079160967698464,0.03712848344674477,0.26994794091353047,0.04786413019666305,0.0,0.11043901684192511,0.04786413019666305,0.05193007479493435,0.013079160967698464,0.012367822229862213,0.013091066852211952,0.015247661620378494,0.012495671398937702,0.02167537249624729,0.044860631227493286,0.07724063843488693,0.28440436720848083
89.0,0.26245124007646853,0.068549815681763,1.297553885124039,1.9289061702214754,0.19289061702214755,0.0,0.005105821702342767,0.016389282303862274,0.038697483304601446,0.26245124007646853,0.04806551824395473,0.0,0.12013448602878131,0.04806551824395473,0.05105821702342767,0.016389282303862274,0.012442986480891705,0.01326450239866972,0.015481200069189072,0.01244447287172079,0.021793656051158905,0.04536658525466919,0.07882386445999146,0.3487812578678131
90.0,0.25705972485817397,0.06448370101861656,1.3099657843410255,1.935503404874068,0.19355034048740677,0.0,0.004692009865091397,0.011040836518916946,0.03464824663331875,0.25705972485817397,0.0477765342937066,0.0,0.10044670592133816,0.0477765342937066,0.04692009865091397,0.011040836518916946,0.01245639193803072,0.013191615231335163,0.015403034165501595,0.012589804828166962,0.021874727681279182,0.04532691836357117,0.07817690074443817,0.3168502151966095
91.0,0.25768471566530377,0.06519363133702427,1.321041856625162,1.8974472055068383,0.18974472055068387,0.0,0.005232482575453246,0.014540221085413717,0.0358555530412839,0.25768471566530377,0.04816728816009485,0.0,0.1122786130469579,0.04816728816009485,0.05232482575453245,0.014540221085413717,0.012364360503852367,0.013230632990598679,0.015389390289783478,0.012273261323571205,0.0216577909886837,0.04564463347196579,0.07943804562091827,0.3215509355068207
92.0,0.2548745417824158,0.07937903818674386,1.2859739444944482,1.8721893017108624,0.18721893017108623,0.0,0.004547556403737803,0.011551856439417372,0.03522325393099051,0.2548745417824158,0.0515561976398413,0.0,0.10179680643173364,0.0515561976398413,0.04547556403737802,0.011551856439417372,0.01286527793854475,0.013531608507037163,0.015661509707570076,0.013037382625043392,0.022461123764514923,0.04754233360290527,0.08074097335338593,0.42919209599494934
93.0,0.25676011637999463,0.06544489949010313,1.3006381599434853,1.8354969758253832,0.1835496975825383,0.0,0.004683990396845799,0.013680946511717943,0.035973967267916754,0.25676011637999463,0.05484547924536925,0.0,0.10934242692131263,0.05484547924536925,0.04683990396845799,0.013680946511717943,0.012377752922475338,0.013245883397758007,0.015399918891489506,0.012281308881938457,0.02169075235724449,0.04559902474284172,0.07933013886213303,0.32363441586494446
94.0,0.26059845892282635,0.0704368754522875,1.46545143247091,1.9224716562491198,0.19224716562491195,0.0,0.004770036944403098,0.01297860904238545,0.03645648234165632,0.26059845892282635,0.050602639093995094,0.0,0.10799701225299102,0.050602639093995094,0.047700369444030985,0.01297860904238545,0.012644358910620213,0.013349015265703201,0.015504623763263226,0.01280317734926939,0.02214071713387966,0.046228304505348206,0.07859733700752258,0.3622274696826935
95.0,0.25720686121628833,0.0652634936850518,1.3740373650053923,1.8517247851078327,0.18517247851078328,0.0,0.005100216451459206,0.015190364882493248,0.037084963315954574,0.25720686121628833,0.0517437976713364,0.0,0.11515088579975642,0.0517437976713364,0.05100216451459206,0.015190364882493248,0.012428603135049343,0.013316425494849682,0.01546146534383297,0.01225094124674797,0.021847447380423546,0.04604695364832878,0.08022501319646835,0.32053110003471375
96.0,0.25414669055205125,0.06424094922840595,1.3386029793528873,1.8486809547130878,0.18486809547130878,0.0,0.005158089287579061,0.011433385223006973,0.035705406218767166,0.25414669055205125,0.05268712083880718,0.0,0.10130055248737335,0.05268712083880718,0.051580892875790596,0.011433385223006973,0.012509225867688656,0.013232911936938763,0.015441689640283585,0.012639619410037994,0.021936876699328423,0.04555487260222435,0.07820764183998108,0.31440475583076477
97.0,0.24920579275259605,0.05748072429560125,1.295506265009352,1.7881653492267315,0.17881653492267316,0.0,0.00485167123663884,0.015528876728449877,0.03826568705531267,0.24920579275259605,0.050008709327532694,0.0,0.11694898456335068,0.050008709327532694,0.048516712366388395,0.015528876728449877,0.012181825004518032,0.012998655438423157,0.015192234888672829,0.01212387252599001,0.021310746669769287,0.0446973517537117,0.07732722163200378,0.2640138864517212
98.0,0.26498868889533556,0.05708553327713162,1.5437263789239246,1.9440153378706713,0.19440153378706715,0.0,0.005165430330313169,0.014012237885393776,0.03768493364063593,0.26498868889533556,0.051409485534979746,0.0,0.11231267538208228,0.051409485534979746,0.05165430330313169,0.014012237885393776,0.012252985499799252,0.012929275631904602,0.01516545470803976,0.012407413683831692,0.021356157958507538,0.044343143701553345,0.07574030756950378,0.26248952746391296
99.0,0.24788409643448317,0.06976830458734185,1.3950073504175764,1.798447663967426,0.17984476639674263,0.0,0.004845293869192783,0.01589145751383442,0.03802448582763855,0.24788409643448317,0.047302575495380625,0.0,0.11805635174879661,0.047302575495380625,0.048452938691927835,0.01589145751383442,0.012479991652071476,0.0133338188752532,0.015545033849775791,0.012409405782818794,0.02183438651263714,0.0458223856985569,0.07949084043502808,0.3572305738925934
100.0,0.24664069712162018,0.05969377630390227,1.2875344693866402,1.8104888475858247,0.1810488847585825,0.0,0.005121176818815562,0.01106909738602833,0.03490845486521721,0.24664069712162018,0.04940153271532976,0.0,0.0994515665448629,0.04940153271532976,0.051211768188155614,0.01106909738602833,0.012242241762578487,0.013050703331828117,0.01523748878389597,0.012241097167134285,0.02140801213681698,0.04460802301764488,0.07765477150678635,0.2811078727245331
101.0,0.2446023105428769,0.07790724269580096,1.3424550154455899,1.7404028681608348,0.1740402868160835,0.0,0.004712349921464921,0.01599272698737108,0.03866228317985168,0.2446023105428769,0.04985694644542841,0.0,0.11894617000451455,0.04985694644542841,0.0471234992146492,0.01599272698737108,0.012643747963011265,0.013303473591804504,0.015417221002280712,0.012860503979027271,0.021932898089289665,0.04643653333187103,0.07841651141643524,0.422247052192688
102.0,0.25923888041422916,0.06398098985664546,1.5060451945716105,1.894626566996941,0.18946265669969412,0.0,0.004869747742150839,0.014591295666132983,0.03758293447586206,0.25923888041422916,0.05031517362938477,0.0,0.11355448055725831,0.05031517362938477,0.04869747742150839,0.014591295666132983,0.012327231466770172,0.013137745670974255,0.015342547558248043,0.01232161931693554,0.021593881770968437,0.04508879780769348,0.07885043323040009,0.3131856620311737
103.0,0.24104521251641786,0.06613282102625817,1.3288028294230325,1.7288526709263141,0.1728852670926314,0.0,0.0050645847733204186,0.014831984254459921,0.037634094030811235,0.24104521251641786,0.0482633737130807,0.0,0.1144207429427367,0.0482633737130807,0.05064584773320418,0.014831984254459921,0.012609517201781273,0.013354758732020855,0.015504258684813976,0.012742101214826107,0.022160638123750687,0.046037785708904266,0.0793660432100296,0.3272874653339386
104.0,0.23849828369342363,0.05930450255982578,1.32127438594484,1.7298513650894165,0.17298513650894168,0.0,0.005319435686732715,0.01159848552197218,0.03538679231244784,0.23849828369342363,0.048595223719110854,0.0,0.10150938022595185,0.048595223719110854,0.05319435686732714,0.01159848552197218,0.012254283763468266,0.013103433884680271,0.01524746511131525,0.012138531543314457,0.021472612395882607,0.04549901932477951,0.07908713072538376,0.2756335437297821
105.0,0.2537828597884912,0.07327177794650197,1.464476652771371,1.7738483502314641,0.17738483502314642,0.0,0.005203027808322357,0.016682154749735043,0.03831753535912587,0.2537828597884912,0.05451283804499186,0.0,0.12157649489549491,0.05451283804499186,0.052030278083223566,0.016682154749735043,0.012552323751151562,0.013205863535404205,0.015411085449159145,0.012733863666653633,0.02184225618839264,0.045980632305145264,0.07796712219715118,0.38648107647895813
106.0,0.2370634417121227,0.06348333379719406,1.2826179502593718,1.6973684888619642,0.16973684888619645,0.0,0.004816123914833252,0.012394121149554849,0.03499908773944928,0.2370634417121227,0.05011634829525764,0.0,0.10418130056216167,0.05011634829525764,0.04816123914833252,0.012394121149554849,0.01233386155217886,0.013164345175027847,0.01536401454359293,0.012302407063543797,0.021541085094213486,0.04511420056223869,0.07812725007534027,0.3099195063114166
107.0,0.23217618293487108,0.059523519477806985,1.278034133336732,1.6504286665182848,0.1650428666518285,0.0,0.004911307632350005,0.014298572384107571,0.03728199592576577,0.23217618293487108,0.04792343438244783,0.0,0.11226194581160179,0.04792343438244783,0.049113076323500045,0.014298572384107571,0.01229029893875122,0.013031292706727982,0.015260152518749237,0.012401427142322063,0.021486718207597733,0.04475489258766174,0.07742200046777725,0.27954137325286865
108.0,0.22989066862143004,0.06698347791098058,1.358946148932806,1.6405516954568715,0.16405516954568716,0.0,0.004856969695538282,0.01308031684647386,0.035362982835907206,0.22989066862143004,0.047898211158238925,0.0,0.10613060083526832,0.047898211158238925,0.048569696955382824,0.01308031684647386,0.01239020749926567,0.013229114934802055,0.015473365783691406,0.012334046885371208,0.021617574617266655,0.045516081154346466,0.07888126373291016,0.33642616868019104
109.0,0.2381864425081473,0.06009244848974049,1.4689598454949346,1.6977222286737883,0.1697722228673788,0.0,0.004696481058803889,0.01639826251910283,0.03883056643490608,0.2381864425081473,0.047319468683921374,0.0,0.12007447045582992,0.047319468683921374,0.046964810588038884,0.01639826251910283,0.012388144619762897,0.01308914739638567,0.015303423628211021,0.01253454014658928,0.02161470241844654,0.04515436664223671,0.07726387679576874,0.28339138627052307
110.0,0.2345504009952912,0.06036277930252254,1.402629946206139,1.6848567632528453,0.16848567632528452,0.0,0.004893235790614898,0.013194284724214902,0.03699858386356097,0.2345504009952912,0.047977206368859,0.0,0.10754230675789025,0.047977206368859,0.048932357906148985,0.013194284724214902,0.012281686067581177,0.013114409521222115,0.01530581433326006,0.012180485762655735,0.021410508081316948,0.04517408460378647,0.07807476073503494,0.2853604853153229
111.0,0.23800783948256418,0.06231044523883611,1.4325517516862911,1.6474521251825185,0.16474521251825186,0.0,0.004832529219297263,0.0183266495497754,0.041813564128600635,0.23800783948256418,0.05010344088077545,0.0,0.1278422916164765,0.05010344088077545,0.04832529219297262,0.0183266495497754,0.01242770068347454,0.013135166838765144,0.015369726344943047,0.012569575570523739,0.021703779697418213,0.045331839472055435,0.0778113529086113,0.30013442039489746
112.0,0.2453701221025907,0.06889382400549948,1.4998643252396986,1.7865864221866314,0.17865864221866315,0.0,0.004965815628663852,0.01379581055460641,0.03770005631332214,0.2453701221025907,0.04794985170547779,0.0,0.11065694517814197,0.04794985170547779,0.04965815628663851,0.01379581055460641,0.012518713250756264,0.013403631746768951,0.01558754500001669,0.012267357669770718,0.02186027355492115,0.04644543677568436,0.08082570880651474,0.348241925239563
113.0,0.23465536878659174,0.0698146519716829,1.4148750174755773,1.6213978208028352,0.16213978208028357,0.0,0.005127554859679478,0.017607985601688806,0.03865435590537695,0.23465536878659174,0.04978004800012478,0.0,0.12231147575836915,0.04978004800012478,0.05127554859679479,0.017607985601688806,0.012540730647742748,0.013349183835089207,0.015599455684423447,0.01255803368985653,0.022006705403327942,0.04578329622745514,0.07985886931419373,0.3568209409713745
114.0,0.23057777606523955,0.06060348148457706,1.351583024099742,1.6596688353098357,0.16596688353098357,0.0,0.005309082273966991,0.012453688917538295,0.0369788406846615,0.23057777606523955,0.046848115869439565,0.0,0.10602802897875126,0.046848115869439565,0.05309082273966991,0.012453688917538295,0.012373220175504684,0.01323643047362566,0.015427980571985245,0.012085464783012867,0.021574556827545166,0.04621852561831474,0.0797857791185379,0.2841258943080902
115.0,0.2474309756205632,0.06881691212765872,1.4743200886761358,1.66965317267638,0.16696531726763794,0.0,0.004947247528112852,0.020085753872990608,0.04022239306225227,0.2474309756205632,0.05543265606348331,0.0,0.13034194535934007,0.05543265606348331,0.04947247528112852,0.020085753872990608,0.012428970076143742,0.013099031522870064,0.01537585910409689,0.012590179219841957,0.021589191630482674,0.04537385702133179,0.07797268033027649,0.3521055281162262
116.0,0.22892116525998482,0.06264700833708048,1.3272974487222262,1.6211770176887512,0.16211770176887513,0.0,0.004613203562509554,0.013306126947729634,0.04007341469136568,0.22892116525998482,0.04888412986810391,0.0,0.10998689784453465,0.04888412986810391,0.046132035625095553,0.013306126947729634,0.012357876636087894,0.013198640197515488,0.015423162840306759,0.012191271409392357,0.021485229954123497,0.04583682864904404,0.07874085754156113,0.30194219946861267
117.0,0.22919460844535094,0.05647854215931147,1.4137633275687322,1.590561412847959,0.15905614128479592,0.0,0.004794636010550536,0.016134508312321626,0.03929923517772785,0.22919460844535094,0.04920932464301586,0.0,0.12015498372224662,0.04920932464301586,0.047946360105505355,0.016134508312321626,0.012216335162520409,0.012958349660038948,0.015206177718937397,0.012316865846514702,0.021254051476716995,0.04444483667612076,0.07705095410346985,0.25638076663017273
118.0,0.2192766288152108,0.07251254515722394,1.325060424934286,1.5207030314665575,0.15207030314665576,0.0,0.005117117721014299,0.014123925061609883,0.03846113498394306,0.2192766288152108,0.04796528114149204,0.0,0.11101442116957444,0.04796528114149204,0.05117117721014298,0.014123925061609883,0.01268781628459692,0.013593562878668308,0.015803826972842216,0.012296447530388832,0.022093255072832108,0.047548599541187286,0.08229871839284897,0.3737781345844269
119.0,0.2212267002234092,0.06578194338362664,1.3502281746036966,1.5304174377368047,0.1530417437736805,0.0,0.004902077867434575,0.013241637892161425,0.03689050201613169,0.2212267002234092,0.05004124056834441,0.0,0.10889202814835769,0.05004124056834441,0.04902077867434575,0.013241637892161425,0.012374517507851124,0.013188349083065987,0.015455704182386398,0.012381508946418762,0.021653808653354645,0.045387353748083115,0.07935015857219696,0.32646414637565613
120.0,0.21517073248441404,0.06722651771269739,1.317262000396466,1.4907237062087426,0.14907237062087428,0.0,0.005335872555867984,0.014030026898791011,0.0352594843850686,0.21517073248441404,0.04673246179635708,0.0,0.10900011114203013,0.04673246179635708,0.053358725558679834,0.014030026898791011,0.012607578188180923,0.013505838811397552,0.015712443739175797,0.012199914082884789,0.02195926383137703,0.047272440046072006,0.08170110732316971,0.3328535556793213
121.0,0.23167521506547928,0.06587001343723387,1.524266340668737,1.5883253996188824,0.15883253996188826,0.0,0.004622083085660751,0.01390580191778449,0.03762057265983178,0.23167521506547928,0.05431478828764879,0.0,0.11267503293660971,0.05431478828764879,0.04622083085660751,0.01390580191778449,0.012522480450570583,0.013288764283061028,0.015556608326733112,0.012626501731574535,0.021910974755883217,0.046113383024930954,0.0797528475522995,0.325188547372818
122.0,0.2488050013780594,0.061378185520879924,1.5773158143922037,1.7367765124027545,0.17367765124027545,0.0,0.0046360597444268375,0.01927286347087759,0.04136600990134936,0.2488050013780594,0.05121842327599342,0.0,0.13165359313671404,0.05121842327599342,0.046360597444268375,0.01927286347087759,0.012420805171132088,0.013268029317259789,0.01549376081675291,0.012136947363615036,0.02160181850194931,0.04620766639709473,0.07909707725048065,0.2907993793487549
123.0,0.2341175010571113,0.06399506737943739,1.5510915205623084,1.6391116013893714,0.1639111601389372,0.0,0.0046521456768879536,0.012667746327889081,0.036935860147842996,0.2341175010571113,0.052886444358871534,0.0,0.10570983244822575,0.052886444358871534,0.046521456768879525,0.012667746327889081,0.012434372678399086,0.013145340606570244,0.015416762791574001,0.012565860524773598,0.021640541031956673,0.04559115320444107,0.07846322655677795,0.31270328164100647
124.0,0.22904161650400895,0.05329838197212666,1.5436766673007147,1.622786595271184,0.16227865952711842,0.0,0.0048308614999629,0.01456549813827643,0.040390994686346784,0.22904161650400895,0.04736659604196365,0.0,0.11451735891974889,0.04736659604196365,0.048308614999628983,0.01456549813827643,0.012288520112633705,0.013082936406135559,0.015341244637966156,0.012062099762260914,0.021362345665693283,0.04565020278096199,0.07874135673046112,0.22785834968090057
125.0,0.2293794613618117,0.06033393053803593,1.5197705888535122,1.5792511655734136,0.15792511655734134,0.0,0.00472013381524728,0.009574967848423582,0.0308596003227509,0.2293794613618117,0.057159241575461164,0.0,0.09180385877306645,0.057159241575461164,0.04720133815247279,0.009574967848423582,0.012434115633368492,0.013158706948161125,0.015448838472366333,0.012513105757534504,0.02156946063041687,0.04529869183897972,0.07821308076381683,0.28403544425964355
126.0,0.21689285796422225,0.067012136336416,1.3968818044079174,1.5399236679077148,0.1539923667907715,0.0,0.004465191424466096,0.009835559230011243,0.03303776982312019,0.21689285796422225,0.0485997349023819,0.0,0.09404587029264523,0.0485997349023819,0.044651914244660966,0.009835559230011243,0.012661059387028217,0.013517634011805058,0.015755292028188705,0.012317638844251633,0.022008245810866356,0.04730446636676788,0.08123765140771866,0.33129510283470154
127.0,0.22806332260370255,0.061754489317536354,1.4343878122389917,1.5591105314401479,0.1559110531440148,0.0,0.004696373784771333,0.017279009979504805,0.034319409097616486,0.22806332260370255,0.050176881396999724,0.0,0.11915231238190944,0.050176881396999724,0.04696373784771332,0.017279009979504805,0.012412790209054947,0.013225237838923931,0.015475529246032238,0.012322315946221352,0.02157001942396164,0.04584355279803276,0.07967615127563477,0.2935103178024292
128.0,0.22883782650415713,0.09727271436713636,1.524562045694151,1.6272197870107799,0.162721978701078,0.0,0.004057004145131661,0.010676704544144182,0.03243310319689604,0.22883782650415713,0.0513821358864124,0.0,0.0976045487018732,0.0513821358864124,0.04057004145131661,0.010676704544144182,0.013240820728242397,0.013902404345571995,0.015804065391421318,0.013523813337087631,0.022623278200626373,0.049890827387571335,0.08469599485397339,0.5645005106925964
129.0,0.22968137493500343,0.07150146702770144,1.5087457410825797,1.5559809849812434,0.15559809849812437,0.0,0.004294122970448091,0.013530407745677691,0.036902597603889614,0.22968137493500343,0.05625874391542031,0.0,0.11037352566535656,0.05625874391542031,0.0429412297044809,0.013530407745677691,0.012657909654080868,0.013496482744812965,0.01576925627887249,0.012606702744960785,0.022151419892907143,0.04676603153347969,0.08142498135566711,0.36713895201683044
130.0,0.21773323187461266,0.06389211758505553,1.4620881942573098,1.556023345543788,0.15560233455437883,0.0,0.004555019807930176,0.009889670002918977,0.03140600434002968,0.21773323187461266,0.04768620617687702,0.0,0.09371154468793136,0.04768620617687702,0.04555019807930176,0.009889670002918977,0.012493913993239403,0.013163778930902481,0.015250922180712223,0.012674618512392044,0.021733559668064117,0.04673013091087341,0.08056537806987762,0.30852463841438293
131.0,0.22189434732382113,0.07004627061542124,1.4857226844275904,1.4811449509400587,0.14811449509400587,0.0,0.005169331547445977,0.010797973381928526,0.03526333089058216,0.22189434732382113,0.05781254229637293,0.0,0.09921190343224086,0.05781254229637293,0.05169331547445976,0.010797973381928526,0.012630818411707878,0.013471071608364582,0.01573512703180313,0.012481765821576118,0.022029852494597435,0.04667629301548004,0.08137613534927368,0.355969101190567
132.0,0.2041232677606436,0.06511748814955354,1.4245877554132742,1.4271501761216383,0.14271501761216385,0.0,0.004247077697744735,0.009540828428446101,0.029728057292791512,0.2041232677606436,0.047620343760802195,0.0,0.09122708841012074,0.047620343760802195,0.04247077697744736,0.009540828428446101,0.01261718850582838,0.013382998295128345,0.01563483290374279,0.012687133625149727,0.02206818014383316,0.04630901291966438,0.08036681264638901,0.3178737461566925
133.0,0.20255863265349314,0.0629013447323814,1.3731008228011967,1.398126244544983,0.1398126244544983,0.0,0.004469271083004199,0.009464191201214608,0.03183444302815657,0.20255863265349314,0.04881254683893461,0.0,0.09210159113773933,0.04881254683893461,0.044692710830042,0.009464191201214608,0.01247677393257618,0.013297613710165024,0.015535243786871433,0.012360548600554466,0.021746166050434113,0.046154171228408813,0.08069880306720734,0.30094143748283386
134.0,0.20599700395877546,0.07221346779260784,1.45581901620908,1.3936525537417486,0.13936525537417485,0.0,0.004194467271176669,0.012011276450581275,0.031978099105449825,0.20599700395877546,0.050426000299362034,0.0,0.10199053069719902,0.050426000299362034,0.04194467271176668,0.012011276450581275,0.012783391401171684,0.013576723635196686,0.015878826379776,0.012810359708964825,0.022459164261817932,0.04733835533261299,0.08238345384597778,0.37047746777534485
135.0,0.21103041619062424,0.059280675021000206,1.3507217480171496,1.4460884149257953,0.14460884149257958,0.0,0.004517325185812437,0.010265662316949321,0.03144648843086683,0.21103041619062424,0.051638578136379905,0.0,0.09576127105034314,0.051638578136379905,0.04517325185812437,0.010265662316949321,0.012422267347574234,0.013232543133199215,0.015452821739017963,0.012274940498173237,0.02171160653233528,0.04590658098459244,0.08048877865076065,0.27275586128234863
136.0,0.2019133332830209,0.06362079130485654,1.3763911960530957,1.3254585403662462,0.13254585403662464,0.0,0.0049736364099841855,0.012652360923731556,0.033841474841420464,0.2019133332830209,0.05174147695876085,0.0,0.10510811238334729,0.05174147695876085,0.04973636409984185,0.012652360923731556,0.012528576888144016,0.013306503184139729,0.015570452436804771,0.012545231729745865,0.0218639075756073,0.04576930031180382,0.079205721616745,0.3081766366958618
137.0,0.20038259258637062,0.06906051957048476,1.4163258538034158,1.3645285276266246,0.13645285276266245,0.0,0.004621942484608063,0.010816921856111059,0.03251372893842367,0.20038259258637062,0.04849087360959787,0.0,0.09763448255566451,0.04849087360959787,0.04621942484608063,0.010816921856111059,0.012707702815532684,0.013571150600910187,0.015775877982378006,0.012455828487873077,0.022179150953888893,0.047071825712919235,0.08158525824546814,0.34713736176490784
138.0,0.21114986332563254,0.04928525676950812,1.4837513369360107,1.4279045462608337,0.1427904546260834,0.0,0.005249275668309285,0.013120170324467696,0.03497895068274094,0.21114986332563254,0.04998996209066648,0.0,0.10785384246936211,0.04998996209066648,0.05249275668309285,0.013120170324467696,0.012193792499601841,0.01286408118903637,0.015031584538519382,0.012335874140262604,0.021250780671834946,0.04529103636741638,0.07936637848615646,0.195948526263237
139.0,0.22514663120874992,0.054176570381969213,1.571084393203177,1.5151142615538378,0.15151142615538377,0.0,0.005349777022806498,0.008592190050806563,0.030168331084916226,0.22514663120874992,0.059693235044295974,0.0,0.08742730004283097,0.059693235044295974,0.05349777022806498,0.008592190050806563,0.012295078486204147,0.013044607825577259,0.015303495340049267,0.012315232306718826,0.02140803262591362,0.04466305673122406,0.07763603329658508,0.23674702644348145
140.0,0.20176814152644232,0.06022229103837162,1.5057573189603488,1.365466480071728,0.1365466480071728,0.0,0.004378972961925544,0.011466097140398163,0.035526318762164846,0.20176814152644232,0.04937641996030624,0.0,0.10209611831949307,0.04937641996030624,0.04378972961925543,0.011466097140398163,0.012449107132852077,0.013153466396033764,0.015394366346299648,0.012559199705719948,0.021544592455029488,0.045603327453136444,0.07903560996055603,0.2820386588573456
141.0,0.20531734021810386,0.07634457596577704,1.5266258008922011,1.391105706875141,0.1391105706875141,0.0,0.004585004397309743,0.009822490428072901,0.030573725127256833,0.20531734021810386,0.05179926953636683,0.0,0.093336093884248,0.05179926953636683,0.045850043973097436,0.009822490428072901,0.012901067733764648,0.013789705000817776,0.016061199828982353,0.012507983483374119,0.02242819219827652,0.04829234257340431,0.08397755771875381,0.4007985591888428
142.0,0.20465073046775964,0.055598192382603884,1.4199041503915213,1.3855213201962984,0.13855213201962985,0.0,0.0048154415276188125,0.010711401915894104,0.03221548448961515,0.20465073046775964,0.050571755004616886,0.0,0.09795420760145554,0.050571755004616886,0.04815441527618812,0.010711401915894104,0.01235384400933981,0.013081217184662819,0.015288090333342552,0.012435163371264935,0.021552564576268196,0.04592963308095932,0.08057283610105515,0.2435721904039383
143.0,0.20832088876229066,0.0758268180070445,1.4795946485738134,1.372594232742603,0.1372594232742603,0.0,0.0051483176362056016,0.009264462914031286,0.029511601807406314,0.20832088876229066,0.056648687101327456,0.0,0.0900233594270853,0.056648687101327456,0.051483176362056,0.009264462914031286,0.012959759682416916,0.013861150480806828,0.016123870387673378,0.012500600889325142,0.022573372349143028,0.04863307625055313,0.08456514030694962,0.3953975737094879
144.0,0.1900347603055147,0.05703355744481087,1.3400325636772976,1.2645280819672804,0.12645280819672805,0.0,0.004881432108007944,0.009593953700879445,0.0314319570763753,0.1900347603055147,0.04910656251013279,0.0,0.09325131229483165,0.04910656251013279,0.048814321080079444,0.009593953700879445,0.012410390190780163,0.013158297166228294,0.015368831343948841,0.01241295412182808,0.02166055701673031,0.04614914208650589,0.08109796792268753,0.25401031970977783
145.0,0.19539758964226797,0.06800621701404452,1.4237546618037031,1.2349335230313814,0.12349335230313814,0.0,0.0049497264079176465,0.010972419646210395,0.031928264177762546,0.19539758964226797,0.05598208623436781,0.0,0.09803880120699222,0.05598208623436781,0.04949726407917646,0.010972419646210395,0.012678953818976879,0.013506327755749226,0.015807485207915306,0.012355949729681015,0.022009624168276787,0.04723503068089485,0.08160360157489777,0.33885276317596436
146.0,0.19462514095581496,0.059555756160989404,1.3696679020660996,1.2988194502316988,0.12988194502316988,0.0,0.0040428723136966055,0.009967411635443568,0.030041157053067133,0.19462514095581496,0.05073291306885389,0.0,0.09333827174626864,0.05073291306885389,0.04042872313696604,0.009967411635443568,0.012520048767328262,0.013261105865240097,0.01551044825464487,0.012607482261955738,0.02174975723028183,0.045779984444379807,0.0792924240231514,0.2757247984409332
147.0,0.18878813603749642,0.06383486255072057,1.3724175795248392,1.2631136912565966,0.12631136912565968,0.0,0.005055160139902279,0.011736457683862401,0.03219901927961753,0.18878813603749642,0.04568514700692434,0.0,0.10169453403124443,0.04568514700692434,0.0505516013990228,0.011736457683862401,0.012546194717288017,0.013370325788855553,0.01564195565879345,0.01219898834824562,0.02178356423974037,0.04732649400830269,0.08171172440052032,0.30609965324401855
148.0,0.21572177112102509,0.05782099370844662,1.5616954087170438,1.3907307844895582,0.13907307844895583,0.0,0.005261459975288465,0.00931839757742217,0.02943504200531886,0.21572177112102509,0.06206883432773443,0.0,0.09101957684526077,0.06206883432773443,0.05261459975288464,0.00931839757742217,0.01241344679147005,0.01315650437027216,0.015413492918014526,0.012481417506933212,0.021546639502048492,0.04518526792526245,0.07852928340435028,0.2638418972492218
149.0,0.19982687613138786,0.06846495694480836,1.5254223683426515,1.3607199512995207,0.13607199512995208,0.0,0.004515274327534896,0.011118701891973615,0.03267346709393538,0.19982687613138786,0.048120903997467115,0.0,0.10018766499482669,0.048120903997467115,0.045152743275348954,0.011118701891973615,0.012764609418809414,0.013630867935717106,0.015900833532214165,0.012354154139757156,0.02217157557606697,0.04771183431148529,0.0823463648557663,0.3408394157886505
150.0,0.20129726712520307,0.07507473509758711,1.5280704771726685,1.3819986994449909,0.1381998699444991,0.0,0.0042996697414379855,0.007775409254603661,0.02757717425433489,0.20129726712520307,0.05102231195912911,0.0,0.08340919533601174,0.05102231195912911,0.04299669741437985,0.007775409254603661,0.01277997251600027,0.013626408763229847,0.015959305688738823,0.012578198686242104,0.02227601781487465,0.047810643911361694,0.08300229161977768,0.3925650417804718
151.0,0.18653637342728102,0.07198227429762483,1.4358813489093682,1.229232439628014,0.12292324396280142,0.0,0.004220387547348555,0.010222704884094687,0.03228898962529806,0.18653637342728102,0.04917003500920076,0.0,0.0963702485538446,0.04917003500920076,0.042203875473485544,0.010222704884094687,0.012700839899480343,0.013380764052271843,0.01544380746781826,0.01289117056876421,0.021956268697977066,0.04746069014072418,0.08329598605632782,0.3687286674976349
152.0,0.21083129197359085,0.06653149018529803,1.5886309503200127,1.3138515674150908,0.13138515674150908,0.0,0.005071426641482574,0.009872116882783862,0.02948193381038996,0.21083129197359085,0.06450259069410655,0.0,0.09365792199969292,0.06450259069410655,0.05071426641482573,0.009872116882783862,0.012592281214892864,0.013387887738645077,0.01566564291715622,0.01256053987890482,0.021969782188534737,0.046342670917510986,0.08107158541679382,0.3286615312099457
153.0,0.18948524502607492,0.07254235935397446,1.4087692867673254,1.271150488119859,0.1271150488119859,0.0,0.004886737881371608,0.011154653316435333,0.03089969247006453,0.18948524502607492,0.04632880338109457,0.0,0.09936757414386822,0.04632880338109457,0.048867378813716084,0.011154653316435333,0.012902051210403442,0.013772443868219852,0.016041895374655724,0.012406968511641026,0.022443724796175957,0.0480833537876606,0.08261943608522415,0.37206900119781494
154.0,0.19202785480480927,0.05316344753373414,1.4232432595822182,1.2585603594779968,0.1258560359477997,0.0,0.005462942028848025,0.008260728030178983,0.027900490121772654,0.19202785480480927,0.05244814661832956,0.0,0.08532017354781811,0.05244814661832956,0.054629420288480245,0.008260728030178983,0.012330538593232632,0.013086972758173943,0.015342464670538902,0.012228831648826599,0.021442098543047905,0.04528825730085373,0.07926946133375168,0.22631895542144775
155.0,0.18339637896189323,0.07771715824492276,1.451387762706698,1.1611126019404485,0.11611126019404486,0.0,0.004244856851605269,0.010257812575078927,0.03163243228426346,0.18339637896189323,0.05278244786537611,0.0,0.09571035149005744,0.05278244786537611,0.042448568516052686,0.010257812575078927,0.012847804464399815,0.013532130979001522,0.01573590189218521,0.013018926605582237,0.022283095866441727,0.047444604337215424,0.08155670017004013,0.415318101644516
156.0,0.18767008815820402,0.05649685289245099,1.409189608213663,1.2175136048060198,0.12175136048060198,0.0,0.004189186736654777,0.009246182359325198,0.0284865815192461,0.18767008815820402,0.052483356915987454,0.0,0.09035181082212008,0.052483356915987454,0.04189186736654777,0.009246182359325198,0.01237232144922018,0.013115838170051575,0.015371380373835564,0.012384887784719467,0.02156488411128521,0.0455314964056015,0.07970628142356873,0.2519277334213257
157.0,0.18512978977881944,0.07001489447429776,1.487353750751339,1.205821761718163,0.12058217617181631,0.0,0.004652417773524157,0.010746193781065254,0.030655718480165187,0.18512978977881944,0.04914899585911861,0.0,0.09730279044463085,0.04914899585911861,0.04652417773524156,0.010746193781065254,0.012742322869598866,0.013532348908483982,0.015811646357178688,0.012753177434206009,0.022288765758275986,0.04678431525826454,0.08167770504951477,0.35452887415885925
158.0,0.18678968858260375,0.06564474408514798,1.4587406843519364,1.2408336813633258,0.12408336813633261,0.0,0.004864778627569859,0.008596768611683868,0.0282388637558772,0.18678968858260375,0.04924477364581365,0.0,0.08671440900518344,0.04924477364581365,0.04864778627569859,0.008596768611683868,0.012630327604711056,0.013473168946802616,0.01571667194366455,0.01236090250313282,0.022015798836946487,0.047361377626657486,0.08297988772392273,0.31861981749534607
159.0,0.1854009977900065,0.06865413615014404,1.4931755904232153,1.1812028884887695,0.11812028884887696,0.0,0.0050873096029345815,0.009542333087525688,0.03054450910824996,0.1854009977900065,0.05265106117496124,0.0,0.09248297260357784,0.05265106117496124,0.0508730960293458,0.009542333087525688,0.012660342268645763,0.0134703628718853,0.01573892869055271,0.012620659545063972,0.022082030773162842,0.046309880912303925,0.080777607858181,0.3455732762813568
160.0,0.17917757424024436,0.06567253498360515,1.4346846353314144,1.1736419475995576,0.11736419475995577,0.0,0.004299600436710394,0.008632106008008122,0.027688478764433127,0.17917757424024436,0.04888167275259128,0.0,0.08753841771529271,0.04888167275259128,0.04299600436710394,0.008632106008008122,0.012611694633960724,0.013434503227472305,0.015687452629208565,0.01247093640267849,0.021944090723991394,0.04674900323152542,0.0812222957611084,0.3212603032588959
161.0,0.17404181567522195,0.06548993359319866,1.4148699282355575,1.1237185689119191,0.11237185689119193,0.0,0.004721881091021575,0.009236753094368257,0.02943322478005519,0.17404181567522195,0.04771132351687321,0.0,0.09052957966923714,0.04771132351687321,0.04721881091021574,0.009236753094368257,0.012448344379663467,0.013043846003711224,0.015139400959014893,0.012637958861887455,0.02142866887152195,0.04607812687754631,0.08047409355640411,0.32266902923583984
162.0,0.19398842465419036,0.06423878949135542,1.5521055881372317,1.1607723052685077,0.11607723052685079,0.0,0.005344819714530156,0.008935848868881853,0.0284664726171356,0.19398842465419036,0.06363052416306275,0.0,0.08837580938751881,0.06363052416306275,0.053448197145301565,0.008935848868881853,0.012600298039615154,0.01342901960015297,0.015681056305766106,0.012402891181409359,0.02190251648426056,0.046671900898218155,0.08101321011781693,0.3102094233036041
163.0,0.1820876426421679,0.06224121188279241,1.4067646833925085,1.1777257667138026,0.11777257667138026,0.0,0.00444358942600397,0.009478836750181822,0.029018150069392644,0.1820876426421679,0.050392637172570594,0.0,0.09060179327542965,0.050392637172570594,0.044435894260039695,0.009478836750181822,0.012568200938403606,0.013323125429451466,0.015575414523482323,0.012600612826645374,0.021886244416236877,0.045957013964653015,0.07999395579099655,0.2960251271724701
164.0,0.18132583166544253,0.0767722511664033,1.4552581096882806,1.1854272117981544,0.11854272117981544,0.0,0.004585686784524185,0.010018577826066086,0.029268373377048053,0.18132583166544253,0.04817884429716147,0.0,0.093878351438504,0.04817884429716147,0.04585686784524184,0.010018577826066086,0.013022033497691154,0.013920045457780361,0.016187185421586037,0.012608076445758343,0.022745950147509575,0.04898820072412491,0.08527123183012009,0.4014352858066559
165.0,0.19321611523628235,0.058028090628795326,1.4177324735409362,1.2522532894061162,0.1252253289406116,0.0,0.004767247267927115,0.009370941023987073,0.027997785749343727,0.19321611523628235,0.05385259610529129,0.0,0.09076857652801734,0.05385259610529129,0.04767247267927115,0.009370941023987073,0.012391346506774426,0.013144811615347862,0.015389928594231606,0.01240052655339241,0.021603301167488098,0.045819684863090515,0.08058764785528183,0.26288747787475586
166.0,0.18202964732280144,0.0642048679292202,1.4921510031807943,1.1422598958015442,0.11422598958015442,0.0,0.005065883065645511,0.009999862119842034,0.029430194113116998,0.18202964732280144,0.052737907434885316,0.0,0.09468837884756234,0.052737907434885316,0.050658830656455114,0.009999862119842034,0.012648718431591988,0.013469977304339409,0.01574341580271721,0.01240595430135727,0.02203754335641861,0.046941038221120834,0.08121370524168015,0.30917859077453613
167.0,0.1866333593542759,0.05807540100067854,1.5021078373339558,1.22250130543342,0.12225013054334201,0.0,0.004696989059448243,0.008897285138328489,0.027584078291860912,0.1866333593542759,0.05078895160785088,0.0,0.0881860562815116,0.05078895160785088,0.04696989059448242,0.008897285138328489,0.012336678802967072,0.012994930148124695,0.01518088486045599,0.01247603353112936,0.02129826880991459,0.04524105787277222,0.07863672077655792,0.26643863320350647
168.0,0.18611782846542504,0.061161063495092094,1.5262833922158972,1.1774703218386724,0.11774703218386723,0.0,0.005058449270346991,0.00911650802187908,0.029288762320692722,0.18611782846542504,0.05419583704609137,0.0,0.09045464545488358,0.05419583704609137,0.0505844927034699,0.00911650802187908,0.012574862688779831,0.013385055586695671,0.01564881205558777,0.012377039529383183,0.02191394940018654,0.04644028842449188,0.08039583265781403,0.28655266761779785
169.0,0.17865425806779128,0.053524369141086936,1.4210144186929046,1.1538377908559947,0.11538377908559945,0.0,0.004769257341439908,0.0078000218625395345,0.02638046285853936,0.17865425806779128,0.050701201535188235,0.0,0.0838733879992595,0.050701201535188235,0.04769257341439907,0.0078000218625395345,0.012308763340115547,0.01298742089420557,0.015200168825685978,0.01241689920425415,0.021305309608578682,0.04517660290002823,0.07876043021678925,0.23003935813903809
170.0,0.17468698437397295,0.06404640688560903,1.4687351997554616,1.0644319034539735,0.10644319034539737,0.0,0.005096026746412884,0.009011718390796047,0.028739228987923034,0.17468698437397295,0.05413604413087551,0.0,0.08968251255842355,0.05413604413087551,0.05096026746412882,0.009011718390796047,0.012652529403567314,0.013471588492393494,0.015746645629405975,0.01239415630698204,0.022028636187314987,0.04688512533903122,0.08108352869749069,0.3081090450286865
171.0,0.17372646297399813,0.052747408393770456,1.424123308247348,1.0925374237390666,0.10925374237390663,0.0,0.004737994891519729,0.008604154787742747,0.02710245778927436,0.17372646297399813,0.051130569038482815,0.0,0.0866019562459909,0.051130569038482815,0.0473799489151973,0.008604154787742747,0.012356563471257687,0.013063613325357437,0.015276219695806503,0.012435072101652622,0.0214298777282238,0.04547715187072754,0.07941953837871552,0.22252123057842255
172.0,0.17585773364855692,0.06434300902765244,1.4692340711339076,1.0744422055207765,0.10744422055207765,0.0,0.005063513752359611,0.008810467068822337,0.027965201208224662,0.17585773364855692,0.05453953290214905,0.0,0.08759821836764996,0.05453953290214905,0.0506351375235961,0.008810467068822337,0.012640951201319695,0.013456394895911217,0.015726841986179352,0.012418163008987904,0.02198491059243679,0.04664291441440582,0.08101579546928406,0.3108581006526947
173.0,0.17232422931836203,0.05408756993710995,1.4243478268260783,1.0880912175545325,0.10880912175545326,0.0,0.004825803293631627,0.008697305537330417,0.0273612798549808,0.17232422931836203,0.04999199638573023,0.0,0.0878147932772453,0.04999199638573023,0.04825803293631627,0.008697305537330417,0.012383357621729374,0.013104059733450413,0.015322613529860973,0.012443254701793194,0.021512601524591446,0.04571693018078804,0.07994373142719269,0.23227401077747345
174.0,0.18327750380222613,0.06579487980343401,1.4706804560694318,1.1355307606550364,0.11355307606550363,0.0,0.005093390129220028,0.009089128078462986,0.027749890461564064,0.18327750380222613,0.05554190965799185,0.0,0.08954999309319717,0.05554190965799185,0.050933901292200275,0.009089128078462986,0.012626309879124165,0.013441463932394981,0.015711862593889236,0.012460886500775814,0.02195229008793831,0.04647574573755264,0.08100571483373642,0.32268476486206055
175.0,0.17784924289354911,0.058523095096461475,1.427314528936704,1.1504853321955755,0.11504853321955753,0.0,0.004911950818048074,0.009852186230441125,0.028899534820364073,0.17784924289354911,0.048036568153363005,0.0,0.09361986156839591,0.048036568153363005,0.049119508180480734,0.009852186230441125,0.012478543445467949,0.0132127171382308,0.015411137603223324,0.012536310590803623,0.021714454516768456,0.04621012881398201,0.08110029995441437,0.26552116870880127
176.0,0.18815062596247747,0.06848540704231709,1.5325405194059185,1.170304775238037,0.11703047752380372,0.0,0.0051495216285380035,0.008910769310135108,0.026740490530545894,0.18815062596247747,0.05705985885400038,0.0,0.08863040031148837,0.05705985885400038,0.051495216285380035,0.008910769310135108,0.012648135423660278,0.01346746739000082,0.015746327117085457,0.012508144602179527,0.022002674639225006,0.046531811356544495,0.0812293216586113,0.34374937415122986
177.0,0.1749129226574531,0.06503909861203283,1.5215870411595878,1.141396864102437,0.11413968641024369,0.0,0.0043170088543914836,0.00970204033029194,0.0289848312162436,0.1749129226574531,0.04675418496705019,0.0,0.09325322738060585,0.04675418496705019,0.04317008854391483,0.00970204033029194,0.012683507055044174,0.013445954769849777,0.015682140365242958,0.01276619266718626,0.022071806713938713,0.04649265110492706,0.0813111886382103,0.3158593475818634
178.0,0.18239504786638114,0.0724945223191753,1.584328352826232,1.2041350648953364,0.12041350648953367,0.0,0.004671146720647812,0.00751344443191416,0.02596310518968564,0.18239504786638114,0.049796951648134455,0.0,0.08110218609754856,0.049796951648134455,0.04671146720647812,0.00751344443191416,0.012788084335625172,0.013653515838086605,0.015932412818074226,0.012489835731685162,0.022234506905078888,0.04793379828333855,0.08405841141939163,0.3708656132221222
179.0,0.17338312761141703,0.07787099003326148,1.5458650709014323,1.1078490293942964,0.11078490293942966,0.0,0.004453964517093622,0.008604634320363402,0.028686735779047012,0.17338312761141703,0.049539621346271955,0.0,0.08772007118050869,0.049539621346271955,0.04453964517093622,0.008604634320363402,0.012937100604176521,0.013774382881820202,0.016069259494543076,0.012868298217654228,0.02265005186200142,0.048107851296663284,0.0841650515794754,0.4123959243297577
180.0,0.16882611753848883,0.05890077690128237,1.3884330570352583,1.030780819746164,0.10307808197461642,0.0,0.004396433447702574,0.008165993647148402,0.02662864628319557,0.16882611753848883,0.05318560723501902,0.0,0.08506941164915378,0.05318560723501902,0.04396433447702573,0.008165993647148402,0.012461774051189423,0.013249238952994347,0.01551302894949913,0.012310587801039219,0.02166302315890789,0.04601229354739189,0.08055707812309265,0.2694391906261444
181.0,0.16469909766545662,0.06677673128433526,1.4486144256842834,1.0078087219825158,0.10078087219825159,0.0,0.004747425034069099,0.008625654870859133,0.02762743142934946,0.16469909766545662,0.05054514367993061,0.0,0.08693124783726838,0.05054514367993061,0.04747425034069098,0.008625654870859133,0.012664169073104858,0.013359596952795982,0.015569714829325676,0.01279936172068119,0.021904345601797104,0.04613500088453293,0.07920857518911362,0.3325730860233307
182.0,0.16433073637577203,0.05550599028356373,1.4198971757619576,1.0170623568388133,0.10170623568388132,0.0,0.004948072515141505,0.008210728231530923,0.0264609928887624,0.16433073637577203,0.04946569883479522,0.0,0.08479306388359803,0.04946569883479522,0.04948072515141506,0.008210728231530923,0.01239420659840107,0.013163884170353413,0.01541106402873993,0.012264824472367764,0.021547634154558182,0.04563382267951965,0.08016391843557358,0.24346856772899628
183.0,0.1746485514136461,0.06576612661592662,1.4728487611844976,1.0906574152983153,0.1090657415298315,0.0,0.005026381821013415,0.008695205942226144,0.02670408856983368,0.1746485514136461,0.051861220254347876,0.0,0.08748169587208675,0.051861220254347876,0.05026381821013414,0.008695205942226144,0.012665344402194023,0.013368798419833183,0.01557888276875019,0.01279745064675808,0.021940918639302254,0.04607316851615906,0.07907737791538239,0.3246270716190338
184.0,0.17122517755398384,0.05898799677379429,1.4626569549137352,1.076590542609875,0.10765905426098751,0.0,0.005083591433671805,0.009409352850455504,0.028103690737715133,0.17122517755398384,0.04907317674503876,0.0,0.09131612542730111,0.04907317674503876,0.050835914336718045,0.009409352850455504,0.012449214234948158,0.013235453516244888,0.015480957925319672,0.012310158461332321,0.021655172109603882,0.04615005850791931,0.08115444332361221,0.2694685161113739
185.0,0.17832088126586035,0.0656887418590486,1.5578193639315587,1.126562306514153,0.11265623065141529,0.0,0.004981804653429069,0.009026162335290931,0.02657199199669636,0.17832088126586035,0.051656680611463696,0.0,0.08874716924933287,0.051656680611463696,0.04981804653429068,0.009026162335290931,0.012699221260845661,0.013433409854769707,0.015661323443055153,0.01281182561069727,0.022067075595259666,0.04634552448987961,0.07998593151569366,0.3225056231021881
186.0,0.17454294860363007,0.06462064012885094,1.5785195191113905,1.1110626780069792,0.1111062678006979,0.0,0.004366214315478618,0.008610021690121638,0.027835969168406267,0.17454294860363007,0.050460439891769335,0.0,0.08782845019147946,0.050460439891769335,0.043662143154786184,0.008610021690121638,0.012629670090973377,0.013432632200419903,0.015705091878771782,0.012525880709290504,0.02200215682387352,0.04674304649233818,0.08136671036481857,0.31255993247032166
187.0,0.1765602849997007,0.06322514987550676,1.6161960890309037,1.1530601336405828,0.11530601336405828,0.0,0.004346751278409591,0.007079417575508929,0.025090642703267243,0.1765602849997007,0.04982809980328266,0.0,0.0790349101791015,0.04982809980328266,0.04346751278409591,0.007079417575508929,0.01263642217963934,0.01338956132531166,0.015619038604199886,0.012690680101513863,0.02197292633354664,0.0461844801902771,0.08067775517702103,0.30263033509254456
188.0,0.16484983781209359,0.06314372213091701,1.5546860726499334,1.037363520035377,0.1037363520035377,0.0,0.004733075208675403,0.008261942994207717,0.027309292139342196,0.16484983781209359,0.04811846651136875,0.0,0.08548367969118632,0.04811846651136875,0.04733075208675403,0.008261942994207717,0.012585773132741451,0.013380445539951324,0.01565740257501602,0.012411452829837799,0.021878965198993683,0.04613525792956352,0.08071941137313843,0.30238106846809387
189.0,0.16363356377069765,0.06313849985599518,1.4889993871667602,1.019313858105586,0.10193138581055862,0.0,0.004980470283100238,0.0073285223199771,0.025176625770445053,0.16363356377069765,0.049393183909929715,0.0,0.08004229687727414,0.049393183909929715,0.049804702831002384,0.0073285223199771,0.01257431972771883,0.013268417678773403,0.015450369566679,0.012691568583250046,0.021719567477703094,0.04610088840126991,0.08015355467796326,0.3031493127346039
190.0,0.16369005751151305,0.0711983519140631,1.5201402257295227,0.9810058016043443,0.09810058016043444,0.0,0.0049097349079182525,0.008250999801720563,0.027093382982107308,0.16369005751151305,0.052428742011006065,0.0,0.08500844870622341,0.052428742011006065,0.04909734907918251,0.008250999801720563,0.012837111949920654,0.013684737496078014,0.01596730761229992,0.01257722545415163,0.022341609001159668,0.04787417873740196,0.08320549130439758,0.36109915375709534
191.0,0.16004033157458672,0.05921145877800882,1.4946209215166495,0.9915818319870875,0.09915818319870875,0.0,0.004899822032222381,0.007788206638696675,0.025837544566736773,0.16004033157458672,0.04819412070971269,0.0,0.0823185108602047,0.04819412070971269,0.04899822032222381,0.007788206638696675,0.012532181106507778,0.013278848491609097,0.015449514612555504,0.012589527294039726,0.021788518875837326,0.04635026305913925,0.0819023922085762,0.26980042457580566
192.0,0.17133993025009447,0.061569734709337354,1.5757636614239074,0.9874998147671039,0.0987499814767104,0.0,0.005089731908474977,0.0077955960116993924,0.026461435338625543,0.17133993025009447,0.05970461695240094,0.0,0.0826195664703846,0.05970461695240094,0.05089731908474977,0.0077955960116993924,0.01259478460997343,0.013369978405535221,0.015640627592802048,0.012504324316978455,0.021897250786423683,0.04627517610788345,0.08068275451660156,0.289592981338501
193.0,0.15494525375274512,0.06615201965905726,1.4462592775362977,0.9678932095949466,0.09678932095949468,0.0,0.004778359601130853,0.0077794801730376026,0.026113467577558298,0.15494525375274512,0.045598090124818,0.0,0.08278999936122161,0.045598090124818,0.04778359601130852,0.0077794801730376026,0.012554066255688667,0.013213718309998512,0.01533436868339777,0.012708174996078014,0.021613379940390587,0.046216581016778946,0.08109249919652939,0.3264833688735962
194.0,0.1711690970338308,0.06277153559494764,1.5398104201596967,0.9776889315018287,0.09776889315018288,0.0,0.005093142469055378,0.008466115445256807,0.026633119783722438,0.1711690970338308,0.05984094280462999,0.0,0.08561712331496753,0.05984094280462999,0.05093142469055378,0.008466115445256807,0.012629551813006401,0.013403261080384254,0.015669047832489014,0.012550483457744122,0.021960290148854256,0.046286579221487045,0.08082912117242813,0.29884395003318787
195.0,0.16410774508347878,0.060948002501390874,1.4721828556120033,1.0452034175395966,0.10452034175395966,0.0,0.004926592104423504,0.00934719420575465,0.028414915674007855,0.16410774508347878,0.045313615495195754,0.0,0.091079231351614,0.045313615495195754,0.04926592104423504,0.00934719420575465,0.012566108256578445,0.01328619197010994,0.015442941337823868,0.012671650387346745,0.021792957559227943,0.046445537358522415,0.08175338804721832,0.2836252450942993
196.0,0.18813966329281145,0.06578349543269724,1.6896249212485996,1.1486188127444341,0.1148618812744434,0.0,0.005126730406370301,0.008330213971650945,0.02542299755777304,0.18813966329281145,0.059820836839767605,0.0,0.08485142370829216,0.059820836839767605,0.05126730406370301,0.008330213971650945,0.012663048692047596,0.013453681953251362,0.015719708055257797,0.012565379031002522,0.022014230489730835,0.046564407646656036,0.08129335194826126,0.3219941556453705
197.0,0.1630936563014984,0.0633630002848804,1.5527483105995665,1.0456172984379988,0.10456172984379988,0.0,0.005211118300660299,0.008945970070691636,0.027464694558427885,0.1630936563014984,0.044374833743159585,0.0,0.08936681426488437,0.044374833743159585,0.05211118300660299,0.008945970070691636,0.012639956548810005,0.013420446775853634,0.015731235966086388,0.012302459217607975,0.021889567375183105,0.04724350944161415,0.08049628138542175,0.3031805455684662
198.0,0.1831274118561011,0.05682914867065847,1.6403386188349414,1.1488961714964647,0.11488961714964646,0.0,0.005068099341140344,0.00653897161828354,0.02394218434794591,0.1831274118561011,0.05663072217542391,0.0,0.07437414876543559,0.05663072217542391,0.05068099341140343,0.00653897161828354,0.012557515874505043,0.013303018175065517,0.015589343383908272,0.012513197027146816,0.021859608590602875,0.04587555304169655,0.07969019562005997,0.2532447576522827
199.0,0.15663326875521585,0.08224277466069907,1.5084186830011888,0.9771751417563512,0.09771751417563511,0.0,0.004325616438514912,0.007865025482785244,0.02612801741522092,0.15663326875521585,0.04672511079563545,0.0,0.0829687465268832,0.04672511079563545,0.043256164385149114,0.007865025482785244,0.012811098247766495,0.013421045616269112,0.015458066947758198,0.013050954788923264,0.021849527955055237,0.04738777130842209,0.08206548541784286,0.4518982470035553
200.0,0.17225545644760132,0.059197428403422236,1.5411358122849017,0.9817569966499622,0.0981756996649962,0.0,0.004951899290944523,0.007654663632050729,0.025482832740705747,0.17225545644760132,0.06147319164413672,0.0,0.0815739522759731,0.06147319164413672,0.04951899290944521,0.007654663632050729,0.012654511258006096,0.013381531462073326,0.015619096346199512,0.012720164842903614,0.021960821002721786,0.046009521931409836,0.0793502926826477,0.271883487701416
201.0,0.15879869690308204,0.06024844280909747,1.4535334287167885,0.9805645713439355,0.09805645713439357,0.0,0.005300849661804163,0.0094593063964007,0.027792062467107408,0.15879869690308204,0.045982086314604834,0.0,0.09135039408619587,0.045982086314604834,0.05300849661804163,0.0094593063964007,0.012688188813626766,0.013484298251569271,0.015781322494149208,0.012355268932878971,0.02203001268208027,0.04743703827261925,0.08193783462047577,0.27627357840538025
202.0,0.1710252733184741,0.06077128823380917,1.6378391826504124,1.038527406178988,0.10385274061789881,0.0,0.005136273027612613,0.007480330375703768,0.024659481615974352,0.1710252733184741,0.05455592661522902,0.0,0.08019048147476636,0.05455592661522902,0.05136273027612613,0.007480330375703768,0.012621245346963406,0.013375064358115196,0.015660077333450317,0.01257624663412571,0.021966885775327682,0.04611603543162346,0.08025132119655609,0.2836034297943115
203.0,0.15543236067661872,0.04971734760329127,1.5135405458603504,0.9571888355108408,0.09571888355108406,0.0,0.004850215758555211,0.00867799416076965,0.026424516852085408,0.15543236067661872,0.046185269665259585,0.0,0.08675065264105797,0.046185269665259585,0.048502157585552104,0.00867799416076965,0.012387614697217941,0.01310551818460226,0.015395104885101318,0.01226027775555849,0.02151218056678772,0.04542655870318413,0.07886216789484024,0.19878935813903809
204.0,0.16686348559764716,0.06361933436710387,1.5653504220198982,1.0203879658992474,0.10203879658992476,0.0,0.004909008870331142,0.006948438450658264,0.024771775047366437,0.16686348559764716,0.05296723630565863,0.0,0.07709457796926682,0.05296723630565863,0.049090088703311406,0.006948438450658264,0.012619039975106716,0.013310284353792667,0.015534604899585247,0.01273055374622345,0.021800803020596504,0.04583442583680153,0.07857129722833633,0.30855366587638855
205.0,0.15728464321448252,0.05421547556761652,1.3566872912835644,0.9659086993107429,0.0965908699310743,0.0,0.00463783793294659,0.008273217459925665,0.026551193342759058,0.15728464321448252,0.047782716986078486,0.0,0.08601913973689079,0.047782716986078486,0.0463783793294659,0.008273217459925665,0.012460598722100258,0.013194624334573746,0.015471898019313812,0.012399394996464252,0.02167651616036892,0.04527412727475166,0.07895175367593765,0.23429489135742188
206.0,0.15650703471440536,0.05686395848169923,1.5104853050489828,0.9773278969984788,0.0977327896998479,0.0,0.005015545209439902,0.007441089940794672,0.02513672733822694,0.15650703471440536,0.04631760888374769,0.0,0.07998963989890538,0.04631760888374769,0.05015545209439901,0.007441089940794672,0.01247822493314743,0.013177742250263691,0.015388594940304756,0.01256707962602377,0.021616226062178612,0.04569735378026962,0.0798800140619278,0.25410643219947815
207.0,0.16183741734578058,0.07000147469807416,1.603364013280457,0.9439634726597712,0.0943963472659771,0.0,0.005130022076460031,0.007930698464266382,0.025764355722528238,0.16183741734578058,0.05438034551647993,0.0,0.0836821714272866,0.05438034551647993,0.051300220764600314,0.007930698464266382,0.012884115800261497,0.013712112791836262,0.01602979004383087,0.012563774362206459,0.02251715585589409,0.04784037172794342,0.08305322378873825,0.35141125321388245
208.0,0.16560561954975128,0.05523890571203083,1.5607810279991388,0.9966921852185175,0.09966921852185179,0.0,0.004668423239714824,0.007529449814823098,0.02508693804534582,0.16560561954975128,0.05373852542386605,0.0,0.08001918173753299,0.05373852542386605,0.046684232397148244,0.007529449814823098,0.012461300939321518,0.01318396721035242,0.01543411798775196,0.012489637359976768,0.021669166162610054,0.04564711079001427,0.07973986119031906,0.24128608405590057
209.0,0.15924456142462218,0.06823811447247863,1.580347764891454,0.9552816519370446,0.09552816519370445,0.0,0.005200024937781003,0.007431015121535613,0.02550157453291691,0.15924456142462218,0.05108535533341078,0.0,0.08149708836124493,0.05108535533341078,0.05200024937781004,0.007431015121535613,0.01287055853754282,0.01369286235421896,0.01599997468292713,0.012538833543658257,0.0224999338388443,0.047672491520643234,0.08261017501354218,0.33802008628845215
210.0,0.16220905975653574,0.05037916183937341,1.5561553160500645,0.9714524470842801,0.09714524470842802,0.0,0.004964318978958405,0.007146682442488292,0.02478526797718727,0.16220905975653574,0.0529528115517818,0.0,0.07895749836013867,0.0529528115517818,0.04964318978958405,0.007146682442488292,0.012399640865623951,0.01309217605739832,0.015352926217019558,0.012439608573913574,0.021540310233831406,0.0453014075756073,0.07891302555799484,0.20399419963359833
211.0,0.16016366676642343,0.06421312293969095,1.62946703260591,0.9545868222530072,0.09545868222530073,0.0,0.005328431309988866,0.008565518293135729,0.02662615657139283,0.16016366676642343,0.05081103484217937,0.0,0.08594643510878086,0.05081103484217937,0.05328431309988865,0.008565518293135729,0.012802788987755775,0.013601632788777351,0.0159243643283844,0.01249840296804905,0.022349204868078232,0.04747508093714714,0.08192913234233856,0.30712437629699707
212.0,0.1621907164271061,0.050413332995958626,1.5632806558018473,0.9788645139107337,0.09788645139107338,0.0,0.0048017599906485815,0.006776575084166745,0.024294116964133885,0.1621907164271061,0.05272592905049141,0.0,0.07579638894933921,0.05272592905049141,0.04801759990648581,0.006776575084166745,0.012382853776216507,0.013084113597869873,0.015335971489548683,0.01243154238909483,0.021499965339899063,0.04517391696572304,0.07868173718452454,0.20471656322479248
213.0,0.15528262291963285,0.06263101811055094,1.5679652558586408,0.9213750522870284,0.09213750522870286,0.0,0.005158513282927184,0.006595001072407915,0.024862483502007447,0.15528262291963285,0.051391599843135245,0.0,0.07687623598254643,0.051391599843135245,0.05158513282927183,0.006595001072407915,0.0127318250015378,0.013530852273106575,0.015838688239455223,0.012469252571463585,0.02222857065498829,0.04713289439678192,0.08143413811922073,0.2956819236278534
214.0,0.150786480651452,0.05108701589051634,1.5378832787596624,0.87454148210012,0.08745414821001202,0.0,0.004908065755779927,0.006906089592331017,0.02479470155846614,0.150786480651452,0.051518178473298364,0.0,0.07818723613253006,0.051518178473298364,0.049080657557799265,0.006906089592331017,0.012368102557957172,0.013049555942416191,0.015298555605113506,0.012442723847925663,0.021435072645545006,0.0450686514377594,0.07846475392580032,0.21056871116161346
215.0,0.15145120425866201,0.062473815167322755,1.5704973815459116,0.8665701173819028,0.0866570117381903,0.0,0.005242447275668383,0.00805557986202005,0.026037262466091376,0.15145120425866201,0.05149616501652277,0.0,0.08275653106661943,0.05149616501652277,0.052424472756683826,0.00805557986202005,0.012753537856042385,0.013541736640036106,0.01586810313165188,0.012478252872824669,0.022222159430384636,0.04718707501888275,0.08158176392316818,0.29415789246559143
216.0,0.15575341708385027,0.051524710026569664,1.5780096684295883,0.9310676959844736,0.09310676959844735,0.0,0.004845910025044129,0.006606296269008174,0.024415970135193605,0.15575341708385027,0.05119444128985588,0.0,0.07495573377953126,0.05119444128985588,0.0484591002504413,0.006606296269008174,0.012423436157405376,0.013132479041814804,0.015373901464045048,0.012468158267438412,0.021582862362265587,0.045483168214559555,0.0793294683098793,0.21240420639514923
217.0,0.1557467574110398,0.06463884108234197,1.6179367616406615,0.9156830058648036,0.09156830058648037,0.0,0.005202674571997844,0.006594096502969758,0.024549018448361985,0.1557467574110398,0.052381681421628364,0.0,0.07663247605355886,0.052381681421628364,0.052026745719978444,0.006594096502969758,0.01275226753205061,0.013558373786509037,0.01586320251226425,0.01249691192060709,0.022242270410060883,0.04707494005560875,0.08185943961143494,0.3112633228302002
218.0,0.14775780817637077,0.05130410846322775,1.5042547676374332,0.858448150066229,0.0858448150066229,0.0,0.005002635352026958,0.006946347967291681,0.025719711342110083,0.14775780817637077,0.04996401200500818,0.0,0.07909246046955769,0.04996401200500818,0.05002635352026958,0.006946347967291681,0.012417449615895748,0.013120600022375584,0.015364558435976505,0.012475323863327503,0.021560920402407646,0.04548199102282524,0.07931099086999893,0.21070103347301483
219.0,0.15059661464049265,0.06283014407381415,1.5108976929118723,0.8416881549816865,0.08416881549816865,0.0,0.005279930530545804,0.008118258462323306,0.025664865039288998,0.15059661464049265,0.05302961113361212,0.0,0.08306367738315693,0.05302961113361212,0.05279930530545803,0.008118258462323306,0.012701804749667645,0.013489875011146069,0.01580014079809189,0.0124901682138443,0.022119345143437386,0.04664460942149162,0.08136030286550522,0.2980349063873291
220.0,0.14849929568859246,0.056522735860198736,1.542101795714284,0.8750186092578448,0.08750186092578448,0.0,0.004928636615379499,0.007151901175697835,0.024806564029019613,0.14849929568859246,0.048916893939559274,0.0,0.07910760391790134,0.048916893939559274,0.04928636615379499,0.007151901175697835,0.012463919818401337,0.01314469613134861,0.015363815240561962,0.012565835379064083,0.021581150591373444,0.045645423233509064,0.07963430136442184,0.25178274512290955
221.0,0.15921918417398745,0.06305704812984914,1.7677550707883993,0.916116095506228,0.09161160955062278,0.0,0.005335792540930786,0.007617943624679286,0.025363902274805766,0.15921918417398745,0.05465383856342389,0.0,0.08208778930398133,0.05465383856342389,0.053357925409307845,0.007617943624679286,0.012663870118558407,0.013451533392071724,0.015759827569127083,0.01249239407479763,0.022073110565543175,0.04658073931932449,0.08125435560941696,0.3001805543899536
222.0,0.16666339395137933,0.06356516643427312,1.7980502394635625,1.052324496782743,0.10523244967827432,0.0,0.004530882563155431,0.007695808729085212,0.027298639600093547,0.16666339395137933,0.04920425065434896,0.0,0.08280869802603355,0.04920425065434896,0.04530882563155431,0.007695808729085212,0.012503406964242458,0.013147735968232155,0.015324922278523445,0.01264940109103918,0.021506398916244507,0.045628082007169724,0.07925909757614136,0.30850228667259216
223.0,0.1649198939020817,0.06192033982370049,1.7795427720056325,0.9766734884335444,0.09766734884335443,0.0,0.005234826520945017,0.0074169268527139835,0.026608672422858384,0.1649198939020817,0.054600792148938544,0.0,0.08238053866303884,0.054600792148938544,0.05234826520945017,0.0074169268527139835,0.01266291830688715,0.013447387143969536,0.015762314200401306,0.012483742088079453,0.02208486758172512,0.0466659776866436,0.08127767592668533,0.2909778356552124
224.0,0.16499328097471824,0.06654322799295187,1.6346458893145117,1.0269660628758943,0.10269660628758943,0.0,0.004707173114785782,0.008643130467344936,0.02703488990664482,0.16499328097471824,0.04894637144528902,0.0,0.08741184495962583,0.04894637144528902,0.047071731147857815,0.008643130467344936,0.01253184862434864,0.013121623545885086,0.015265698544681072,0.01271644327789545,0.02142435498535633,0.045558881014585495,0.07836198061704636,0.33336499333381653
225.0,0.17235546215222433,0.058617235510610044,1.682715161455784,1.0556112780020788,0.1055611278002079,0.0,0.005069375467988161,0.007870650053239213,0.027605108057077114,0.17235546215222433,0.05385430644337948,0.0,0.08458690975721066,0.05385430644337948,0.05069375467988161,0.007870650053239213,0.012628418393433094,0.013392278924584389,0.01572330854833126,0.012440554797649384,0.022033249959349632,0.046657294034957886,0.0807664692401886,0.2652963101863861
226.0,0.1676842816747152,0.05357220128644258,1.6468872576309055,1.0754882097244263,0.10754882097244264,0.0,0.00489335133192631,0.0069647135768229,0.025048608031983558,0.1676842816747152,0.048277391550632626,0.0,0.0793550332578329,0.048277391550632626,0.04893351331926309,0.0069647135768229,0.012383230030536652,0.013024864718317986,0.015262661501765251,0.012489520944654942,0.021343611180782318,0.04502237215638161,0.07834160327911377,0.2307097464799881
227.0,0.15722071264798826,0.05937735887710005,1.6198592230286752,0.9201953456952021,0.09201953456952022,0.0,0.0051679152278946,0.006795564182819082,0.02464955995002618,0.15722071264798826,0.053237698112542815,0.0,0.07750912956320323,0.053237698112542815,0.051679152278946,0.006795564182819082,0.012700963765382767,0.013470467180013657,0.015821587294340134,0.012467612512409687,0.02217932790517807,0.04723994806408882,0.0813375860452652,0.26980137825012207
228.0,0.1481127544091298,0.049616524833254516,1.5136605069030091,0.8830758585379674,0.08830758585379675,0.0,0.0048520247953442435,0.005403970408504113,0.022483145316632893,0.1481127544091298,0.049549175426363945,0.0,0.06869468264854871,0.049549175426363945,0.048520247953442425,0.005403970408504113,0.012406543828547001,0.013095465488731861,0.015346950851380825,0.012465914711356163,0.021487783640623093,0.04523675888776779,0.07892520725727081,0.19796757400035858
229.0,0.14593855348917154,0.06150790781248361,1.5635768389678604,0.8113621450387515,0.08113621450387515,0.0,0.0051848632928270565,0.0067743648810741994,0.02424264756532816,0.14593855348917154,0.05284310848667072,0.0,0.0771189438035855,0.05284310848667072,0.05184863292827056,0.0067743648810741994,0.012734310701489449,0.013512981124222279,0.015867138281464577,0.012481443583965302,0.022211920469999313,0.04729241505265236,0.08176601678133011,0.2861970365047455
230.0,0.14065312307614547,0.051380377961322665,1.479020666326417,0.7942697543364304,0.07942697543364305,0.0,0.004837907177324479,0.006676668896733855,0.023873628260424502,0.14065312307614547,0.049711568567615286,0.0,0.0757324376071875,0.049711568567615286,0.04837907177324478,0.006676668896733855,0.012450594455003738,0.013157903216779232,0.015400235541164875,0.01250537484884262,0.021599041298031807,0.04555201157927513,0.07956894487142563,0.2108089178800583
231.0,0.1479713527055887,0.0608823528746143,1.562005876737379,0.8281197777161231,0.08281197777161231,0.0,0.005163301864209083,0.00674470377047188,0.023965993609565955,0.1479713527055887,0.053251365916087076,0.0,0.0766952418937133,0.053251365916087076,0.051633018642090835,0.00674470377047188,0.012705979868769646,0.01347414031624794,0.015813587233424187,0.012508423067629337,0.022158809006214142,0.046822402626276016,0.08148979395627975,0.28208568692207336
232.0,0.1502288872232804,0.05555449239909649,1.5397979906154544,0.8896609865702115,0.08896609865702115,0.0,0.004903028468386485,0.007509879942517728,0.02542387844564823,0.1502288872232804,0.04884988198486658,0.0,0.08170742856768462,0.04884988198486658,0.04903028468386485,0.007509879942517728,0.012488067150115967,0.013191530480980873,0.015413517132401466,0.012571653351187706,0.021654458716511726,0.04577450081706047,0.08004940301179886,0.24329280853271484
233.0,0.1638864318911846,0.06029440287966281,1.6912339604385596,0.9691631473027743,0.09691631473027741,0.0,0.005090291260813292,0.006951875138418892,0.023526109755039215,0.1638864318911846,0.05492795172792215,0.0,0.07776803594942276,0.05492795172792215,0.050902912608132914,0.006951875138418892,0.01266417745500803,0.01342175155878067,0.015753578394651413,0.012508340179920197,0.0220627561211586,0.04647575691342354,0.08107514679431915,0.2783937156200409
234.0,0.1492564741235513,0.05775541625916958,1.5455198268102661,0.9111300913187174,0.09111300913187173,0.0,0.004815819014150364,0.00697044553145623,0.024937055360239286,0.1492564741235513,0.04635719940639459,0.0,0.07808927561228092,0.04635719940639459,0.048158190141503625,0.00697044553145623,0.012511632405221462,0.013206635601818562,0.015414068475365639,0.012614008039236069,0.021672474220395088,0.045875389128923416,0.08039186149835587,0.2603572607040405
235.0,0.16181245331580824,0.06289659219328314,1.7411789687399777,0.9413557006762578,0.09413557006762577,0.0,0.005218944261566951,0.005926498189532699,0.022596852137492254,0.16181245331580824,0.056531438747277625,0.0,0.072187698374574,0.056531438747277625,0.052189442615669504,0.005926498189532699,0.012699101120233536,0.013474538922309875,0.01580464281141758,0.012521759606897831,0.0221403781324625,0.0467330627143383,0.0815519168972969,0.2982473373413086
236.0,0.14513878638927752,0.06279262714087963,1.5760480799211893,0.8662793177824754,0.08662793177824754,0.0,0.004694754845247819,0.007811850330864008,0.025511537248698566,0.14513878638927752,0.046004247350188404,0.0,0.08140721401342979,0.046004247350188404,0.046947548452478186,0.007811850330864008,0.012567689642310143,0.013221953064203262,0.015410580672323704,0.01269607711583376,0.02166110649704933,0.046015944331884384,0.08025871962308884,0.30050894618034363
237.0,0.15214525449734467,0.06515891011804342,1.6205700178588391,0.8499878942966461,0.0849987894296646,0.0,0.00523727065525376,0.006102295968538294,0.02384027287077445,0.15214525449734467,0.05580689643438046,0.0,0.07347826143869987,0.05580689643438046,0.05237270655253759,0.006102295968538294,0.01274262648075819,0.013534226454794407,0.015863614156842232,0.012535272166132927,0.022222749888896942,0.0469432957470417,0.08195999264717102,0.31546950340270996
238.0,0.13689178171066138,0.059459905489347875,1.483866154224624,0.792063091809933,0.0792063091809933,0.0,0.004884216375648977,0.006302940274158923,0.024162889243318483,0.13689178171066138,0.04649831483570429,0.0,0.07548006824575938,0.04649831483570429,0.048842163756489754,0.006302940274158923,0.012531078420579433,0.01322800014168024,0.015438687987625599,0.012638172134757042,0.021685771644115448,0.04597964882850647,0.08029880374670029,0.2738790810108185
