epoch,train_loss,val_window_mae_kwh,grad_norm,l_state,w_state,w_boundary,w_prior,w_dynamics,dynamics_residual_mae,loss,l_window,l_boundary,dynamics_residual_rmse,w_window,l_prior,l_dynamics,val_mae_soc_event_0.1,val_mae_soc_event_0.2,val_mae_soc_event_0.5,val_mae_time_60s,val_mae_time_120s,val_mae_time_300s,val_mae_time_600s,val_mae_full_trip
0.0,2.0081146359443665,0.10157430730760098,0.8191467149966231,18.69271652515118,1.8692716525151183,0.0,0.00015679005675617823,0.0,0.01467065212245171,2.0081146359443665,0.13868616750607124,0.0,0.01913909950795082,0.13868616750607124,0.001567900567561782,0.0003855775262658986,0.013117615133523941,0.013706113211810589,0.01689513586461544,0.013291285373270512,0.02255912311375141,0.05092349648475647,0.08436604589223862,0.5977356433868408
1.0,1.902355446265294,0.045976957539096475,0.9929539539607043,18.344705911783073,1.8344705911783072,0.0,0.003521452958767231,0.0,0.019919784882893928,1.902355446265294,0.06436337645237263,0.0,0.02894641774205061,0.06436337645237263,0.03521452958767231,0.000975680997586236,0.011906677857041359,0.012665790505707264,0.015973111614584923,0.011537306942045689,0.020858116447925568,0.04679076746106148,0.08371251821517944,0.16437137126922607
2.0,1.7806967451022222,0.03653384861536324,1.289614474444916,16.936758004702053,1.6936758004702055,0.0,0.006894809523454079,0.0,0.047016942157195166,1.7806967451022222,0.08012611963427983,0.0,0.11553884842074834,0.08012611963427983,0.06894809523454079,0.016250900601824887,0.012131760828197002,0.01302607636898756,0.016070159152150154,0.012092428281903267,0.02076054736971855,0.046342846006155014,0.07994864881038666,0.09189832210540771
3.0,1.5927702715763679,0.03769624466076493,1.1636518933087414,15.2542829146752,1.5254282914675201,0.0,0.005553976260125637,0.0,0.1193698810843321,1.5927702715763679,0.061787958901662096,0.0,0.33374642179562497,0.061787958901662096,0.05553976260125637,0.11609069544535416,0.012298405170440674,0.013270549476146698,0.016264285892248154,0.012134341523051262,0.02096768282353878,0.0462462492287159,0.07996761053800583,0.10042083263397217
4.0,1.4914929866790771,0.05948344012722373,1.1863320062938425,14.264116580669697,1.4264116580669695,0.0,0.005656940690599956,0.0,0.1942945672915532,1.4914929866790771,0.059424334563888036,0.0,0.5322775015464196,0.059424334563888036,0.05656940690599955,0.29061969885459316,0.012310979887843132,0.01329895295202732,0.016487710177898407,0.01201959140598774,0.02170882187783718,0.048765476793050766,0.0847904160618782,0.2664855718612671
5.0,1.4304699347569392,0.052530113025568426,1.4168641316856871,13.59043601843027,1.359043601843027,0.0,0.003943646025772278,0.0,0.22255326005128714,1.4304699347569392,0.06748268423745266,0.0,0.6181573271751404,0.06748268423745266,0.03943646025772278,0.39252640306949615,0.012114117853343487,0.012860099785029888,0.01622907817363739,0.011619002558290958,0.020893070846796036,0.04791010916233063,0.08180324733257294,0.21681217849254608
6.0,1.3793035516372094,0.07584243291057646,1.5709358294982299,13.125199721409725,1.3125199721409722,0.0,0.004264798717430005,0.0,0.2124181091785431,1.3793035516372094,0.06251877832871217,0.0,0.6242202176497533,0.06251877832871217,0.042647987174300045,0.39719951840547413,0.012858854606747627,0.0137790497392416,0.017195934429764748,0.011966699734330177,0.02224830724298954,0.051066335290670395,0.08966858685016632,0.3879556953907013
7.0,1.3499556046265822,0.04742394224740565,1.685472723351589,12.801933508652906,1.2801933508652907,0.0,0.002991836460737081,0.0,0.20033345543421233,1.3499556046265822,0.06677040801598476,0.0,0.6388611151621892,0.06677040801598476,0.029918364607370816,0.41708515125971574,0.012081612832844257,0.012747666798532009,0.016249844804406166,0.011446299031376839,0.020495763048529625,0.047624584287405014,0.07991161197423935,0.17883415520191193
8.0,1.3255480390328627,0.05666782450862229,1.8018335033458557,12.574486218965971,1.2574486218965968,0.0,0.0035758326116662764,0.0,0.20292146045428056,1.3255480390328627,0.06452358528398551,0.0,0.6684636313181657,0.06452358528398551,0.035758326116662756,0.45714223843354446,0.012311560101807117,0.01305449940264225,0.016546592116355896,0.0115507198497653,0.020977046340703964,0.048680905252695084,0.082987479865551,0.2472337931394577
9.0,1.3111061316270094,0.05119379109237343,1.8528019588922975,12.425322129176212,1.2425322129176213,0.0,0.003412182743732746,0.0,0.20626748983676618,1.3111061316270094,0.06516172407338253,0.0,0.6858121454715729,0.06516172407338253,0.03412182743732746,0.48115530610084534,0.012161538936197758,0.01284351758658886,0.016350558027625084,0.011460946872830391,0.020682426169514656,0.048077795654535294,0.08063242584466934,0.20734111964702606
10.0,1.298234618627108,0.0676531953504309,1.889271688005826,12.314170727362999,1.2314170727363,0.0,0.003931116771239501,0.0,0.20113950738540062,1.298234618627108,0.06288639183800954,0.0,0.6757714702532842,0.06288639183800954,0.039311167712395005,0.46987779209247005,0.01257938053458929,0.013416478410363197,0.01688416302204132,0.011731913313269615,0.021638404577970505,0.04975564777851105,0.08676499128341675,0.3284545838832855
11.0,1.294742465019226,0.04733412561472505,1.902145545338238,12.220305919647217,1.2220305919647216,0.0,0.002677992867449155,0.0,0.20922906467547783,1.294742465019226,0.07003385989138713,0.0,0.690114282644712,0.07003385989138713,0.02677992867449155,0.4881303092608085,0.011927931569516659,0.012448676861822605,0.015847360715270042,0.011694041080772877,0.020315200090408325,0.046111688017845154,0.0794653668999672,0.18086273968219757
12.0,1.2782790615008428,0.04388303647283465,1.9324771598367891,12.125440964331993,1.2125440964331993,0.0,0.003328756242990494,0.0,0.19975322141097143,1.2782790615008428,0.06240619575748077,0.0,0.6571037173271179,0.06240619575748077,0.03328756242990494,0.4455969264874092,0.01198566798120737,0.012668095529079437,0.01602112501859665,0.011498978361487389,0.020650116726756096,0.04729016125202179,0.0815182477235794,0.14943189918994904
13.0,1.268097263116103,0.03551394410897046,1.876786451467137,12.022950099064754,1.2022950099064755,0.0,0.0041430983835688,0.0,0.20507995440409735,1.268097263116103,0.06165912518134484,0.0,0.6540532387219943,0.06165912518134484,0.041430983835688,0.44168728590011597,0.011889254674315453,0.012552987784147263,0.015880756080150604,0.011545541696250439,0.020579278469085693,0.04664046689867973,0.08069314807653427,0.08433011919260025
14.0,1.252949453317202,0.038853256846778095,1.8707723210484597,11.89881838285006,1.1898818382850058,0.0,0.004588177628242053,0.0,0.19307196484162256,1.252949453317202,0.05847940737238297,0.0,0.6118266582489014,0.05847940737238297,0.045881776282420524,0.3898744388268544,0.011923525482416153,0.012610143981873989,0.01586270146071911,0.011639270931482315,0.020817799493670464,0.047066207975149155,0.08180149644613266,0.10910490900278091
15.0,1.2449037707768953,0.035589583683758974,1.846816960483642,11.797777909498949,1.1797777909498948,0.0,0.004675965684537704,0.0,0.1905452127640064,1.2449037707768953,0.06045000871213583,0.0,0.5960800235088055,0.06045000871213583,0.04675965684537704,0.3725869632684268,0.01199385803192854,0.012556108646094799,0.015779582783579826,0.011923160403966904,0.02071693167090416,0.04747331142425537,0.07991347461938858,0.08436024188995361
16.0,1.2260444897871752,0.051531258039176464,1.8161688880844102,11.643968178675724,1.1643968178675725,0.0,0.004067051969468593,0.0,0.18975636133780846,1.2260444897871752,0.05758059855837088,0.0,0.5789430187298701,0.05758059855837088,0.040670519694685936,0.35115083478964293,0.012399695813655853,0.013017144054174423,0.016094766557216644,0.01243993267416954,0.02115502581000328,0.048838067799806595,0.07980628311634064,0.20849914848804474
17.0,1.2055921371166523,0.03956901328638196,1.691280736065197,11.471032215998722,1.1471032215998724,0.0,0.005425910479747332,0.0,0.19099148935996568,1.2055921371166523,0.05306296064876593,0.0,0.550373918735064,0.05306296064876593,0.05425910479747332,0.31742481543467593,0.012390817515552044,0.013013044372200966,0.01609170436859131,0.01226311270147562,0.02168494649231434,0.0489131323993206,0.08325085043907166,0.10894449800252914
18.0,1.1904688936013441,0.05488652840722352,1.657628344112586,11.259085985330435,1.1259085985330435,0.0,0.006120241447710075,0.0,0.19045932304400665,1.1904688936013441,0.058440044665565856,0.0,0.5390154581803542,0.058440044665565856,0.06120241447710074,0.30425082720243013,0.012730379588901997,0.013410083018243313,0.016348132863640785,0.01282085943967104,0.021701445803046227,0.04995696246623993,0.08541273325681686,0.22671163082122803
19.0,1.1625841695528765,0.04206753778271377,1.6274168101959414,11.027849417466383,1.1027849417466382,0.0,0.005668208963022781,0.0,0.2028152082975094,1.1625841695528765,0.05413099392675436,0.0,0.5565554201602936,0.05413099392675436,0.05668208963022782,0.32209395330685836,0.012205556035041809,0.012943725101649761,0.01611350290477276,0.011960252188146114,0.021457092836499214,0.048084039241075516,0.08415355533361435,0.12962257862091064
20.0,1.135735972569539,0.03741733101196587,1.7003989208358758,10.736681204575758,1.073668120457576,0.0,0.005232015037192748,0.0,0.2001078472687648,1.135735972569539,0.056835793961699195,0.0,0.5323218428171598,0.056835793961699195,0.052320150371927485,0.2952529856791863,0.012246181257069111,0.012891119346022606,0.015991004183888435,0.012224785052239895,0.02108626626431942,0.048114240169525146,0.08033480495214462,0.09645024687051773
21.0,1.1099077119277074,0.04207753296941519,1.7372983826289123,10.519940192882832,1.051994019288283,0.0,0.00546829988463567,0.0,0.20770932676700446,1.1099077119277074,0.05244538603493801,0.0,0.543283230983294,0.05244538603493801,0.05468299884635668,0.30787588541324323,0.01250418834388256,0.013224256224930286,0.01614830456674099,0.01248109433799982,0.021547550335526466,0.04896045848727226,0.08175036311149597,0.13000404834747314
22.0,1.0828555226325989,0.0576091370312497,1.7648856265566553,10.209538478117723,1.0209538478117723,0.0,0.006040994507762103,0.0,0.21787091688467905,1.0828555226325989,0.055860689196449057,0.0,0.5578911235699286,0.055860689196449057,0.06040994507762102,0.32452530241929567,0.013016005977988243,0.01382251176983118,0.016710396856069565,0.013140475377440453,0.022118350490927696,0.05075371265411377,0.08824366331100464,0.24306797981262207
23.0,1.0480376963432019,0.0488072499865666,1.7629848787039646,9.893410921096802,0.9893410921096801,0.0,0.006532086417652094,0.0,0.2303687076155956,1.0480376963432019,0.05216453238748587,0.0,0.578750206873967,0.05216453238748587,0.06532086417652093,0.34692637622356415,0.012548066675662994,0.013379346579313278,0.016479911282658577,0.012381027452647686,0.02208322286605835,0.049328867346048355,0.08650005608797073,0.17775750160217285
24.0,1.0274980801802416,0.07232478947844356,1.8796746950064984,9.622445143186129,0.9622445143186128,0.0,0.005428269190283923,0.0,0.23345719965604636,1.0274980801802416,0.05982528856167427,0.0,0.593447914490333,0.05982528856167427,0.05428269190283922,0.3654644019328631,0.01351382676512003,0.014265338890254498,0.017383061349391937,0.013636746443808079,0.023098411038517952,0.05350546911358833,0.09313967823982239,0.3500557839870453
25.0,0.9820288603122418,0.06105985085014254,1.7462803086574892,9.147739758858314,0.9147739758858313,0.0,0.005985258476665387,0.0,0.23382430122448847,0.9820288603122418,0.061269618857365385,0.0,0.5840626473610218,0.061269618857365385,0.059852584766653866,0.35418593195768505,0.012889863923192024,0.013798344880342484,0.016989024356007576,0.012693961150944233,0.022939365357160568,0.050749678164720535,0.09030874073505402,0.26810982823371887
26.0,0.968776503434548,0.05358551500830799,1.9184540016714018,9.035640918291532,0.9035640918291532,0.0,0.005983137912475146,0.0,0.2312832371546672,0.968776503434548,0.05922925715836195,0.0,0.6071007480988135,0.05922925715836195,0.059831379124751456,0.3821407797244879,0.013225395232439041,0.014018070884048939,0.016929877921938896,0.013266265392303467,0.02266525663435459,0.051924753934144974,0.08816345781087875,0.20849104225635529
27.0,0.9092533519634833,0.06728702294640243,1.788170778742982,8.46331055347736,0.8463310553477361,0.0,0.0062032961501525,0.0,0.23851780249522284,0.9092533519634833,0.056718971293706164,0.0,0.5917658989246075,0.056718971293706164,0.062032961501525,0.362816925232227,0.012996906414628029,0.013962088152766228,0.017171813175082207,0.012782206758856773,0.023265672847628593,0.0515492744743824,0.0924859270453453,0.3140822947025299
28.0,0.894864524786289,0.05044227477628738,1.8542009238598505,8.282284021377563,0.8282284021377565,0.0,0.005877873530754676,0.0,0.24359117906827193,0.894864524786289,0.06075823407333631,0.0,0.6081814559606405,0.06075823407333631,0.058778735307546764,0.3834208559531432,0.012906520627439022,0.013700657524168491,0.01660829223692417,0.012976965866982937,0.02219274640083313,0.05065825581550598,0.08524882048368454,0.18924593925476074
29.0,0.8703161157094516,0.0553082738770172,1.8619889780556553,8.077640900245079,0.8077640900245081,0.0,0.005976468668534205,0.0,0.23235813356362855,0.8703161157094516,0.05657553873383082,0.0,0.6031689460460956,0.05657553873383082,0.05976468668534206,0.37575015081809116,0.013032178394496441,0.01394142210483551,0.017004840075969696,0.012921681627631187,0.02305012010037899,0.05100362002849579,0.08840396255254745,0.22310836613178253
30.0,0.8351313999065986,0.052450591581873596,1.9149239981165223,7.705867565595186,0.7705867565595187,0.0,0.005882970243692399,0.0,0.23948291746469644,0.8351313999065986,0.05866165989293502,0.0,0.5848983961802262,0.05866165989293502,0.05882970243692398,0.35189668146463543,0.013083540834486485,0.013898364268243313,0.016795482486486435,0.013116884045302868,0.022449824959039688,0.051360975950956345,0.08743996918201447,0.20145969092845917
31.0,0.7940933314653543,0.05290820938535035,1.672744756288575,7.299515797541692,0.7299515797541692,0.0,0.005939235652868565,0.0,0.2537756539308108,0.7940933314653543,0.05820249364926265,0.0,0.5923464848445013,0.05820249364926265,0.059392356528685644,0.3618538173345419,0.013103791512548923,0.014009172096848488,0.017085961997509003,0.013006885536015034,0.02346179075539112,0.0517672598361969,0.08869171887636185,0.20213909447193146
32.0,0.7870747469938718,0.03745836846064776,1.8843932756778519,7.221900848241953,0.7221900848241953,0.0,0.006642369639415008,0.0,0.23556537467699784,0.7870747469938718,0.05824228533758567,0.0,0.553650085742657,0.05824228533758567,0.06642369639415008,0.31818915559695315,0.012930943630635738,0.013783765025436878,0.01663958840072155,0.01287840399891138,0.022659745067358017,0.050521790981292725,0.08289765566587448,0.08735505491495132
33.0,0.7312199198282682,0.05508175911381841,1.7638864898824012,6.703837871551514,0.6703837871551515,0.0,0.004990838682995393,0.0,0.223149190728481,0.7312199198282682,0.05584529801630057,0.0,0.5262711414924035,0.05584529801630057,0.049908386829953924,0.28517096890853,0.013026713393628597,0.013838434591889381,0.01672074943780899,0.013027683831751347,0.02226845733821392,0.05082866922020912,0.08650000393390656,0.22444336116313934
34.0,0.696843493443269,0.07043220533523709,1.5933290016904058,6.347686840937688,0.6347686840937689,0.0,0.006568461742538672,0.0,0.23300714446948126,0.696843493443269,0.0555063309864356,0.0,0.5184562618915851,0.0555063309864356,0.06568461742538673,0.27664353870428526,0.01364437211304903,0.014674858190119267,0.017825897783041,0.013513066805899143,0.024559883400797844,0.053563836961984634,0.09515739232301712,0.33051833510398865
35.0,0.6801214034740741,0.045544331544078887,1.7724077633831377,6.120222018315242,0.6120222018315242,0.0,0.006515910075261044,0.0,0.23640970885753632,0.6801214034740741,0.06158327984695251,0.0,0.5204684780194209,0.06158327984695251,0.06515910075261043,0.2825194883805055,0.013118228875100613,0.01392858475446701,0.016755646094679832,0.013031242415308952,0.022667190060019493,0.051101204007864,0.08663331717252731,0.14711923897266388
36.0,0.6468083766790537,0.03636490285862237,1.7048067547263193,5.85824806873615,0.5858248068736149,0.0,0.005543107424791043,0.0,0.21658352475899917,0.6468083766790537,0.05544045223639561,0.0,0.48869882638637835,0.05544045223639561,0.055431074247910425,0.2506383623068149,0.012993122451007366,0.013864061795175076,0.01670915074646473,0.012899507768452168,0.022849660366773605,0.05085450038313866,0.08286701142787933,0.07788220793008804
37.0,0.626260390648475,0.039835069444961846,1.8023255027774003,5.645738931802603,0.5645738931802604,0.0,0.0053023668149342895,0.0,0.20940317328159624,0.626260390648475,0.05638410896062851,0.0,0.4735147517461043,0.05638410896062851,0.0530236681493429,0.23288608170472658,0.012686977162957191,0.0134566156193614,0.016349490731954575,0.012645093724131584,0.02206953428685665,0.04981190338730812,0.08083754777908325,0.11082339286804199
38.0,0.5848961793459378,0.05192315555177629,1.6321509772780398,5.2628068923950195,0.526280689239502,0.0,0.0055621563242031985,0.0,0.20820549015815443,0.5848961793459378,0.053053316445304796,0.0,0.4606882815177624,0.053053316445304796,0.05562156324203198,0.22532981634140015,0.01340996939688921,0.014292050153017044,0.017107699066400528,0.01331470999866724,0.02317030355334282,0.0525176115334034,0.08996368199586868,0.1916092187166214
39.0,0.5735569046093867,0.06963122065644711,1.7971978913029005,5.11312920313615,0.5113129203136151,0.0,0.006020227103279188,0.0,0.18896043186004347,0.5735569046093867,0.05622374022809359,0.0,0.4267279368180495,0.05622374022809359,0.06020227103279187,0.19751969466988856,0.013864273205399513,0.01462093461304903,0.017687642946839333,0.013745162636041641,0.023622239008545876,0.055065616965293884,0.0973425880074501,0.3211013078689575
40.0,0.54761564043852,0.040954953292384744,1.7704712204779678,4.8722034234267015,0.48722034234267014,0.0,0.005416865073717557,0.0,0.18274894414039758,0.54761564043852,0.05497842812194274,0.0,0.4161955095254458,0.05497842812194274,0.054168650737175576,0.18208539829804346,0.012858976610004902,0.013661121018230915,0.01648572087287903,0.012790713459253311,0.02229969948530197,0.05034519359469414,0.08167818933725357,0.11752001196146011
41.0,0.5210478901863098,0.04089659824967384,1.729825119951454,4.618678496434138,0.46186784964341376,0.0,0.00534071780454654,0.0,0.18270117560258278,0.5210478901863098,0.05383930684855351,0.0,0.4060684602994185,0.05383930684855351,0.053407178045465395,0.17429166459120238,0.01279814075678587,0.013593404553830624,0.016430065035820007,0.012729885056614876,0.022241391241550446,0.05014545097947121,0.08228127658367157,0.11695317178964615
42.0,0.504321901844098,0.0668509864481166,1.864838986081262,4.4328981179457445,0.44328981179457444,0.0,0.004838204999955802,0.0,0.16568172035308984,0.504321901844098,0.056193871853443295,0.0,0.3738528902714069,0.056193871853443295,0.04838204999955801,0.15071127105217713,0.013161479495465755,0.013945447281002998,0.01685982383787632,0.013168169185519218,0.02215845137834549,0.05124007165431976,0.08824194967746735,0.3160324990749359
43.0,0.4746101532991116,0.06368170585483313,1.7009426075235687,4.166358305857732,0.41663583058577314,0.0,0.005270826916855116,0.0,0.15254782770688718,0.4746101532991116,0.05270349922088476,0.0,0.36220509157730985,0.05270349922088476,0.052708269168551154,0.13910966681746337,0.01374715007841587,0.014535455964505672,0.01752619259059429,0.013629174791276455,0.023415645584464073,0.05439795181155205,0.09478426724672318,0.2774178087711334
44.0,0.467425667322599,0.06479731935542077,1.7593193176511592,4.097336814953731,0.4097336814953731,0.0,0.005839707114948676,0.0,0.15195095882965967,0.467425667322599,0.05185227396969612,0.0,0.35398278213464296,0.05185227396969612,0.058397071149486765,0.13136301361597502,0.013828100636601448,0.014618185348808765,0.017652763053774834,0.01373869739472866,0.02366337552666664,0.054958730936050415,0.09680715948343277,0.2831115424633026
45.0,0.4414036526129796,0.08976706583052874,1.6972216969366987,3.810896084858821,0.38108960848588214,0.0,0.005163023162346621,0.0,0.1474085278235949,0.4414036526129796,0.05515100692327206,0.0,0.3453514931293634,0.05515100692327206,0.0516302316234662,0.12476910650730133,0.014241248369216919,0.014965850859880447,0.018181776627898216,0.01415693387389183,0.02419648878276348,0.05619782581925392,0.10041972994804382,0.47577667236328125
46.0,0.4189075025228354,0.05564510158728808,1.6269771351495756,3.5887451263574452,0.35887451263574455,0.0,0.006097564158531336,0.0,0.1320398558790867,0.4189075025228354,0.05393541962481462,0.0,0.31925687423119176,0.05393541962481462,0.06097564158531336,0.1069715957228954,0.013781198300421238,0.014658551663160324,0.017482327297329903,0.013628948479890823,0.02355426549911499,0.05389326438307762,0.09220056235790253,0.21596169471740723
47.0,0.4251151978969574,0.0860443291021511,1.9689598045697077,3.6211899610666127,0.3621189961066614,0.0,0.005233126190992503,0.0,0.1269745465654593,0.4251151978969574,0.057763067432321034,0.0,0.31273487554146695,0.057763067432321034,0.05233126190992502,0.10189682904344338,0.014013301581144333,0.014732184819877148,0.017958108335733414,0.013977417722344398,0.0237585362046957,0.05542359873652458,0.09787405282258987,0.4506174325942993
48.0,0.43212468119767994,0.04311934334691614,1.791918993145485,3.67618191242218,0.36761819124221795,0.0,0.006084971172878375,0.0,0.14363405738885587,0.43212468119767994,0.05842151464178012,0.0,0.35624495721780336,0.05842151464178012,0.060849711728783756,0.13158256417283645,0.013493160717189312,0.014391792006790638,0.017185410484671593,0.013376169838011265,0.02350715547800064,0.05245450511574745,0.08457042276859283,0.12597613036632538
49.0,0.39631243508595687,0.07481410109903663,1.7595623089609091,3.324249185048617,0.3324249185048617,0.0,0.00596480080141471,0.0,0.12723980156274942,0.39631243508595687,0.05792270744076142,0.0,0.30305443245631,0.05792270744076142,0.059648008014147096,0.09416493200338803,0.013956422917544842,0.014728888869285583,0.017868729308247566,0.013888988643884659,0.023776916787028313,0.055154334753751755,0.09628643095493317,0.3628520965576172
50.0,0.375622584269597,0.07090682105626911,1.6365875661120428,3.167615065207848,0.31676150652078483,0.0,0.005995604668099147,0.0,0.12230195506260945,0.375622584269597,0.052865467249200895,0.0,0.3258332759141922,0.052865467249200895,0.059956046680991464,0.11196462953319916,0.014689117670059204,0.015498177148401737,0.018735375255346298,0.014530319720506668,0.025433024391531944,0.059097353368997574,0.10496044158935547,0.314310759305954
51.0,0.4089739586298282,0.08347247121855617,1.8325681550521262,3.4792254246198215,0.3479225424619822,0.0,0.0062462739359874,0.0,0.11933200978315793,0.4089739586298282,0.05480513721704483,0.0,0.33777884336618275,0.05480513721704483,0.062462739359873995,0.12124886077183944,0.014503829181194305,0.015212778933346272,0.018557177856564522,0.014371850527822971,0.024853117763996124,0.058014046400785446,0.10354669392108917,0.4187202751636505
52.0,0.37067461013793945,0.05124532524496317,1.6288032109143487,3.1077573024309597,0.31077573024309607,0.0,0.00612080620171932,0.0,0.12588838659800017,0.37067461013793945,0.05377807066990779,0.0,0.323258264706685,0.05377807066990779,0.061208062017193206,0.10855061245652345,0.013649193570017815,0.01451723650097847,0.017306864261627197,0.013547295704483986,0.023396741598844528,0.05314357578754425,0.09007735550403595,0.18432433903217316
53.0,0.3543912046230756,0.08956311910878867,1.7812235178365337,2.9325159237934995,0.29325159237934995,0.0,0.005146891308518558,0.0,0.12234024245005387,0.3543912046230756,0.05599271821287962,0.0,0.3155968395563272,0.05599271821287962,0.051468913085185565,0.10321624261828569,0.014282573014497757,0.015002168715000153,0.01831301674246788,0.014232614077627659,0.024301251396536827,0.056503042578697205,0.09956087172031403,0.47430941462516785
54.0,0.389386915243589,0.04321964958216995,1.8154989414822313,3.250131973853478,0.3250131973853479,0.0,0.006200321090336029,0.0,0.123880535364151,0.389386915243589,0.058173386236796014,0.0,0.3396795690059662,0.058173386236796014,0.06200321090336029,0.12467795954300807,0.013700691983103752,0.014593731611967087,0.017305202782154083,0.013550193049013615,0.023748192936182022,0.05270254239439964,0.08724793046712875,0.12290871143341064
55.0,0.3591440629500609,0.07033265987411141,1.6939489157753846,2.9478223507220926,0.2947822350722093,0.0,0.006000294679632554,0.0,0.11961681510393436,0.3591440629500609,0.05836152858459032,0.0,0.3098526356311945,0.05836152858459032,0.060002946796325535,0.0999058078114803,0.013714028522372246,0.014521203935146332,0.017568999901413918,0.013719392940402031,0.023404808714985847,0.05390718951821327,0.09370309114456177,0.3321225643157959
56.0,0.3369077111666019,0.04356137360446155,1.618769443333779,2.764054532234485,0.27640545322344856,0.0,0.006596430219136752,0.0,0.11761498336608593,0.3369077111666019,0.05390582692164641,0.0,0.3148359599021765,0.05390582692164641,0.06596430219136752,0.10354183442317523,0.013996333815157413,0.014917030930519104,0.01760188862681389,0.013807273469865322,0.024175366386771202,0.053235869854688644,0.08878903836011887,0.12196818739175797
57.0,0.3803672148631169,0.06231659825425595,1.883352296788421,3.1319293609032264,0.3131929360903226,0.0,0.006381089469561211,0.0,0.12100282024878722,0.3803672148631169,0.06079319277061866,0.0,0.33154627680778503,0.06079319277061866,0.0638108946956121,0.11838664916845468,0.013461240567266941,0.01426114421337843,0.017204755917191505,0.013458735309541225,0.022961044684052467,0.05249142646789551,0.09002643078565598,0.27466800808906555
58.0,0.34099235557592833,0.05893283651676029,1.633128622935393,2.8118104201096754,0.28118104201096755,0.0,0.0054501629076324975,0.0,0.1176107394007536,0.34099235557592833,0.0543611439374777,0.0,0.3098988590332178,0.0543611439374777,0.05450162907632498,0.10078710632828566,0.013972599990665913,0.014767095446586609,0.017744138836860657,0.013863829895853996,0.023884568363428116,0.05477422848343849,0.09535741806030273,0.2370988130569458
59.0,0.32805436849594116,0.08067927812226117,1.738476512976921,2.696209957966438,0.2696209957966438,0.0,0.005569355132488105,0.0,0.11628483235836029,0.32805436849594116,0.05286401682175123,0.0,0.3154444075547732,0.05286401682175123,0.05569355132488104,0.10470089832177529,0.014399688690900803,0.015158230438828468,0.01842830888926983,0.014282532036304474,0.024660540744662285,0.05690091848373413,0.10160322487354279,0.40000078082084656
60.0,0.3614276143220755,0.0426974855363369,1.7856260751503128,3.0056989101263194,0.30056989101263193,0.0,0.006560316925438551,0.0,0.11119856513463534,0.3614276143220755,0.05429740178470428,0.0,0.3268005675994433,0.05429740178470428,0.0656031692543855,0.11860000184522225,0.013641344383358955,0.014523623511195183,0.017223235219717026,0.013490520417690277,0.02351652830839157,0.052284885197877884,0.08582276850938797,0.12107697874307632
61.0,0.32972477834958297,0.06281095428857952,1.6764595259109722,2.7003548053594737,0.27003548053594734,0.0,0.005939921965965858,0.0,0.10885063902689861,0.32972477834958297,0.05374937275281319,0.0,0.29376272742564863,0.05374937275281319,0.05939921965965858,0.09019613581208083,0.013722339645028114,0.014517068862915039,0.017488090321421623,0.01364814955741167,0.02335646003484726,0.053234830498695374,0.0923396572470665,0.2741810381412506
62.0,0.322418301151349,0.03873553581070155,1.7520681549541979,2.642582572423495,0.26425825724234947,0.0,0.006739974709657522,0.0,0.11763031207598172,0.322418301151349,0.05142006206397827,0.0,0.3290832730439993,0.05142006206397827,0.06739974709657523,0.11607215266961318,0.01371416263282299,0.01464094314724207,0.017315132543444633,0.013573616743087769,0.023702135309576988,0.05222059413790703,0.08570528030395508,0.08901242166757584
63.0,0.34984555725867933,0.06366492970846593,1.840709725867202,2.8690922351983876,0.2869092235198388,0.0,0.0055940816608759086,0.0,0.10942927060218957,0.34984555725867933,0.05734225591787925,0.0,0.3243705446903522,0.05734225591787925,0.055940816608759075,0.11618768653044334,0.013349159620702267,0.014152802526950836,0.017125502228736877,0.013359048403799534,0.022668754681944847,0.051459044218063354,0.08656754344701767,0.2906375825405121
64.0,0.32605993633086866,0.041144855320453644,1.5972161315289695,2.616369215341715,0.2616369215341715,0.0,0.005955910911926856,0.0,0.10605631997952095,0.32605993633086866,0.058467103025087945,0.0,0.29869116842746735,0.058467103025087945,0.059559109119268566,0.09410930396272586,0.01363261416554451,0.014606056734919548,0.017314840108156204,0.013503015041351318,0.023623036220669746,0.051973193883895874,0.08595919609069824,0.10854689031839371
65.0,0.3188827737019612,0.058681333903223276,1.826168608802098,2.575160971054664,0.2575160971054664,0.0,0.005837050825357437,0.0,0.11589703307701991,0.3188827737019612,0.05552962708931703,0.0,0.3305899134049049,0.05552962708931703,0.05837050825357437,0.11773488040153797,0.013465278781950474,0.014272108674049377,0.01718541793525219,0.01341466698795557,0.02292221039533615,0.05168890580534935,0.08719714730978012,0.24930493533611298
66.0,0.34160815408596623,0.03727393550798297,1.7410235460148984,2.787549926684453,0.2787549926684453,0.0,0.0058605438814713405,0.0,0.1086361648944708,0.34160815408596623,0.05699261220601889,0.0,0.3267770317884592,0.05699261220601889,0.058605438814713404,0.11944939052829376,0.013242589309811592,0.014156491495668888,0.016913270577788353,0.01313199196010828,0.022946858778595924,0.05065597593784332,0.08427111804485321,0.08287318795919418
67.0,0.31564664382200974,0.061786724254488945,1.6963098308576972,2.557057174352499,0.2557057174352499,0.0,0.005425892254480948,0.0,0.10360725224018097,0.31564664382200974,0.054515026366481416,0.0,0.2938766915064592,0.054515026366481416,0.05425892254480949,0.09056141170171592,0.013297955505549908,0.01410963200032711,0.017060039564967155,0.013307944871485233,0.022629257291555405,0.05078120157122612,0.08568309992551804,0.2774246633052826
68.0,0.31492719054222107,0.0443430746672675,1.7551904161132965,2.5245611117436337,0.2524561111743634,0.0,0.006283386596120322,0.0,0.11728363484144211,0.31492719054222107,0.05618768729842626,0.0,0.34108122610128844,0.05618768729842626,0.0628338659612032,0.12663908331440046,0.013568870723247528,0.01453105453401804,0.017267845571041107,0.013441769406199455,0.023484643548727036,0.05150337889790535,0.08628059178590775,0.13466644287109375
69.0,0.33274657680438113,0.05094018648378551,1.8043646173496088,2.699096482533675,0.2699096482533675,0.0,0.006148075914153686,0.0,0.10477268237334031,0.33274657680438113,0.056688847593390025,0.0,0.31625584341012514,0.056688847593390025,0.06148075914153686,0.11063819493238743,0.013182003982365131,0.01399094145745039,0.016814740374684334,0.013123473152518272,0.022472454234957695,0.049981653690338135,0.08307347446680069,0.19488275051116943
70.0,0.3097218733567458,0.04952428780961782,1.5434691780654641,2.4943707493635325,0.24943707493635323,0.0,0.006635959346133929,0.0,0.10377042282086152,0.3097218733567458,0.05364883289887355,0.0,0.3084286737900514,0.05364883289887355,0.0663595934613393,0.10174542092359982,0.013603481464087963,0.01456493604928255,0.017316900193691254,0.013439607806503773,0.023521605879068375,0.051349103450775146,0.08710160106420517,0.1752970665693283
71.0,0.30886269761965823,0.05120676360093057,1.8015308831945214,2.4580871921319227,0.24580871921319233,0.0,0.006310355348082688,0.0,0.1112547809114823,0.30886269761965823,0.0567436136591893,0.0,0.3295053874070828,0.0567436136591893,0.06310355348082688,0.11758460562962753,0.013313887640833855,0.014128654263913631,0.016964927315711975,0.013230008073151112,0.022660862654447556,0.05030001699924469,0.0843627080321312,0.19469304382801056
72.0,0.33614644408226013,0.0405442223418504,1.7623727377991776,2.765002269011277,0.27650022690112774,0.0,0.006185102849625624,0.0,0.10423775762319565,0.33614644408226013,0.05346111079248098,0.0,0.3261728389905049,0.05346111079248098,0.06185102849625624,0.1217104636419278,0.013222711160779,0.014134088531136513,0.016920339316129684,0.013094985857605934,0.022879961878061295,0.05038202926516533,0.08491206169128418,0.10880760103464127
73.0,0.30649179678696853,0.0299510135082528,1.6304461733009934,2.470098174535311,0.24700981745353115,0.0,0.006154119194700168,0.0,0.09710566298319744,0.30649179678696853,0.0533278534332147,0.0,0.2839944385565244,0.0533278534332147,0.06154119194700168,0.0858006847019379,0.013035268522799015,0.013878993690013885,0.016663946211338043,0.012896440923213959,0.022420238703489304,0.04940640926361084,0.08178780972957611,0.02951900102198124
74.0,0.3064522296190262,0.03769380855374038,1.8090081304603705,2.472929468521705,0.24729294685217054,0.0,0.005936713631336506,0.0,0.11154224608953182,0.3064522296190262,0.05322256655647205,0.0,0.3384923820312207,0.05322256655647205,0.05936713631336506,0.1256017300945062,0.013139373622834682,0.013999858871102333,0.016727888956665993,0.013041549362242222,0.02247295342385769,0.04955578222870827,0.08175373077392578,0.09085933119058609
75.0,0.34079578060370225,0.050983555149286985,1.8868941718684922,2.8125467483813944,0.2812546748381395,0.0,0.005756814634570708,0.0,0.10207496010340177,0.34079578060370225,0.053784286173490375,0.0,0.3213346371283898,0.053784286173490375,0.05756814634570709,0.11634114398979224,0.012882670387625694,0.013717697001993656,0.01658727042376995,0.01288860198110342,0.021892700344324112,0.048335861414670944,0.07978673279285431,0.2017769068479538
76.0,0.30299154267861295,0.04316632298287004,1.5631088548554184,2.4540426639410167,0.24540426639410165,0.0,0.006456345233779687,0.0,0.09495879308535503,0.30299154267861295,0.05113092480370632,0.0,0.2835426158629931,0.05113092480370632,0.06456345233779687,0.08793498747623883,0.013355418108403683,0.014286113902926445,0.017034953460097313,0.013181222602725029,0.023013131693005562,0.05037298798561096,0.08461648225784302,0.12947027385234833
77.0,0.30646538734436035,0.05466545443050563,1.7779870049843718,2.4391139929111185,0.24391139929111183,0.0,0.005733633213318311,0.0,0.0995167952317458,0.30646538734436035,0.05682035334981405,0.0,0.3090401991055562,0.05682035334981405,0.057336332133183114,0.10613186055651078,0.013128722086548805,0.013975387439131737,0.016867375001311302,0.013126002624630928,0.022311443462967873,0.049664463847875595,0.0808391347527504,0.22741110622882843
78.0,0.32125095220712513,0.05033112596720457,1.7015594309609656,2.597160898722135,0.2597160898722135,0.0,0.0061491964814754645,0.0,0.10159982912815534,0.32125095220712513,0.05538566725758406,0.0,0.3237360887802564,0.05538566725758406,0.061491964814754635,0.1215531204182368,0.013328473083674908,0.014238549396395683,0.017070269212126732,0.013116228394210339,0.023044327273964882,0.0505557619035244,0.08624820411205292,0.1850471943616867
79.0,0.30160704025855434,0.044907013420015574,1.6278891238090294,2.399668358839475,0.23996683588394754,0.0,0.005877307000068518,0.0,0.0946398675441742,0.30160704025855434,0.055762905770769484,0.0,0.2745705212538059,0.055762905770769484,0.05877307000068518,0.0794939215366657,0.013039165176451206,0.013863986358046532,0.016703691333532333,0.012989752925932407,0.022273849695920944,0.048925455659627914,0.08016020804643631,0.15129999816417694
80.0,0.2959033239346284,0.05301306466571987,1.7003867796574317,2.3649407625198364,0.23649407625198365,0.0,0.006489642193684211,0.0,0.10411375474471313,0.2959033239346284,0.05291960259469656,0.0,0.32757653754491073,0.05291960259469656,0.06489642193684211,0.12019177956076768,0.0134901013225317,0.014414208941161633,0.017230777069926262,0.013277252204716206,0.02328166924417019,0.05084937438368797,0.08723843842744827,0.2043226957321167
81.0,0.31523626355024487,0.04164190113078803,1.8059791493629238,2.512645519696749,0.25126455196967495,0.0,0.006307645801168222,0.0,0.09419477043243554,0.31523626355024487,0.057664064690470695,0.0,0.30370537019692934,0.057664064690470695,0.06307645801168221,0.1032302941267307,0.012954176403582096,0.01377145480364561,0.016606763005256653,0.012894866056740284,0.02213226445019245,0.048531774431467056,0.08011125773191452,0.12613265216350555
82.0,0.291371158682383,0.054578420356847346,1.5534005943227691,2.330655817802136,0.2330655817802136,0.0,0.006667272703578839,0.0,0.09507121260349567,0.291371158682383,0.05163830475738415,0.0,0.2964058071374893,0.05163830475738415,0.06667272703578839,0.09721190167161134,0.013530613854527473,0.014440257102251053,0.01724638044834137,0.013273804448544979,0.023317214101552963,0.050813812762498856,0.08748449385166168,0.2165207862854004
83.0,0.29151306931789106,0.042728895670734346,1.607494250471946,2.2788353699904222,0.22788353699904224,0.0,0.00637962998679051,0.0,0.09705779701471329,0.29151306931789106,0.05724990009688414,0.0,0.3038085229121722,0.05724990009688414,0.06379629986790511,0.10144987645057532,0.01297863107174635,0.013808184303343296,0.016649087890982628,0.012924284674227238,0.02214823290705681,0.048460591584444046,0.08012640476226807,0.13473574817180634
84.0,0.28558563269101656,0.04295282263774425,1.6209309582242868,2.2696472589786234,0.22696472589786237,0.0,0.006158660696103023,0.0,0.09947061767944923,0.28558563269101656,0.05246224211385617,0.0,0.3088600922089357,0.05246224211385617,0.06158660696103023,0.10401123389601707,0.013283956795930862,0.014208079315721989,0.017013488337397575,0.013133982196450233,0.02292182669043541,0.0502927303314209,0.08515466004610062,0.1276138573884964
85.0,0.2957424051486529,0.03930075408425182,1.6710311281985522,2.3707766028550954,0.23707766028550953,0.0,0.00662700072504007,0.0,0.09174811782745215,0.2957424051486529,0.052037739696410984,0.0,0.29709371007405794,0.052037739696410984,0.06627000725040069,0.09920761590966812,0.012965325266122818,0.013795099221169949,0.016678154468536377,0.012742152437567711,0.022271448746323586,0.04886554181575775,0.08404960483312607,0.10303870588541031
86.0,0.2873756851141269,0.03887540311552584,1.692212974767373,2.2883275838998647,0.22883275838998648,0.0,0.005555423693015025,0.0,0.0957913536291856,0.2873756851141269,0.05298750561017256,0.0,0.29718310557878935,0.05298750561017256,0.055554236930150255,0.09682339372543189,0.012706560082733631,0.01350591704249382,0.01650047115981579,0.01267735380679369,0.02171182818710804,0.04710130766034126,0.07870938628911972,0.10809040069580078
87.0,0.2816463399391908,0.04746766807511449,1.5686371403825317,2.239324629306793,0.2239324629306794,0.0,0.006311836494849278,0.0,0.10467468832547848,0.2816463399391908,0.051402039682635896,0.0,0.31945341481612277,0.051402039682635896,0.06311836494849278,0.109798753204254,0.013224241323769093,0.0141299394890666,0.016985179856419563,0.01300562359392643,0.022758182138204575,0.05004333332180977,0.08549269288778305,0.16410215198993683
88.0,0.28937969700648236,0.05095344875007868,1.864996166459619,2.284368194066561,0.22843681940665614,0.0,0.005708969585024394,0.0,0.09156007147752322,0.28937969700648236,0.05523390165315224,0.0,0.2858195167321425,0.05523390165315224,0.057089695850243934,0.08753928971978334,0.013115623034536839,0.013981720432639122,0.016870928928256035,0.013104052282869816,0.022319192066788673,0.04893812537193298,0.08001728355884552,0.19928066432476044
89.0,0.33298813608976513,0.04781309457030147,1.9205770057613876,2.7119581011625438,0.2711958101162543,0.0,0.006191627108133756,0.0,0.09107552927273971,0.33298813608976513,0.055600699610435046,0.0,0.3091220328441033,0.055600699610435046,0.061916271081337564,0.11476849234448029,0.013247116468846798,0.014157370664179325,0.016981611028313637,0.013032152317464352,0.022839011624455452,0.05013035237789154,0.08535686135292053,0.16676028072834015
90.0,0.29119614912913394,0.042869469500146806,1.6856623721303698,2.312756992303408,0.2312756992303408,0.0,0.005902769473882822,0.0,0.08848528334727654,0.29119614912913394,0.054017686213438325,0.0,0.2680497547754875,0.054017686213438325,0.05902769473882822,0.07793480043227856,0.012994667515158653,0.013829642906785011,0.016702624037861824,0.012941469438374043,0.022200491279363632,0.04846782982349396,0.07979181408882141,0.13602721691131592
91.0,0.289584504870268,0.05319104890804738,1.7503323619432687,2.306494611960191,0.23064946119601912,0.0,0.0064225134654687,0.0,0.10020707891537593,0.289584504870268,0.05251252737182837,0.0,0.3118563328798001,0.05251252737182837,0.064225134654687,0.10510536082662068,0.013461790978908539,0.014370369724929333,0.01717512309551239,0.013188580051064491,0.02315491996705532,0.05056941136717796,0.0869087502360344,0.2066994458436966
92.0,0.31965827827270216,0.03681034909095615,1.8805328960830137,2.560025691986084,0.2560025691986084,0.0,0.0064111419308644085,0.0,0.09179139710389651,0.31965827827270216,0.05724455932011971,0.0,0.30747846456674427,0.05724455932011971,0.06411141930864407,0.10886666966745487,0.012855191715061665,0.013651742599904537,0.016560109332203865,0.012770391069352627,0.021966004744172096,0.04777415469288826,0.07963865995407104,0.08926653861999512
93.0,0.2877842869896155,0.046911549870856106,1.610033355125651,2.290462232553042,0.22904622325530427,0.0,0.0060373647425037156,0.0,0.08545663780890979,0.2877842869896155,0.05270069751601953,0.0,0.2611356641237552,0.05270069751601953,0.06037364742503716,0.0759098892315076,0.013408617116510868,0.014308745972812176,0.0170979592949152,0.013132723979651928,0.02312999591231346,0.05044292286038399,0.08617441356182098,0.15759702026844025
94.0,0.28508099913597107,0.03822342911735177,1.6967958920273873,2.263892439695505,0.2263892439695505,0.0,0.006590735711730444,0.0,0.08572171341914397,0.28508099913597107,0.05210101819382264,0.0,0.28010168556983656,0.05210101819382264,0.06590735711730443,0.09129748034935731,0.012949246913194656,0.013754317536950111,0.01662372425198555,0.012684054672718048,0.02218695543706417,0.04865236207842827,0.08342017233371735,0.09551659971475601
95.0,0.28447356017736286,0.034864515997469425,1.6881767435903765,2.2504264895732584,0.22504264895732584,0.0,0.00552349236722176,0.0,0.0930075800189605,0.28447356017736286,0.053907413608752765,0.0,0.29817212086457473,0.053907413608752765,0.05523492367221759,0.10198499978734897,0.012628713622689247,0.013395359739661217,0.016419457271695137,0.01252971962094307,0.021547751501202583,0.046714574098587036,0.07897131890058517,0.07670923322439194
96.0,0.28400958558687794,0.05462046409957111,1.673288768315545,2.2637839088073144,0.22637839088073142,0.0,0.006217030579080949,0.0,0.08570659045989697,0.28400958558687794,0.05141415704901402,0.0,0.2534567702275056,0.05141415704901402,0.06217030579080948,0.06648723867077094,0.013425709679722786,0.01432280894368887,0.017204124480485916,0.01307071465998888,0.02311836928129196,0.05095866695046425,0.08796662092208862,0.21689669787883759
97.0,0.30798586171406966,0.039946550386957824,1.8842224828897676,2.4683860265291653,0.24683860265291654,0.0,0.00584509685062445,0.0,0.09192666583336316,0.30798586171406966,0.05530215728168304,0.0,0.31364914545646083,0.05530215728168304,0.05845096850624451,0.12273541694650283,0.012938017025589943,0.013759095221757889,0.016686713322997093,0.012881760485470295,0.022164730355143547,0.04842321574687958,0.07981452345848083,0.11290434747934341
98.0,0.28452679916070056,0.045588987646624446,1.6382618790954622,2.2280455369215746,0.2228045536921575,0.0,0.005756012421961014,0.0,0.07878370067247978,0.28452679916070056,0.05596622437811815,0.0,0.24591029721956986,0.05596622437811815,0.05756012421961014,0.06578751553136569,0.013139426708221436,0.0140085369348526,0.016871582716703415,0.0128227099776268,0.022582044824957848,0.0496150441467762,0.08510423451662064,0.15056832134723663
99.0,0.28601355449511456,0.046559732989408076,1.814426205790314,2.2631040261341977,0.22631040261341975,0.0,0.005564589397265362,0.0,0.09547435778837937,0.28601355449511456,0.05413855583621906,0.0,0.30691637098789215,0.05413855583621906,0.05564589397265361,0.10676785529806064,0.01293329056352377,0.013759142719209194,0.016718782484531403,0.012920736335217953,0.022092383354902267,0.047932010143995285,0.07957195490598679,0.16654956340789795
100.0,0.28738890244410586,0.05688035662751645,1.6991744883242899,2.2703541608957143,0.22703541608957145,0.0,0.006475823343946385,0.0,0.07914641356238952,0.28738890244410586,0.053877660288260534,0.0,0.2660024601679582,0.053877660288260534,0.06475823343946384,0.08138986519322945,0.013369438238441944,0.014265157282352448,0.017154362052679062,0.012996532022953033,0.022992385551333427,0.050633057951927185,0.08789857476949692,0.23573334515094757
101.0,0.2826371038189301,0.03575149015523493,1.6552768938268678,2.209461904489077,0.2209461904489077,0.0,0.0063063719524787025,0.0,0.08768398973804253,0.2826371038189301,0.05538454107367075,0.0,0.27557890804914326,0.05538454107367075,0.06306371952478702,0.08833898388995574,0.013016341254115105,0.013830220326781273,0.016737844794988632,0.012892736122012138,0.022250529378652573,0.04805922508239746,0.08076075464487076,0.07846426963806152
102.0,0.2760647718723004,0.04472749505657703,1.5940341396643118,2.1649413521473226,0.21649413521473224,0.0,0.006184255818908032,0.0,0.07665041662179507,0.2760647718723004,0.05338638118253304,0.0,0.23956346741089454,0.05338638118253304,0.06184255818908031,0.06246178611539877,0.013427498750388622,0.014322823844850063,0.01713278330862522,0.01317362766712904,0.023184621706604958,0.0505334734916687,0.08671148121356964,0.13933365046977997
103.0,0.28220950009731144,0.03922646725550294,1.5485851529695354,2.240191271671882,0.22401912716718825,0.0,0.006459573656320572,0.0,0.08974638523963782,0.28220950009731144,0.05173080127972823,0.0,0.3067840555539498,0.05173080127972823,0.06459573656320572,0.1175510548055172,0.01291687972843647,0.013729119673371315,0.016664959490299225,0.012599311769008636,0.02212895080447197,0.04860280081629753,0.08396065980195999,0.10320905596017838
104.0,0.2687094440827003,0.04254005488473922,1.6435280364813591,2.095492789378533,0.2095492789378533,0.0,0.0055518000888136725,0.0,0.08051558698599155,0.2687094440827003,0.05360835790634155,0.0,0.24230200052261353,0.05360835790634155,0.055518000888136715,0.06203055367446863,0.01283485721796751,0.013620017096400261,0.016635460779070854,0.012789372354745865,0.021853575482964516,0.04725002869963646,0.07953552901744843,0.13580159842967987
105.0,0.28353433998731464,0.05150377505924553,1.7732727181013792,2.2487504940766554,0.22487504940766556,0.0,0.006231783158504046,0.0,0.08550186741810578,0.28353433998731464,0.05242749962669153,0.0,0.2941709218116907,0.05242749962669153,0.06231783158504046,0.10790379216464666,0.013162674382328987,0.014052115380764008,0.01702154241502285,0.012828507460653782,0.022720104083418846,0.050341103225946426,0.086714006960392,0.19519014656543732
106.0,0.27133296258174455,0.032321502338163555,1.6997700783852445,2.1263719567885766,0.2126371956788577,0.0,0.005977596514500105,0.0,0.07540902208823425,0.27133296258174455,0.05271816654847218,0.0,0.24314923355212578,0.05271816654847218,0.059775965145001046,0.06646394242460911,0.01285752933472395,0.013660645112395287,0.01663602516055107,0.012717526406049728,0.021954825147986412,0.047506097704172134,0.08050575107336044,0.05273361876606941
107.0,0.2781380758835719,0.056031028274446726,1.71518003433849,2.2057842703965993,0.22057842703965994,0.0,0.006447685252015408,0.0,0.09311927109956741,0.2781380758835719,0.05111195404942219,0.0,0.2972059284265225,0.05111195404942219,0.06447685252015407,0.10097206154694924,0.013297278434038162,0.014212798327207565,0.017143776640295982,0.012911703437566757,0.022893806919455528,0.05072091892361641,0.08791740983724594,0.22915053367614746
108.0,0.29410794606575597,0.04168805794324726,1.884942659204643,2.3265408598459683,0.23265408598459686,0.0,0.006054134093798125,0.0,0.07907798571082261,0.29410794606575597,0.05539971833618788,0.0,0.24664967679060423,0.05539971833618788,0.06054134093798124,0.06791399261699273,0.013167360797524452,0.01399777177721262,0.01688012294471264,0.01308288611471653,0.022582676261663437,0.04927731677889824,0.08140043169260025,0.1231158971786499
109.0,0.29429246485233307,0.053247000789269805,1.635798178296215,2.2957866925459642,0.2295786692545964,0.0,0.0059154914262203075,0.0,0.08130726160911414,0.29429246485233307,0.0587982962337824,0.0,0.29012242074196154,0.0587982962337824,0.05915491426220307,0.11154577637521121,0.013383091427385807,0.014258243143558502,0.017159055918455124,0.013021827675402164,0.023074932396411896,0.05083969235420227,0.08766889572143555,0.20657026767730713
110.0,0.26595398210562193,0.04290719889104366,1.7084029876009603,2.0684187779059777,0.2068418777905978,0.0,0.005649445893672796,0.0,0.07839722988697198,0.26595398210562193,0.05346265320594494,0.0,0.24241881531018478,0.05346265320594494,0.05649445893672796,0.06412084271701482,0.01323055662214756,0.014055906794965267,0.016905581578612328,0.0131401801481843,0.022651545703411102,0.049412503838539124,0.08152858912944794,0.1323327273130417
111.0,0.2752545361335461,0.05406122549902648,1.6958080730711982,2.127994519013625,0.2127994519013625,0.0,0.006151799026590127,0.0,0.08109839719075423,0.2752545361335461,0.056303284489191495,0.0,0.27817608759953427,0.056303284489191495,0.061517990265901275,0.09569825103076604,0.013281627558171749,0.014156466349959373,0.017085187137126923,0.012914236634969711,0.02286677248775959,0.05038043484091759,0.08717769384384155,0.21462738513946533
112.0,0.25787545167482817,0.039856876246631145,1.5964998909656516,1.9697313813062816,0.19697313813062814,0.0,0.005929440431869946,0.0,0.07533798538721524,0.25787545167482817,0.05497287099178021,0.0,0.24173003893632156,0.05497287099178021,0.05929440431869947,0.06656216385845955,0.01304515078663826,0.013859930448234081,0.0167788527905941,0.012950391508638859,0.02230466529726982,0.04832443594932556,0.0807323083281517,0.11085927486419678
113.0,0.25873435174043363,0.05251705343835056,1.6765384592208268,1.9833211256907537,0.19833211256907538,0.0,0.006089225311118824,0.0,0.08578647042696293,0.25873435174043363,0.05431301232713919,0.0,0.2743396438085116,0.05431301232713919,0.060892253111188226,0.08610665210737632,0.013181607238948345,0.014056782238185406,0.01699978858232498,0.012811927124857903,0.022581079974770546,0.049776092171669006,0.08647933602333069,0.2042498141527176
114.0,0.26772336891064274,0.03669185098260641,1.7528890368081915,2.0598833698492784,0.20598833698492786,0.0,0.006158687217304341,0.0,0.07919237905969986,0.26772336891064274,0.05557633220003201,0.0,0.2560616204371819,0.05557633220003201,0.0615868721730434,0.07455143747994533,0.012882893905043602,0.013676021248102188,0.01666366681456566,0.012786215171217918,0.022007402032613754,0.04753340780735016,0.08021513372659683,0.08777006715536118
115.0,0.2670900861804302,0.04768160206731409,1.6493842837086807,2.0535753827828627,0.20535753827828623,0.0,0.005661481805145741,0.0,0.08248557350956477,0.2670900861804302,0.05607106565282895,0.0,0.26708689217384046,0.05607106565282895,0.056614818051457405,0.08519505308224605,0.013343621976673603,0.0142064169049263,0.01708829589188099,0.013028880581259727,0.02304338850080967,0.050663042813539505,0.08689853549003601,0.1631806343793869
116.0,0.2530646862892004,0.036262798705138266,1.63499552762779,1.9503213533988366,0.19503213533988367,0.0,0.005930718521659191,0.0,0.07696178182959557,0.2530646862892004,0.05210183002054691,0.0,0.23566980774586016,0.05210183002054691,0.05930718521659191,0.0612255592758839,0.012852200306952,0.013641578145325184,0.01665038801729679,0.012537849135696888,0.02199496701359749,0.04836202785372734,0.08317629992961884,0.0808870792388916
117.0,0.25888308596152526,0.038140283431857824,1.6215902640370092,2.003174525040847,0.20031745250408467,0.0,0.00522931726792684,0.0,0.08190080638115223,0.25888308596152526,0.053336309698911816,0.0,0.2789923216287906,0.053336309698911816,0.0522931726792684,0.09628522825928834,0.012760831974446774,0.013506228104233742,0.01657126285135746,0.012667394243180752,0.02169342152774334,0.04699694737792015,0.07981190830469131,0.10111427307128906
118.0,0.24933825261317766,0.051612131763249636,1.4728427519696523,1.903532046538133,0.19035320465381328,0.0,0.006218697574849312,0.0,0.07941095129801677,0.24933825261317766,0.05276634515478061,0.0,0.23767217993736267,0.05276634515478061,0.06218697574849312,0.060091585494004764,0.01347403135150671,0.014358856715261936,0.01725522056221962,0.013130173087120056,0.023200761526823044,0.05113176628947258,0.08781544864177704,0.1925307959318161
119.0,0.25568907535993135,0.034470800892449915,1.627409160940755,1.9615019193062415,0.19615019193062413,0.0,0.006138034050281233,0.0,0.08529841899871826,0.25568907535993135,0.053400845625079595,0.0,0.27993225707457614,0.053400845625079595,0.06138034050281231,0.09404833586170123,0.013022816739976406,0.013839085586369038,0.016822779551148415,0.012910027988255024,0.022229859605431557,0.048117995262145996,0.0810481533408165,0.06777568906545639
120.0,0.24984779208898544,0.05347592383623123,1.6128749110032776,1.9175635071901174,0.19175635071901176,0.0,0.006446156278252601,0.0,0.07490684980383286,0.24984779208898544,0.05164528036346802,0.0,0.23923223179120284,0.05164528036346802,0.06446156278252602,0.06453316873655869,0.013319488614797592,0.014201036654412746,0.017178332433104515,0.012956581078469753,0.02297484502196312,0.05084995552897453,0.08765777200460434,0.20866937935352325
121.0,0.25642071205836076,0.033393434481695294,1.6802384744909704,1.9829156536322374,0.19829156536322376,0.0,0.005837072876210396,0.0,0.08301190401499088,0.25642071205836076,0.05229207285894798,0.0,0.26628003212121815,0.05229207285894798,0.05837072876210396,0.08309291503750361,0.01289464719593525,0.013681592419743538,0.016716692596673965,0.012768914923071861,0.021970368921756744,0.047369737178087234,0.08079297840595245,0.06095254421234131
122.0,0.24507944916303342,0.050447928137145936,1.6427416594725606,1.8580092237545893,0.18580092237545895,0.0,0.006271464406297758,0.0,0.07732343387145263,0.24507944916303342,0.05300705278149018,0.0,0.23740730148095351,0.05300705278149018,0.06271464406297757,0.06327719957782672,0.013271916657686234,0.014144796878099442,0.017101548612117767,0.012927037663757801,0.022822396829724312,0.050402600318193436,0.08693797886371613,0.18597514927387238
123.0,0.25608994983709776,0.037393317092210054,1.6422812904942001,1.9856988008205707,0.19856988008205703,0.0,0.0057130584923120635,0.0,0.08081089705228806,0.25608994983709776,0.05180700796727951,0.0,0.27121556951449466,0.05180700796727951,0.05713058492312065,0.09082307580571908,0.01314194593578577,0.013963817618787289,0.01691334880888462,0.01303950697183609,0.022528475150465965,0.04920555278658867,0.08159109205007553,0.0887627974152565
124.0,0.2551483443150154,0.03758177405688912,1.5679837476239342,1.9067148795494666,0.19067148795494665,0.0,0.005428503783276448,0.0,0.07517225897082916,0.2551483443150154,0.059048351330252796,0.0,0.2215195240882727,0.059048351330252796,0.05428503783276448,0.052270726229135804,0.013000844046473503,0.013814672827720642,0.016805928200483322,0.012701340951025486,0.022214123979210854,0.048838257789611816,0.0834093689918518,0.0898696556687355
125.0,0.2566360848454329,0.03077188099268824,1.6759971656517307,1.9789204368224511,0.19789204368224506,0.0,0.006041621803664243,0.0,0.08956433718021099,0.2566360848454329,0.052702413442043156,0.0,0.2848481088876724,0.052702413442043156,0.06041621803664244,0.09425246944794288,0.012849523685872555,0.013644713908433914,0.016705071553587914,0.012629292905330658,0.02187684178352356,0.04774053394794464,0.0813632607460022,0.03936580941081047
126.0,0.2664629060488481,0.034349457710050046,1.9306165799396977,2.1105810678922214,0.21105810678922207,0.0,0.005642207009861102,0.0,0.07587463408708572,0.2664629060488481,0.04976258541528995,0.0,0.2364018032184014,0.04976258541528995,0.05642207009861103,0.0633452357007907,0.013122891075909138,0.013955228962004185,0.016946271061897278,0.012992854230105877,0.02250657044351101,0.04887993261218071,0.0818747729063034,0.06451714038848877
127.0,0.26907266619113773,0.06297967571299523,1.7641721902066283,2.0743322647534885,0.20743322647534884,0.0,0.006330912517240413,0.0,0.07825301301020843,0.26907266619113773,0.0553085206506344,0.0,0.2500406045180101,0.0553085206506344,0.06330912517240414,0.07695457224662487,0.013683660887181759,0.014587556011974812,0.017550153657794,0.013226711191236973,0.023551087826490402,0.0522589385509491,0.09119819849729538,0.27778109908103943
128.0,0.2513469939048474,0.03236214304342866,1.6670834660372478,1.8881406004612262,0.1888140600461226,0.0,0.006247675304229442,0.0,0.07701127632306172,0.2513469939048474,0.05628524992901545,0.0,0.2262740622346218,0.05628524992901545,0.06247675304229443,0.05794352708527675,0.01316080242395401,0.013982715085148811,0.0169722530990839,0.01300133392214775,0.022537384182214737,0.04890676215291023,0.08251695334911346,0.04781894013285637
129.0,0.2446239057641763,0.058016072725877166,1.5210442591099413,1.855717420578003,0.18557174205780033,0.0,0.006152300522304499,0.0,0.07704817561002877,0.2446239057641763,0.05289985612034798,0.0,0.2586105614900589,0.05289985612034798,0.061523005223044984,0.08026903624144885,0.01341036707162857,0.014304856769740582,0.017302246764302254,0.012953857891261578,0.023046383634209633,0.051115360110998154,0.08867790549993515,0.2433176040649414
130.0,0.24508375387925369,0.035509126842953265,1.6042966979312383,1.8313398361206055,0.18313398361206057,0.0,0.0059544124139043,0.0,0.0781743463415366,0.24508375387925369,0.055995350560316674,0.0,0.2273160035793598,0.055995350560316674,0.059544124139043,0.05585564257433781,0.01305479183793068,0.013845304027199745,0.016889680176973343,0.012911130674183369,0.022272879257798195,0.048099759966135025,0.08156172186136246,0.0754377469420433
131.0,0.24719067491017854,0.05547632009256631,1.5012851597208758,1.8784205913543701,0.187842059135437,0.0,0.006102463603019715,0.0,0.07702038121911195,0.24719067491017854,0.053246152229033984,0.0,0.2558105427485246,0.053246152229033984,0.061024636030197144,0.08128238139817348,0.013311912305653095,0.014209584333002567,0.017227673903107643,0.012872100807726383,0.022827796638011932,0.0505722314119339,0.08776579797267914,0.22502346336841583
132.0,0.23598480281921533,0.03619715664535761,1.506137351680933,1.7560448875794044,0.17560448875794046,0.0,0.005941479094326496,0.0,0.07529515056655957,0.23598480281921533,0.054438829995118655,0.0,0.22298207134008408,0.054438829995118655,0.05941479094326496,0.05418868828564882,0.013033740222454071,0.013804190792143345,0.01687835343182087,0.01288920734077692,0.022167693823575974,0.04771116375923157,0.08135201036930084,0.08174089342355728
133.0,0.24714060299671614,0.05379053426440805,1.6375857789403958,1.879406410914201,0.18794064109142014,0.0,0.006159787338513594,0.0,0.08573011538157096,0.24714060299671614,0.05304017705986133,0.0,0.26593777193472934,0.05304017705986133,0.06159787338513594,0.08130731548254307,0.013302575796842575,0.014204556122422218,0.017213059589266777,0.01287085097283125,0.022731810808181763,0.05030088499188423,0.08732930570840836,0.21237123012542725
134.0,0.2539326525651492,0.03464966034516692,1.8106594517503232,1.9360222954016466,0.19360222954016465,0.0,0.006096018736179059,0.0,0.07340730698062824,0.2539326525651492,0.054234402684065014,0.0,0.22456234292342112,0.054234402684065014,0.06096018736179058,0.05794535441180834,0.012927604839205742,0.01368850376456976,0.016797995194792747,0.012783567421138287,0.02197202481329441,0.047389280050992966,0.08115775883197784,0.07048054784536362
135.0,0.2526180732708711,0.055458651622757316,1.6964144813326991,1.9265718230834374,0.19265718230834372,0.0,0.005931718747776289,0.0,0.07701513801629727,0.2526180732708711,0.05402916970734413,0.0,0.23947041309796846,0.05402916970734413,0.059317187477762885,0.0683069905409446,0.013344557955861092,0.014236624352633953,0.0172731950879097,0.012900331057608128,0.02285245805978775,0.05060133337974548,0.0878487154841423,0.22461199760437012
136.0,0.23937450922452486,0.03591939725447446,1.6775733883280972,1.7948266313626215,0.17948266313626215,0.0,0.005844834819436073,0.0,0.07665068742174369,0.23937450922452486,0.05404700954946188,0.0,0.22560065640853003,0.05404700954946188,0.05844834819436073,0.05717571925085325,0.013042557053267956,0.013797115534543991,0.016886679455637932,0.012892844155430794,0.02214423380792141,0.04777644947171211,0.08161824941635132,0.07919704914093018
137.0,0.24017130239651754,0.0550451606977731,1.5255927617332172,1.791545611161452,0.17915456111614517,0.0,0.006017352354068024,0.0,0.07355476973148492,0.24017130239651754,0.054999387464844264,0.0,0.23998914372462493,0.054999387464844264,0.06017352354068022,0.07025235167776163,0.013796270824968815,0.01466042548418045,0.01757648028433323,0.013404580764472485,0.023790184408426285,0.05237400531768799,0.09048004448413849,0.21427929401397705
138.0,0.23221372125240472,0.04147537040989846,1.510070895761968,1.7192810086103587,0.17192810086103588,0.0,0.006299321826260825,0.0,0.07237776684073302,0.23221372125240472,0.053986298923309035,0.0,0.2169580184496366,0.053986298923309035,0.06299321826260823,0.052491494167882666,0.01316471304744482,0.013972865417599678,0.017032530158758163,0.012803321704268456,0.02249472215771675,0.0496571809053421,0.08571428060531616,0.11696334928274155
139.0,0.23320010075202355,0.0310401173774153,1.5814125356399045,1.7655266339962299,0.176552663399623,0.0,0.005337997067433138,0.0,0.0794529585311046,0.23320010075202355,0.0513094374193595,0.0,0.24984250103051847,0.0513094374193595,0.053379970674331374,0.07331355238476625,0.012934206053614616,0.013688369654119015,0.016853265464305878,0.012712609954178333,0.02200823649764061,0.04766283556818962,0.08200619369745255,0.04045522212982178
140.0,0.23070946966226286,0.05856829683762044,1.6225589576677624,1.7268571395140428,0.17268571395140425,0.0,0.006137468780462558,0.0,0.07206135587050365,0.23070946966226286,0.05188628257467197,0.0,0.21646603082235044,0.05188628257467197,0.061374687804625586,0.05403716998318067,0.013329785317182541,0.014242931269109249,0.01731020025908947,0.012827737256884575,0.022851701825857162,0.05111454799771309,0.0886346772313118,0.2482347935438156
141.0,0.23052667539853317,0.027527975500561297,1.5433747607618566,1.685447321488307,0.1685447321488307,0.0,0.006012397417082236,0.0,0.07847974678644767,0.23052667539853317,0.055969542322250515,0.0,0.2382372789658033,0.055969542322250515,0.06012397417082237,0.06519543171788637,0.012976609170436859,0.013758845627307892,0.01691821776330471,0.012694455683231354,0.022088700905442238,0.04799911379814148,0.08295666426420212,0.010831196792423725
142.0,0.2190643256673446,0.05849791702348739,1.4950014126422777,1.6326824380801275,0.16326824380801275,0.0,0.0063261269233547725,0.0,0.07535094022750854,0.2190643256673446,0.049469949247745365,0.0,0.21781588575014701,0.049469949247745365,0.06326126923354772,0.053364960476756096,0.013370078057050705,0.014276829548180103,0.01733376644551754,0.012851979583501816,0.022847691550850868,0.050956349819898605,0.08877557516098022,0.24757106602191925
143.0,0.23474458433114564,0.029329895274713635,1.5567429093143974,1.7323035643650935,0.1732303564365094,0.0,0.006064121496792024,0.0,0.08049537843236557,0.23474458433114564,0.05545010274419418,0.0,0.2532536003452081,0.05545010274419418,0.06064121496792023,0.07611597759219316,0.012980522587895393,0.013766930438578129,0.01693638041615486,0.012673747725784779,0.022058557718992233,0.047951605170965195,0.08318910747766495,0.025082310661673546
144.0,0.22560516515603432,0.06606518698390573,1.492762112673109,1.6785045587099516,0.1678504558709952,0.0,0.0063462254376365585,0.0,0.07378010222545037,0.22560516515603432,0.05140848343188946,0.0,0.21401839703321457,0.05140848343188946,0.06346225437636559,0.050196425774349615,0.013877439312636852,0.014750895090401173,0.017799707129597664,0.01335242111235857,0.023893505334854126,0.053447891026735306,0.094080850481987,0.29731878638267517
145.0,0.23572312410061175,0.03136964072473347,1.6224204680854453,1.7547499033120961,0.17547499033120958,0.0,0.005778726090032321,0.0,0.08235440403223038,0.23572312410061175,0.054469409613655165,0.0,0.2504473832937387,0.054469409613655165,0.057787260900323205,0.0728234787686513,0.01308708917349577,0.01388811320066452,0.017024381086230278,0.012762906961143017,0.02229287289083004,0.04851676896214485,0.0842408761382103,0.039144117385149
146.0,0.22940147725435403,0.05982602038420737,1.710435144477875,1.7152202404462373,0.17152202404462374,0.0,0.006299767843805828,0.0,0.07209811531580411,0.22940147725435403,0.05157968387580835,0.0,0.21069773859702623,0.05157968387580835,0.06299767843805827,0.05166607063550215,0.013357684016227722,0.014270910061895847,0.01734272763133049,0.012825618498027325,0.022794460877776146,0.050929632037878036,0.08847580850124359,0.2586113214492798
147.0,0.22589303495792243,0.030838953447528183,1.6251420732678572,1.6538429947999806,0.16538429947999808,0.0,0.0059780632503903825,0.0,0.07784572702187759,0.22589303495792243,0.05453067158277218,0.0,0.22725865760674843,0.05453067158277218,0.05978063250390383,0.0591004304587841,0.013009306974709034,0.013800673186779022,0.016985101625323296,0.012674929574131966,0.02200264483690262,0.04761172831058502,0.08304206281900406,0.03758518025279045
148.0,0.22039715945720673,0.06543559639248997,1.5958933984590904,1.6040900303767278,0.1604090030376728,0.0,0.006455282021600468,0.0,0.07565727170843345,0.22039715945720673,0.05353287464151016,0.0,0.21657372151429838,0.05353287464151016,0.06455282021600467,0.054069150167589,0.013796407729387283,0.014677079394459724,0.017704075202345848,0.01326268631964922,0.02372623234987259,0.05301050469279289,0.0933321937918663,0.2939755916595459
149.0,0.21980593468134219,0.05452006636187434,1.4932597254519402,1.6084891374294574,0.16084891374294574,0.0,0.006394893532762161,0.0,0.07909922788922603,0.21980593468134219,0.05256212316453457,0.0,0.24367473618342325,0.05256212316453457,0.06394893532762161,0.06951059121638536,0.013225540518760681,0.014114391058683395,0.017231175675988197,0.012653997167944908,0.022570285946130753,0.050470415502786636,0.0877765342593193,0.21811819076538086
150.0,0.22115544688243133,0.027366906288079917,1.5445554691741643,1.6314211671168988,0.1631421167116899,0.0,0.005480114485208806,0.0,0.07417435944080353,0.22115544688243133,0.052533213765575335,0.0,0.2111699552490161,0.052533213765575335,0.05480114485208805,0.04983048620991982,0.012955901212990284,0.013708910904824734,0.016933726146817207,0.012565236538648605,0.02175203524529934,0.04702268913388252,0.082096166908741,0.01190058421343565
151.0,0.22350928359306776,0.07411942316684872,1.535309606646891,1.6556388368973365,0.16556388368973365,0.0,0.006380436913325236,0.0,0.08227433264255524,0.22350928359306776,0.05156496124198803,0.0,0.2550676040924512,0.05156496124198803,0.06380436913325237,0.07683224596369725,0.014014567248523235,0.01495754811912775,0.01802361011505127,0.01342069637030363,0.024142617359757423,0.0548948235809803,0.0972793698310852,0.35622215270996094
152.0,0.22445280907245782,0.03309093730058521,1.5674904593069112,1.5978032602713659,0.15978032602713657,0.0,0.006092874261622245,0.0,0.07224495021196511,0.22445280907245782,0.058579605932419114,0.0,0.21065212270388237,0.058579605932419114,0.060928742616222456,0.050639329907985836,0.013097397983074188,0.013904795981943607,0.017069663852453232,0.012731606140732765,0.022290445864200592,0.048749323934316635,0.08485429733991623,0.052029967308044434
153.0,0.22157988124168837,0.061653193552047014,1.5774718226657785,1.6473412834680998,0.16473412834680998,0.0,0.006422806918047942,0.0,0.0849452826839227,0.22157988124168837,0.050422939543540664,0.0,0.25342967074650985,0.050422939543540664,0.06422806918047942,0.07395743815085062,0.013491380959749222,0.01439808588474989,0.017439771443605423,0.012912512756884098,0.023002181202173233,0.05144931748509407,0.08983533084392548,0.2706969678401947
154.0,0.22811048993697533,0.031159760197624564,1.796206025018804,1.6496182450881371,0.16496182450881372,0.0,0.006353035125021751,0.0,0.07114981602017696,0.22811048993697533,0.056795635189001374,0.0,0.2069443785227262,0.056795635189001374,0.06353035125021751,0.05050164711876558,0.013013239949941635,0.01374653447419405,0.01692330650985241,0.012715007178485394,0.021862216293811798,0.0469512939453125,0.08209499716758728,0.04197148606181145
155.0,0.22849904000759125,0.06338982749730349,1.6539526055604021,1.6991432286225832,0.16991432286225833,0.0,0.006429347180976318,0.0,0.07980097715671246,0.22849904000759125,0.05215536616742611,0.0,0.2403059802376307,0.05215536616742611,0.06429347180976318,0.06861144626656404,0.013921057805418968,0.014769560657441616,0.017748873680830002,0.013388129882514477,0.02395576238632202,0.05325077101588249,0.0940442681312561,0.2760401964187622
156.0,0.22625321436386842,0.03215223248116672,1.6260189162039111,1.6430562138557434,0.16430562138557436,0.0,0.006069633651238222,0.0,0.07451013246407875,0.22625321436386842,0.05587796293772184,0.0,0.2092686524757972,0.05587796293772184,0.06069633651238222,0.050163162872195244,0.013159135356545448,0.013884740881621838,0.017013123258948326,0.012875315733253956,0.022363195195794106,0.048450443893671036,0.08344007283449173,0.046031832695007324
157.0,0.23306394139161477,0.05146794707980007,1.7464014795458689,1.7372098977749164,0.17372098977749167,0.0,0.006124367794165245,0.0,0.07633316115691112,0.23306394139161477,0.05321858092569388,0.0,0.2356553622163259,0.05321858092569388,0.06124367794165245,0.06589852946882065,0.013398481532931328,0.014231388457119465,0.017247697338461876,0.012898288667201996,0.022780733183026314,0.050261616706848145,0.08758034557104111,0.19334502518177032
158.0,0.24122245953633234,0.03379241353832185,1.8337686562917679,1.8047478932600756,0.1804747893260076,0.0,0.006222394137428357,0.0,0.07359082137162869,0.24122245953633234,0.05452526704623149,0.0,0.21198934717820242,0.05452526704623149,0.06222394137428357,0.05340271894461834,0.013106555677950382,0.013787639327347279,0.01694314181804657,0.012785324826836586,0.022037887945771217,0.047494132071733475,0.08261839300394058,0.06156623363494873
159.0,0.25413109132876766,0.06277973914984614,1.815405720987783,1.9366573966466463,0.19366573966466466,0.0,0.006129963567050604,0.0,0.07481936222085586,0.25413109132876766,0.054335386134110965,0.0,0.2232114833134871,0.054335386134110965,0.06129963567050604,0.05942539165083032,0.014009155333042145,0.014807731844484806,0.01774841919541359,0.01343468390405178,0.024097254499793053,0.053151462227106094,0.09414999186992645,0.27083921432495117
160.0,0.2284478098154068,0.030921390978619456,1.7571685800476553,1.6769129175406237,0.1676912917540624,0.0,0.00592033272752395,0.0,0.07854558269564922,0.2284478098154068,0.054836188514645286,0.0,0.23070403245779184,0.054836188514645286,0.059203327275239505,0.06362322126873411,0.013140726834535599,0.013849297538399696,0.017010539770126343,0.01275411807000637,0.022341089323163033,0.04865874722599983,0.08450335264205933,0.03511325642466545
161.0,0.2290010446539292,0.05866264062933624,1.7350952005899267,1.7065106492776136,0.1706510649277614,0.0,0.005743645604413289,0.0,0.07549964521939938,0.2290010446539292,0.05260633247402998,0.0,0.22484243431916603,0.05260633247402998,0.057436456044132896,0.059399440311468564,0.013501825742423534,0.014308890327811241,0.017315953969955444,0.012832063250243664,0.022891772910952568,0.05068663880228996,0.0887504369020462,0.24901354312896729
162.0,0.2195502296090126,0.054227900225669146,1.6242650909952958,1.593084569160755,0.15930845691607548,0.0,0.006579258694098546,0.0,0.07528520748019218,0.2195502296090126,0.05366251116188673,0.0,0.23123949880783373,0.05366251116188673,0.06579258694098546,0.06635095243557142,0.01345960795879364,0.014251301065087318,0.01732136681675911,0.01285538636147976,0.022861827164888382,0.05051097646355629,0.08945045620203018,0.21311227977275848
163.0,0.2222988112614705,0.06568283285014331,1.5484591385099795,1.6443385527684138,0.16443385527684137,0.0,0.00608569194491093,0.0,0.06851533370522353,0.2222988112614705,0.05177925627392072,0.0,0.20039873398267305,0.05177925627392072,0.0608569194491093,0.04731922145359791,0.013875058852136135,0.014687009155750275,0.01763920672237873,0.013210601173341274,0.023798661306500435,0.05295098200440407,0.09382521361112595,0.29547592997550964
164.0,0.21415485269748247,0.03323171054944396,1.5466482467376745,1.5412015869067266,0.1541201586906727,0.0,0.0057282628491520885,0.0,0.07597754351221599,0.21415485269748247,0.054306422431881614,0.0,0.23929877292651397,0.054306422431881614,0.05728262849152088,0.07211464614822315,0.013086849823594093,0.013767414726316929,0.01690457947552204,0.012677268125116825,0.022025423124432564,0.04761739447712898,0.0826919823884964,0.05708277225494385
165.0,0.20386036829306528,0.06180453393608332,1.4706803262046224,1.4487423300743103,0.14487423300743105,0.0,0.006341825139064055,0.0,0.07423537539748046,0.20386036829306528,0.0526443080833325,0.0,0.22064069773142153,0.0526443080833325,0.06341825139064056,0.05708223918023018,0.013772434554994106,0.014574103057384491,0.017534026876091957,0.013126845471560955,0.023542113602161407,0.052242595702409744,0.09187764674425125,0.2677665054798126
166.0,0.2158313009601373,0.0343050470110029,1.6821563130020714,1.5686432948479285,0.15686432948479287,0.0,0.0058282232055297265,0.0,0.07617190193671447,0.2158313009601373,0.05313874537555071,0.0,0.23893674864218786,0.05313874537555071,0.05828223205529726,0.07055267190130857,0.013127206824719906,0.01382840983569622,0.01695474237203598,0.012727187015116215,0.02205006405711174,0.047579575330019,0.0828896164894104,0.06528357416391373
167.0,0.2138978334573599,0.0643533798865974,1.6462773213324051,1.543444812297821,0.15434448122978214,0.0,0.006577917718543457,0.0,0.07062380932844602,0.2138978334573599,0.05297543466664278,0.0,0.20835678909833616,0.05297543466664278,0.06577917718543456,0.05323266431402702,0.013755465857684612,0.014575528912246227,0.017541296780109406,0.013119762763381004,0.023559417575597763,0.05247810110449791,0.09248686581850052,0.2873106002807617
168.0,0.2144730990895858,0.03464548708871007,1.7326114136426407,1.5563794512015123,0.15563794512015122,0.0,0.005861923055580028,0.0,0.07112678799491662,0.2144730990895858,0.0529732287216645,0.0,0.2113561945465895,0.0529732287216645,0.05861923055580029,0.05436341199450768,0.013187755830585957,0.013923863880336285,0.017042526975274086,0.012760566547513008,0.022185571491718292,0.04799571633338928,0.08361976593732834,0.06644812971353531
169.0,0.21456742515930763,0.07045759446918964,1.647170917733856,1.5474625550783598,0.154746255507836,0.0,0.006813341651398404,0.0,0.08044626449163143,0.21456742515930763,0.05300782549266632,0.0,0.24000695118537316,0.05300782549266632,0.06813341651398402,0.06811822732337393,0.013909636996686459,0.014751079492270947,0.017703434452414513,0.01321965642273426,0.02383495308458805,0.053285058587789536,0.09463061392307281,0.33232632279396057
170.0,0.2157922816964296,0.03262690675910562,1.7333134149058818,1.5632633658555837,0.15632633658555836,0.0,0.005707155511929438,0.0,0.06686841925749412,0.2157922816964296,0.053758781689863935,0.0,0.20008530582372958,0.053758781689863935,0.05707155511929439,0.04974111327185081,0.013156845234334469,0.013869433663785458,0.017015784978866577,0.012659761123359203,0.022065935656428337,0.04776240885257721,0.08373621851205826,0.05074886605143547
171.0,0.21954342665580603,0.07754016562830657,1.5889091621107245,1.5829942776606634,0.1582994277660663,0.0,0.006625374205983602,0.0,0.07527010142803192,0.21954342665580603,0.05461861909582065,0.0,0.24280592111440805,0.05461861909582065,0.06625374205983602,0.07468270972514382,0.01413299236446619,0.01499674841761589,0.017940809950232506,0.013395410031080246,0.02425772324204445,0.05436411127448082,0.09745671600103378,0.38377681374549866
172.0,0.2200991356602082,0.035414146492257714,1.5904559197313095,1.6025568017592797,0.16025568017592798,0.0,0.006163548878752269,0.0,0.07637477608827445,0.2200991356602082,0.05367990497213144,0.0,0.2331558890067614,0.05367990497213144,0.06163548878752268,0.0636262481745619,0.013285741209983826,0.013987415470182896,0.017100945115089417,0.01281209196895361,0.02239968441426754,0.04870763048529625,0.08509021997451782,0.06992944329977036
173.0,0.20750482495014483,0.06892330956179649,1.4846256732789735,1.474641930598479,0.14746419305984793,0.0,0.006579963261118303,0.0,0.06511246040463448,0.20750482495014483,0.0534606624681216,0.0,0.20978854940487787,0.0534606624681216,0.06579963261118302,0.0587745587914609,0.013882201164960861,0.014699391089379787,0.017663178965449333,0.013210911303758621,0.02382012829184532,0.053115203976631165,0.0944695770740509,0.3205258846282959
174.0,0.19742060968509087,0.03512883163057268,1.490655652095602,1.388423034778008,0.13884230347780083,0.0,0.006073034612032083,0.0,0.06598371553879517,0.19742060968509087,0.0525052695033642,0.0,0.1971599029806944,0.0525052695033642,0.060730346120320834,0.0464507073808748,0.013174934312701225,0.013873182237148285,0.017012326046824455,0.012724610045552254,0.02213072031736374,0.048118770122528076,0.0842510461807251,0.06974506378173828
175.0,0.20588630667099586,0.06872166495304555,1.5647828743819405,1.446222300712879,0.14462223007128788,0.0,0.006482903902920393,0.0,0.07320826414685982,0.20588630667099586,0.0547811661202174,0.0,0.23432519974616858,0.0547811661202174,0.06482903902920392,0.06786057177501228,0.013827800750732422,0.014657022431492805,0.017637057229876518,0.013167331926524639,0.023731529712677002,0.053084876388311386,0.0942234918475151,0.3194442093372345
176.0,0.2034318017271849,0.034570257877931,1.5983594614640106,1.4504797642047589,0.1450479764204759,0.0,0.006156854575070051,0.0,0.06853589086005321,0.2034318017271849,0.052226971118496016,0.0,0.20525140659167215,0.052226971118496016,0.06156854575070051,0.05085387768653723,0.013130061328411102,0.013846243731677532,0.016985643655061722,0.012673099525272846,0.022117896005511284,0.04827104136347771,0.08444078266620636,0.06509729474782944
177.0,0.2134426052753742,0.06683620007243007,1.7020136700311603,1.5277850077702448,0.1527785007770245,0.0,0.006407048911429369,0.0,0.06959858422095959,0.2134426052753742,0.054257054455005206,0.0,0.21755094482348517,0.054257054455005206,0.06407048911429368,0.05947891633527783,0.013870296068489552,0.014682658016681671,0.017627699300646782,0.013225072994828224,0.023806849494576454,0.05306116119027138,0.09403353929519653,0.30438232421875
178.0,0.20814255796946013,0.034660066245123744,1.6867240630759084,1.4939380746621351,0.14939380746621353,0.0,0.006238027189213496,0.0,0.07162839976640847,0.20814255796946013,0.05251071673746292,0.0,0.21543282041182885,0.05251071673746292,0.06238027189213496,0.05654430865811614,0.013144807890057564,0.01384057104587555,0.01697411760687828,0.012690160423517227,0.02211872488260269,0.048217903822660446,0.08399877697229385,0.06629546731710434
179.0,0.22021073733384794,0.07013930147513747,1.7609083866816921,1.5968063932198744,0.15968063932198745,0.0,0.006323738911977182,0.0,0.06875870749354362,0.22021073733384794,0.05420635669277264,0.0,0.21412807072584444,0.05420635669277264,0.06323738911977181,0.05681072404751411,0.013861055485904217,0.01469248067587614,0.017653031274676323,0.013172393664717674,0.02381261996924877,0.05340513214468956,0.09494967013597488,0.3295680284500122
180.0,0.2053763413658509,0.03950962936505675,1.6806256250557365,1.4710071407831633,0.14710071407831632,0.0,0.0061260563822893,0.0,0.07032217658483066,0.2053763413658509,0.052149570475404076,0.0,0.21256733800356203,0.052149570475404076,0.061260563822892994,0.054997556627942965,0.013118057511746883,0.013854005374014378,0.017022492364048958,0.012594729661941528,0.02212599106132984,0.04864564538002014,0.08528914302587509,0.1034269705414772
181.0,0.21116066895998442,0.0697463316610083,1.7189788040688272,1.507071825174185,0.1507071825174185,0.0,0.006148906181064936,0.0,0.06882577704695556,0.21116066895998442,0.05430457583413674,0.0,0.21361611210382903,0.05430457583413674,0.06148906181064936,0.056860777047964245,0.013785285875201225,0.014617514796555042,0.01759088970720768,0.013073042035102844,0.02365848235785961,0.05324825644493103,0.09440531581640244,0.3275918662548065
182.0,0.20092737273528025,0.03847957157995552,1.6473288708448426,1.4321260819068322,0.14321260819068324,0.0,0.0060135978059126785,0.0,0.07054728728074294,0.20092737273528025,0.05170116501931961,0.0,0.20927845686674118,0.05170116501931961,0.06013597805912678,0.05320670652704743,0.013087705709040165,0.013815587386488914,0.016995171085000038,0.012560315430164337,0.022047093138098717,0.04847674444317818,0.08499772846698761,0.09585622698068619
183.0,0.22115157372676408,0.07348108431324363,1.7191115816215756,1.602433782357436,0.16024337823574358,0.0,0.006144208933871525,0.0,0.06548657268285751,0.22115157372676408,0.05476398235903336,0.0,0.2072124882386281,0.05476398235903336,0.06144208933871526,0.055720219460244365,0.01385413482785225,0.014710859395563602,0.017686760053038597,0.013117213733494282,0.023810449987649918,0.05379171669483185,0.09572180360555649,0.35515573620796204
184.0,0.2099754472191517,0.05842929251957685,1.6318548313022414,1.517342278590569,0.1517342278590569,0.0,0.00657839489957461,0.0,0.06779755451358281,0.2099754472191517,0.05166282060627754,0.0,0.2043679110132731,0.05166282060627754,0.0657839489957461,0.04944820111044324,0.013373478315770626,0.014181733131408691,0.01724296621978283,0.012646768242120743,0.022659778594970703,0.05103018879890442,0.08866076916456223,0.24763865768909454
185.0,0.21284884500962037,0.05795264500193298,1.7025587419596278,1.5593235401006846,0.15593235401006847,0.0,0.00606681195875773,0.0,0.06961701724391717,0.21284884500962037,0.05084967842468849,0.0,0.2229431655544501,0.05084967842468849,0.060668119587577306,0.06358358672318551,0.013391746208071709,0.01423660945147276,0.017310231924057007,0.012681386433541775,0.02272486872971058,0.05127905681729317,0.08999636769294739,0.24200089275836945
186.0,0.19905651475374514,0.057770390063524246,1.6219291578515371,1.4540036228986888,0.14540036228986888,0.0,0.006129901010829669,0.0,0.06928024469659878,0.19905651475374514,0.04752624650987295,0.0,0.201184576520553,0.04752624650987295,0.061299010108296685,0.04867819220257493,0.013724597170948982,0.014531365595757961,0.017619751393795013,0.01307870727032423,0.023431457579135895,0.05256745591759682,0.09319737553596497,0.2340124100446701
187.0,0.2211143196775363,0.05760862724855542,1.7155033294510826,1.6049330509625948,0.16049330509625948,0.0,0.006118026103537817,0.0,0.06284695233290012,0.2211143196775363,0.054502985368554406,0.0,0.20358426639666924,0.054502985368554406,0.061180261035378165,0.05553704156325413,0.013515882194042206,0.014315050095319748,0.017334559932351112,0.012846400961279869,0.023046065121889114,0.05170917138457298,0.08967658877372742,0.23842529952526093
188.0,0.2073086712222833,0.030465589719824493,1.6747027370419403,1.4820138674515944,0.14820138674515945,0.0,0.006158321207532517,0.0,0.06745762750506401,0.2073086712222833,0.052948956879285664,0.0,0.20345036800091082,0.052948956879285664,0.06158321207532516,0.049021689364543326,0.013164845295250416,0.013853143900632858,0.017047034576535225,0.012694630771875381,0.022198118269443512,0.04879620671272278,0.08491683751344681,0.031053900718688965
189.0,0.20389869350653428,0.05023943376727402,1.6038475801191856,1.449668402855213,0.1449668402855213,0.0,0.0059174900014813125,0.0,0.06829680445102546,0.20389869350653428,0.05301435850560665,0.0,0.22168346093251154,0.05301435850560665,0.05917490001481313,0.06221119027871352,0.013362559489905834,0.014133504591882229,0.01717568002641201,0.012733295559883118,0.022680243477225304,0.0506223626434803,0.08702673017978668,0.1841810941696167
190.0,0.19402995934853187,0.050467920722439885,1.5534456722508592,1.35950990823599,0.13595099082359902,0.0,0.00668480175618942,0.0,0.0664376739699107,0.19402995934853187,0.051394167284552865,0.0,0.19473857088730886,0.051394167284552865,0.0668480175618942,0.04617885399896365,0.01350608840584755,0.014286902733147144,0.01740928925573826,0.012911436147987843,0.02296789549291134,0.051285821944475174,0.08994054049253464,0.18143539130687714
191.0,0.19855403842834327,0.056015972746536136,1.5601933939695907,1.3952892147577727,0.13952892147577728,0.0,0.0059727828090007495,0.0,0.06512451787980703,0.19855403842834327,0.05305232867025412,0.0,0.21368278161837503,0.05305232867025412,0.05972782809000749,0.058314483433675304,0.013408400118350983,0.01420863252133131,0.01724621281027794,0.012727613560855389,0.02279132604598999,0.051184337586164474,0.08838828653097153,0.22817297279834747
192.0,0.19497496176224488,0.05134502367582172,1.5833884909286284,1.384769389262566,0.13847693892625662,0.0,0.006341461235514054,0.0,0.06761150606549703,0.19497496176224488,0.05015656208762756,0.0,0.20957066691838777,0.05015656208762756,0.06341461235514054,0.05211255348359163,0.013467979617416859,0.014264727011322975,0.017400849610567093,0.012850610539317131,0.02287147007882595,0.05125865712761879,0.08990917354822159,0.1887367218732834
193.0,0.20314452338677186,0.0656382676679641,1.618566326948661,1.4239205580491285,0.14239205580491288,0.0,0.006395652947517543,0.0,0.06584563249578843,0.20314452338677186,0.05435681557999207,0.0,0.21306859071438128,0.05435681557999207,0.06395652947517541,0.058176679930721335,0.013829410076141357,0.014643344096839428,0.01759784296154976,0.01312930230051279,0.023601455613970757,0.052860092371702194,0.09309108555316925,0.29635360836982727
194.0,0.19326371011825708,0.03668981755618006,1.575564102957638,1.3489533295998206,0.13489533295998207,0.0,0.006619664396230991,0.0,0.06612157363158006,0.19326371011825708,0.05174870903675373,0.0,0.19892675486894754,0.05174870903675373,0.06619664396230991,0.048234368387896284,0.013293765485286713,0.014018869027495384,0.01716068759560585,0.012807871215045452,0.02251613512635231,0.04963186755776405,0.08627825975418091,0.07781108468770981
195.0,0.1980726598547055,0.05793593171983957,1.6655542064804143,1.391727484189547,0.13917274841895472,0.0,0.006290956643911509,0.0,0.06413918389723851,0.1980726598547055,0.05260895206951178,0.0,0.20641334011004522,0.05260895206951178,0.06290956643911508,0.05399792587671142,0.013517720624804497,0.014312256127595901,0.017319537699222565,0.012845782563090324,0.023005370050668716,0.05157149210572243,0.0892072543501854,0.24170804023742676
196.0,0.19207324775365683,0.03645848878659308,1.6104446984559975,1.3479586793826177,0.13479586793826176,0.0,0.0062290144081299115,0.0,0.06666485162881705,0.19207324775365683,0.05104835890233517,0.0,0.20438637699072176,0.05104835890233517,0.06229014408129912,0.05021116463467479,0.013148941099643707,0.013882825151085854,0.017074333503842354,0.012640666216611862,0.022213129326701164,0.048992764204740524,0.0854826420545578,0.07823260873556137
197.0,0.201469148007723,0.05533976492006332,1.6427504318043056,1.4140373926896315,0.14140373926896316,0.0,0.006026253978220315,0.0,0.06357663210767966,0.201469148007723,0.05403915291222242,0.0,0.2050579579976889,0.05403915291222242,0.06026253978220316,0.054045643693266004,0.01346211414784193,0.014242788776755333,0.01725352369248867,0.012795023620128632,0.022868478670716286,0.05123370885848999,0.08828984200954437,0.22257263958454132
198.0,0.18828235451991743,0.03173121577128768,1.5924391182152098,1.3164577529980586,0.13164577529980587,0.0,0.006148300062005339,0.0,0.06529858393164781,0.18828235451991743,0.05048827755336578,0.0,0.19879773660348013,0.05048827755336578,0.061483000620053366,0.04758982012908046,0.013160796836018562,0.0138694504275918,0.017043588683009148,0.012670095078647137,0.02213594689965248,0.04862959682941437,0.08468963950872421,0.04165061190724373
199.0,0.20060622405547363,0.05753089056815952,1.6846823627564487,1.4037472238907447,0.14037472238907445,0.0,0.006097438673560436,0.0,0.06447522385189167,0.20060622405547363,0.05413406055707198,0.0,0.2105318233370781,0.05413406055707198,0.06097438673560436,0.05603105907973189,0.013483471237123013,0.01428185310214758,0.017294874414801598,0.012806533835828304,0.022913508117198944,0.05146348476409912,0.08879847079515457,0.23920492827892303
200.0,0.19328274463231748,0.05284496722742915,1.6002437979176798,1.3603404393562903,0.13603404393562904,0.0,0.0067148890632849475,0.0,0.06498432746873452,0.19328274463231748,0.05053381134684269,0.0,0.19797121848051363,0.05053381134684269,0.06714889063284947,0.04710051983308334,0.013309480622410774,0.01410982571542263,0.017204441130161285,0.012607939541339874,0.02257445454597473,0.05093194916844368,0.08779896795749664,0.2042226791381836
201.0,0.19939443984856972,0.04329440381843597,1.6771389494925588,1.4343319168457618,0.1434331916845762,0.0,0.005972083672308004,0.0,0.06298575965830913,0.19939443984856972,0.04998916072341112,0.0,0.20517171174287796,0.04998916072341112,0.05972083672308005,0.0545062070640807,0.01326600182801485,0.014045207761228085,0.01719609647989273,0.01260750088840723,0.02219390869140625,0.04902872070670128,0.0857507511973381,0.1322670429944992
202.0,0.18825801003437775,0.09761570137925446,1.5735493346656624,1.3084023961654077,0.13084023961654076,0.0,0.006946730183867309,0.0,0.06463616914474048,0.18825801003437775,0.05047103347113499,0.0,0.19563373063619321,0.05047103347113499,0.06946730183867308,0.04585553308089192,0.014621146954596043,0.01577182114124298,0.01883365400135517,0.01365972775965929,0.025135381147265434,0.05876241996884346,0.10700376331806183,0.5271376967430115
203.0,0.19799424020143655,0.06648544757626951,1.6496226232767222,1.390168969447796,0.13901689694477962,0.0,0.006706212088465692,0.0,0.06367481886767425,0.19799424020143655,0.05227112956345081,0.0,0.2090952190069052,0.05227112956345081,0.0670621208846569,0.055562702437432915,0.013623600825667381,0.014543681405484676,0.017613427713513374,0.012785742990672588,0.023001112043857574,0.0521843247115612,0.09118162840604782,0.30695006251335144
204.0,0.19170447840140417,0.0515841746237129,1.60976150523902,1.319001582952646,0.1319001582952646,0.0,0.0066179930304105464,0.0,0.06413533825140733,0.19170447840140417,0.05318632378027989,0.0,0.19544093712018087,0.05318632378027989,0.06617993030410546,0.046092918393417046,0.013449247926473618,0.014341667294502258,0.01749180443584919,0.012758102267980576,0.02268671989440918,0.05058949068188667,0.08959987759590149,0.1917564868927002
205.0,0.19250414635126406,0.06468440976459533,1.5772180021701134,1.3297601158802326,0.13297601158802325,0.0,0.006723976149581945,0.0,0.06275763405630222,0.19250414635126406,0.05280415971691792,0.0,0.2057220832659648,0.05280415971691792,0.06723976149581946,0.053582941146137625,0.013898583129048347,0.014732382260262966,0.017684532329440117,0.013158310204744339,0.023542245849967003,0.052436038851737976,0.09227246046066284,0.28975072503089905
206.0,0.18621696130587503,0.03384843759704381,1.539451221895896,1.2679202143962567,0.12679202143962567,0.0,0.007086040681371322,0.0,0.06533180778989425,0.18621696130587503,0.05233889316710142,0.0,0.20100399794486853,0.05233889316710142,0.07086040681371322,0.048173802403303295,0.013440976850688457,0.014182327315211296,0.017310038208961487,0.012929357588291168,0.022574979811906815,0.04905250295996666,0.08616302162408829,0.05513429641723633
207.0,0.19308471565063184,0.07571041432674974,1.6288219038556238,1.3360726925042958,0.1336072692504296,0.0,0.006888108600217564,0.0,0.061479685541528925,0.19308471565063184,0.05258933512064127,0.0,0.20218719713962996,0.05258933512064127,0.06888108600217563,0.052344429593246714,0.014173788018524647,0.015092229470610619,0.01797938533127308,0.013443095609545708,0.024388253688812256,0.055558785796165466,0.09867545962333679,0.36637231707572937
208.0,0.19137600236214125,0.03858643874991685,1.5984176399147276,1.2954338238789485,0.12954338238789484,0.0,0.00632888085853595,0.0,0.06276533595071389,0.19137600236214125,0.055503733026293606,0.0,0.19728239511068052,0.055503733026293606,0.0632888085853595,0.04662292762301289,0.01329846028238535,0.014057830907404423,0.017245586961507797,0.012746811844408512,0.022462038323283195,0.04952148720622063,0.08672711998224258,0.09263217449188232
209.0,0.18762429975546324,0.056606215541251004,1.590607217219086,1.284640358044551,0.1284640358044551,0.0,0.006313837993030365,0.0,0.06261185384713687,0.18762429975546324,0.052846427290485457,0.0,0.2024130586248178,0.052846427290485457,0.06313837993030365,0.05133873543057304,0.013523025438189507,0.014317872002720833,0.017338288947939873,0.012787076644599438,0.022836588323116302,0.05094991624355316,0.08835345506668091,0.232743501663208
210.0,0.17950213929781547,0.056316264206543565,1.5477014159774174,1.22099002966514,0.122099002966514,0.0,0.006979953712568834,0.0,0.06351337066063514,0.17950213929781547,0.05042318068444729,0.0,0.19623409154323432,0.05042318068444729,0.06979953712568833,0.046183403223179854,0.013592833653092384,0.014445239678025246,0.0175220537930727,0.012895949184894562,0.02299102023243904,0.051500678062438965,0.09110543131828308,0.22647690773010254
211.0,0.18789587227197793,0.08212067373096943,1.6127110132528055,1.2955044278731713,0.12955044278731714,0.0,0.0069627981776228315,0.0,0.06211578745681506,0.18789587227197793,0.05138262862769457,0.0,0.20125738072853822,0.05138262862769457,0.06962798177622832,0.05125674046576023,0.014165148138999939,0.01512903906404972,0.01804392784833908,0.013331666588783264,0.02415223978459835,0.054895609617233276,0.09823977202177048,0.4190079867839813
212.0,0.18371371351755583,0.05395449628122151,1.6134551443042635,1.2600481647711534,0.12600481647711537,0.0,0.0067954658029171135,0.0,0.06409308930429128,0.18371371351755583,0.05091342831460329,0.0,0.19880578208428162,0.05091342831460329,0.06795465802917114,0.04690314428164409,0.013453656807541847,0.014313646592199802,0.017414355650544167,0.01275548804551363,0.022747766226530075,0.05111115053296089,0.09002099186182022,0.20981891453266144
213.0,0.19356851279735565,0.0712501888629049,1.6687696592878576,1.3463420959619374,0.13463420959619377,0.0,0.006534550295999418,0.0,0.06131568751656092,0.19356851279735565,0.05239975122878185,0.0,0.19791413098573685,0.05239975122878185,0.06534550295999417,0.050018778894669734,0.013850183226168156,0.014737836085259914,0.017685459926724434,0.013060353696346283,0.023519329726696014,0.053253043442964554,0.09391461312770844,0.33998069167137146
214.0,0.18290110047046954,0.04498290386982262,1.5978209150960856,1.259179752606612,0.1259179752606612,0.0,0.006487531859714253,0.0,0.06288961306787454,0.18290110047046954,0.05049558671621176,0.0,0.1903101853453196,0.05049558671621176,0.06487531859714252,0.04340515672587431,0.013278285972774029,0.014082709327340126,0.01725335605442524,0.012641503475606441,0.022394239902496338,0.04996306821703911,0.0869557335972786,0.1432943344116211
215.0,0.19139162451028824,0.06708450976293534,1.6940932712088248,1.321510360791133,0.13215103607911333,0.0,0.00631414561604078,0.0,0.061387472571088716,0.19139162451028824,0.05292644165456295,0.0,0.2011723552758877,0.05292644165456295,0.0631414561604078,0.05064944134881863,0.013699283823370934,0.014558977447450161,0.017550162971019745,0.012926889583468437,0.02322246879339218,0.052508216351270676,0.09186112135648727,0.3103489577770233
216.0,0.1822254812488189,0.05885529855731875,1.5727784924026382,1.2468158648564265,0.12468158648564266,0.0,0.006850538460107951,0.0,0.06217599860750712,0.1822254812488189,0.05069335550069809,0.0,0.19229782917178595,0.05069335550069809,0.0685053846010795,0.044595504770628534,0.013426380231976509,0.014270449988543987,0.017340613529086113,0.012643784284591675,0.022685540840029716,0.05140244588255882,0.08915535360574722,0.24991782009601593
217.0,0.18281692266464233,0.04794933530502021,1.6297509864221884,1.2812278591669524,0.12812278591669524,0.0,0.0061504918078963584,0.0,0.06136322050140454,0.18281692266464233,0.048543642489955977,0.0,0.2016598662504783,0.048543642489955977,0.06150491807896357,0.050917825840700134,0.013380123302340508,0.014191858470439911,0.01731097511947155,0.012621520087122917,0.022289186716079712,0.04937000200152397,0.08640361577272415,0.16802740097045898
218.0,0.18045349705677766,0.09180933085735887,1.5637003171890917,1.2195248695520253,0.12195248695520254,0.0,0.007552084169135645,0.0,0.06327344749409419,0.18045349705677766,0.0509489244566514,0.0,0.1964013301409208,0.0509489244566514,0.07552084169135644,0.04536196396041375,0.014416361227631569,0.015457525849342346,0.018365146592259407,0.013472930528223515,0.024701843038201332,0.05710114911198616,0.10178404301404953,0.4891756474971771
219.0,0.19591468286055785,0.04976194119080901,1.696861060148787,1.319104396379911,0.13191043963799112,0.0,0.006500461081472727,0.0,0.06017874367535114,0.19591468286055785,0.05750378049336947,0.0,0.19763945702176827,0.05750378049336947,0.06500461081472728,0.05025195581122087,0.013321713544428349,0.01415907870978117,0.017294032499194145,0.012532874941825867,0.02223086915910244,0.049456845968961716,0.08657495677471161,0.1825251579284668
220.0,0.18186141034731498,0.08858738327398896,1.5763203067755258,1.2390260100364685,0.12390260100364686,0.0,0.006910371895019825,0.0,0.061138495802879333,0.18186141034731498,0.05104843656030985,0.0,0.19164856867148325,0.05104843656030985,0.06910371895019825,0.044137809139031633,0.01425619050860405,0.01528563629835844,0.018231049180030823,0.013306808657944202,0.02439168468117714,0.05642525479197502,0.10013815760612488,0.46666428446769714
221.0,0.1874367520213127,0.049923356738872826,1.6507423422711591,1.2608353082950299,0.126083530829503,0.0,0.006437699711666658,0.0,0.06203625766703716,0.1874367520213127,0.05491552186700014,0.0,0.20400583629424757,0.05491552186700014,0.06437699711666657,0.05190042972278137,0.013359173201024532,0.014200839214026928,0.017329484224319458,0.012580831535160542,0.02231554500758648,0.04959089681506157,0.08704225718975067,0.18296782672405243
222.0,0.17725240496488717,0.08673887478653342,1.5532798035878914,1.1824965752088106,0.11824965752088105,0.0,0.006942585440209281,0.0,0.0617004674501144,0.17725240496488717,0.05206016508432535,0.0,0.19157973820200333,0.05206016508432535,0.06942585440209278,0.043949730712204024,0.014214437454938889,0.015228325501084328,0.0181580837816,0.013280113227665424,0.02430438995361328,0.05605389550328255,0.09963541477918625,0.4530363380908966
223.0,0.1843686355994298,0.04785245959647,1.6247602084630242,1.2484757762688856,0.12484757762688856,0.0,0.006330762001184317,0.0,0.060216244166860215,0.1843686355994298,0.05319029264725172,0.0,0.19621787793361223,0.05319029264725172,0.06330762001184317,0.04846000112593174,0.013363673351705074,0.01418470498174429,0.017315568402409554,0.01260339468717575,0.022311223670840263,0.04936119541525841,0.08672496676445007,0.16695494949817657
224.0,0.1771163086478527,0.08379439229611307,1.5447578491098737,1.171038045332982,0.11710380453329822,0.0,0.007042324987168496,0.0,0.06201698760000559,0.1771163086478527,0.05297017369705897,0.0,0.19437124809393516,0.05297017369705897,0.07042324987168495,0.04449599805789498,0.01419408805668354,0.015181157737970352,0.018088653683662415,0.01329240296036005,0.024242164567112923,0.05554116144776344,0.09897668659687042,0.43083882331848145
225.0,0.18352644947858957,0.044323628884740174,1.6421891875360521,1.247299354809981,0.12472993548099812,0.0,0.006453485801242865,0.0,0.06097744706158455,0.18352644947858957,0.05234303038853865,0.0,0.19881581228512984,0.05234303038853865,0.06453485801242866,0.04978426921969423,0.013348313048481941,0.014136246405541897,0.01727847196161747,0.012621520087122917,0.022274039685726166,0.04899290204048157,0.086003877222538,0.13993366062641144
226.0,0.17862681586008805,0.08152972918469459,1.5813248241161468,1.1803746636097248,0.11803746636097251,0.0,0.006978215993596957,0.0,0.06161303073167801,0.17862681586008805,0.05361113009544519,0.0,0.18920677556441381,0.05361113009544519,0.06978215993596958,0.04287637628686543,0.014126387424767017,0.015093118883669376,0.018000967800617218,0.013242975808680058,0.024122072383761406,0.05515159294009209,0.0981207937002182,0.41437992453575134
227.0,0.18052477160325417,0.0439871596172452,1.6551359450423626,1.2266188859939575,0.12266188859939575,0.0,0.006340827047824861,0.0,0.06031186104967044,0.18052477160325417,0.05152205349161075,0.0,0.19622357533528254,0.05152205349161075,0.0634082704782486,0.04737937590107322,0.013349201530218124,0.014131474308669567,0.017275400459766388,0.012625710107386112,0.022287551313638687,0.04897421970963478,0.08599948137998581,0.1372542381286621
228.0,0.17634864552662924,0.08068144216667861,1.5891535560639396,1.1515845152047963,0.11515845152047967,0.0,0.00689766207853189,0.0,0.06173064788946739,0.17634864552662924,0.054292527528909534,0.0,0.19285330233665612,0.054292527528909534,0.06897662078531888,0.0439867265880681,0.014110269956290722,0.015067636035382748,0.017973141744732857,0.013229445554316044,0.024083783850073814,0.05498620495200157,0.09779006242752075,0.40821099281311035
229.0,0.17809657695201728,0.04308241012040526,1.6856209992910431,1.2097777265768785,0.12097777265768786,0.0,0.006275091434900578,0.0,0.06036341133025976,0.17809657695201728,0.050843706784340054,0.0,0.19522362431654564,0.050843706784340054,0.06275091434900577,0.04722879117784592,0.013341723009943962,0.014115743339061737,0.017254726961255074,0.012629366479814053,0.022277550771832466,0.04884317144751549,0.0858805775642395,0.13031642138957977
230.0,0.17729052557395056,0.08219359582290053,1.608460909763467,1.1570368913503795,0.11570368913503795,0.0,0.0069929064752963874,0.0,0.060978066319456466,0.17729052557395056,0.05459392658219887,0.0,0.19007238201223886,0.05459392658219887,0.06992906475296387,0.04299888817163614,0.014186320826411247,0.015145348384976387,0.018028859049081802,0.013305172324180603,0.02423100546002388,0.0552806593477726,0.09864796698093414,0.4187234342098236
231.0,0.1792898768415818,0.044881705194711685,1.6692263321958012,1.2228760810998769,0.12228760810998768,0.0,0.006371531764475199,0.0,0.060249163840825744,0.1792898768415818,0.050630734087182924,0.0,0.19585876281444842,0.050630734087182924,0.063715317644752,0.047417202570404,0.013362784869968891,0.01415015384554863,0.01727735996246338,0.01264918688684702,0.022380853071808815,0.04918805882334709,0.0864444226026535,0.14360082149505615
232.0,0.17776982142375067,0.08000359905418009,1.61653267503357,1.162795098928305,0.11627950989283048,0.0,0.006883329396637587,0.0,0.060895176604390144,0.17776982142375067,0.05460698057252627,0.0,0.1905374452471733,0.05460698057252627,0.06883329396637586,0.043053274150364675,0.014120539650321007,0.015059220604598522,0.01795479655265808,0.013242572546005249,0.0240937527269125,0.05486120656132698,0.09776104986667633,0.402935653924942
233.0,0.1791210203216626,0.04241706698667258,1.671110048672354,1.2275143403273363,0.12275143403273361,0.0,0.006253255989689094,0.0,0.059869346423791006,0.1791210203216626,0.050116328665843375,0.0,0.19488674803422049,0.050116328665843375,0.06253255989689094,0.04727516960925781,0.01333859283477068,0.014104076661169529,0.01723448932170868,0.012640361674129963,0.022312622517347336,0.04884544014930725,0.08585157990455627,0.12500937283039093
234.0,0.17687747054375136,0.07845261332113296,1.609956709882068,1.1504584917655358,0.11504584917655357,0.0,0.006891147462794414,0.0,0.06067529349372937,0.17687747054375136,0.054940469563007355,0.0,0.18979256686109763,0.054940469563007355,0.06891147462794414,0.0428453294846874,0.014113294892013073,0.01503536943346262,0.017926596105098724,0.013245918788015842,0.02405918389558792,0.05459865555167198,0.09738686680793762,0.3912550210952759
235.0,0.17764846350138003,0.041941321920603514,1.653301311418131,1.2159937849411597,0.12159937849411598,0.0,0.006295536401180122,0.0,0.05998761779986895,0.17764846350138003,0.049753545998380735,0.0,0.19689909082192641,0.049753545998380735,0.06295536401180121,0.04809179794616424,0.013340074568986893,0.014100990258157253,0.017227767035365105,0.012647348456084728,0.02231588214635849,0.04879608750343323,0.08580534160137177,0.12129708379507065
236.0,0.17413442925764963,0.07793665223289281,1.5832164177908454,1.120772389265207,0.11207723892652072,0.0,0.006788915667969448,0.0,0.05987911055294367,0.17413442925764963,0.05526827490673615,0.0,0.1885730314713258,0.05526827490673615,0.06788915667969447,0.042302080179349735,0.014061654917895794,0.014982662163674831,0.017887108027935028,0.01319125946611166,0.023966200649738312,0.054407671093940735,0.09693636000156403,0.3880603015422821
237.0,0.17136774613307074,0.040307631832547486,1.6524227258346682,1.159898381966811,0.1159898381966811,0.0,0.006226453543282472,0.0,0.05910513879588017,0.17136774613307074,0.04915145010902332,0.0,0.19372468842909887,0.04915145010902332,0.06226453543282472,0.04638535654745423,0.013333824463188648,0.014087255112826824,0.017201585695147514,0.012652832083404064,0.02228006348013878,0.0485282726585865,0.08546030521392822,0.10891691595315933
238.0,0.17368577076838568,0.0786801726790145,1.5937213784759752,1.1131774966533368,0.11131774966533368,0.0,0.006957473734823557,0.0,0.05998849725494018,0.17368577076838568,0.0554105444596364,0.0,0.18864883453800127,0.0554105444596364,0.06957473734823558,0.04225758246432703,0.01413511112332344,0.015053990297019482,0.017929716035723686,0.013275645673274994,0.02411419153213501,0.05466994270682335,0.09760678559541702,0.39265599846839905
239.0,0.1734066353394435,0.04414496512617916,1.6407571530850684,1.1765167346367469,0.1176516734636747,0.0,0.006344834199318519,0.0,0.05861976714088367,0.1734066353394435,0.04941012509740316,0.0,0.19177100578179726,0.04941012509740316,0.06344834199318519,0.04544241174768943,0.013365651480853558,0.014139283448457718,0.017252014949917793,0.012664783746004105,0.022417495027184486,0.049140047281980515,0.08637164533138275,0.13780879974365234
240.0,0.17228826651206383,0.08003751270007342,1.5998318526615931,1.1022280087837806,0.11022280087837805,0.0,0.006784940668596672,0.0,0.059319291120538346,0.17228826651206383,0.05528051821658245,0.0,0.18946764503534025,0.05528051821658245,0.06784940668596671,0.042466408179069944,0.014114649035036564,0.015045233070850372,0.017941869795322418,0.013237202540040016,0.02408326044678688,0.054761871695518494,0.09771678596735,0.4033992290496826
241.0,0.17052555084228516,0.05268811946734786,1.6483937538455995,1.1446113219627967,0.11446113219627965,0.0,0.006810165569186211,0.0,0.058897594563089885,0.17052555084228516,0.04925425092761333,0.0,0.19399083004547998,0.04925425092761333,0.0681016556918621,0.04611693895780123,0.013449391350150108,0.014216147363185883,0.017267996445298195,0.012632042169570923,0.022533655166625977,0.049922000616788864,0.08707085996866226,0.20441286265850067
242.0,0.16796556974832827,0.05565137753728777,1.5902920016931683,1.1186239215043874,0.11186239215043876,0.0,0.006806471800574891,0.0,0.058012133750777975,0.16796556974832827,0.04929670218664866,0.0,0.1819091605452391,0.04929670218664866,0.0680647180057489,0.039554549810978085,0.013552959077060223,0.014410564675927162,0.0174851194024086,0.012742260470986366,0.022816834971308708,0.0509018748998642,0.09061456471681595,0.22268684208393097
243.0,0.1720569162414624,0.10750033264048398,1.6786812655078311,1.1497852527178252,0.11497852527178254,0.0,0.007297672617893954,0.0,0.05693619383069185,0.1720569162414624,0.04978071697629415,0.0,0.1868914497586397,0.04978071697629415,0.07297672617893952,0.04299575763826187,0.014981293119490147,0.016102071851491928,0.01911560446023941,0.013943037949502468,0.02598671428859234,0.06066936254501343,0.11005415767431259,0.5991504192352295
244.0,0.1805334142767466,0.05837030382826924,1.6676588286632628,1.1562652725439806,0.11562652725439806,0.0,0.006332327081606939,0.0,0.0579937924272739,0.1805334142767466,0.05857455558501757,0.0,0.18875012260216933,0.05857455558501757,0.06332327081606938,0.04279993954472817,0.013479775749146938,0.014365512877702713,0.01745050773024559,0.012675563804805279,0.02281632460653782,0.05148454010486603,0.09125875681638718,0.2434314489364624
245.0,0.17038978292391851,0.07042203773744404,1.656195482118054,1.1495267106936529,0.1149526710693653,0.0,0.006548452348663257,0.0,0.05734956006591137,0.17038978292391851,0.04888866010766763,0.0,0.19250139995263174,0.04888866010766763,0.06548452348663257,0.045051551495607085,0.013793560676276684,0.014646973460912704,0.017656764015555382,0.012928885407745838,0.02329319342970848,0.052613381296396255,0.09257938712835312,0.3358641564846039
246.0,0.17240637770065895,0.043287368840537965,1.6503175824204044,1.1105498304733863,0.11105498304733863,0.0,0.0066841924706330675,0.0,0.05767653552958599,0.17240637770065895,0.05466720203940685,0.0,0.18830285507899064,0.05466720203940685,0.06684192470633067,0.041994901875463814,0.013337981887161732,0.014093644917011261,0.017224105075001717,0.012603871524333954,0.022275131195783615,0.049028992652893066,0.08637619763612747,0.1313590258359909
247.0,0.17435953880731875,0.08763354062102735,1.635086327695217,1.1503182420363793,0.11503182420363794,0.0,0.006709901472696891,0.0,0.05730128488861597,0.17435953880731875,0.0526178115262435,0.0,0.19086780341771933,0.0526178115262435,0.06709901472696891,0.04500705347611354,0.014325959607958794,0.015323850326240063,0.018197592347860336,0.01343319471925497,0.024689363315701485,0.056794822216033936,0.10176084190607071,0.4565427005290985
248.0,0.16960870646513426,0.05008421197999269,1.6191350626626557,1.1025147942396312,0.11025147942396309,0.0,0.006308966703139819,0.0,0.057314480296694316,0.16960870646513426,0.05304825664139711,0.0,0.1854861771258024,0.05304825664139711,0.06308966703139819,0.040867876780864135,0.013410584069788456,0.014219524338841438,0.017333077266812325,0.012690585106611252,0.022652823477983475,0.05062853917479515,0.08952928334474564,0.18020927906036377
249.0,0.16985783783289102,0.06299353251233697,1.6231428680505395,1.1224713233801036,0.11224713233801034,0.0,0.00657784276856826,0.0,0.05668117650426351,0.16985783783289102,0.05103285882908564,0.0,0.1893456561061052,0.05103285882908564,0.0657784276856826,0.043879263962690644,0.013704735785722733,0.01447747927159071,0.017462948337197304,0.012880542315542698,0.023099424317479134,0.05150285363197327,0.09043677896261215,0.28038349747657776
250.0,0.16465366574434134,0.03887568460777402,1.6215180751808906,1.0599772494572859,0.10599772494572861,0.0,0.006666301592038229,0.0,0.05698625026987149,0.16465366574434134,0.051989636885432094,0.0,0.18462392773765784,0.051989636885432094,0.06666301592038228,0.04050665796519472,0.013317507691681385,0.014045769348740578,0.01716720685362816,0.012659312225878239,0.022195588797330856,0.04853241518139839,0.08596011996269226,0.09712755680084229
