epoch,train_loss,val_window_mae_kwh,grad_norm,l_state,w_state,loss,l_window,w_window,val_mae_soc_event_0.1,val_mae_soc_event_0.2,val_mae_soc_event_0.5,val_mae_time_60s,val_mae_time_120s,val_mae_time_300s,val_mae_time_600s,val_mae_full_trip
0.0,2.1801869777532725,0.2105245408602059,5.565511587887321,18.903549597813534,1.8903549597813536,2.1801869777532725,0.2898319693138966,0.2898319693138966,0.024848947301506996,0.02470903843641281,0.02971781976521015,0.02334427461028099,0.042024966329336166,0.09315086156129837,0.16146637499332428,1.2849340438842773
1.0,2.010545693911039,0.3450871300883591,5.851255590983275,18.635339113382194,1.8635339113382194,2.010545693911039,0.14701175460448632,0.14701175460448632,0.03428193926811218,0.03599316254258156,0.041052475571632385,0.034608520567417145,0.06647776812314987,0.15589018166065216,0.28043901920318604,2.1119539737701416
2.0,1.962946667121007,0.1846503799315542,6.819154569068847,17.83050111623911,1.7830501116239108,1.962946667121007,0.17989655469472593,0.17989655469472593,0.021994398906826973,0.021749380975961685,0.025918053463101387,0.020832838490605354,0.0374513678252697,0.08235990256071091,0.14845408499240875,1.1184430122375488
3.0,1.7755990211780255,0.06552375596947968,5.790204757375536,16.43873064334576,1.6438730643345763,1.7755990211780255,0.13172592910436484,0.13172592910436484,0.018393905833363533,0.018758149817585945,0.021613074466586113,0.018561244010925293,0.031366027891635895,0.059445202350616455,0.0969279557466507,0.2591244876384735
4.0,1.6134967116209178,0.09309705765917897,5.786724990284284,15.341046883509708,1.5341046883509708,1.6134967116209178,0.07939199530161344,0.07939199530161344,0.018826819956302643,0.01922980137169361,0.021936940029263496,0.019290968775749207,0.03234969824552536,0.06584971398115158,0.10014734417200089,0.467145174741745
5.0,1.566443851360908,0.13008684618398547,6.1092332386179615,14.740636422083927,1.4740636422083933,1.566443851360908,0.09238020875133,0.09238020875133,0.01934712380170822,0.01920747011899948,0.023066526278853416,0.018545111641287804,0.03317076712846756,0.06755169481039047,0.11868222057819366,0.7411238551139832
6.0,1.519322762122521,0.06550413649529219,5.839244139131201,14.32567838522104,1.4325678385221041,1.519322762122521,0.0867548963198295,0.0867548963198295,0.018139513209462166,0.01824784278869629,0.021279919892549515,0.018111590296030045,0.02995898760855198,0.058161962777376175,0.08286197483539581,0.2772713005542755
7.0,1.4778895744910607,0.09739105380140245,6.9655176154932885,13.975919209993803,1.3975919209993803,1.4778895744910607,0.08029763171306023,0.08029763171306023,0.01750374399125576,0.017245544120669365,0.02028665877878666,0.016800593584775925,0.027973365038633347,0.054429247975349426,0.08853121846914291,0.5363580584526062
8.0,1.455353278380174,0.08798193093389273,6.770763575850012,13.485278423015888,1.3485278423015892,1.455353278380174,0.10682543252523129,0.10682543252523129,0.01720825769007206,0.016942748799920082,0.020236296579241753,0.016793062910437584,0.02756917104125023,0.05300651118159294,0.08404167741537094,0.4680577218532562
9.0,1.399952402481666,0.11586848041042686,7.437646536482178,13.087813597459059,1.308781359745906,1.399952402481666,0.09117099857674195,0.09117099857674195,0.02084323950111866,0.02104576863348484,0.02409810945391655,0.02080392837524414,0.03581065312027931,0.07304786145687103,0.10871697962284088,0.6225813031196594
10.0,1.38098249068627,0.10071368515491486,7.596458004958768,12.77206406226525,1.277206406226525,1.38098249068627,0.10377605631947517,0.10377605631947517,0.017513521015644073,0.01714957319200039,0.020722106099128723,0.0170581117272377,0.028257736936211586,0.05474138259887695,0.09407804906368256,0.5561890006065369
11.0,1.3442982068428626,0.0765165186021477,7.841048122411615,12.470496691190279,1.247049669119028,1.3442982068428626,0.09724852987206899,0.09724852987206899,0.017558440566062927,0.017272552475333214,0.020544307306408882,0.017253590747714043,0.02768867462873459,0.05320996418595314,0.08421604335308075,0.37438857555389404
12.0,1.3064297575217028,0.08159713982604444,7.5498407456063505,12.283196779397818,1.2283196779397818,1.3064297575217028,0.07811005012347148,0.07811005012347148,0.01793174259364605,0.01761716417968273,0.021134227514266968,0.017939118668437004,0.029403522610664368,0.05584496632218361,0.0901753157377243,0.4027310609817505
13.0,1.2829783879793608,0.2361399964429438,7.498266232418642,12.068587669959435,1.2068587669959436,1.2829783879793608,0.07611959886092406,0.07611959886092406,0.027918297797441483,0.028951948508620262,0.03344687446951866,0.028011491522192955,0.05184739828109741,0.11484990268945694,0.1879223883152008,1.416171669960022
14.0,1.3482335714193492,0.31218582508154213,8.266479298275064,11.866051050332876,1.1866051050332875,1.3482335714193492,0.1616284870184385,0.1616284870184385,0.03028775379061699,0.030627891421318054,0.03618837893009186,0.028983263298869133,0.056436970829963684,0.13520394265651703,0.2642333209514618,1.9155250787734985
15.0,1.355280610231253,0.0690663808491081,7.62571578981903,11.598887150104229,1.159888715010423,1.355280610231253,0.19539186960229507,0.19539186960229507,0.01862671785056591,0.01896814815700054,0.022179540246725082,0.018542997539043427,0.030420584604144096,0.06005852669477463,0.09431294351816177,0.28942158818244934
16.0,1.211785880418924,0.21541083324700594,6.73151984033658,11.324941873550415,1.1324941873550416,1.211785880418924,0.07929168412318596,0.07929168412318596,0.023585176095366478,0.023853061720728874,0.028552066534757614,0.02280661091208458,0.04191390052437782,0.09345211833715439,0.17566469311714172,1.313459038734436
17.0,1.236787314598377,0.15110000898130238,7.1062510604795985,11.070280331831713,1.1070280331831712,1.236787314598377,0.12975928301994616,0.12975928301994616,0.022253522649407387,0.022692320868372917,0.02651730179786682,0.02251492254436016,0.03946008160710335,0.08212797343730927,0.13079902529716492,0.8624349236488342
18.0,1.1987248682058775,0.2171135658863932,6.971177470956143,10.778360165082491,1.077836016508249,1.1987248682058775,0.12088882722533666,0.12088882722533666,0.023259125649929047,0.023451736196875572,0.02800348401069641,0.022382229566574097,0.041212063282728195,0.0943429097533226,0.17797543108463287,1.3262815475463867
19.0,1.1677334721271808,0.08519110991619527,6.841026369273875,10.414603636814999,1.0414603636814996,1.1677334721271808,0.1262730764081845,0.1262730764081845,0.019760770723223686,0.01989566721022129,0.023237677291035652,0.020066503435373306,0.033317431807518005,0.06666301935911179,0.10431190580129623,0.3942759037017822
20.0,1.1045180880106413,0.23065858613699675,6.7688736202606306,10.166075999920185,1.0166075999920183,1.1045180880106413,0.0879104587321098,0.0879104587321098,0.024272115901112556,0.02448911964893341,0.02926328219473362,0.02336755394935608,0.04329751804471016,0.09976986795663834,0.19001294672489166,1.4107962846755981
21.0,1.1231433061453013,0.07400534790940583,7.03766223935287,9.863453883391161,0.9863453883391161,1.1231433061453013,0.13679788978053972,0.13679788978053972,0.01861969195306301,0.01861324906349182,0.021749017760157585,0.018990403041243553,0.030640024691820145,0.06051729992032051,0.09273507446050644,0.33017802238464355
22.0,1.0288633543711443,0.23380195442587137,6.613337574402822,9.5298482638139,0.9529848263813899,1.0288633543711443,0.0758785129739688,0.0758785129739688,0.024388572201132774,0.024637039750814438,0.029293907806277275,0.023500651121139526,0.04348701983690262,0.10119277238845825,0.19448435306549072,1.4294313192367554
23.0,1.0570010474094977,0.06069838092662394,6.827924485206992,9.196262396298922,0.9196262396298921,1.0570010474094977,0.13737479310769302,0.13737479310769302,0.018451428040862083,0.018401823937892914,0.021521730348467827,0.01876537688076496,0.029917515814304352,0.05838911607861519,0.09255088120698929,0.2275891751050949
24.0,0.9655555784702301,0.22186071728356183,6.5693512093922015,8.9488239471729,0.8948823947172898,0.9655555784702301,0.07067316140119846,0.07067316140119846,0.023550420999526978,0.02376030944287777,0.02824241854250431,0.02265222556889057,0.04144929349422455,0.09607746452093124,0.184030681848526,1.3551229238510132
25.0,0.9985427604271815,0.06147929350845516,7.022402363857482,8.661578875321608,0.8661578875321607,0.9985427604271815,0.1323848541539449,0.1323848541539449,0.018171027302742004,0.018077688291668892,0.021183012053370476,0.01852903887629509,0.029304856434464455,0.05706173926591873,0.08994213491678238,0.23956485092639923
26.0,0.905372862632458,0.2073681433685124,6.517113870571517,8.343215483885546,0.8343215483885544,0.905372862632458,0.0710513130403482,0.0710513130403482,0.022607112303376198,0.022732987999916077,0.027162622660398483,0.02166501246392727,0.03925051540136337,0.08936648070812225,0.16962358355522156,1.266536831855774
27.0,0.9222345673120939,0.05207558278925717,6.632153772585942,7.990893363952637,0.7990893363952638,0.9222345673120939,0.12314521807890672,0.12314521807890672,0.018761204555630684,0.01847049407660961,0.021578235551714897,0.019004330039024353,0.030231010168790817,0.05692511796951294,0.08900876343250275,0.1626255065202713
28.0,0.8474315817539508,0.07092320383526385,6.5453327008900235,7.768589588312002,0.7768589588312003,0.8474315817539508,0.07057260779234079,0.07057260779234079,0.01791924051940441,0.017652712762355804,0.0208917036652565,0.018247077241539955,0.028952164575457573,0.05577201768755913,0.08970122039318085,0.31824949383735657
29.0,0.8400097947854263,0.13596498081460595,6.587677087834814,7.53821952526386,0.753821952526386,0.8400097947854263,0.08618782689938179,0.08618782689938179,0.01911863312125206,0.019188791513442993,0.02306387946009636,0.01893840730190277,0.031678084284067154,0.06504273414611816,0.118894062936306,0.7917952537536621
30.0,0.8235145004896017,0.1519318635109812,6.461905393302792,7.37333372923044,0.7373333729230442,0.8235145004896017,0.08618111249346,0.08618111249346,0.022830400615930557,0.023203296586871147,0.02671240270137787,0.02311333641409874,0.039927612990140915,0.0830807164311409,0.1263202279806137,0.8702669143676758
31.0,0.8146517895735227,0.15071428241208196,6.730696145465633,6.965502848991981,0.696550284899198,0.8146517895735227,0.11810149624943733,0.11810149624943733,0.01949758641421795,0.01938195340335369,0.023452622815966606,0.01893470622599125,0.032516464591026306,0.06870308518409729,0.12574955821037292,0.8974782824516296
32.0,0.7692285707363715,0.06548446789383888,6.437638591435837,6.771848880327665,0.6771848880327666,0.7692285707363715,0.09204368006724578,0.09204368006724578,0.01899627409875393,0.01863139308989048,0.02192758396267891,0.019172947853803635,0.030431244522333145,0.0578484870493412,0.08358936756849289,0.27327844500541687
33.0,0.7231906835849469,0.0527730998583138,6.5007426000018365,6.475506617472722,0.6475506617472723,0.7231906835849469,0.07564001960250047,0.07564001960250047,0.018599778413772583,0.01840461790561676,0.021747687831521034,0.018666326999664307,0.0296850074082613,0.055477164685726166,0.09311024844646454,0.1664939671754837
34.0,0.7400360222046192,0.14813772588968277,6.655551379549406,6.605078403766338,0.6605078403766338,0.7400360222046192,0.07952817586752084,0.07952817586752084,0.01976843923330307,0.019777346402406693,0.023895304650068283,0.019495204091072083,0.03303685039281845,0.07091093063354492,0.12974783778190613,0.8684698939323425
35.0,0.6505927053781656,0.11835243017412722,6.1172027635002655,5.650005689034095,0.5650005689034096,0.6505927053781656,0.0855921246111393,0.0855921246111393,0.02108229696750641,0.021073807030916214,0.024699093773961067,0.021323539316654205,0.03582198545336723,0.07145049422979355,0.10385453701019287,0.6475136876106262
36.0,0.6493799434258387,0.16855885763652623,6.473571327256815,5.426520072496855,0.5426520072496854,0.6493799434258387,0.106727924484473,0.106727924484473,0.021094152703881264,0.021137233823537827,0.0254727303981781,0.020698532462120056,0.03577106073498726,0.07986362278461456,0.1482720673084259,0.9961614608764648
37.0,0.5912891213710492,0.08127596508711576,5.910773722923112,5.0039887978480415,0.5003988797848041,0.5912891213710492,0.09089023591234134,0.09089023591234134,0.019643761217594147,0.01934690587222576,0.022799052298069,0.019791128113865852,0.03174168989062309,0.05927396938204765,0.08513885736465454,0.39247235655784607
38.0,0.5576172127173498,0.04720922536216676,6.286043463840136,4.768446693053613,0.4768446693053611,0.5576172127173498,0.08077254174993588,0.08077254174993588,0.017878221347928047,0.01755804568529129,0.02097698487341404,0.017979124560952187,0.027920883148908615,0.05002212896943092,0.07785804569721222,0.14748036861419678
39.0,0.5127571339790638,0.12955084536224604,5.837742502336128,4.365756640067468,0.43657566400674674,0.5127571339790638,0.07618145329447892,0.07618145329447892,0.019533881917595863,0.019504565745592117,0.023655924946069717,0.019483430311083794,0.03223247826099396,0.06748368591070175,0.12167815864086151,0.7328346371650696
40.0,0.4957617223262787,0.14087691134773195,5.912876342714545,4.2052725828610935,0.4205272582861093,0.4957617223262787,0.07523445756389545,0.07523445756389545,0.022493261843919754,0.02267467975616455,0.02637956105172634,0.0229426808655262,0.038796983659267426,0.07792866230010986,0.11598434299230576,0.7998151183128357
41.0,0.5022460909990164,0.14822903904132545,6.271853059409787,3.8617081825549784,0.38617081825549787,0.5022460909990164,0.11607526070796527,0.11607526070796527,0.020063379779458046,0.020002789795398712,0.024256296455860138,0.019787345081567764,0.03352636843919754,0.07339666783809662,0.13458064198493958,0.8602188229560852
42.0,0.474372169146171,0.08341242535971105,6.201227119046506,3.892360595556406,0.38923605955564067,0.474372169146171,0.08513610666761032,0.08513610666761032,0.019253721460700035,0.019031764939427376,0.02262510173022747,0.01941526308655739,0.030742492526769638,0.0572565421462059,0.08435530960559845,0.41461920738220215
43.0,0.439919840831023,0.17302799271419644,6.090429566367793,3.6268202433219323,0.3626820243321932,0.439919840831023,0.07723781151267198,0.07723781151267198,0.02097344771027565,0.020929599180817604,0.02516048215329647,0.020426981151103973,0.03519050031900406,0.0780901163816452,0.14580926299095154,1.037643551826477
44.0,0.47964416444301605,0.08381029148586094,6.213136972152512,3.80444205724276,0.380444205724276,0.47964416444301605,0.09919995298752418,0.09919995298752418,0.01904919371008873,0.018646851181983948,0.02227211184799671,0.01912607252597809,0.029971428215503693,0.055135633796453476,0.07925000041723251,0.4270310401916504
45.0,0.44171993319804853,0.05572271626442671,6.287072065985315,3.6885333978212795,0.368853339782128,0.44171993319804853,0.07286658596533996,0.07286658596533996,0.017545413225889206,0.017132071778178215,0.02061285451054573,0.017464369535446167,0.02658907137811184,0.04720013216137886,0.07297243177890778,0.22626538574695587
46.0,0.3984497029047746,0.06800138857215643,5.62610315370131,3.2364980624272275,0.32364980624272277,0.3984497029047746,0.07479989356719531,0.07479989356719531,0.01923278719186783,0.018971100449562073,0.022593889385461807,0.01935141161084175,0.030283082276582718,0.055558230727910995,0.08519523590803146,0.2928253710269928
47.0,0.3924717398790213,0.08108608773909509,5.368320367640978,3.286686264551603,0.3286686264551604,0.3924717398790213,0.06380310253455089,0.06380310253455089,0.018544243648648262,0.01824011653661728,0.02181580848991871,0.01839054748415947,0.028860943391919136,0.056196678429841995,0.09067252278327942,0.39596784114837646
48.0,0.3680537503499251,0.08268087799660861,5.688981339997638,3.017155124590947,0.30171551245909467,0.3680537503499251,0.06633823852126415,0.06633823852126415,0.019338732585310936,0.019016681239008904,0.02272825874388218,0.019421814009547234,0.030434804037213326,0.05675356835126877,0.08426985144615173,0.40948331356048584
49.0,0.36886831659537095,0.09483440942130983,5.807190428999628,2.943455980374263,0.29434559803742627,0.36886831659537095,0.0745227113366127,0.0745227113366127,0.01848132163286209,0.018062163144350052,0.02177264913916588,0.018185611814260483,0.02849193848669529,0.05520293861627579,0.09138397127389908,0.50709468126297
50.0,0.379625352529379,0.16526124416850507,5.929678149627362,3.1253062028151293,0.31253062028151296,0.379625352529379,0.06709472204630192,0.06709472204630192,0.024208415299654007,0.024769416078925133,0.0289637241512537,0.024982301518321037,0.04244234040379524,0.0884399339556694,0.1417466253042221,0.9465371966362
51.0,0.4260786393514046,0.10806790459901094,6.100345943933378,3.0564837088951697,0.30564837088951696,0.4260786393514046,0.12043026433541225,0.12043026433541225,0.018587609753012657,0.01812487468123436,0.021776655688881874,0.018110856413841248,0.028361544013023376,0.05793411657214165,0.09680676460266113,0.6048408150672913
52.0,0.3756087479683069,0.08831591019406915,5.8814367265849565,2.91956109725512,0.291956109725512,0.3756087479683069,0.08365262815585503,0.08365262815585503,0.01950310543179512,0.01931978203356266,0.022993870079517365,0.019656267017126083,0.031143462285399437,0.058292899280786514,0.08627898246049881,0.4493389129638672
53.0,0.3594332904769824,0.14738356228917837,5.864365558978851,2.7958986942584696,0.279589869425847,0.3594332904769824,0.07984341795627888,0.07984341795627888,0.01982683688402176,0.01964711770415306,0.023488253355026245,0.019385330379009247,0.03160286322236061,0.06889476627111435,0.1242302656173706,0.8719930648803711
54.0,0.3708063673514586,0.060424088733270764,5.754565475054634,2.7344636412767263,0.27344636412767265,0.3708063673514586,0.09735999227716373,0.09735999227716373,0.019078142940998077,0.018756194040179253,0.02241281419992447,0.01916101947426796,0.029794760048389435,0.05305685102939606,0.0808892548084259,0.24024367332458496
55.0,0.3379713698075368,0.12037611240521073,5.703119341208474,2.7021666123316836,0.2702166612331684,0.3379713698075368,0.06775470823049545,0.06775470823049545,0.019568102434277534,0.019235799089074135,0.02317056432366371,0.019249102100729942,0.03062882088124752,0.06350185722112656,0.10890556871891022,0.6787490844726562
56.0,0.36513222868625933,0.0665321892593056,5.898029288535465,2.8995811893389773,0.2899581189338978,0.36513222868625933,0.07517410872074273,0.07517410872074273,0.01918531209230423,0.018856750801205635,0.02246936969459057,0.01927909627556801,0.029720058664679527,0.053788408637046814,0.07711853086948395,0.29183998703956604
57.0,0.3457133002006091,0.17447192501276731,5.798103268888937,2.7815659229572,0.27815659229572004,0.3457133002006091,0.06755670217367318,0.06755670217367318,0.02118290401995182,0.021240893751382828,0.025264140218496323,0.020739419385790825,0.03476055711507797,0.0773121789097786,0.14390122890472412,1.051374077796936
58.0,0.3903060584114148,0.06200895248912275,5.738618764231816,2.7778534384874196,0.277785343848742,0.3903060584114148,0.11252071565160385,0.11252071565160385,0.018657982349395752,0.018281593918800354,0.021798700094223022,0.018485262989997864,0.028176428750157356,0.049506355077028275,0.07747300714254379,0.26369228959083557
59.0,0.3339300516706247,0.05428424244746566,5.367900227385383,2.7565106749534607,0.2756510674953461,0.3339300516706247,0.058278982455913834,0.058278982455913834,0.02034154161810875,0.02018817514181137,0.023831574246287346,0.020404493436217308,0.032373759895563126,0.060450248420238495,0.09890390187501907,0.1577802449464798
60.0,0.3481221405359415,0.12937166774645448,5.538449565484514,2.7200472354888916,0.2720047235488892,0.3481221405359415,0.07611741268864045,0.07611741268864045,0.019950633868575096,0.019740203395485878,0.023742681369185448,0.019669359549880028,0.0319480299949646,0.06644595414400101,0.1188976913690567,0.7345787882804871
61.0,0.35302096433364427,0.09974213922396302,5.488056066666102,2.764541988189404,0.2764541988189404,0.35302096433364427,0.07656676436846073,0.07656676436846073,0.020925279706716537,0.020929967984557152,0.024822667241096497,0.021508583799004555,0.033907823264598846,0.06588803231716156,0.09466074407100677,0.5152940154075623
62.0,0.3609288999667534,0.14151352643966675,5.908597344736896,2.6614646774071913,0.26614646774071915,0.3609288999667534,0.0947824283861197,0.0947824283861197,0.019925124943256378,0.019800612702965736,0.023764004930853844,0.01962411403656006,0.032125383615493774,0.06738855689764023,0.12177973985671997,0.827700674533844
63.0,0.3524153370123643,0.08158585266210139,5.736843132932707,2.620795717606178,0.26207957176061775,0.3524153370123643,0.0903357588327848,0.0903357588327848,0.018994079902768135,0.018705666065216064,0.022351492196321487,0.018976740539073944,0.028889615088701248,0.05307561904191971,0.07685839384794235,0.41483521461486816
64.0,0.33438207381046736,0.07609142549335957,5.343204102042268,2.6763028548314023,0.2676302854831402,0.33438207381046736,0.0667517870091475,0.0667517870091475,0.019336752593517303,0.01915532723069191,0.022683070972561836,0.019133998081088066,0.029754679650068283,0.058251939713954926,0.09489919245243073,0.3455164432525635
65.0,0.3432257588093097,0.07371486932970583,5.641022350172325,2.713152995476356,0.2713152995476356,0.3432257588093097,0.07191045209765434,0.07191045209765434,0.018862171098589897,0.018503462895751,0.022093771025538445,0.0187835693359375,0.02893088012933731,0.05185801535844803,0.07642899453639984,0.35425809025764465
66.0,0.338052891767942,0.09638621471822262,5.647213691548142,2.668706151155325,0.26687061511553256,0.338052891767942,0.07118226301211578,0.07118226301211578,0.01845456473529339,0.018019527196884155,0.021521372720599174,0.018093127757310867,0.027885813266038895,0.054425474256277084,0.08932547271251678,0.5233643651008606
67.0,0.3350368073353401,0.13107157195918262,5.6741127645123255,2.6576705941787133,0.2657670594178713,0.3350368073353401,0.06926974281668663,0.06926974281668663,0.022451773285865784,0.022644992917776108,0.026575814932584763,0.023031940683722496,0.037634141743183136,0.07527726143598557,0.11876466125249863,0.7221919894218445
68.0,0.36183538689063144,0.09990837285295129,5.888239873468714,2.5639437437057495,0.25639437437057494,0.36183538689063144,0.10544100719002578,0.10544100719002578,0.018426766619086266,0.018011130392551422,0.021464431658387184,0.018040873110294342,0.027842208743095398,0.05460762605071068,0.09013865143060684,0.5507352948188782
69.0,0.3336187807413248,0.0977150616236031,5.863785638199525,2.5050395818857045,0.25050395818857046,0.3336187807413248,0.08311482089070174,0.08311482089070174,0.019274000078439713,0.019094303250312805,0.022697122767567635,0.019593745470046997,0.03024119697511196,0.05802132934331894,0.08136908710002899,0.5314297080039978
70.0,0.3333047588284199,0.1365522756241262,5.522552917551295,2.5427488730503964,0.25427488730503967,0.3333047588284199,0.0790298692882061,0.0790298692882061,0.019868751987814903,0.019596852362155914,0.023152541369199753,0.019328024238348007,0.030787965282797813,0.06666208803653717,0.11702442169189453,0.7959975600242615
71.0,0.35775702733259934,0.05940340762026608,5.575532310085906,2.680274119743934,0.2680274119743934,0.35775702733259934,0.08972960538589038,0.08972960538589038,0.01906527765095234,0.018777629360556602,0.02234906516969204,0.019140617921948433,0.029431289061903954,0.052345264703035355,0.0797128826379776,0.23440523445606232
72.0,0.32694131479813504,0.13869376573711634,5.554693217154152,2.613957084142245,0.2613957084142245,0.32694131479813504,0.06554560048075822,0.06554560048075822,0.019275633618235588,0.019092237576842308,0.022916579619050026,0.018938079476356506,0.03043443150818348,0.06263615936040878,0.11261475086212158,0.8236422538757324
73.0,0.3594653526177773,0.05958590190857649,5.794055653073058,2.616240680217743,0.2616240680217743,0.3594653526177773,0.09784128087071273,0.09784128087071273,0.018580853939056396,0.018206603825092316,0.021694645285606384,0.018492287024855614,0.027860650792717934,0.048369795083999634,0.07180972397327423,0.2516726553440094
74.0,0.30627845800839937,0.06364474608562887,5.126520057880727,2.474941611289978,0.24749416112899783,0.30627845800839937,0.0587842922944289,0.0587842922944289,0.01908065751194954,0.018912572413682938,0.022305749356746674,0.018922682851552963,0.029333746060729027,0.05596628412604332,0.09315703809261322,0.25147923827171326
75.0,0.31716745977218336,0.05384428263641894,5.228627357740032,2.397823888521928,0.23978238885219277,0.31716745977218336,0.077385064214468,0.077385064214468,0.01901341788470745,0.0187845341861248,0.0222817100584507,0.019039765000343323,0.029537755995988846,0.05300794541835785,0.08563147485256195,0.1834576576948166
76.0,0.30882589748272526,0.07262127753347158,5.4634820022165105,2.440297135939965,0.24402971359399647,0.30882589748272526,0.06479617552115367,0.06479617552115367,0.018357081338763237,0.018083488568663597,0.0215146504342556,0.01814114861190319,0.027867382392287254,0.05324244871735573,0.08712172508239746,0.3366422951221466
77.0,0.3175275589411075,0.05855332571081817,5.6688229232034795,2.486154767183157,0.24861547671831571,0.3175275589411075,0.06891207454296258,0.06891207454296258,0.018498091027140617,0.01816723123192787,0.021598652005195618,0.018391916528344154,0.02800295688211918,0.04884401708841324,0.0751061663031578,0.2398175746202469
78.0,0.3057834276786217,0.09301977208815515,5.324314589940443,2.380877742400536,0.23808777424005362,0.3057834276786217,0.06769565005715077,0.06769565005715077,0.018465973436832428,0.01815589889883995,0.021649271249771118,0.018171871080994606,0.02801480144262314,0.05574094504117966,0.09111280739307404,0.49284660816192627
79.0,0.306490305524606,0.13490595179609954,5.5041133363424715,2.3631775058232822,0.23631775058232815,0.306490305524606,0.07017255173279689,0.07017255173279689,0.0222052950412035,0.022371459752321243,0.02629348635673523,0.02283838391304016,0.037273287773132324,0.07569469511508942,0.11916257441043854,0.7534084320068359
80.0,0.35929523981534517,0.09173323027789593,5.947368678870463,2.582434667990758,0.2582434667990758,0.35929523981534517,0.10105176556568879,0.10105176556568879,0.018097635358572006,0.017769645899534225,0.0211415346711874,0.017801163718104362,0.02718157321214676,0.0527682863175869,0.08535408973693848,0.4937519133090973
81.0,0.32508177252916187,0.0743933948688209,5.760343499140287,2.4735677196429324,0.2473567719642933,0.32508177252916187,0.0777249989601282,0.0777249989601282,0.019391188398003578,0.01915055327117443,0.022726282477378845,0.019482601433992386,0.030646301805973053,0.05581444501876831,0.08470550924539566,0.343230277299881
82.0,0.3229965647825828,0.1357849147170782,5.443859688750843,2.49050150009302,0.249050150009302,0.3229965647825828,0.07394641007368381,0.07394641007368381,0.019986720755696297,0.01968199945986271,0.02315005287528038,0.019409889355301857,0.0310171227902174,0.0673629492521286,0.11618256568908691,0.7894880175590515
83.0,0.3414243585788287,0.05882174358703196,5.413059557215955,2.5207739701637855,0.25207739701637855,0.3414243585788287,0.08934695445574246,0.08934695445574246,0.018937306478619576,0.018651917576789856,0.022180715575814247,0.01902635209262371,0.029080037027597427,0.05122467502951622,0.07768195122480392,0.23379099369049072
84.0,0.3128350812655229,0.1312932746950537,5.553627229088665,2.4963621084506693,0.24963621084506696,0.3128350812655229,0.06319887205385245,0.06319887205385245,0.018939698114991188,0.01873958483338356,0.02249326929450035,0.018633240833878517,0.02963860146701336,0.05947636067867279,0.10534293949604034,0.7770825028419495
85.0,0.34561746968672824,0.05472924537025392,5.7653350860639145,2.4869371973551235,0.24869371973551235,0.34561746968672824,0.09692375161326848,0.09692375161326848,0.018391111865639687,0.018028290942311287,0.021482357755303383,0.018325841054320335,0.027395101264119148,0.047695957124233246,0.06879376620054245,0.21772153675556183
86.0,0.29366860825281876,0.06751699605956674,5.021245735773766,2.3593055193240824,0.23593055193240825,0.29366860825281876,0.05773805225124726,0.05773805225124726,0.019186554476618767,0.019083986058831215,0.02246328815817833,0.019077586010098457,0.029687369242310524,0.05763893201947212,0.09724758565425873,0.27575066685676575
87.0,0.30438851851683396,0.04827486420981586,5.236083042856701,2.264818008129413,0.22648180081294134,0.30438851851683396,0.07790671690152241,0.07790671690152241,0.018964871764183044,0.018772853538393974,0.022229794412851334,0.019050544127821922,0.02951822616159916,0.053399790078401566,0.08746452629566193,0.13679830729961395
88.0,0.293802199455408,0.0692876351531595,5.354797896912428,2.3074280527921824,0.23074280527921825,0.293802199455408,0.06305939790148002,0.06305939790148002,0.01827917993068695,0.018046343699097633,0.021442819386720657,0.01809844560921192,0.02767966128885746,0.05209637060761452,0.08518917858600616,0.3134690821170807
89.0,0.3029570338817743,0.05351631576195359,5.5868919111183475,2.3427920112243066,0.23427920112243064,0.3029570338817743,0.06867783058148164,0.06867783058148164,0.018402403220534325,0.018100682646036148,0.021512864157557487,0.018368419259786606,0.027855485677719116,0.04834042489528656,0.07407788932323456,0.20147235691547394
90.0,0.2928855631213922,0.09166012238711119,5.23855185004963,2.267254513043624,0.2267254513043624,0.2928855631213922,0.06616011175971764,0.06616011175971764,0.018680978566408157,0.01845085434615612,0.021901562809944153,0.01838006265461445,0.028499476611614227,0.056924980133771896,0.09326568245887756,0.47717738151550293
91.0,0.29279252084401935,0.1309626093134284,5.428441386283264,2.2433762687903185,0.22433762687903183,0.29279252084401935,0.06845488800452305,0.06845488800452305,0.022021379321813583,0.022171610966324806,0.026094751432538033,0.022600989788770676,0.03686566278338432,0.07449189573526382,0.11723439395427704,0.7262201905250549
92.0,0.3323925527242514,0.08823023457080126,5.875659416927594,2.3349418548437266,0.23349418548437267,0.3323925527242514,0.09889836609363556,0.09889836609363556,0.01794922724366188,0.017672747373580933,0.021058935672044754,0.017736589536070824,0.02696351893246174,0.05196207016706467,0.08379703760147095,0.4687017500400543
93.0,0.2994946791575505,0.07558982097543776,5.625561690632562,2.229147975261395,0.2229147975261395,0.2994946791575505,0.07657988312152716,0.07657988312152716,0.019227508455514908,0.018972845748066902,0.02254556119441986,0.019370459020137787,0.030277878046035767,0.05543430522084236,0.08278602361679077,0.3561039865016937
94.0,0.2937046874027986,0.1254972997121513,5.452491341172505,2.202976194711832,0.2202976194711832,0.2937046874027986,0.0734070656964412,0.0734070656964412,0.019336387515068054,0.019045578315854073,0.022483445703983307,0.01880219765007496,0.029794715344905853,0.06319203227758408,0.10714268684387207,0.7241813540458679
95.0,0.322375241953593,0.06801973469555378,5.6518020287692625,2.33394586122953,0.233394586122953,0.322375241953593,0.08898065640376164,0.08898065640376164,0.018650216981768608,0.018339067697525024,0.02184225246310234,0.018768981099128723,0.028394648805260658,0.0506083182990551,0.07215870916843414,0.31539568305015564
96.0,0.2900398104236676,0.10881143249571323,5.356700487142485,2.2601637748571544,0.22601637748571551,0.2900398104236676,0.06402342838163559,0.06402342838163559,0.019602224230766296,0.019456710666418076,0.022971171885728836,0.019281994551420212,0.03034350648522377,0.06252063810825348,0.10451088845729828,0.5918043255805969
97.0,0.2875017409141247,0.06485311477445066,5.332749647510427,2.1798449021119337,0.21798449021119337,0.2875017409141247,0.06951723648951603,0.06951723648951603,0.0190670695155859,0.018824409693479538,0.02234579250216484,0.019265027716755867,0.029241574928164482,0.05212660878896713,0.07638975232839584,0.2815646827220917
98.0,0.29663171561864704,0.13539183791726828,5.522848413919008,2.327421940290011,0.23274219402900112,0.29663171561864704,0.06388951594439837,0.06388951594439837,0.019150471314787865,0.019070442765951157,0.022846197709441185,0.018938202410936356,0.03031584620475769,0.061822425574064255,0.11070500314235687,0.8002861142158508
99.0,0.3198916820379404,0.046977427788078785,5.6281554550141895,2.2023930503771854,0.22023930503771852,0.3198916820379404,0.09965236972157772,0.09965236972157772,0.018240105360746384,0.01791507750749588,0.02125563845038414,0.018150586634874344,0.027074988931417465,0.0464743971824646,0.0682898536324501,0.15841877460479736
100.0,0.27168258222249836,0.10099566774442792,4.804441964580834,2.175384681958419,0.21753846819584188,0.27168258222249836,0.05414410694860495,0.05414410694860495,0.022169211879372597,0.022329246625304222,0.02614670805633068,0.02249075658619404,0.036489080637693405,0.07004799693822861,0.10863721370697021,0.4996551275253296
101.0,0.3245907322718547,0.11600208235904574,5.713159905503989,2.276600282925826,0.22766002829258258,0.3245907322718547,0.09693069469470245,0.09693069469470245,0.018963515758514404,0.018724506720900536,0.022378280758857727,0.018606027588248253,0.02930307388305664,0.0605696365237236,0.10295333713293076,0.656518280506134
102.0,0.2996745201257559,0.07295970059931278,5.529072614510317,2.206548910874587,0.22065489108745867,0.2996745201257559,0.07901962445332454,0.07901962445332454,0.0188240148127079,0.0186310987919569,0.02228732779622078,0.01901802234351635,0.028989557176828384,0.05347062647342682,0.07807797938585281,0.3443789780139923
103.0,0.28648276741688067,0.13479257770814002,5.482594627050452,2.132735101076273,0.21327351010762727,0.28648276741688067,0.07320925192191051,0.07320925192191051,0.01986505836248398,0.019724642857909203,0.023324504494667053,0.019385378807783127,0.031135134398937225,0.06743180751800537,0.11898373067378998,0.7784903645515442
104.0,0.3070028624855555,0.06107845273800194,5.338479424199387,2.2367569574942956,0.22367569574942958,0.3070028624855555,0.08332715899898456,0.08332715899898456,0.019174473360180855,0.018943030387163162,0.022533651441335678,0.019300587475299835,0.029442835599184036,0.05200464650988579,0.07827822864055634,0.24895016849040985
105.0,0.27893592474552303,0.12403453281149268,5.4413497504088655,2.1474753388991723,0.21474753388991719,0.27893592474552303,0.06418839440895961,0.06418839440895961,0.018800359219312668,0.018691202625632286,0.0223229993134737,0.018682025372982025,0.029336262494325638,0.058530043810606,0.1025850772857666,0.7233282923698425
106.0,0.30030661248243773,0.05783629743382335,5.540010298505775,2.1154361229676466,0.21154361229676466,0.30030661248243773,0.08876300201966213,0.08876300201966213,0.018682410940527916,0.01842166855931282,0.021914206445217133,0.018763545900583267,0.028135759755969048,0.04944394528865814,0.07020161300897598,0.23712722957134247
107.0,0.27332825844104475,0.13443363131955266,5.357870863383927,2.134504029384026,0.21345040293840262,0.27332825844104475,0.059877849828738436,0.059877849828738436,0.01926884613931179,0.019159095361828804,0.022792909294366837,0.018955063074827194,0.03024796023964882,0.06314296275377274,0.11137790977954865,0.7905243039131165
108.0,0.3004508505646999,0.052743049105629325,5.487058063116896,2.101357184923612,0.21013571849236118,0.3004508505646999,0.09031513046759826,0.09031513046759826,0.018624197691679,0.018382534384727478,0.021790022030472755,0.01869761385023594,0.02811594121158123,0.04832199960947037,0.07070716470479965,0.19730491936206818
109.0,0.26608728158932465,0.13255008775740862,5.354743541013561,2.0797750307963443,0.20797750307963442,0.26608728158932465,0.05810977690494978,0.05810977690494978,0.019167453050613403,0.019083617255091667,0.022684598341584206,0.01891532726585865,0.030064871534705162,0.06207916885614395,0.10919414460659027,0.7792115211486816
110.0,0.30106403965216416,0.05518438434228301,5.50810328909246,2.0770666003227234,0.2077066600322723,0.30106403965216416,0.09335737417523678,0.09335737417523678,0.01836474984884262,0.018037224188447,0.02145969867706299,0.01839618571102619,0.027325250208377838,0.04828242212533951,0.06617223471403122,0.22343730926513672
111.0,0.2619608950156432,0.06106183445081115,5.011249089361251,2.0279678381406345,0.20279678381406346,0.2619608950156432,0.0591641071324165,0.0591641071324165,0.018870241940021515,0.018790481612086296,0.022188570350408554,0.018826620653271675,0.028979811817407608,0.053171444684267044,0.08815367519855499,0.2395138293504715
112.0,0.2840402710896272,0.048262863885611296,5.245056893891135,2.066796674178197,0.20667966741781968,0.2840402710896272,0.07736060367180751,0.07736060367180751,0.019045690074563026,0.01887681894004345,0.022419914603233337,0.019207417964935303,0.029921647161245346,0.05412362515926361,0.08878076821565628,0.13372702896595
113.0,0.2796629403646176,0.0664151618257165,5.200209634023363,2.1489924696775584,0.21489924696775586,0.2796629403646176,0.06476369242255504,0.06476369242255504,0.01823536865413189,0.018076537176966667,0.02148004248738289,0.01818404719233513,0.027687080204486847,0.051058027893304825,0.08377011120319366,0.29283007979393005
114.0,0.2841082513332367,0.050160126527771354,5.367476471244724,2.1833995168025675,0.2183399516802568,0.2841082513332367,0.06576829632887474,0.06576829632887474,0.018088726326823235,0.017838742583990097,0.021218523383140564,0.01816534996032715,0.027503997087478638,0.04776604101061821,0.07281477004289627,0.17788486182689667
115.0,0.26894857677129597,0.08810376119799912,5.136064096139364,2.040798320220067,0.20407983202200666,0.26894857677129597,0.06486874016431662,0.06486874016431662,0.018622057512402534,0.01849866658449173,0.021898165345191956,0.018421724438667297,0.028584733605384827,0.0565529465675354,0.09364292025566101,0.4486088752746582
116.0,0.27372768406684583,0.05228009750135243,5.050490277273377,2.095967425749852,0.20959674257498523,0.27372768406684583,0.06413093610451771,0.06413093610451771,0.01850765384733677,0.01828158274292946,0.021654203534126282,0.01855955831706524,0.028156591579318047,0.048852138221263885,0.07542557269334793,0.18880347907543182
117.0,0.2622763273807672,0.057463898323476315,4.940855702105514,2.00077047256323,0.20007704725632303,0.2622763273807672,0.06219927665705864,0.06219927665705864,0.019147373735904694,0.01897336170077324,0.022488214075565338,0.019292721524834633,0.02977895550429821,0.0530761294066906,0.08455177396535873,0.21240265667438507
118.0,0.2676603937378296,0.14011967298574746,5.133559843162919,2.090590646633735,0.2090590646633735,0.2676603937378296,0.05860132380173756,0.05860132380173756,0.019302835687994957,0.019274642691016197,0.023016100749373436,0.01908339187502861,0.030954767018556595,0.06486380100250244,0.11881186813116074,0.8256499767303467
119.0,0.3063729623189339,0.06569668254815042,5.468440898079032,2.1113897470327525,0.21113897470327522,0.3063729623189339,0.09523398027970241,0.09523398027970241,0.018486030399799347,0.018305251374840736,0.021798428148031235,0.01855463534593582,0.02757374569773674,0.049190688878297806,0.07416427880525589,0.2975004017353058
120.0,0.27445839517391646,0.09322473290376365,4.7625881720123395,2.1784067429029026,0.21784067429029025,0.27445839517391646,0.05661771876307634,0.05661771876307634,0.018568001687526703,0.018467823043465614,0.021867459639906883,0.018487900495529175,0.028417302295565605,0.054529257118701935,0.08912809938192368,0.4963320195674896
121.0,0.27319126289624435,0.079733413644135,5.372727807367452,2.0330794637019816,0.20330794637019814,0.27319126289624435,0.06988331417624767,0.06988331417624767,0.019019559025764465,0.018735405057668686,0.02232746221125126,0.01927148923277855,0.02963772974908352,0.0548960343003273,0.07509211450815201,0.3988875150680542
122.0,0.2790824541678795,0.12215180997736752,4.992576649400453,2.104028495458456,0.2104028495458456,0.2790824541678795,0.06867960210029896,0.06867960210029896,0.018964674323797226,0.01886330544948578,0.022297697141766548,0.01866994798183441,0.029512282460927963,0.061739854514598846,0.10496564954519272,0.7022010684013367
123.0,0.2847768056851167,0.04753699293360114,5.131789049625423,1.983334821004134,0.1983334821004134,0.2847768056851167,0.08644332708074497,0.08644332708074497,0.018649088218808174,0.018406778573989868,0.021783247590065002,0.01872367225587368,0.02836507186293602,0.04909493029117584,0.07453853636980057,0.15073461830615997
124.0,0.2618663723652179,0.05331288045272231,4.767817323183821,2.039526329590724,0.20395263295907243,0.2618663723652179,0.05791373436267559,0.05791373436267559,0.019827784970402718,0.019849171862006187,0.02347858063876629,0.019971245899796486,0.03170007839798927,0.05889080464839935,0.0983639732003212,0.15442140400409698
125.0,0.27042998602757085,0.09210310759954154,5.179349577367898,1.9724534383186927,0.19724534383186926,0.27042998602757085,0.07318464408700283,0.07318464408700283,0.018270613625645638,0.018074704334139824,0.021785227581858635,0.018161213025450706,0.02826038934290409,0.05452873557806015,0.0887179970741272,0.4890259802341461
126.0,0.264143250309504,0.0986139343585819,4.969473485419646,2.009459165426401,0.20094591654264013,0.264143250309504,0.06319732734790215,0.06319732734790215,0.02034711092710495,0.020410187542438507,0.024368686601519585,0.021043144166469574,0.03291895240545273,0.06430542469024658,0.09165792167186737,0.5138600468635559
127.0,0.28145382897211957,0.1064208906609565,5.415880423272158,1.9341956697977507,0.19341956697977503,0.28145382897211957,0.08803425786586908,0.08803425786586908,0.01845206506550312,0.01833401620388031,0.021958881989121437,0.01830187998712063,0.02868529036641121,0.05719589814543724,0.0968644842505455,0.5915746092796326
128.0,0.2660607070877002,0.0660268038045615,5.263600807464828,1.9378382701140184,0.19378382701140184,0.2660607070877002,0.07227687308421502,0.07227687308421502,0.019037306308746338,0.018845949321985245,0.022534407675266266,0.01925121806561947,0.029645830392837524,0.05414196476340294,0.07945094257593155,0.28530681133270264
129.0,0.26708249805065304,0.12283564708195627,5.430283091453477,1.9735714059609633,0.19735714059609633,0.26708249805065304,0.06972535183796516,0.06972535183796516,0.018817046657204628,0.01872570440173149,0.022310804575681686,0.018527692183852196,0.029427332803606987,0.0607370063662529,0.10510961711406708,0.7090299725532532
130.0,0.27978521528152317,0.06263376283459365,5.318209835918747,1.9937505492797265,0.19937505492797267,0.27978521528152317,0.08041016184366666,0.08041016184366666,0.01869977079331875,0.018482519313693047,0.022007199004292488,0.018820200115442276,0.028751060366630554,0.050427358597517014,0.07401815056800842,0.2698638439178467
131.0,0.25916631061297196,0.1310924389399588,4.918393083342164,1.9745825345699604,0.19745825345699602,0.25916631061297196,0.06170805744253672,0.06170805744253672,0.019382867962121964,0.019365303218364716,0.022923149168491364,0.019086243584752083,0.030456041917204857,0.06445296108722687,0.11290302127599716,0.7601699233055115
132.0,0.2932132597153003,0.05969012132845819,5.190724714975358,2.0980318738864017,0.20980318738864015,0.2932132597153003,0.08341007307171822,0.08341007307171822,0.01869674026966095,0.018498072400689125,0.02197120524942875,0.01877024956047535,0.02851160243153572,0.049841832369565964,0.07351472228765488,0.24771654605865479
133.0,0.2702087691197029,0.05788471316918731,4.908266128003068,2.108951142201057,0.21089511422010568,0.2702087691197029,0.0593136463027734,0.0593136463027734,0.01848732866346836,0.018341483548283577,0.021882908418774605,0.01845613867044449,0.028555339202284813,0.05231562256813049,0.08468063175678253,0.2203582525253296
134.0,0.28570257471157956,0.05443955399096012,5.1191756597586,2.1185987224945655,0.21185987224945654,0.28570257471157956,0.07384269799177463,0.07384269799177463,0.018405338749289513,0.018150579184293747,0.021754328161478043,0.01851906068623066,0.028823282569646835,0.05116364732384682,0.08122170716524124,0.1974784880876541
135.0,0.2622174666478084,0.07971392874605954,5.176148919949595,2.0139266756864695,0.20139266756864693,0.2622174666478084,0.06082479655742645,0.06082479655742645,0.01855955645442009,0.01848313957452774,0.021925460547208786,0.01842048577964306,0.028728321194648743,0.05764269456267357,0.094938263297081,0.3790135085582733
136.0,0.2791589005635335,0.05916374363005161,5.320408548633906,2.112237329666431,0.21122373296664312,0.2791589005635335,0.06793516444472167,0.06793516444472167,0.018078533932566643,0.017841018736362457,0.0213112011551857,0.01812492311000824,0.027627332136034966,0.048536378890275955,0.07243767380714417,0.24935288727283478
137.0,0.26508082621372664,0.0814606964122504,5.09721058723835,2.0386153642947855,0.2038615364294786,0.26508082621372664,0.061219283021413363,0.061219283021413363,0.018193630501627922,0.018066490069031715,0.021553857252001762,0.01807895302772522,0.027846645563840866,0.05466698482632637,0.09035170078277588,0.40292730927467346
138.0,0.267490196113403,0.05690729967318475,5.343534577141673,1.9874374545537508,0.19874374545537513,0.267490196113403,0.06874644613036743,0.06874644613036743,0.017892731353640556,0.01764693669974804,0.02106562629342079,0.017903409898281097,0.0270701814442873,0.04713189974427223,0.07015594840049744,0.23639166355133057
139.0,0.27035470650746274,0.0832527345046401,5.096051226658547,2.105630406966576,0.21056304069665763,0.27035470650746274,0.05979166552424431,0.05979166552424431,0.018070412799715996,0.017942767590284348,0.02141670510172844,0.017959818243980408,0.027625402435660362,0.05416726693511009,0.08991758525371552,0.41892191767692566
140.0,0.26938154147221494,0.053131467662751675,5.276823521212331,2.004198899635902,0.2004198899635902,0.26938154147221494,0.0689616512793761,0.0689616512793761,0.017754700034856796,0.017518343403935432,0.020901301875710487,0.01777902990579605,0.026768725365400314,0.04636818543076515,0.06955889612436295,0.20840255916118622
141.0,0.2586768430012923,0.07080529211089015,5.154011952114134,1.9779542363606966,0.19779542363606967,0.2586768430012923,0.06088141437906485,0.06088141437906485,0.01940539851784706,0.01938401162624359,0.023007554933428764,0.019461072981357574,0.03086245246231556,0.060442596673965454,0.10172291100025177,0.2921563386917114
142.0,0.2543635196410693,0.1043758203741163,5.039549721056165,1.9344007281156688,0.1934400728115669,0.2543635196410693,0.06092344281765131,0.06092344281765131,0.01861751638352871,0.01858263835310936,0.022276736795902252,0.018640652298927307,0.02924928069114685,0.05603048577904701,0.0952848494052887,0.5763244032859802
143.0,0.2607046893009773,0.09095258545130491,5.0550183931772885,1.899386126261491,0.1899386126261491,0.2607046893009773,0.07076607243372844,0.07076607243372844,0.02012580633163452,0.02014962211251259,0.024008262902498245,0.020763888955116272,0.03183774650096893,0.06150375306606293,0.08727820217609406,0.46195340156555176
144.0,0.27867720333429485,0.11691070953384042,5.35640814168159,1.949738016495338,0.1949738016495338,0.27867720333429485,0.08370340099701515,0.08370340099701515,0.01877938210964203,0.018756920471787453,0.022375689819455147,0.01861376129090786,0.02948691137135029,0.06009383499622345,0.10527299344539642,0.6619061827659607
145.0,0.26541082904889035,0.06645364337600768,5.233311183463892,1.8858199578065138,0.18858199578065138,0.26541082904889035,0.07682882994413376,0.07682882994413376,0.018543804064393044,0.01837054453790188,0.021980440244078636,0.01869780197739601,0.02846391499042511,0.05127132683992386,0.07446691393852234,0.29983440041542053
146.0,0.24851186516193244,0.12984965229406953,5.102162808214569,1.8373412489891052,0.18373412489891056,0.24851186516193244,0.0647777350476155,0.0647777350476155,0.01912675052881241,0.019074637442827225,0.022693732753396034,0.018770433962345123,0.03025778941810131,0.06395353376865387,0.11216326802968979,0.7527570724487305
147.0,0.2770992173598363,0.062154933577403426,5.2253606019975924,1.950826842051286,0.1950826842051286,0.2770992173598363,0.08201652822586206,0.08201652822586206,0.018448496237397194,0.018301084637641907,0.02176995947957039,0.018549878150224686,0.028146054595708847,0.049043238162994385,0.07349275052547455,0.26948800683021545
148.0,0.24768011157329267,0.1258357057813555,5.193342037750133,1.8978249751604521,0.18978249751604517,0.24768011157329267,0.057897611879385434,0.057897611879385434,0.018605682998895645,0.018546178936958313,0.022172197699546814,0.018409371376037598,0.029264310374855995,0.05951714143157005,0.10462447255849838,0.7355462908744812
149.0,0.2696465546121964,0.05843422608450055,5.3930189534112,1.8424854553662813,0.18424854553662817,0.2696465546121964,0.08539800374553753,0.08539800374553753,0.018254343420267105,0.018064899370074272,0.021490631625056267,0.01835637353360653,0.027570335194468498,0.04802513122558594,0.06958484649658203,0.24612724781036377
150.0,0.2586636451574472,0.12990449275821447,4.998175509728867,2.0112294325461755,0.20112294325461758,0.2586636451574472,0.05754069582774089,0.05754069582774089,0.018899569287896156,0.018868157640099525,0.02246844954788685,0.018658200278878212,0.029808975756168365,0.061963170766830444,0.10865984857082367,0.7599095702171326
151.0,0.27951951783436996,0.05703653767704964,5.379847528845731,1.9267931213745704,0.1926793121374571,0.27951951783436996,0.08684020317517795,0.08684020317517795,0.01817423477768898,0.017980480566620827,0.021374857053160667,0.018252989277243614,0.027260320261120796,0.04731113836169243,0.06737958639860153,0.23855869472026825
152.0,0.24624816270974967,0.06251023500226438,4.725674314278993,1.8873213025239797,0.18873213025239796,0.24624816270974967,0.05751603555220824,0.05751603555220824,0.018414217978715897,0.01834198459982872,0.02178298681974411,0.018423721194267273,0.028298212215304375,0.0524960458278656,0.08596310764551163,0.25636160373687744
153.0,0.25481150585871476,0.048917370149865746,5.000829013428524,1.8086355878756597,0.18086355878756596,0.25481150585871476,0.07394794460672599,0.07394794460672599,0.018382523208856583,0.01813673973083496,0.02171894535422325,0.01852792501449585,0.02867933176457882,0.05080774053931236,0.08163566887378693,0.15345008671283722
154.0,0.24328848662284705,0.06319055217318237,5.00371022009544,1.8275829278505766,0.18275829278505767,0.24328848662284705,0.060530188565070815,0.060530188565070815,0.018076786771416664,0.017961973324418068,0.021351361647248268,0.018103107810020447,0.027615394443273544,0.05155148729681969,0.08486376702785492,0.26600053906440735
155.0,0.2514414729980322,0.051402439596131444,5.268598097324756,1.8436045784216661,0.18436045784216665,0.2514414729980322,0.06708101355112515,0.06708101355112515,0.01802404411137104,0.017785949632525444,0.021241677924990654,0.018142348155379295,0.027575114741921425,0.04766985401511192,0.07312610745429993,0.18765442073345184
156.0,0.24799094291833731,0.0668774910736829,5.075762589570636,1.8425083664747386,0.18425083664747385,0.24799094291833731,0.06374010157126647,0.06374010157126647,0.01755102537572384,0.017390722408890724,0.020766105502843857,0.017614101991057396,0.026518236845731735,0.04776131734251976,0.07791319489479065,0.3095052242279053
157.0,0.2397797336945167,0.05643567303195596,4.861232377064148,1.7705136629251332,0.17705136629251333,0.2397797336945167,0.06272836029529572,0.06272836029529572,0.018686708062887192,0.01856306567788124,0.02200222574174404,0.0188361257314682,0.029138656333088875,0.052359823137521744,0.0868537500500679,0.20504502952098846
158.0,0.24987833488446015,0.06634686584584415,5.0292245711724854,1.889673031293429,0.1889673031293429,0.24987833488446015,0.06091102929069446,0.06091102929069446,0.017515107989311218,0.01735280081629753,0.020735524594783783,0.017575297504663467,0.026542315259575844,0.047845739871263504,0.07850266993045807,0.3047054708003998
159.0,0.2431209419782345,0.05114161316305399,4.953929286175024,1.7951746399586017,0.17951746399586016,0.2431209419782345,0.06360347855549592,0.06360347855549592,0.018051516264677048,0.017862332984805107,0.021213583648204803,0.01821756176650524,0.027596283704042435,0.04776047542691231,0.07596464455127716,0.1824665069580078
160.0,0.24385595149718797,0.0713302823714912,4.791224949370769,1.8547153518750117,0.1854715351875012,0.24385595149718797,0.058384417198025264,0.058384417198025264,0.01799112930893898,0.017957240343093872,0.021219050511717796,0.01802804134786129,0.02753552794456482,0.051912445574998856,0.08684215694665909,0.32915666699409485
161.0,0.24517116351769522,0.05031031998805702,5.227095943442944,1.7941901271159832,0.17941901271159832,0.24517116351769522,0.06575214604918773,0.06575214604918773,0.01768537238240242,0.017474262043833733,0.02073897421360016,0.017820918932557106,0.02676362730562687,0.046370163559913635,0.06963914632797241,0.1859900951385498
162.0,0.24638016349994218,0.08778177690692246,4.996108453995508,1.846134956066425,0.18461349560664253,0.24638016349994218,0.06176666514231609,0.06176666514231609,0.018322208896279335,0.018293578177690506,0.021595120429992676,0.018185937777161598,0.028347430750727654,0.055243756622076035,0.09241070598363876,0.4498554766178131
163.0,0.23981850766218626,0.11491026706062257,4.770466101812899,1.7457281672037566,0.17457281672037567,0.23981850766218626,0.0652456905406255,0.0652456905406255,0.020484795793890953,0.020560067147016525,0.024387603625655174,0.020897628739476204,0.03368650749325752,0.06693743914365768,0.09956584125757217,0.6327622532844543
164.0,0.2662586340537438,0.07822500611655414,4.877590899798086,1.8139079534090483,0.18139079534090483,0.2662586340537438,0.08486783590454322,0.08486783590454322,0.017595212906599045,0.017507297918200493,0.02085796557366848,0.017578909173607826,0.02676764503121376,0.051333531737327576,0.08497700840234756,0.3891824781894684
165.0,0.2419426842377736,0.08922174666076899,5.243806262952329,1.7409025338979869,0.1740902533897987,0.2419426842377736,0.06785242546063203,0.06785242546063203,0.019043179228901863,0.018937256187200546,0.02273108810186386,0.019319050014019012,0.03006468154489994,0.05753965675830841,0.08329424262046814,0.4628448188304901
166.0,0.25316830094044024,0.09400678146630526,5.245257839344936,1.8094720519506013,0.18094720519506013,0.25316830094044024,0.07222109373945457,0.07222109373945457,0.01770520582795143,0.017594898119568825,0.021010665223002434,0.01754257082939148,0.027152925729751587,0.053693633526563644,0.08807778358459473,0.5092765688896179
167.0,0.24599375059971443,0.06781812524423003,5.12826533769556,1.7227106919655433,0.17227106919655436,0.24599375059971443,0.07372268260671543,0.07372268260671543,0.018630241975188255,0.018419181928038597,0.022061679512262344,0.018756235018372536,0.02893201820552349,0.05212641879916191,0.07917911559343338,0.30444011092185974
168.0,0.24319654473891625,0.10372839402407408,4.983793371552026,1.7921106723638682,0.1792110672363868,0.24319654473891625,0.06398547612703763,0.06398547612703763,0.01787954568862915,0.017820656299591064,0.021275877952575684,0.017753586173057556,0.027601145207881927,0.05482274293899536,0.09117551147937775,0.5814980864524841
169.0,0.24875974368590575,0.06159921735525131,5.2577256403253,1.7048731904763441,0.17048731904763445,0.24875974368590575,0.07827241804737312,0.07827241804737312,0.018395496532320976,0.018163828179240227,0.021677406504750252,0.018535085022449493,0.028141962364315987,0.04993699491024017,0.07412133365869522,0.26382163166999817
170.0,0.24128683255268976,0.10766533436253667,4.917350162223273,1.8067085972199073,0.18067085972199073,0.24128683255268976,0.060615975266465776,0.060615975266465776,0.017872560769319534,0.017825454473495483,0.02133956551551819,0.01777779869735241,0.027697065845131874,0.05492585152387619,0.09178872406482697,0.6120956540107727
171.0,0.25028889511640257,0.05711181694641709,5.217333171475543,1.6925505445553706,0.16925505445553707,0.25028889511640257,0.08103383533083476,0.08103383533083476,0.01809712126851082,0.017868734896183014,0.02127789333462715,0.018174029886722565,0.02748480811715126,0.048318058252334595,0.0692211166024208,0.23645277321338654
172.0,0.2312504557462839,0.1160625210031867,4.720560208497666,1.7333797124715953,0.17333797124715952,0.2312504557462839,0.05791248352481769,0.05791248352481769,0.01860613375902176,0.018651265650987625,0.022135630249977112,0.01840345188975334,0.0290740467607975,0.060018014162778854,0.10198412835597992,0.6596274971961975
173.0,0.24465594498010781,0.05108898691833019,4.925421153856581,1.6574946504372816,0.1657494650437282,0.24465594498010781,0.07890648194230519,0.07890648194230519,0.018571054562926292,0.018371695652604103,0.021873636171221733,0.018667105585336685,0.02854054607450962,0.0496070422232151,0.0764414519071579,0.1766393631696701
174.0,0.2347238166974141,0.11049489257857203,5.15873791397328,1.7654583499981806,0.1765458349998181,0.2347238166974141,0.05817798080925758,0.05817798080925758,0.01790224015712738,0.017878320068120956,0.021427873522043228,0.017863471060991287,0.02783096209168434,0.0551036112010479,0.09244338423013687,0.6335092782974243
175.0,0.24819680246023032,0.04942291579209268,5.1454552239236016,1.6811480155357947,0.1681148015535795,0.24819680246023032,0.08008199729598485,0.08008199729598485,0.018293598666787148,0.018074603751301765,0.021459681913256645,0.018359610810875893,0.02780449204146862,0.04811036214232445,0.07071921229362488,0.17256176471710205
176.0,0.23428753018379211,0.05279794172383845,4.638598489854704,1.772428416288816,0.17724284162888163,0.23428753018379211,0.05704468717941871,0.05704468717941871,0.018506642431020737,0.0184251070022583,0.021821487694978714,0.018509220331907272,0.02876933477818966,0.05213812738656998,0.0875844731926918,0.17662914097309113
177.0,0.24167127448778886,0.04946405114606023,4.96319187247445,1.6982237650797918,0.1698223765079792,0.24167127448778886,0.0718488971201273,0.0718488971201273,0.018356606364250183,0.01812003366649151,0.021710172295570374,0.018461918458342552,0.028698869049549103,0.05114936828613281,0.08158814162015915,0.15762729942798615
178.0,0.23272716999053955,0.05251225456595421,4.806946120124817,1.7431121101746192,0.17431121101746191,0.23272716999053955,0.05841595593553323,0.05841595593553323,0.01782083883881569,0.01767415553331375,0.02097133919596672,0.01786176674067974,0.027270829305052757,0.04875136539340019,0.07915680855512619,0.19059093296527863
179.0,0.23172213366398445,0.04599786666221917,5.054074711405671,1.6674488324385424,0.16674488324385422,0.23172213366398445,0.06497725042013022,0.06497725042013022,0.017983030527830124,0.017723051831126213,0.02120661921799183,0.01810135692358017,0.027755839750170708,0.04866936057806015,0.07569694519042969,0.14084672927856445
180.0,0.23207601790244764,0.07445454760454595,4.868899801431552,1.7162184806970449,0.17162184806970446,0.23207601790244764,0.06045416599282852,0.06045416599282852,0.01820128783583641,0.018197622150182724,0.02151171676814556,0.018223533406853676,0.028208168223500252,0.05400316044688225,0.09106872975826263,0.3462221622467041
181.0,0.22994997810858947,0.04793087695725262,4.86109662574899,1.6672560710173387,0.1667256071017339,0.22994997810858947,0.0632243689436179,0.0632243689436179,0.018362494185566902,0.018175367265939713,0.02161702699959278,0.01847340725362301,0.028319228440523148,0.04873938858509064,0.07687390595674515,0.15288619697093964
182.0,0.23211016563268808,0.054940206464380026,4.746214711944929,1.731468989298894,0.17314689892988938,0.23211016563268808,0.05896326469687315,0.05896326469687315,0.017788441851735115,0.017680568620562553,0.02098613791167736,0.01777360402047634,0.02705903723835945,0.04739366099238396,0.07731101661920547,0.21352918446063995
183.0,0.22994686319277838,0.04682674631476402,5.075752388983523,1.6445104709038367,0.16445104709038366,0.22994686319277838,0.06549581484152721,0.06549581484152721,0.017890673130750656,0.017654847353696823,0.02103275991976261,0.017998868599534035,0.02737116441130638,0.04720821976661682,0.07312703877687454,0.1523303985595703
184.0,0.23034315269726974,0.0825926591642201,4.884926283282509,1.699094987832583,0.16990949878325828,0.23034315269726974,0.060433653684762806,0.060433653684762806,0.018267372623085976,0.018283968791365623,0.021544361487030983,0.018229873850941658,0.028369765728712082,0.054376836866140366,0.09145717322826385,0.4102119207382202
185.0,0.22485420050529334,0.05156867974437773,4.81957246605155,1.6151841145295363,0.16151841145295365,0.22485420050529334,0.06333578406618191,0.06333578406618191,0.018245089799165726,0.01807008683681488,0.021452661603689194,0.018349675461649895,0.028043407946825027,0.04780905693769455,0.07600552588701248,0.1845739334821701
186.0,0.2246539844916417,0.05816598702222109,4.813759826796392,1.6530699684069707,0.16530699684069708,0.2246539844916417,0.0593469852151779,0.0593469852151779,0.017708757892251015,0.017605943605303764,0.020940667018294334,0.01771734654903412,0.02692093513906002,0.0471341647207737,0.07684993743896484,0.24045014381408691
187.0,0.2247334076808049,0.046976610785350204,5.079515963915611,1.5972122779259315,0.15972122779259318,0.2247334076808049,0.06501218132101573,0.06501218132101573,0.01787901110947132,0.01765310950577259,0.020985634997487068,0.017967700958251953,0.027211874723434448,0.04669191688299179,0.07155820727348328,0.15586543083190918
188.0,0.22818870727832502,0.06211550137959421,5.1027906685723385,1.6773655322881846,0.16773655322881845,0.22818870727832502,0.06045215419278695,0.06045215419278695,0.017355816438794136,0.01723773404955864,0.020511750131845474,0.017440909519791603,0.026377027854323387,0.046412449330091476,0.07437355816364288,0.27721476554870605
189.0,0.2313132704450534,0.055596549762412906,5.019508259253021,1.6975478667479296,0.16975478667479293,0.2313132704450534,0.06155848273864159,0.06155848273864159,0.018088912591338158,0.017949432134628296,0.021281681954860687,0.018215451389551163,0.02782798558473587,0.04798738285899162,0.07750380039215088,0.21591775119304657
190.0,0.23839774097387606,0.07148680137470365,4.959503556164092,1.7956797572282643,0.17956797572282646,0.23839774097387606,0.05882976003564321,0.05882976003564321,0.01761973835527897,0.017612138763070107,0.020836342126131058,0.0176993515342474,0.026934733614325523,0.04906553030014038,0.0812356024980545,0.3408909738063812
191.0,0.23374945670366287,0.05280177295207977,4.952810371566821,1.7125047216048608,0.17125047216048608,0.23374945670366287,0.06249897927045822,0.06249897927045822,0.018016392365098,0.017833508551120758,0.02115977741777897,0.018135055899620056,0.027691133320331573,0.047703858464956284,0.07574139535427094,0.1961330622434616
192.0,0.23284985698186433,0.06193032441660762,4.893383045190853,1.7366013343517597,0.173660133435176,0.23284985698186433,0.05918972036586358,0.05918972036586358,0.01742742955684662,0.017310619354248047,0.020575890317559242,0.017501331865787506,0.02655716799199581,0.046666260808706284,0.0753580704331398,0.27404582500457764
193.0,0.22998942893285018,0.053759762551635504,4.891022393422748,1.6829378238091102,0.16829378238091103,0.22998942893285018,0.061695645921505414,0.061695645921505414,0.018035193905234337,0.017870040610432625,0.021199146285653114,0.018169794231653214,0.027753474190831184,0.04783527925610542,0.07625153660774231,0.20296363532543182
194.0,0.22245730115817144,0.06523512862622738,4.892805465337654,1.6334050343586848,0.16334050343586848,0.22245730115817144,0.05911679723514961,0.05911679723514961,0.01746974140405655,0.01739449054002762,0.020633183419704437,0.01756063848733902,0.026636678725481033,0.04728522524237633,0.07727326452732086,0.2976278066635132
195.0,0.22173567918630746,0.0563916633836925,4.7037240982641375,1.5984133573678823,0.15984133573678824,0.22173567918630746,0.06189433943766814,0.06189433943766814,0.01841546967625618,0.018326571211218834,0.02167918160557747,0.018577657639980316,0.028754906728863716,0.05071175470948219,0.08362555503845215,0.21104221045970917
196.0,0.22107558812086398,0.06293523381464183,4.802380695285649,1.6291083189157338,0.1629108318915734,0.22107558812086398,0.05816475330637051,0.05816475330637051,0.017595527693629265,0.01750962622463703,0.02072686143219471,0.017664486542344093,0.02694416232407093,0.04813898354768753,0.0794745534658432,0.2754276692867279
197.0,0.2262058716553908,0.054066210286691785,4.898995263886382,1.6295320987701416,0.16295320987701414,0.2262058716553908,0.0632526596578268,0.0632526596578268,0.01807793788611889,0.017873352393507957,0.021299703046679497,0.018148839473724365,0.027607303112745285,0.048268090933561325,0.07216362655162811,0.20909082889556885
198.0,0.2337642850784155,0.05454420717433095,5.122435743810369,1.7265187501907349,0.17265187501907348,0.2337642850784155,0.06111240472931128,0.06111240472931128,0.018261855468153954,0.018182121217250824,0.021630259230732918,0.0184418186545372,0.028563015162944794,0.0511094368994236,0.0822838544845581,0.1978812962770462
199.0,0.2321288173015301,0.09297457803040743,5.064777835044941,1.7152071182544415,0.17152071182544415,0.2321288173015301,0.06060810645039265,0.06060810645039265,0.017754413187503815,0.017715834081172943,0.021279212087392807,0.017776060849428177,0.027391329407691956,0.05188792943954468,0.08477256447076797,0.5052192807197571
200.0,0.22930277654757866,0.10650612111203372,4.889017933195366,1.6465921493676992,0.16465921493676994,0.22930277654757866,0.06464356212661816,0.06464356212661816,0.0202170442789793,0.020380882546305656,0.02425317093729973,0.02089422009885311,0.03290245682001114,0.06486573070287704,0.09315603226423264,0.5753794312477112
201.0,0.24579283595085144,0.10365021554753184,5.1810515623215245,1.6007293325204115,0.16007293325204117,0.24579283595085144,0.08571990206837654,0.08571990206837654,0.01807665452361107,0.01808503456413746,0.021655570715665817,0.017998168244957924,0.028183091431856155,0.05511445179581642,0.09385375678539276,0.5762349963188171
202.0,0.2286701941719422,0.06551229697652161,4.909548870304914,1.5770987363962026,0.15770987363962027,0.2286701941719422,0.07096032139200431,0.07096032139200431,0.01850060373544693,0.018385866656899452,0.022035637870430946,0.01872101239860058,0.028552059084177017,0.0521206371486187,0.07471749186515808,0.2910650670528412
203.0,0.21986928352942833,0.1194709453266114,4.923011395037073,1.553312558394212,0.1553312558394212,0.21986928352942833,0.06453802465246274,0.06453802465246274,0.01862150803208351,0.018677588552236557,0.022262906655669212,0.018331637606024742,0.029457973316311836,0.06084080785512924,0.10604067146778107,0.681534469127655
204.0,0.2393560827924655,0.059325461741536856,4.969960161748045,1.6205801505308886,0.16205801505308887,0.2393560827924655,0.0772980680832496,0.0772980680832496,0.01816542260348797,0.018033292144536972,0.021581850945949554,0.018307263031601906,0.027784273028373718,0.04988180100917816,0.0727146565914154,0.24813513457775116
205.0,0.21632345020771027,0.11564888362772763,4.935841713117272,1.5826607529933636,0.15826607529933637,0.21632345020771027,0.05805737210007814,0.05805737210007814,0.018212614580988884,0.018250273540616035,0.021836142987012863,0.01803985796868801,0.028657495975494385,0.058126747608184814,0.09940209239721298,0.662665843963623
206.0,0.24587874229137713,0.056630093371495605,4.921529939077832,1.6787013411521912,0.16787013411521912,0.24587874229137713,0.07800860473742852,0.07800860473742852,0.018449077382683754,0.018380366265773773,0.021867377683520317,0.01856088452041149,0.02837386727333069,0.04905691742897034,0.07509113848209381,0.22326111793518066
207.0,0.22844130030045143,0.1152705333661288,5.006902547783075,1.714521472270672,0.17145214722706723,0.22844130030045143,0.05698915169789241,0.05698915169789241,0.0179836917668581,0.017970183864235878,0.021585125476121902,0.017861654981970787,0.028272073715925217,0.05633079633116722,0.09552683681249619,0.6666339039802551
208.0,0.24150467148193946,0.05546294152736664,5.103895796466184,1.5982974951083844,0.15982974951083845,0.24150467148193946,0.08167492082485786,0.08167492082485786,0.017994984984397888,0.017831698060035706,0.02127832919359207,0.018037835136055946,0.027381783351302147,0.04816991835832596,0.06910847127437592,0.22390051186084747
209.0,0.21155814367991227,0.12136870040558279,4.736463814581284,1.5645890190051153,0.15645890190051154,0.21155814367991227,0.05509923856991988,0.05509923856991988,0.01854206994175911,0.01861492544412613,0.022204020991921425,0.0183325856924057,0.029284406453371048,0.060127999633550644,0.10322407633066177,0.7006195187568665
210.0,0.23538942978932306,0.05716322339139879,4.965115620137194,1.548828968634972,0.15488289686349724,0.23538942978932306,0.08050652937247203,0.08050652937247203,0.018200499936938286,0.018088677898049355,0.021552765741944313,0.018269134685397148,0.02769865281879902,0.04830578342080116,0.07142006605863571,0.2337702065706253
211.0,0.20713696915369767,0.054309443570673466,4.614541033916925,1.516356532390301,0.1516356532390301,0.20713696915369767,0.055501311587599605,0.055501311587599605,0.018025122582912445,0.017961282283067703,0.021432748064398766,0.017945995554327965,0.027481108903884888,0.048346057534217834,0.07872235774993896,0.20456087589263916
212.0,0.2291672034905507,0.053961654426530004,4.861746253930795,1.547808064864232,0.15478080648642323,0.2291672034905507,0.07438639408120742,0.07438639408120742,0.01838616281747818,0.018263915553689003,0.02184823714196682,0.018461359664797783,0.028824474662542343,0.05094246566295624,0.08217158168554306,0.1927950382232666
213.0,0.2116642347895182,0.06090444326400757,4.7506782907872145,1.5504569090329683,0.15504569090329684,0.2116642347895182,0.056618538326942004,0.056618538326942004,0.017855890095233917,0.017812851816415787,0.021149015054106712,0.017877688631415367,0.027718503028154373,0.05265473201870918,0.08674478530883789,0.24542208015918732
214.0,0.22665335467228523,0.05556826898828149,5.185737963695204,1.5809689989456763,0.15809689989456763,0.22665335467228523,0.06855645059393002,0.06855645059393002,0.01775122433900833,0.017570367082953453,0.021082207560539246,0.0177985280752182,0.027273936197161674,0.04733167588710785,0.07296303659677505,0.2227751761674881
215.0,0.21696897939993784,0.07852819305844605,4.876816739551799,1.5655921881015484,0.15655921881015483,0.21696897939993784,0.0604097585265453,0.0604097585265453,0.017893793061375618,0.017928678542375565,0.02127368003129959,0.01786361075937748,0.027820026502013206,0.053077857941389084,0.08799080550670624,0.3843770921230316
216.0,0.21722286824996656,0.057266728254035115,4.780308019453411,1.5388373686717107,0.15388373686717108,0.21722286824996656,0.0633391273709444,0.0633391273709444,0.01824011653661728,0.018132498487830162,0.02159547060728073,0.01834653690457344,0.028163723647594452,0.04881804436445236,0.07648150622844696,0.22835592925548553
217.0,0.21386549335259658,0.05398964020423591,4.786328861573766,1.5348296486414397,0.15348296486414398,0.21386549335259658,0.060382528946949884,0.060382528946949884,0.01768365688621998,0.01759869046509266,0.02094845660030842,0.017671242356300354,0.027013450860977173,0.04749844968318939,0.07774655520915985,0.20575661957263947
218.0,0.21875948630846465,0.05496051884256303,5.047305129056547,1.5451166125444264,0.15451166125444266,0.21875948630846465,0.06424782597101651,0.06424782597101651,0.01790487766265869,0.01777370274066925,0.021212071180343628,0.0179937444627285,0.027457935735583305,0.04741058871150017,0.07346392422914505,0.21646730601787567
219.0,0.21423827570218307,0.08286462305113673,4.758240081087159,1.5397778015870314,0.15397778015870317,0.21423827570218307,0.06026049216206257,0.06026049216206257,0.017826763913035393,0.017873743548989296,0.02119418978691101,0.017785338684916496,0.02768499217927456,0.052550941705703735,0.08768625557422638,0.420314759016037
220.0,0.22044305274119744,0.05490645952522755,4.842026225437582,1.58856096634498,0.15885609663449804,0.22044305274119744,0.0615869528399064,0.0615869528399064,0.017924843356013298,0.01779116690158844,0.021215444430708885,0.01800161600112915,0.027392011135816574,0.04718334227800369,0.07279812544584274,0.2169451266527176
221.0,0.21605719052828276,0.05444543459452689,4.805743904991536,1.5744155874619117,0.15744155874619117,0.21605719052828276,0.058615630492568016,0.058615630492568016,0.017618080601096153,0.01753866672515869,0.02089078351855278,0.01761005073785782,0.026936382055282593,0.04725543409585953,0.07723715901374817,0.21047692000865936
222.0,0.21580299047323373,0.05408044927753508,4.953250220773231,1.5208071241011987,0.15208071241011986,0.21580299047323373,0.06372227519750595,0.06372227519750595,0.017763501033186913,0.017609739676117897,0.021018942818045616,0.017823476344347,0.027085591107606888,0.04677039012312889,0.07167767733335495,0.2128942757844925
223.0,0.2103561690220466,0.06280514900572598,4.980909851391738,1.497153653548314,0.1497153653548314,0.2103561690220466,0.060640802463659875,0.060640802463659875,0.017078550532460213,0.01701749861240387,0.0203668475151062,0.017156992107629776,0.0259229876101017,0.045402564108371735,0.07303740829229355,0.2864583432674408
224.0,0.2061941113609534,0.06594467209652066,4.628299159642898,1.4503049988013048,0.1450304998801305,0.2061941113609534,0.061163609131024435,0.061163609131024435,0.01828685961663723,0.018301645293831825,0.021693695336580276,0.018385587260127068,0.02849246747791767,0.05126515030860901,0.08426646888256073,0.2868655025959015
225.0,0.20150453941180155,0.06528375530615449,4.689901693744068,1.4382478548930242,0.14382478548930241,0.20150453941180155,0.057679752461039104,0.057679752461039104,0.017375487834215164,0.01737958937883377,0.02067330665886402,0.017437491565942764,0.026709536090493202,0.04877268522977829,0.08135257661342621,0.2925693690776825
226.0,0.21181449867211855,0.050557068549096584,4.929708968613053,1.4722287929975069,0.1472228792997507,0.21181449867211855,0.06459161954430434,0.06459161954430434,0.017877865582704544,0.017689498141407967,0.021190449595451355,0.01793578267097473,0.027250884100794792,0.047711510211229324,0.07256384193897247,0.1822367161512375
227.0,0.20961044270258683,0.06352197588421404,5.02922340215011,1.5079181790351868,0.15079181790351864,0.20961044270258683,0.05881862256389398,0.05881862256389398,0.01807510480284691,0.01805623061954975,0.021580297499895096,0.01821220852434635,0.02811303548514843,0.049578212201595306,0.07693280279636383,0.2776279151439667
228.0,0.2150745139672206,0.10490850592032075,5.043229532755764,1.5412688897206233,0.15412688897206234,0.2150745139672206,0.06094762195761387,0.06094762195761387,0.01814783178269863,0.018146274611353874,0.021716512739658356,0.018045654520392418,0.028476519510149956,0.05606524273753166,0.09595074504613876,0.5827192664146423
229.0,0.22110805144676796,0.0946787828579545,4.799550688104792,1.5586197559650128,0.15586197559650128,0.22110805144676796,0.06524606951727317,0.06524606951727317,0.019804270938038826,0.019881851971149445,0.02379470504820347,0.02037130668759346,0.03158097714185715,0.061471618711948395,0.08951704204082489,0.4910084903240204
230.0,0.23070942094692817,0.10361585393548012,5.143385670286321,1.4910284555875337,0.14910284555875336,0.23070942094692817,0.08160657091782643,0.08160657091782643,0.017854977399110794,0.017828984186053276,0.021427083760499954,0.017768237739801407,0.02791113592684269,0.053819965571165085,0.09098418056964874,0.581332266330719
231.0,0.21945949643850327,0.06769541930407286,5.02028138616738,1.4739626600192144,0.14739626600192146,0.21945949643850327,0.07206322825871982,0.07206322825871982,0.018319355323910713,0.01818341203033924,0.021859344094991684,0.01856090873479843,0.028235137462615967,0.05233363062143326,0.0727967694401741,0.31127479672431946
232.0,0.21289766637178567,0.12398464675061405,4.992824662658484,1.4693903097739587,0.14693903097739586,0.21289766637178567,0.06595863516514118,0.06595863516514118,0.01890249364078045,0.01901370845735073,0.022608866915106773,0.018565205857157707,0.030264845117926598,0.06255404651165009,0.11071749776601791,0.7092505097389221
233.0,0.22181486854186425,0.058555777883157134,4.833389449026338,1.4632728420771086,0.14632728420771085,0.22181486854186425,0.07548758330253455,0.07548758330253455,0.01847739703953266,0.018357770517468452,0.02201635017991066,0.01866293139755726,0.028559889644384384,0.05059579759836197,0.07665812969207764,0.23511795699596405
234.0,0.21265471554719484,0.10991101805120707,4.940347230478377,1.5266090493935804,0.15266090493935805,0.21265471554719484,0.05999380808610182,0.05999380808610182,0.017843402922153473,0.01790810190141201,0.021456798538565636,0.017766745761036873,0.028053371235728264,0.05517711862921715,0.09289798885583878,0.6281846165657043
235.0,0.22621744298017943,0.05245353071950376,4.943852203649913,1.4896981762005732,0.14896981762005734,0.22621744298017943,0.0772476253601221,0.0772476253601221,0.01827499270439148,0.018142037093639374,0.021713241934776306,0.018379775807261467,0.028030697256326675,0.04873931035399437,0.07321090251207352,0.1931372880935669
236.0,0.208020602281277,0.11538668838329613,4.966249941485123,1.5184237773601825,0.15184237773601825,0.208020602281277,0.05617822506106817,0.05617822506106817,0.018001435324549675,0.018045498058199883,0.021634714677929878,0.017894690856337547,0.028401905670762062,0.05612314119935036,0.09522119909524918,0.6677709221839905
237.0,0.23225242587236258,0.05239115213043988,5.043309899865501,1.5265517739149241,0.1526551773914924,0.23225242587236258,0.07959724504214066,0.07959724504214066,0.018222417682409286,0.018075434491038322,0.021599046885967255,0.018294623121619225,0.027796806767582893,0.04794543236494064,0.07055789977312088,0.19663755595684052
238.0,0.19887773749920037,0.11643097084015608,4.676294097062377,1.4392658105263343,0.14392658105263345,0.19887773749920037,0.054951153695583344,0.054951153695583344,0.018237309530377388,0.01832248456776142,0.021885618567466736,0.01807117648422718,0.028775645419955254,0.05768469348549843,0.09810121357440948,0.6703696250915527
239.0,0.22312285808416513,0.0523154167458415,5.0114133201427835,1.4264996785383959,0.1426499678538396,0.22312285808416513,0.08047288627578662,0.08047288627578662,0.01804179511964321,0.01787983998656273,0.02138703688979149,0.018109681084752083,0.027311600744724274,0.04766346514225006,0.06898130476474762,0.19914861023426056
240.0,0.1963752955198288,0.06184402690269053,4.385362400985691,1.4235596748498769,0.1423559674849877,0.1963752955198288,0.05401932691725401,0.05401932691725401,0.01920289546251297,0.019252946600317955,0.02300756238400936,0.019243251532316208,0.03047206439077854,0.05445321649312973,0.08891801536083221,0.24020226299762726
241.0,0.20217338777505434,0.10272639966569841,4.965308768981336,1.3572422357705922,0.13572422357705924,0.20217338777505434,0.06644916018614402,0.06644916018614402,0.018443984910845757,0.018452906981110573,0.02224602736532688,0.018240824341773987,0.029124926775693893,0.057948097586631775,0.09796471893787384,0.5593897104263306
242.0,0.20487835659430578,0.0828575287014246,5.071371569195801,1.3562879424828749,0.1356287942482875,0.20487835659430578,0.06924956034009273,0.06924956034009273,0.018268106505274773,0.018228789791464806,0.021761342883110046,0.01851198449730873,0.02802429348230362,0.05138219892978668,0.07672719657421112,0.429956316947937
243.0,0.20254979110681093,0.10693792393431067,4.927319993217062,1.33406767478356,0.133406767478356,0.20254979110681093,0.06914302334189415,0.06914302334189415,0.018740590661764145,0.018842274323105812,0.022555848583579063,0.01851215399801731,0.029643433168530464,0.05994271859526634,0.10448869317770004,0.5827776789665222
244.0,0.20346404497440046,0.056879404466599226,4.719669757509971,1.3957529251392071,0.1395752925139207,0.20346404497440046,0.06388875240316758,0.06388875240316758,0.01817586086690426,0.018088242039084435,0.021721282973885536,0.018233872950077057,0.027766508981585503,0.048463016748428345,0.07416380941867828,0.2284226417541504
245.0,0.19563191556013548,0.10330668231472373,4.915070800135254,1.350440731415382,0.13504407314153818,0.19563191556013548,0.0605878377190003,0.0605878377190003,0.018087051808834076,0.018139399588108063,0.02171127125620842,0.017961755394935608,0.0282093845307827,0.05433821305632591,0.0916609987616539,0.5763453841209412
246.0,0.20617230179218146,0.052018146961927414,4.991433583963508,1.3772662373689504,0.13772662373689507,0.20617230179218146,0.06844567235272664,0.06844567235272664,0.017990341410040855,0.017865197733044624,0.021373791620135307,0.018056603148579597,0.027134187519550323,0.0469413697719574,0.06739430129528046,0.19938938319683075
247.0,0.19295672613840836,0.10366675979457796,4.878895227696365,1.3575033866442168,0.13575033866442168,0.19295672613840836,0.0572063852674686,0.0572063852674686,0.019259894266724586,0.019303258508443832,0.023132309317588806,0.019094929099082947,0.030218366533517838,0.05827796831727028,0.09342658519744873,0.5666207671165466
248.0,0.22896424394387466,0.05798933235928416,5.073083189953683,1.5466135831979604,0.15466135831979605,0.22896424394387466,0.07430288654107314,0.07430288654107314,0.017924834042787552,0.01779693178832531,0.021329037845134735,0.017937112599611282,0.027141118422150612,0.046669382601976395,0.06918585300445557,0.24593038856983185
249.0,0.1988292817886059,0.11852771230041981,4.798750080400334,1.431113233933082,0.14311132339330818,0.1988292817886059,0.055717953838981114,0.055717953838981114,0.018655220046639442,0.0187437254935503,0.022343004122376442,0.018341392278671265,0.029727397486567497,0.05993933603167534,0.10405874252319336,0.6764128804206848
250.0,0.21189325933273023,0.06359360949136317,4.871646415150319,1.4074370585955107,0.14074370585955107,0.21189325933273023,0.07114955066488339,0.07114955066488339,0.018672015517950058,0.01860794425010681,0.022353172302246094,0.0188461821526289,0.02931489422917366,0.05250825360417366,0.07829339802265167,0.2701530158519745
251.0,0.21942927229862946,0.10999066825024784,5.029108121259984,1.5133802203031688,0.15133802203031688,0.21942927229862946,0.06809124837701137,0.06809124837701137,0.018594734370708466,0.018735047429800034,0.022243419662117958,0.01840001344680786,0.029258418828248978,0.05839485302567482,0.1013450175523758,0.6129538416862488
252.0,0.22268779919697687,0.06014629057608545,4.750109574820057,1.5325039212520306,0.15325039212520306,0.22268779919697687,0.06943740351842,0.06943740351842,0.01857144944369793,0.01843881979584694,0.022160209715366364,0.01875816285610199,0.02872292324900627,0.05056682974100113,0.07696081697940826,0.2469911128282547
253.0,0.20243438619833726,0.10922020650468767,4.896897079493636,1.4044519571157603,0.14044519571157604,0.20243438619833726,0.061989186761470944,0.061989186761470944,0.017962349578738213,0.018010102212429047,0.02156393602490425,0.01778845675289631,0.028257934376597404,0.05507880076766014,0.09322168678045273,0.6218783855438232
254.0,0.2117898504321392,0.05389486812055111,4.866128467420149,1.376112727018503,0.1376112727018503,0.2117898504321392,0.07417857475005664,0.07417857475005664,0.01829107664525509,0.018146812915802002,0.021764293313026428,0.018335677683353424,0.028060300275683403,0.048211801797151566,0.07299429178237915,0.2053546905517578
255.0,0.19574397745040747,0.11054828623309731,4.962270552502659,1.3899244207602282,0.13899244207602285,0.19574397745040747,0.05675153548900898,0.05675153548900898,0.01796148531138897,0.018027067184448242,0.021618502214550972,0.01785130426287651,0.02815965563058853,0.054831743240356445,0.09242755174636841,0.6335089802742004
256.0,0.2193803649682265,0.052760811522603035,5.004470603710388,1.4182856724812434,0.14182856724812434,0.2193803649682265,0.07755179817859943,0.07755179817859943,0.018175482749938965,0.0180292297154665,0.02154066227376461,0.01818693056702614,0.02763010561466217,0.04699151590466499,0.06957526504993439,0.20195730030536652
257.0,0.19762736215041235,0.1110940370708704,4.969753462206232,1.4337379198807936,0.14337379198807937,0.19762736215041235,0.05425356815640743,0.05425356815640743,0.018004458397626877,0.018086358904838562,0.021665891632437706,0.017899667844176292,0.028282683342695236,0.05523650720715523,0.0933392271399498,0.6362375020980835
258.0,0.22502573522237632,0.053320524748414755,5.097858039686143,1.462293945826017,0.1462293945826017,0.22502573522237632,0.078796342588388,0.078796342588388,0.018101491034030914,0.017931004986166954,0.02146006189286709,0.018179329112172127,0.027399176731705666,0.04738781228661537,0.06750718504190445,0.20859813690185547
259.0,0.20483759618722475,0.04187329672276974,4.7522333048988905,1.49364331135383,0.14936433113538303,0.20483759618722475,0.0554732634471013,0.0554732634471013,0.018052326515316963,0.01796327903866768,0.021434959024190903,0.017947252839803696,0.027614960446953773,0.04675932973623276,0.07456682622432709,0.11064743995666504
260.0,0.21366479419744933,0.05289069074206054,4.916269124418038,1.3942249692403352,0.13942249692403355,0.21366479419744933,0.074242296986855,0.074242296986855,0.018102649599313736,0.018006613478064537,0.02165258303284645,0.01813427545130253,0.028027450665831566,0.04823635518550873,0.0766361728310585,0.1943294256925583
261.0,0.19404703837174636,0.05116490134969354,4.930840373786946,1.357663828593034,0.1357663828593034,0.19404703837174636,0.05828065023972438,0.05828065023972438,0.01743856817483902,0.01738135889172554,0.02081119269132614,0.01740320585668087,0.026654867455363274,0.0462157167494297,0.0742325410246849,0.18918175995349884
262.0,0.20450521661685064,0.055377000477164984,5.061898713041306,1.3807805318098803,0.13807805318098804,0.20450521661685064,0.06642716349317478,0.06642716349317478,0.01786012016236782,0.01775377243757248,0.021376578137278557,0.017919600009918213,0.027544375509023666,0.046844732016325,0.07348056882619858,0.22023625671863556
263.0,0.1994773493363307,0.05121641792356968,4.9803186619708795,1.3747633420504057,0.13747633420504055,0.1994773493363307,0.06200100882695271,0.06200100882695271,0.01731143333017826,0.01723518781363964,0.02066905051469803,0.017295319586992264,0.026128150522708893,0.04433739557862282,0.0685645192861557,0.19819028675556183
264.0,0.2030461040826944,0.06606476195156574,4.898428290360773,1.3782937985200148,0.13782937985200147,0.2030461040826944,0.06521672411606862,0.06521672411606862,0.018203172832727432,0.018255872651934624,0.021841952577233315,0.018240349367260933,0.02852354384958744,0.05080682784318924,0.08207322657108307,0.2905731499195099
265.0,0.19283992969072783,0.0682833066675812,4.858135613920685,1.3267609110245338,0.1326760911024534,0.19283992969072783,0.06016383893214739,0.06016383893214739,0.01742824725806713,0.01750764437019825,0.02081521414220333,0.01744949258863926,0.026823097839951515,0.048449791967868805,0.0798279345035553,0.317965030670166
266.0,0.19824727796591246,0.05777114583179355,4.93693323197391,1.3253652224173913,0.13253652224173915,0.19824727796591246,0.06571075606804627,0.06571075606804627,0.018037980422377586,0.018021654337644577,0.021589042618870735,0.01809544861316681,0.027902882546186447,0.047765638679265976,0.07530120015144348,0.23545531928539276
267.0,0.20546386218987978,0.055520637426525354,5.002392214695859,1.4305288883355947,0.14305288883355946,0.20546386218987978,0.06241097071996102,0.06241097071996102,0.017266158014535904,0.0172397680580616,0.020646139979362488,0.017287161201238632,0.026239007711410522,0.04496144503355026,0.07085815817117691,0.22966726124286652
268.0,0.20480563778143662,0.05778168956749141,4.845832078790926,1.398715684047112,0.1398715684047112,0.20480563778143662,0.06493406599530807,0.06493406599530807,0.018099898472428322,0.018123310059309006,0.021665925160050392,0.018172612413764,0.028157345950603485,0.0485256090760231,0.07805770635604858,0.2314511090517044
269.0,0.19837883114814758,0.062318595591932535,4.8559023690186764,1.3655278636859014,0.13655278636859014,0.19837883114814758,0.061826043404065646,0.061826043404065646,0.017310788854956627,0.01736845076084137,0.020705662667751312,0.017357848584651947,0.026487311348319054,0.04665844887495041,0.0755411833524704,0.27711907029151917
270.0,0.193975156889512,0.05397671088576317,5.0767488925984185,1.3138182392487159,0.1313818239248716,0.193975156889512,0.0625933285516042,0.0625933285516042,0.017673665657639503,0.017615990713238716,0.021045809611678123,0.017737863585352898,0.026875685900449753,0.04526786878705025,0.0691460371017456,0.2164507657289505
271.0,0.19330599502875254,0.05606188136152923,5.015741165664948,1.3027630677590003,0.13027630677590002,0.19330599502875254,0.0630296881382282,0.0630296881382282,0.0171176977455616,0.017068060114979744,0.020427564159035683,0.017163611948490143,0.02583172358572483,0.04436388239264488,0.06702544540166855,0.23949706554412842
272.0,0.19542061709440672,0.06231050752103329,4.868192473112802,1.3324865469565759,0.1332486546956576,0.19542061709440672,0.06217196669716101,0.06217196669716101,0.018403027206659317,0.01845921017229557,0.022002600133419037,0.018430422991514206,0.028871549293398857,0.050808727741241455,0.08303679525852203,0.2584717273712158
273.0,0.19505784603265616,0.06265340372920036,4.7300123368370715,1.3488343908236577,0.13488343908236577,0.19505784603265616,0.060174405574798584,0.060174405574798584,0.017465000972151756,0.01754608564078808,0.020861396566033363,0.01751147024333477,0.026780445128679276,0.04760510474443436,0.07779527455568314,0.27566245198249817
274.0,0.19466920254322198,0.05010359734296799,4.995338636532305,1.330616634625655,0.13306166346256554,0.19466920254322198,0.06160753707473095,0.06160753707473095,0.017754752188920975,0.01765579544007778,0.021071147173643112,0.017813313752412796,0.02691545896232128,0.04589981585741043,0.06929361820220947,0.18442487716674805
275.0,0.1927565485239029,0.051737141562625766,4.992826357882256,1.3058775663375854,0.13058775663375854,0.1927565485239029,0.06216878931109722,0.06216878931109722,0.017179107293486595,0.017094455659389496,0.020415665581822395,0.017214836552739143,0.025877930223941803,0.044529955834150314,0.06658037006855011,0.20500481128692627
276.0,0.19071483612060547,0.06042836629785597,4.79801291977875,1.2888701053766103,0.12888701053766105,0.19071483612060547,0.061827824236108705,0.061827824236108705,0.018064264208078384,0.01812409982085228,0.021562619134783745,0.018134325742721558,0.02808293327689171,0.0481162890791893,0.07720285654067993,0.2541395425796509
277.0,0.18730210684812987,0.06616059900261462,4.826977325012982,1.283833567912762,0.1283833567912762,0.18730210684812987,0.0589187486240497,0.0589187486240497,0.01748180203139782,0.01757429912686348,0.020858339965343475,0.017532972618937492,0.026891155168414116,0.047473859041929245,0.07792644202709198,0.30354592204093933
278.0,0.18724639943012825,0.05305121233686805,4.932998799032101,1.2615995911451487,0.12615995911451486,0.18724639943012825,0.06108643802312704,0.06108643802312704,0.017757747322320938,0.017703644931316376,0.02114551141858101,0.017822813242673874,0.027095958590507507,0.04599639028310776,0.07029714435338974,0.20659048855304718
279.0,0.1882504098690473,0.05408576596528292,4.9842034485492555,1.2647783160209656,0.12647783160209658,0.1882504098690473,0.06177257459897261,0.06177257459897261,0.017118047922849655,0.01705584116280079,0.020390231162309647,0.017146442085504532,0.025750285014510155,0.04408915713429451,0.06652412563562393,0.22461199760437012
280.0,0.18759831270346275,0.06938738469034433,4.718466471349547,1.2574581182920015,0.12574581182920014,0.18759831270346275,0.061852498982961364,0.061852498982961364,0.01845479942858219,0.018564222380518913,0.0221010223031044,0.018465861678123474,0.029144637286663055,0.05247703194618225,0.08658523857593536,0.309306263923645
281.0,0.18660731728260332,0.06305910926312208,4.758346618741674,1.2733455552504613,0.1273345555250461,0.18660731728260332,0.05927275894926144,0.05927275894926144,0.017211347818374634,0.01725563406944275,0.020619578659534454,0.017255421727895737,0.02624581754207611,0.045552004128694534,0.07345269620418549,0.28688037395477295
282.0,0.18661121450937712,0.053307134192436934,4.769829759002506,1.2620082566371331,0.1262008256637133,0.18661121450937712,0.06041038752748416,0.06041038752748416,0.017917601391673088,0.01792251691222191,0.021390657871961594,0.01799224130809307,0.02772361785173416,0.04684600234031677,0.07478953897953033,0.20187489688396454
283.0,0.1815979887659733,0.06356467446312308,4.659992543119626,1.2464076555692232,0.12464076555692233,0.1815979887659733,0.056957220228818745,0.056957220228818745,0.01752571575343609,0.017634477466344833,0.02087945118546486,0.01757846772670746,0.02713150344789028,0.04843250662088394,0.08005928993225098,0.2792759835720062
284.0,0.18889440997288778,0.05231345468200743,4.997541222703731,1.2625507849913378,0.12625507849913378,0.18889440997288778,0.06263932986901356,0.06263932986901356,0.017643993720412254,0.017582999542355537,0.021046122536063194,0.017683301120996475,0.026830799877643585,0.045817404985427856,0.07030031830072403,0.20160269737243652
285.0,0.1900952412531926,0.05423811939544976,5.047843085405607,1.2856331788576567,0.12856331788576567,0.1900952412531926,0.06153192199193514,0.06153192199193514,0.017049062997102737,0.01699948124587536,0.0203560683876276,0.017053160816431046,0.0255496334284544,0.04365045949816704,0.0661889910697937,0.22705809772014618
286.0,0.18867697910620615,0.06371698551811278,4.718275096273194,1.2813075918417711,0.12813075918417713,0.18867697910620615,0.06054621705642113,0.06054621705642113,0.018160037696361542,0.018261898308992386,0.021755553781986237,0.018221575766801834,0.028490858152508736,0.050211869180202484,0.08234409987926483,0.2722899913787842
287.0,0.18326562069929564,0.06617889227345586,4.60059836820728,1.259228458771339,0.1259228458771339,0.18326562069929564,0.057342773876511134,0.057342773876511134,0.01739495061337948,0.017509346827864647,0.020786253735423088,0.017453594133257866,0.026903316378593445,0.048048291355371475,0.0796961560845375,0.30163922905921936
288.0,0.19203458783718255,0.05291641689836979,4.8811185138073165,1.3041312602850108,0.13041312602850105,0.19203458783718255,0.06162146163674501,0.06162146163674501,0.01770787313580513,0.017693255096673965,0.021176882088184357,0.017759522423148155,0.02712634764611721,0.046216290444135666,0.07279350608587265,0.20285765826702118
289.0,0.18781444315726942,0.059224994387477636,4.999063674193754,1.2973565344627087,0.12973565344627086,0.18781444315726942,0.058078786644798056,0.058078786644798056,0.017157545313239098,0.017196008935570717,0.020575299859046936,0.017190096899867058,0.026115475222468376,0.04527388513088226,0.0729430764913559,0.25734856724739075
290.0,0.19081348811204618,0.053661647252738476,5.0083924577956,1.2938134578558116,0.12938134578558114,0.19081348811204618,0.06143213865848688,0.06143213865848688,0.01761108823120594,0.01758088730275631,0.021031122654676437,0.017671318724751472,0.026798048987984657,0.04582028090953827,0.07098899036645889,0.21179144084453583
291.0,0.18753871493614638,0.05441434448584914,5.067728279528576,1.2731878023881178,0.1273187802388118,0.18753871493614638,0.060219932634096876,0.060219932634096876,0.017058325931429863,0.017012758180499077,0.02035217545926571,0.017096467316150665,0.025622965767979622,0.04421836882829666,0.06745544821023941,0.22649824619293213
292.0,0.19331271717181572,0.06644392223097384,4.8192988929519815,1.3100386903836176,0.13100386903836178,0.19331271717181572,0.062308842746111065,0.062308842746111065,0.018351934850215912,0.01848193258047104,0.022006092593073845,0.01838826946914196,0.0289286058396101,0.05189208686351776,0.08609425276517868,0.2874082028865814
293.0,0.19167508070285505,0.06108128488995135,5.074766499021686,1.3236907307918255,0.13236907307918255,0.19167508070285505,0.05930600215036135,0.05930600215036135,0.016946297138929367,0.016995469108223915,0.020358789712190628,0.016985097900032997,0.025686820968985558,0.04434923082590103,0.07014161348342896,0.27718695998191833
294.0,0.19244533146803194,0.052261888748034835,5.0672707733253715,1.2940708490518422,0.12940708490518424,0.19244533146803194,0.06303824140475346,0.06303824140475346,0.017712123692035675,0.01770644634962082,0.02113988809287548,0.0177941732108593,0.02712719887495041,0.04628372564911842,0.07222125679254532,0.19811029732227325
295.0,0.17929856708416572,0.05782621284015477,4.757362672695293,1.2319758832454681,0.1231975883245468,0.17929856708416572,0.05610097858768243,0.05610097858768243,0.018365144729614258,0.018417963758111,0.02200605347752571,0.018486030399799347,0.028731610625982285,0.04980466514825821,0.07893885672092438,0.22785937786102295
296.0,0.1822358759549948,0.10655324649997056,4.912628028242195,1.2395234245520372,0.12395234245520373,0.1822358759549948,0.05828353418753697,0.05828353418753697,0.018387295305728912,0.01845627836883068,0.022108132019639015,0.01815703697502613,0.029220107942819595,0.05747084692120552,0.10081087052822113,0.5878154039382935
297.0,0.19476731580037338,0.10570744588039815,5.1714347357604975,1.2468354243498583,0.12468354243498585,0.19476731580037338,0.0700837686084784,0.0700837686084784,0.01960800588130951,0.019715989008545876,0.023584172129631042,0.020140454173088074,0.03140992298722267,0.06095238775014877,0.09074515849351883,0.5795034766197205
298.0,0.20815796863574249,0.09765898087061942,5.200715567961385,1.2625812933995173,0.12625812933995173,0.20815796863574249,0.08189984181752571,0.08189984181752571,0.01767941191792488,0.017767583951354027,0.021352626383304596,0.017550509423017502,0.02761990576982498,0.05164201185107231,0.08719688653945923,0.5404629111289978
299.0,0.19069931025688464,0.07451526145450771,5.106271992607552,1.2091648097221668,0.12091648097221668,0.19069931025688464,0.06978283077478409,0.06978283077478409,0.01875716634094715,0.018659420311450958,0.02242143638432026,0.018983282148838043,0.0287534948438406,0.05328045412898064,0.07561014592647552,0.3596566915512085
300.0,0.19222890528348777,0.1142627689987421,5.0733355180266795,1.2489735117325416,0.12489735117325416,0.19222890528348777,0.06733155393829712,0.06733155393829712,0.01827872544527054,0.01837974414229393,0.021933602169156075,0.018033239990472794,0.029014835134148598,0.05705607309937477,0.09923771768808365,0.6521682143211365
301.0,0.19929630939777082,0.05677004694007337,5.0208103620012485,1.2292375725049238,0.12292375725049243,0.19929630939777082,0.07637254521250725,0.07637254521250725,0.018360218033194542,0.018234772607684135,0.021834509447216988,0.0184636227786541,0.028011657297611237,0.049515824764966965,0.07017622143030167,0.22956354916095734
302.0,0.17970974284868974,0.11327069369144738,5.04322441108812,1.2111822504263658,0.12111822504263658,0.17970974284868974,0.05859151625862488,0.05859151625862488,0.018083175644278526,0.018231255933642387,0.021780459210276604,0.01791721023619175,0.02873389609158039,0.056345295161008835,0.09651689231395721,0.6485573649406433
303.0,0.19816314772917673,0.05568063328973949,5.040093277744135,1.2012444619949048,0.12012444619949049,0.19816314772917673,0.07803869877870266,0.07803869877870266,0.018323983997106552,0.018223442137241364,0.02179211750626564,0.01843233034014702,0.027716925367712975,0.04876219853758812,0.06962420046329498,0.22256986796855927
304.0,0.1794606653543619,0.10430008010007441,4.942948487980209,1.23630690574646,0.12363069057464601,0.1794606653543619,0.055829972888414674,0.055829972888414674,0.017758231610059738,0.017878955230116844,0.021428890526294708,0.017710695043206215,0.027720937505364418,0.0525190569460392,0.08650100231170654,0.5928828716278076
305.0,0.20073163509368896,0.0557087124325335,5.073311514307207,1.2239598792332869,0.12239598792332868,0.20073163509368896,0.07833564138183227,0.07833564138183227,0.018315574154257774,0.01815614476799965,0.021708576008677483,0.018401693552732468,0.02777865156531334,0.04869544878602028,0.0675990879535675,0.22501452267169952
306.0,0.17422941327095032,0.109051579143852,4.937534987036391,1.184798891727741,0.11847988917277408,0.17422941327095032,0.05574952037288593,0.05574952037288593,0.01795276813209057,0.0181129053235054,0.02165812812745571,0.017871970310807228,0.028266118839383125,0.05468883737921715,0.09231015294790268,0.6215517520904541
307.0,0.20103125675366476,0.05565844499506056,5.139629761509145,1.2153360018363366,0.12153360018363366,0.20103125675366476,0.07949765657003109,0.07949765657003109,0.018029330298304558,0.01792210526764393,0.021396180614829063,0.018077988177537918,0.027015168219804764,0.04764969274401665,0.06668452173471451,0.22849257290363312
308.0,0.17522435578016135,0.11062420718371868,4.9314516863182085,1.2216027883382945,0.12216027883382943,0.17522435578016135,0.05306407522696715,0.05306407522696715,0.018139787018299103,0.018319206312298775,0.02182362973690033,0.018030237406492233,0.02864266373217106,0.05619523674249649,0.09571949392557144,0.62812340259552
309.0,0.20169379848700303,0.0551601976621896,4.8967432094550905,1.2559735224797175,0.12559735224797178,0.20169379848700303,0.07609644417579357,0.07609644417579357,0.01830596849322319,0.01829504780471325,0.02182096056640148,0.018387582153081894,0.027921052649617195,0.04799109324812889,0.07167569547891617,0.21688418090343475
310.0,0.1755454236498246,0.05480870557948947,4.715882517327524,1.2299742377721345,0.12299742377721347,0.1755454236498246,0.052547998583087556,0.052547998583087556,0.01901562325656414,0.019108779728412628,0.02282085083425045,0.01915060728788376,0.030068501830101013,0.05269206315279007,0.08293949067592621,0.1926737278699875
311.0,0.2036443014557545,0.11007206118665636,5.180441789775453,1.323776084643144,0.13237760846431437,0.2036443014557545,0.07126669155863616,0.07126669155863616,0.01870412938296795,0.018808644264936447,0.02270744927227497,0.01847129687666893,0.02987690456211567,0.05886344984173775,0.1006932407617569,0.6124513745307922
312.0,0.18789952706832153,0.06049297726713121,5.086452270499483,1.2222259159271534,0.12222259159271533,0.18789952706832153,0.06567693630663249,0.06567693630663249,0.017682455480098724,0.017585674300789833,0.021105561405420303,0.017751356586813927,0.026688026264309883,0.04715484380722046,0.0668182522058487,0.26915764808654785
313.0,0.17316763389569062,0.09332405123859644,5.083027687785892,1.1422086312220647,0.11422086312220646,0.17316763389569062,0.05894676882487077,0.05894676882487077,0.018159126862883568,0.018293563276529312,0.022009648382663727,0.017987966537475586,0.02859477885067463,0.0548035092651844,0.09476612508296967,0.4919776916503906
314.0,0.17914682569412085,0.09073246642947197,4.647170719998675,1.1738424117748554,0.11738424117748554,0.17914682569412085,0.06176257935854105,0.06176257935854105,0.01907949522137642,0.019206594675779343,0.023015886545181274,0.019427843391895294,0.029912956058979034,0.05789191275835037,0.08456844836473465,0.47275659441947937
315.0,0.19277351177655733,0.09151551383547485,4.9404862346617096,1.1834479157741253,0.11834479157741253,0.19277351177655733,0.074428718823653,0.074428718823653,0.017783040180802345,0.017897406592965126,0.021578270941972733,0.01765245571732521,0.02779015712440014,0.052139949053525925,0.08832161128520966,0.48896121978759766
316.0,0.17706274011960396,0.06963096396066248,4.761027579544042,1.1345795782712789,0.1134579578271279,0.17706274011960396,0.06360477753556691,0.06360477753556691,0.018513010814785957,0.018497463315725327,0.02225564792752266,0.018720775842666626,0.02839033678174019,0.05238904431462288,0.07660184055566788,0.32167959213256836
317.0,0.1838133048552733,0.09575912123546004,4.94453964170503,1.1968683898448944,0.11968683898448942,0.1838133048552733,0.06412646231743005,0.06412646231743005,0.017723705619573593,0.017838090658187866,0.021335193887352943,0.017627693712711334,0.027555884793400764,0.051231157034635544,0.08616010844707489,0.5266011357307434
318.0,0.18432795657561377,0.06297136470675468,4.937414402371211,1.1472329336863298,0.11472329336863298,0.18432795657561377,0.06960466217536193,0.06960466217536193,0.01835590973496437,0.01829526759684086,0.021971603855490685,0.018534282222390175,0.028030233457684517,0.05002123862504959,0.07282137125730515,0.27574101090431213
319.0,0.1760567185970453,0.10606501554138958,4.8075925641469,1.1794786499096797,0.11794786499096796,0.1760567185970453,0.058108848734543875,0.058108848734543875,0.018150240182876587,0.018322551622986794,0.0217540692538023,0.01797722466289997,0.028677191585302353,0.055518921464681625,0.09597096592187881,0.5921489596366882
320.0,0.1885015660753617,0.05581888626329601,4.80551163738462,1.1590383465473468,0.11590383465473468,0.1885015660753617,0.07259773147793916,0.07259773147793916,0.0183266568928957,0.018290283158421516,0.021875016391277313,0.018453478813171387,0.028116384521126747,0.04888419061899185,0.07313469797372818,0.21947038173675537
321.0,0.17209790016596133,0.10602047154679894,4.7415515658097,1.170774540075889,0.11707745400758889,0.17209790016596133,0.055020443808573946,0.055020443808573946,0.01804570108652115,0.018211619928479195,0.021660728380084038,0.017900465056300163,0.02842220477759838,0.05493619292974472,0.09353198856115341,0.5954548716545105
322.0,0.18488587324435896,0.05395052977837622,4.935082847306516,1.1092510567261622,0.11092510567261624,0.18488587324435896,0.07396076419032536,0.07396076419032536,0.018303783610463142,0.018255120143294334,0.021817682310938835,0.018411628901958466,0.027972161769866943,0.04826284572482109,0.07179359346628189,0.20678742229938507
323.0,0.16844301384228927,0.10350148659199476,4.784529747917878,1.1512918036717634,0.11512918036717636,0.16844301384228927,0.05331382957788614,0.05331382957788614,0.018085889518260956,0.01829260215163231,0.021695837378501892,0.018005823716521263,0.02839566580951214,0.0546751469373703,0.09175457060337067,0.5771063566207886
324.0,0.1907985067138305,0.05069902539253235,4.857973548260838,1.1675023298997145,0.11675023298997145,0.1907985067138305,0.07404827011319307,0.07404827011319307,0.018406059592962265,0.018360884860157967,0.021906191483139992,0.018509672954678535,0.028217652812600136,0.048238519579172134,0.07307856529951096,0.1788746565580368
325.0,0.16969737869042617,0.10542399575933814,4.744831834515176,1.1713709762463203,0.11713709762463204,0.16969737869042617,0.05256027914583683,0.05256027914583683,0.01810816116631031,0.018297811970114708,0.021721545606851578,0.018001727759838104,0.02842961996793747,0.05491676926612854,0.09228235483169556,0.5916339755058289
326.0,0.1858089933028588,0.050347169395536184,4.965578065441756,1.1067403990488787,0.11067403990488787,0.1858089933028588,0.07513495362721957,0.07513495362721957,0.018382955342531204,0.018337540328502655,0.021876230835914612,0.01848061941564083,0.028117092326283455,0.04787293076515198,0.07198236137628555,0.1777276247739792
327.0,0.16636442450376657,0.10236433800309896,4.779757740336738,1.1442507276168237,0.11442507276168237,0.16636442450376657,0.0519393514841795,0.0519393514841795,0.017974896356463432,0.018167385831475258,0.021604781970381737,0.01792776770889759,0.0280541330575943,0.05341235548257828,0.08867132663726807,0.5731020569801331
328.0,0.19281825824425772,0.05522398976609111,5.0968982216555805,1.1801564693450928,0.11801564693450928,0.19281825824425772,0.07480261159630922,0.07480261159630922,0.01829756796360016,0.01825793646275997,0.02180437184870243,0.018379615619778633,0.02783905901014805,0.04788931459188461,0.07157474011182785,0.21774931252002716
329.0,0.174274009007674,0.05416647274978459,4.699483094143753,1.2153004843455095,0.12153004843455095,0.174274009007674,0.05274396088833992,0.05274396088833992,0.01893678493797779,0.01896568574011326,0.022704599425196648,0.019129998981952667,0.029628615826368332,0.05122508481144905,0.08015239983797073,0.19258861243724823
330.0,0.18401549412653997,0.11426250613294542,5.198246472422726,1.1756934821605682,0.11756934821605683,0.18401549412653997,0.06644614212788068,0.06644614212788068,0.01865358091890812,0.018723107874393463,0.02266504243016243,0.018456261605024338,0.029737122356891632,0.058866363018751144,0.09992554038763046,0.6470730304718018
331.0,0.1952933921263768,0.04788101860322058,5.156313959308089,1.2577082514762878,0.1257708251476288,0.1952933921263768,0.06952256594712918,0.06952256594712918,0.016886087134480476,0.016664832830429077,0.020050860941410065,0.016846198588609695,0.025058429688215256,0.04357399046421051,0.06285236030817032,0.18111538887023926
332.0,0.19089703319164422,0.05569481640122831,4.809020568444113,1.1603457033634186,0.11603457033634187,0.19089703319164422,0.07486246010431877,0.07486246010431877,0.01811901479959488,0.018144642934203148,0.021794985979795456,0.018093880265951157,0.02825699746608734,0.04850522428750992,0.07811586558818817,0.2145279198884964
333.0,0.17214417056395456,0.06469423533417284,4.474152270727677,1.1434592444163103,0.11434592444163102,0.17214417056395456,0.05779823918755238,0.05779823918755238,0.018434450030326843,0.018514206632971764,0.022215377539396286,0.018486572429537773,0.029038438573479652,0.05097779631614685,0.08157400041818619,0.2783130407333374
334.0,0.1717427487556751,0.06237491546198726,4.82813591622026,1.1412920309947088,0.11412920309947087,0.1717427487556751,0.05761354516905088,0.05761354516905088,0.017921919003129005,0.01791669987142086,0.021579522639513016,0.017930099740624428,0.027658658102154732,0.04755639657378197,0.07343342900276184,0.2750025987625122
335.0,0.17732906341552734,0.06445104442536831,4.944532154307097,1.1732534926671248,0.1173253492667125,0.17732906341552734,0.060003710767397515,0.060003710767397515,0.017305029556155205,0.017363931983709335,0.020631635561585426,0.017322635278105736,0.026583926752209663,0.04823436215519905,0.07843843102455139,0.28972840309143066
336.0,0.1947017994064551,0.06651173764839768,5.083263849866386,1.2404360817028925,0.12404360817028927,0.1947017994064551,0.0706581871670026,0.0706581871670026,0.017721468582749367,0.01784173958003521,0.021387271583080292,0.017701629549264908,0.027423832565546036,0.04736680909991264,0.0770607590675354,0.3055903911590576
337.0,0.17894241614983633,0.06402649451047182,4.896767364970701,1.2056327783144438,0.12056327783144437,0.17894241614983633,0.05837913530950363,0.05837913530950363,0.017038067802786827,0.01710611581802368,0.020504610612988472,0.017001871019601822,0.026000112295150757,0.04554359242320061,0.07278643548488617,0.29623115062713623
338.0,0.18180892845759025,0.06999523611739278,4.983694816395178,1.1591599033429072,0.11591599033429073,0.18180892845759025,0.06589293651855908,0.06589293651855908,0.018068505451083183,0.01823440007865429,0.021843213587999344,0.018075060099363327,0.028125561773777008,0.05022408813238144,0.08246611803770065,0.322924941778183
339.0,0.17935937643051147,0.06488777347840369,4.8450951949651335,1.1946243597910955,0.11946243597910952,0.17935937643051147,0.05989693950575132,0.05989693950575132,0.017392581328749657,0.017509041354060173,0.020895469933748245,0.017409203574061394,0.02670148015022278,0.047240134328603745,0.07879434525966644,0.29315993189811707
340.0,0.17867257847235754,0.0681203214917332,5.007036542477379,1.1297102249585664,0.11297102249585665,0.17867257847235754,0.06570155288164432,0.06570155288164432,0.017722658812999725,0.017826519906520844,0.021462876349687576,0.017727559432387352,0.02731260284781456,0.04739309474825859,0.074801504611969,0.3207157552242279
341.0,0.1746864399084678,0.05605704849585891,4.9785918341407545,1.1152572265038123,0.11152572265038124,0.1746864399084678,0.06316071533812927,0.06316071533812927,0.016942614689469337,0.016938960179686546,0.020311487838625908,0.01687031425535679,0.025595325976610184,0.044585250318050385,0.06827279180288315,0.23893964290618896
342.0,0.18111130824455848,0.06587218283675611,4.96991553176227,1.1721523266572218,0.11721523266572216,0.18111130824455848,0.0638960748910904,0.0638960748910904,0.01823793351650238,0.018369941040873528,0.02195066213607788,0.01827153190970421,0.028217311948537827,0.04926775395870209,0.07831334322690964,0.29434898495674133
343.0,0.17923267071063703,0.06392641086131334,5.009534953745364,1.150434482556123,0.11504344825561233,0.17923267071063703,0.06418921626531161,0.06418921626531161,0.01759945973753929,0.017712591215968132,0.02105085924267769,0.01762382686138153,0.02693248726427555,0.047697409987449646,0.0790795236825943,0.2837151288986206
344.0,0.18363544230277723,0.07352442527189851,5.182246923699195,1.1569805191113398,0.115698051911134,0.18363544230277723,0.06793739188175935,0.06793739188175935,0.017884423956274986,0.01798561029136181,0.02168380655348301,0.0179069172590971,0.02764521911740303,0.048713650554418564,0.07680109888315201,0.35957467555999756
345.0,0.19756899774074554,0.05611413414590061,5.124589307971563,1.3120288665478046,0.13120288665478047,0.19756899774074554,0.0663661056986222,0.0663661056986222,0.016818897798657417,0.016844673082232475,0.02023889683187008,0.016718577593564987,0.025469940155744553,0.04455731064081192,0.06908535957336426,0.23917941749095917
346.0,0.18355439144831437,0.06398698827251792,4.91543957181081,1.1678261619347792,0.1167826161934779,0.18355439144831437,0.06677177405128112,0.06677177405128112,0.017738498747348785,0.01786518096923828,0.021357346326112747,0.01778578571975231,0.027141345664858818,0.04744878038764,0.07466427236795425,0.28789469599723816
347.0,0.17932737217499659,0.05354702193289995,5.121697929647193,1.1374812492957482,0.11374812492957484,0.17932737217499659,0.0655792484489771,0.0655792484489771,0.01723274402320385,0.017261268571019173,0.020559467375278473,0.017259681597352028,0.0257903803139925,0.0449972040951252,0.0694350153207779,0.2158404141664505
348.0,0.1799050082380955,0.06266762805171311,5.101368816654931,1.136456393278562,0.11364563932785622,0.1799050082380955,0.06625937011379462,0.06625937011379462,0.017785251140594482,0.017867999151349068,0.02150348201394081,0.01774887554347515,0.027492733672261238,0.04700920358300209,0.07406553626060486,0.2778679430484772
349.0,0.17892019507976678,0.061176480958238244,5.066190992736892,1.1460613287412202,0.11460613287412205,0.17892019507976678,0.06431406277876633,0.06431406277876633,0.016883201897144318,0.016955938190221786,0.020299294963479042,0.01679532416164875,0.025820298120379448,0.04589651897549629,0.07222716510295868,0.27453410625457764
350.0,0.18396919965744019,0.06248640734702349,4.950566410862576,1.1944869710848882,0.11944869710848885,0.18396919965744019,0.06452049744816926,0.06452049744816926,0.018127573654055595,0.018275437876582146,0.021821824833750725,0.01812729611992836,0.028079209849238396,0.04891882464289665,0.07927824556827545,0.26726284623146057
351.0,0.18195743285692656,0.06081952271051705,4.923354458472274,1.1943683119920583,0.11943683119920584,0.18195743285692656,0.06252060028222892,0.06252060028222892,0.017476268112659454,0.017576878890395164,0.020945066586136818,0.01745854690670967,0.02666972391307354,0.046347588300704956,0.0756700336933136,0.2644120752811432
352.0,0.18073823761481506,0.06512192450463772,4.932805372793311,1.215343257555595,0.12153432575555947,0.18073823761481506,0.05920391157269478,0.05920391157269478,0.018060557544231415,0.018162358552217484,0.02177635207772255,0.018054721876978874,0.027892673388123512,0.04841352999210358,0.07743491977453232,0.291180282831192
353.0,0.1896529679115002,0.05901761585846543,5.081088569643475,1.2779859900474548,0.1277985990047455,0.1896529679115002,0.061854369938373566,0.061854369938373566,0.017326034605503082,0.017419368028640747,0.02080850675702095,0.017311232164502144,0.026388069614768028,0.04553657025098801,0.0731281265616417,0.2542230188846588
354.0,0.17749809416440818,0.06476220488548279,4.858210684032762,1.1827056201604695,0.11827056201604698,0.17749809416440818,0.0592275307728694,0.0592275307728694,0.017988350242376328,0.018173780292272568,0.02172054722905159,0.01797117479145527,0.027932586148381233,0.0491357296705246,0.080472931265831,0.2847025394439697
355.0,0.17728676417699227,0.059571051970124245,4.92614674809278,1.1710875080182002,0.11710875080182004,0.17728676417699227,0.06017801265877027,0.06017801265877027,0.017268728464841843,0.017386984080076218,0.020761992782354355,0.017238842323422432,0.02634422294795513,0.046024564653635025,0.0743655189871788,0.25717756152153015
356.0,0.1684568736415643,0.058154400205239654,4.821636907058119,1.0993073651423821,0.10993073651423822,0.1684568736415643,0.058526135981082916,0.058526135981082916,0.017878757789731026,0.017964808270335197,0.02153143286705017,0.017869459465146065,0.027493048459291458,0.047055549919605255,0.07519985735416412,0.24024228751659393
357.0,0.1642884497459118,0.05810277326963842,4.989870070005712,1.051176327925462,0.10511763279254618,0.1642884497459118,0.05917081437431849,0.05917081437431849,0.01727708801627159,0.017386307939887047,0.020721305161714554,0.017255673184990883,0.02642299048602581,0.04645725339651108,0.07486482709646225,0.24443674087524414
358.0,0.17065031482623175,0.062305100029334426,4.887004871820588,1.0979644105984614,0.10979644105984615,0.17065031482623175,0.06085387273476674,0.06085387273476674,0.01798996888101101,0.018140677362680435,0.021708300337195396,0.017942816019058228,0.027852462604641914,0.04890263453125954,0.07968214899301529,0.2662217915058136
359.0,0.1642491863324092,0.05984633578918874,4.850799951338092,1.0629406686012561,0.10629406686012562,0.1642491863324092,0.05795511918572279,0.05795511918572279,0.01738198660314083,0.01750597544014454,0.02088436484336853,0.017342183738946915,0.0265981275588274,0.046885423362255096,0.07660021632909775,0.2555724084377289
