epoch,train_loss,val_window_mae_kwh,grad_norm,l_state,w_state,loss,l_window,w_window,val_mae_soc_event_0.1,val_mae_soc_event_0.2,val_mae_soc_event_0.5,val_mae_time_60s,val_mae_time_120s,val_mae_time_300s,val_mae_time_600s,val_mae_full_trip
0.0,2.1459188644702616,0.35330210952088237,5.321223542389442,18.72295309947087,1.8722953099470876,2.1459188644702616,0.273623546728721,0.273623546728721,0.03428809344768524,0.03520034998655319,0.0395311638712883,0.03106880933046341,0.06214701011776924,0.15721577405929565,0.3016054630279541,2.16536021232605
1.0,1.9898926065518305,0.161885061301291,5.765370923384456,18.457750173715446,1.8457750173715444,1.9898926065518305,0.14411753903214747,0.14411753903214747,0.023139726370573044,0.024034658446907997,0.025922153145074844,0.021921129897236824,0.0403074212372303,0.08975096791982651,0.1580440104007721,0.9119604229927063
2.0,1.949985696719243,0.26077660359442234,6.597309092579708,17.661508486821102,1.7661508486821103,1.949985696719243,0.18383483989880636,0.18383483989880636,0.02689865417778492,0.02771693654358387,0.03106636554002762,0.024360500276088715,0.0472392775118351,0.11628279834985733,0.21588802337646484,1.5967602729797363
3.0,1.7493930825820336,0.10485293343663216,5.410183718595643,16.268853224240818,1.6268853224240816,1.7493930825820336,0.12250773837933174,0.12250773837933174,0.0190291628241539,0.019404392689466476,0.020642125979065895,0.01750345714390278,0.02990107238292694,0.06401927024126053,0.11297666281461716,0.5553473234176636
4.0,1.6052871942520142,0.15402018348686397,6.174539493607954,15.165504345527062,1.5165504345527063,1.6052871942520142,0.08873673671713242,0.08873673671713242,0.020190363749861717,0.020863709971308708,0.023331042379140854,0.018329238519072533,0.032871879637241364,0.07240476459264755,0.1278342306613922,0.9163362383842468
5.0,1.570481110077638,0.08459980878978968,5.810000495169182,14.545566998995268,1.4545566998995267,1.570481110077638,0.11592439762674846,0.11592439762674846,0.01855733059346676,0.019159382209181786,0.019668474793434143,0.018086448311805725,0.02961837872862816,0.06335099041461945,0.1010042130947113,0.4073532521724701
6.0,1.5041268101105323,0.10934394015930593,5.832120056948957,14.14531891162579,1.4145318911625788,1.5041268101105323,0.08959487510415223,0.08959487510415223,0.01827990449965,0.01876644231379032,0.02018403261899948,0.017162984237074852,0.028631944209337234,0.0609876811504364,0.11364369839429855,0.5970948338508606
7.0,1.4656009719921992,0.11524828313849866,6.409095792984222,13.72302400148832,1.3723024001488315,1.4656009719921992,0.0932985357940197,0.0932985357940197,0.01770065166056156,0.018026143312454224,0.019282974302768707,0.01624874770641327,0.026790637522935867,0.0563485324382782,0.09401228278875351,0.673576295375824
8.0,1.4671126512380748,0.1925627903547138,7.523609590348551,13.352878717275766,1.3352878717275767,1.4671126512380748,0.1318247768168266,0.1318247768168266,0.023433083668351173,0.024028001353144646,0.025984106585383415,0.023153264075517654,0.04188193753361702,0.09814077615737915,0.16816900670528412,1.1357121467590332
9.0,1.43882993551401,0.3301744256168604,8.18563628048034,12.982891229482798,1.2982891229482796,1.43882993551401,0.14054081932856485,0.14054081932856485,0.032353222370147705,0.032820336520671844,0.037061575800180435,0.030867800116539,0.05928138270974159,0.14835938811302185,0.3029475510120392,1.9977041482925415
10.0,1.5128762951264014,0.12432262348011136,7.876368332985011,12.771807010357197,1.27718070103572,1.5128762951264014,0.23569557729821938,0.23569557729821938,0.024443943053483963,0.024768734350800514,0.027932006865739822,0.02383914776146412,0.04304550588130951,0.09181204438209534,0.1461680680513382,0.6125715374946594
11.0,1.3515346829707806,0.18132219533436,6.798170738439527,12.560948995443491,1.256094899544349,1.3515346829707806,0.09543975729208726,0.09543975729208726,0.02158714085817337,0.022381888702511787,0.024903686717152596,0.020301690325140953,0.03648953512310982,0.08331470191478729,0.15185613930225372,1.0897427797317505
12.0,1.3336915694750273,0.16288474760949612,6.33400596755333,12.403760286477896,1.2403760286477898,1.3336915694750273,0.09331549417514068,0.09331549417514068,0.029707420617341995,0.03047897294163704,0.03407207876443863,0.028511490672826767,0.05326550826430321,0.12170914560556412,0.23743879795074463,0.7678945660591125
13.0,1.3929786429955409,0.18067099899053574,6.5912406747498276,12.375302864955021,1.2375302864955025,1.3929786429955409,0.1554483352945401,0.1554483352945401,0.02052399516105652,0.020915985107421875,0.023383472114801407,0.019127093255519867,0.03430671617388725,0.08017569035291672,0.1502683460712433,1.096666693687439
14.0,1.3213249376186957,0.1338431395124644,6.257592718668245,11.98106131186852,1.1981061311868522,1.3213249376186957,0.12321876132717499,0.12321876132717499,0.022566748782992363,0.02315386012196541,0.02527717314660549,0.02189968340098858,0.03869889676570892,0.08763645589351654,0.15989719331264496,0.691615104675293
15.0,1.2650245015437787,0.19634340540505946,6.229883663875052,11.860424188467173,1.1860424188467174,1.2650245015437787,0.07898205088881347,0.07898205088881347,0.02150006964802742,0.02204756997525692,0.02437727339565754,0.019875051453709602,0.0362098403275013,0.08519923686981201,0.1631850302219391,1.1983531713485718
16.0,1.3035283111608946,0.09795737359672785,6.218343845920997,11.557718221957867,1.1557718221957867,1.3035283111608946,0.14775648426551086,0.14775648426551086,0.020428553223609924,0.021032210439443588,0.02261931635439396,0.019814463332295418,0.03429371863603592,0.07643916457891464,0.1342834085226059,0.45474815368652344
17.0,1.2154071537347941,0.12480148603208363,5.895838034076454,11.362114081015953,1.1362114081015955,1.2154071537347941,0.07919572150477996,0.07919572150477996,0.017980340868234634,0.018495945259928703,0.0201742984354496,0.01652989536523819,0.027591418474912643,0.05909133702516556,0.09876780956983566,0.739780843257904
18.0,1.2150178459974437,0.13905216148123145,5.899100683519065,11.07404061464163,1.107404061464163,1.2150178459974437,0.10761376155110505,0.10761376155110505,0.02204090729355812,0.022651368752121925,0.02390388213098049,0.021438896656036377,0.03696906566619873,0.08255191892385483,0.15236343443393707,0.7504978179931641
19.0,1.1758405657914968,0.18303495622240007,6.245773599771743,10.822680143209604,1.0822680143209604,1.1758405657914968,0.09357254493695039,0.09357254493695039,0.02068178355693817,0.021159488707780838,0.02339712344110012,0.0191522017121315,0.034261304885149,0.07935481518507004,0.1508055031299591,1.1154674291610718
20.0,1.1735023902012751,0.09442013106308877,6.111325984307701,10.485102561803965,1.0485102561803965,1.1735023902012751,0.1249921230169443,0.1249921230169443,0.02040559984743595,0.021113168448209763,0.022490931674838066,0.019849060103297234,0.03393620625138283,0.07560441642999649,0.1371772438287735,0.42478442192077637
21.0,1.1081503950632536,0.1040504474658519,6.079110720507716,10.26433121241056,1.0264331212410558,1.1081503950632536,0.08171724957915452,0.08171724957915452,0.017230436205863953,0.01773042604327202,0.01901109702885151,0.01640194281935692,0.025539644062519073,0.05313364416360855,0.08621041476726532,0.5971459746360779
22.0,1.0922740353987768,0.15140377450734377,5.829941801777047,9.919490245672373,0.9919490245672373,1.0922740353987768,0.10032497804898483,0.10032497804898483,0.02315443381667137,0.023768426850438118,0.025325186550617218,0.022543156519532204,0.039185427129268646,0.08848641812801361,0.16573017835617065,0.8230369687080383
23.0,1.0632870976741498,0.1528148369397968,6.355485832473063,9.64784941306481,0.9647849413064811,1.0632870976741498,0.09850212215231015,0.09850212215231015,0.01919894479215145,0.01959506794810295,0.021576065570116043,0.017892317846417427,0.030391184613108635,0.06845562905073166,0.12527309358119965,0.9201363921165466
24.0,1.042201239329118,0.108609180431813,6.0825703535514855,9.313430107556856,0.9313430107556856,1.042201239329118,0.11085820713868508,0.11085820713868508,0.020794454962015152,0.021449677646160126,0.022865936160087585,0.020341433584690094,0.03464470058679581,0.07746826112270355,0.14185349643230438,0.5294554829597473
25.0,0.9851009593560145,0.08041209424845874,5.924470662289332,9.013775330323439,0.9013775330323441,0.9851009593560145,0.08372340695216106,0.08372340695216106,0.017007410526275635,0.017379356548190117,0.018372081220149994,0.016521031036973,0.02497894875705242,0.049685657024383545,0.0771494135260582,0.42220285534858704
26.0,0.962030848631492,0.15983770973980427,6.046959287534946,8.678940387872549,0.8678940387872551,0.962030848631492,0.09413679832449326,0.09413679832449326,0.02303954027593136,0.023583615198731422,0.02515419013798237,0.022522764280438423,0.03917037323117256,0.08866006880998611,0.1605704426765442,0.8960006833076477
27.0,0.9402286181083093,0.13711943663656712,6.175051522333911,8.38487381201524,0.8384873812015241,0.9402286181083093,0.10174123312418278,0.10174123312418278,0.01864658296108246,0.019052788615226746,0.020755628123879433,0.017681896686553955,0.02879497967660427,0.06350346654653549,0.11432493478059769,0.8141952157020569
28.0,0.9005839091080886,0.09913198836147785,5.843805850217614,8.021626050655659,0.8021626050655659,0.9005839091080886,0.09842129968679868,0.09842129968679868,0.02021770179271698,0.0207465048879385,0.021587306633591652,0.019753240048885345,0.03230980038642883,0.07143077999353409,0.13031160831451416,0.47669896483421326
29.0,0.8505549362072578,0.07630891096778214,5.847005767218647,7.6848128758944,0.76848128758944,0.8505549362072578,0.08207363320084718,0.08207363320084718,0.016880342736840248,0.01736646145582199,0.018406977877020836,0.01643391326069832,0.025051897391676903,0.050304993987083435,0.08081281930208206,0.3852138817310333
30.0,0.8099533525797037,0.137399380793795,5.696735838703016,7.272841600271372,0.7272841600271372,0.8099533525797037,0.08266917644785,0.08266917644785,0.021514596417546272,0.021888956427574158,0.02283857762813568,0.020902439951896667,0.035420726984739304,0.07792355120182037,0.14016085863113403,0.7585453391075134
31.0,0.7975927935196803,0.14127706410363317,6.223645240200402,7.0450071554917555,0.7045007155491756,0.7975927935196803,0.09309206071954507,0.09309206071954507,0.018865054473280907,0.019244004040956497,0.021046314388513565,0.01784290373325348,0.029262742027640343,0.06524889171123505,0.11778871715068817,0.8409178853034973
32.0,0.7906024845746847,0.06068666698411107,6.105162852704344,6.907062457158015,0.6907062457158015,0.7906024845746847,0.09989623438853484,0.09989623438853484,0.018049107864499092,0.01853272318840027,0.019321521744132042,0.017804333940148354,0.027667520567774773,0.059462156146764755,0.09941104799509048,0.2252449244260788
33.0,0.7772165399331313,0.08003176562488079,6.088250824888803,7.094806249325092,0.7094806249325092,0.7772165399331313,0.0677359032516296,0.0677359032516296,0.01706245169043541,0.017505263909697533,0.018542667850852013,0.01668671891093254,0.024939581751823425,0.0497293658554554,0.08021841198205948,0.4155696630477905
34.0,0.7039175067956631,0.10060400143265724,5.631287005099393,6.1654819158407355,0.6165481915840737,0.7039175067956631,0.0873692949803976,0.0873692949803976,0.019502272829413414,0.019690779969096184,0.02036347985267639,0.01900753378868103,0.030274640768766403,0.0646335706114769,0.11156687885522842,0.5197928547859192
35.0,0.6723883427106417,0.14802309521473944,5.806743635182266,5.989165012653057,0.5989165012653058,0.6723883427106417,0.07347184075759007,0.07347184075759007,0.019220517948269844,0.0196244940161705,0.02142413891851902,0.018439259380102158,0.029810452833771706,0.06664754450321198,0.12351524084806442,0.8855031132698059
36.0,0.717811827476208,0.0606840243563056,6.293828994044806,6.157769670853248,0.6157769670853248,0.717811827476208,0.10203485391460933,0.10203485391460933,0.017836445942521095,0.018208421766757965,0.019080262631177902,0.01760421320796013,0.026976654306054115,0.05689007416367531,0.09349726140499115,0.23537886142730713
37.0,0.6155707240104675,0.07062502042390406,5.675910113043397,5.485186228385339,0.5485186228385339,0.6155707240104675,0.06705209842095008,0.06705209842095008,0.018832044675946236,0.0191633477807045,0.02027573250234127,0.018586719408631325,0.029248710721731186,0.0615280382335186,0.11060062050819397,0.2867649495601654
38.0,0.6103117855695578,0.09497097600251436,5.725118815463925,5.304773880885198,0.5304773880885197,0.6103117855695578,0.07983438899883857,0.07983438899883857,0.017506001517176628,0.017954234033823013,0.019017832353711128,0.017134808003902435,0.02545538917183876,0.0508599579334259,0.08817970007658005,0.523659884929657
39.0,0.5583590853672761,0.1475953347980976,5.522960688652716,4.715972047585708,0.4715972047585708,0.5583590853672761,0.08676186261268762,0.08676186261268762,0.02118537575006485,0.02134861797094345,0.022496642544865608,0.020814666524529457,0.0346272774040699,0.07789425551891327,0.13499726355075836,0.847398579120636
40.0,0.5187214830747018,0.1411533821374178,5.673160747969299,4.381752995344309,0.4381752995344309,0.5187214830747018,0.08054617305214588,0.08054617305214588,0.01898130029439926,0.019440943375229836,0.021111659705638885,0.018336351960897446,0.029002534225583076,0.06482618302106857,0.11860242486000061,0.8389256596565247
41.0,0.5016888689536315,0.06004603230394423,5.604858745557743,4.003329396247864,0.40033293962478644,0.5016888689536315,0.10135592405612652,0.10135592405612652,0.018005957826972008,0.01831708289682865,0.019147658720612526,0.01791393756866455,0.027246080338954926,0.05659497529268265,0.0926801785826683,0.23046238720417023
42.0,0.4529965508442659,0.08486293535679579,5.285320465630234,3.90102834884937,0.390102834884937,0.4529965508442659,0.06289370472614582,0.06289370472614582,0.017687149345874786,0.01795174367725849,0.019000371918082237,0.017410030588507652,0.025517957285046577,0.050293900072574615,0.08208485692739487,0.4489574730396271
43.0,0.4511687675347695,0.10151787963695824,5.6899651132905555,3.658070821028489,0.36580708210284896,0.4511687675347695,0.08536167729359406,0.08536167729359406,0.01933538168668747,0.019362272694706917,0.02015829086303711,0.019051341339945793,0.029966721311211586,0.0630660131573677,0.10626968741416931,0.53493332862854
44.0,0.442706245642442,0.1601109227631241,5.689287706629666,3.5525641533044667,0.35525641533044666,0.442706245642442,0.08744982458077945,0.08744982458077945,0.020060284063220024,0.02053084410727024,0.02250138483941555,0.019506938755512238,0.031839799135923386,0.07296827435493469,0.1353493183851242,0.9581305384635925
45.0,0.4368155415241535,0.06823313795030117,5.383345884356834,3.4360997585149913,0.3436099758514991,0.4368155415241535,0.09320556257779782,0.09320556257779782,0.018796494230628014,0.01897098496556282,0.01994352601468563,0.018453486263751984,0.02793378010392189,0.05838355794548988,0.09772777557373047,0.28565549850463867
46.0,0.39407268395790684,0.07377551170065999,5.488762432980086,3.2470182180404663,0.32470182180404666,0.39407268395790684,0.0693708615234265,0.0693708615234265,0.017265871167182922,0.017703406512737274,0.018668580800294876,0.017072491347789764,0.024978987872600555,0.0491001158952713,0.07600773125886917,0.36940690875053406
47.0,0.40584244521764606,0.10279866657219827,5.467257950759519,3.2896310411966763,0.32896310411966767,0.40584244521764606,0.07687933685687873,0.07687933685687873,0.02004154399037361,0.01995817944407463,0.020830877125263214,0.019462119787931442,0.030736656859517097,0.06344948709011078,0.11300616711378098,0.5349043011665344
48.0,0.4044688011591251,0.14110290235839784,5.685018810451714,3.145789526976072,0.31457895269760716,0.4044688011591251,0.0898898381453294,0.0898898381453294,0.01906622014939785,0.01955323852598667,0.021284548565745354,0.018431348726153374,0.029129641130566597,0.0650782436132431,0.11919544637203217,0.8370845317840576
49.0,0.4089194077711839,0.08069871598854661,5.709903496434832,3.107494124999413,0.3107494124999413,0.4089194077711839,0.09816999246294682,0.09816999246294682,0.018172621726989746,0.018429631367325783,0.019177699461579323,0.018092306330800056,0.027910524979233742,0.05673897638916969,0.08953660726547241,0.3975313603878021
50.0,0.36484798330527085,0.16590256872586906,5.3803312801892575,3.0370133289924035,0.30370133289924034,0.36484798330527085,0.061146644732126824,0.061146644732126824,0.020374344661831856,0.020900322124361992,0.022947674617171288,0.01977246254682541,0.03204483538866043,0.07413773238658905,0.13730734586715698,0.9997358322143555
51.0,0.39827901354202855,0.059293515514582396,5.549908186685058,2.9565144777297974,0.2956514477729798,0.39827901354202855,0.10262756135601264,0.10262756135601264,0.018241368234157562,0.01854175329208374,0.01946001499891281,0.018157722428441048,0.027241775766015053,0.05437851697206497,0.08691670745611191,0.23141026496887207
52.0,0.3620930336988889,0.07807642337866127,5.348732937330141,2.9939398719714236,0.2993939871971424,0.3620930336988889,0.06269904111440365,0.06269904111440365,0.017777590081095695,0.018150513991713524,0.01916694827377796,0.017636725679039955,0.025542179122567177,0.04958835989236832,0.07903055101633072,0.39771851897239685
53.0,0.3696987353838407,0.09841596405021846,5.4733646221954455,2.9167016561214743,0.29167016561214737,0.3696987353838407,0.07802857057406352,0.07802857057406352,0.020239148288965225,0.020120222121477127,0.021112706512212753,0.019698111340403557,0.030702810734510422,0.062327392399311066,0.11147627234458923,0.5016510486602783
54.0,0.37470829830719876,0.13551883376203477,5.82604930304719,2.8678750349925113,0.28678750349925114,0.37470829830719876,0.08792078838898586,0.08792078838898586,0.018976882100105286,0.01947537437081337,0.02111884579062462,0.018410829827189445,0.028591670095920563,0.06331402063369751,0.1156301274895668,0.7986329197883606
55.0,0.415266385445228,0.0682630690280348,5.938477235336356,3.1830957577778745,0.31830957577778746,0.415266385445228,0.09695680181567486,0.09695680181567486,0.01810883916914463,0.018426725640892982,0.019226549193263054,0.018159564584493637,0.02746228501200676,0.05440680682659149,0.08508915454149246,0.30522462725639343
56.0,0.3732771139878493,0.1601524674333632,5.477161205453459,3.125747588964609,0.31257475889646097,0.3732771139878493,0.06070235342933582,0.06070235342933582,0.020167535170912743,0.020675048232078552,0.02259860187768936,0.01953989453613758,0.03148100897669792,0.0724368467926979,0.13283398747444153,0.96148681640625
57.0,0.4044002363314995,0.06513887969776988,5.421537180175658,3.0102817599590006,0.3010281759959001,0.4044002363314995,0.10337205718343075,0.10337205718343075,0.018206628039479256,0.018591849133372307,0.01959492824971676,0.01814328134059906,0.02712285704910755,0.054698798805475235,0.09113447368144989,0.273618221282959
58.0,0.33841083829219526,0.08856809511780739,5.370716085913671,2.76458786542599,0.27645878654259903,0.33841083829219526,0.06195204676343845,0.06195204676343845,0.0192703977227211,0.019629698246717453,0.02097703516483307,0.01911146007478237,0.02931525744497776,0.05929505452513695,0.10535246133804321,0.4355933964252472
59.0,0.3544958933041646,0.18200441170483828,5.498863133341576,2.743920019039741,0.2743920019039741,0.3544958933041646,0.08010388137056278,0.08010388137056278,0.02204585261642933,0.022249244153499603,0.02396608144044876,0.021971700713038445,0.03733157366514206,0.0877404510974884,0.15130625665187836,1.0894241333007812
60.0,0.3659460475811592,0.1264519647229463,5.659601337522181,2.75125306386214,0.275125306386214,0.3659460475811592,0.09082072915939185,0.09082072915939185,0.01937037892639637,0.019988438114523888,0.021357813850045204,0.019055789336562157,0.029328228905797005,0.06292755901813507,0.11623668670654297,0.7233508229255676
61.0,0.3317530590754289,0.06847273674793541,5.518932590113762,2.605762385405027,0.2605762385405027,0.3317530590754289,0.07117681864362496,0.07117681864362496,0.01756730116903782,0.017969373613595963,0.01884821429848671,0.01755615696310997,0.026528626680374146,0.05330953374505043,0.08176083117723465,0.31424185633659363
62.0,0.3695142979805286,0.06131259887479246,5.506813022702722,2.943530871317937,0.29435308713179364,0.3695142979805286,0.07516120718075679,0.07516120718075679,0.018415717408061028,0.018616536632180214,0.01960453763604164,0.018283488228917122,0.027321629226207733,0.05426748842000961,0.09063242375850677,0.24335896968841553
63.0,0.3477425598181211,0.19615688524208963,5.6341904956564965,2.7600941337071934,0.2760094133707193,0.3477425598181211,0.07173314375373033,0.07173314375373033,0.021823445335030556,0.022263387218117714,0.02498611994087696,0.020682167261838913,0.03611188754439354,0.08628901839256287,0.16398131847381592,1.1931177377700806
64.0,0.3766272274347452,0.06014808593317866,5.908106216574885,2.654478600391975,0.2654478600391975,0.3766272274347452,0.11117936412875469,0.11117936412875469,0.017774997279047966,0.018253115937113762,0.019131839275360107,0.017711905762553215,0.02659779228270054,0.05167611688375473,0.07432864606380463,0.25571027398109436
65.0,0.34325228746120745,0.1773830286692828,5.306331502124024,2.8510154439852786,0.28510154439852786,0.34325228746120745,0.058150737618024535,0.058150737618024535,0.021937858313322067,0.02265201322734356,0.02464710734784603,0.021589403972029686,0.035521358251571655,0.08188953995704651,0.15197153389453888,1.058855414390564
66.0,0.35323447906053984,0.06849036458879709,5.715762538231764,2.708175640839797,0.2708175640839797,0.35323447906053984,0.08241691067814827,0.08241691067814827,0.017400242388248444,0.017984624952077866,0.018975630402565002,0.017251083627343178,0.0259502362459898,0.05196935310959816,0.0728023573756218,0.3255893886089325
67.0,0.36482022129572356,0.07075538439676166,5.513737385310184,2.831267384382395,0.2831267384382395,0.36482022129572356,0.0816934796480032,0.0816934796480032,0.01808816008269787,0.01844862848520279,0.019410166889429092,0.017889168113470078,0.026717552915215492,0.052630145102739334,0.08519177883863449,0.3276674747467041
68.0,0.33138455565159136,0.1821707682684064,5.63606807033539,2.6854399626071634,0.2685439962607164,0.33138455565159136,0.06284055228416736,0.06284055228416736,0.02091279998421669,0.02143133617937565,0.023887068033218384,0.019827252253890038,0.0336991511285305,0.07983220368623734,0.14950557053089142,1.1082707643508911
69.0,0.36957215001949895,0.06024810252711177,5.856083774495357,2.5549230025364804,0.25549230025364805,0.36957215001949895,0.11407983761567336,0.11407983761567336,0.01760348491370678,0.018129898235201836,0.019046800211071968,0.01743123307824135,0.025872262194752693,0.050383374094963074,0.07069725543260574,0.2628205120563507
70.0,0.32740300779159254,0.20127681293524802,5.4266257966003915,2.7146219244370093,0.27146219244370096,0.32740300779159254,0.055940813170029566,0.055940813170029566,0.02293049357831478,0.023636214435100555,0.02624334953725338,0.022361693903803825,0.03844299912452698,0.08962391316890717,0.17183800041675568,1.2151378393173218
71.0,0.3430427782810651,0.13680913019925356,5.641788541720268,2.5823693733948927,0.2582369373394893,0.3430427782810651,0.0848058439218081,0.0848058439218081,0.020407089963555336,0.020674068480730057,0.021559743210673332,0.020261134952306747,0.03289052098989487,0.07234147191047668,0.11778321117162704,0.7885558009147644
72.0,0.3355641307739111,0.16243221005424857,5.480390908871319,2.5579154904072103,0.255791549040721,0.3355641307739111,0.0797725784090849,0.0797725784090849,0.02077428624033928,0.021445685997605324,0.023269634693861008,0.02027280069887638,0.03284754604101181,0.07537717372179031,0.13809354603290558,0.9673770070075989
73.0,0.3366385830136446,0.08008068217895925,5.542517872518011,2.6113302295024576,0.2611330229502458,0.3366385830136446,0.07550555152388719,0.07550555152388719,0.018383437767624855,0.018785858526825905,0.019632462412118912,0.01824221760034561,0.027912022545933723,0.056249480694532394,0.08752816915512085,0.39391180872917175
74.0,0.31134793907403946,0.0901816796977073,5.213152939359086,2.4437270989784827,0.24437270989784832,0.31134793907403946,0.06697523092421201,0.06697523092421201,0.018798265606164932,0.019248412922024727,0.020423345267772675,0.018683992326259613,0.02773011103272438,0.055734314024448395,0.09540124982595444,0.4654337465763092
75.0,0.3399760046830544,0.10412795841693878,5.802444454457452,2.7111139801832347,0.2711113980183235,0.3399760046830544,0.0688646100461483,0.0688646100461483,0.01820790395140648,0.01855468936264515,0.019458722323179245,0.018505709245800972,0.028729088604450226,0.06028350815176964,0.08923608064651489,0.5800479650497437
76.0,0.337482634645242,0.1343736108392477,5.467846225089663,2.565721273422241,0.2565721273422241,0.337482634645242,0.08091051074174735,0.08091051074174735,0.019593536853790283,0.02021099627017975,0.02163580432534218,0.019310886040329933,0.0294282678514719,0.0644969493150711,0.12026216834783554,0.7800502777099609
77.0,0.3143973098351405,0.12578926770947874,5.373564347510169,2.455559423336616,0.2455559423336616,0.3143973098351405,0.06884136480780748,0.06884136480780748,0.020399505272507668,0.020507827401161194,0.021385768428444862,0.020013900473713875,0.03181954473257065,0.06834468245506287,0.11201277375221252,0.7118301391601562
78.0,0.3493213046055574,0.15375063312239945,5.7485815327414915,2.688542421047504,0.2688542421047504,0.3493213046055574,0.08046705275774002,0.08046705275774002,0.020367132499814034,0.020972901955246925,0.022699739784002304,0.019889982417225838,0.03137018531560898,0.07117640227079391,0.13103578984737396,0.9124929308891296
79.0,0.3290180644163719,0.10678498027846217,5.814157926015184,2.544652141057528,0.2544652141057528,0.3290180644163719,0.0745528475023233,0.0745528475023233,0.017927687615156174,0.01848272792994976,0.019960755482316017,0.017365342006087303,0.025984900072216988,0.05512046813964844,0.08974336087703705,0.6096946001052856
80.0,0.3345440488595229,0.1375627804081887,5.537711535469426,2.555932471385369,0.25559324713853687,0.3345440488595229,0.07895080344035076,0.07895080344035076,0.02098754048347473,0.021090995520353317,0.022038016468286514,0.020696377381682396,0.03379203379154205,0.0727529376745224,0.1283385157585144,0.7808058261871338
81.0,0.3412276598123404,0.10169279016554356,5.7871520288026055,2.557618498802185,0.25576184988021855,0.3412276598123404,0.08546581090642856,0.08546581090642856,0.017855988815426826,0.01855361834168434,0.01966019533574581,0.017634892836213112,0.02612351067364216,0.05349238961935043,0.08969888091087341,0.5705228447914124
82.0,0.34179893823770374,0.09385006548836827,5.746049634013134,2.439714633501493,0.24397146335014927,0.34179893823770374,0.0978274717926979,0.0978274717926979,0.01863774284720421,0.018913937732577324,0.019638361409306526,0.01858496107161045,0.02866222895681858,0.05735271796584129,0.09198234230279922,0.4970282316207886
83.0,0.32864565688830155,0.15223799482919276,5.881766754260981,2.603358131188613,0.26033581311886134,0.32864565688830155,0.06830983608961105,0.06830983608961105,0.020345494151115417,0.021047070622444153,0.022854473441839218,0.01993159018456936,0.031835928559303284,0.07228170335292816,0.1349087804555893,0.8946989178657532
84.0,0.33363112119527966,0.0913505891803652,5.784418461203766,2.5062332978615394,0.2506233297861539,0.33363112119527966,0.08300778470360316,0.08300778470360316,0.0183627400547266,0.018794598057866096,0.019554123282432556,0.01833968609571457,0.02852625586092472,0.05785352364182472,0.09050828218460083,0.47886550426483154
85.0,0.3068908235201469,0.16751383035443723,5.638016464354073,2.4021091140233555,0.24021091140233553,0.3068908235201469,0.06667991211781135,0.06667991211781135,0.02099653333425522,0.021751105785369873,0.02385011874139309,0.020402133464813232,0.033860087394714355,0.07829412817955017,0.14526410400867462,0.9956924319267273
86.0,0.34953945302046263,0.06964089768007398,5.887177154414105,2.626660269040328,0.2626660269040328,0.34953945302046263,0.08687342216189091,0.08687342216189091,0.01779800094664097,0.018427014350891113,0.019212646409869194,0.01770372875034809,0.026917288079857826,0.053710028529167175,0.07438771426677704,0.3289707601070404
87.0,0.3053314605584511,0.1858466260600835,5.159670613819701,2.433472064825205,0.24334720648252042,0.3053314605584511,0.06198425218462944,0.06198425218462944,0.021829303354024887,0.022464333102107048,0.02487681806087494,0.021140262484550476,0.03579637408256531,0.08322581648826599,0.15655389428138733,1.120886206626892
88.0,0.3152859165118291,0.08008866920135915,5.38112411561172,2.365615510023557,0.23656155100235574,0.3152859165118291,0.07872436166955875,0.07872436166955875,0.019225798547267914,0.01950044184923172,0.02035503461956978,0.019084759056568146,0.028838155791163445,0.05701460316777229,0.09453481435775757,0.38215574622154236
89.0,0.3412124296793571,0.14637092663906515,5.635445957911367,2.4272921222906847,0.24272921222906854,0.3412124296793571,0.09848320799378249,0.09848320799378249,0.019834088161587715,0.020533062517642975,0.022145116701722145,0.019283389672636986,0.0302455835044384,0.06814681738615036,0.12315799295902252,0.8676213622093201
90.0,0.29966427844304305,0.1139471756760031,5.0990676713057885,2.3083745332864614,0.2308374533286461,0.29966427844304305,0.06882681812231357,0.06882681812231357,0.0187064316123724,0.01931658200919628,0.02044692263007164,0.018318237736821175,0.02701444923877716,0.05710313469171524,0.10285898298025131,0.6478126645088196
91.0,0.2966978492645117,0.13392720906995237,5.181551666936114,2.3512466824971714,0.2351246682497171,0.2966978492645117,0.06157317843574744,0.06157317843574744,0.0202176496386528,0.020350709557533264,0.021257339045405388,0.02009020373225212,0.032260712236166,0.07029233127832413,0.11546703428030014,0.7714816927909851
92.0,0.3164718666901955,0.13500103051774204,5.752052704783219,2.3960980497873745,0.2396098049787375,0.3164718666901955,0.07686205924703525,0.07686205924703525,0.019223300740122795,0.01988300122320652,0.021448055282235146,0.01883377879858017,0.029090646654367447,0.0645420178771019,0.12037427723407745,0.7866131663322449
93.0,0.30949792380516344,0.06332754855975509,5.653841238869182,2.267927431143247,0.2267927431143247,0.30949792380516344,0.0827051722086393,0.0827051722086393,0.017648709937930107,0.018131760880351067,0.01897589862346649,0.017432022839784622,0.02611370012164116,0.05133224278688431,0.07046601921319962,0.2865200340747833
94.0,0.30221520822781783,0.16059559071436524,5.466713542526558,2.4439332531048703,0.24439332531048702,0.30221520822781783,0.05782187930666483,0.05782187930666483,0.020297018811106682,0.020916597917675972,0.023027904331684113,0.01970619708299637,0.03213517740368843,0.07349690794944763,0.1376742720603943,0.9575106501579285
95.0,0.31913264840841293,0.077498389640823,5.596907396216366,2.4148859610924354,0.24148859610924353,0.31913264840841293,0.0776440495481858,0.0776440495481858,0.01804068498313427,0.018520809710025787,0.01936483569443226,0.01785035990178585,0.027148183435201645,0.05344441533088684,0.07633738964796066,0.38928043842315674
96.0,0.2875662245429479,0.15484322933480144,5.340748554036532,2.25329675582739,0.22532967558273903,0.2875662245429479,0.06223654804321436,0.06223654804321436,0.020125921815633774,0.020771915093064308,0.022710047662258148,0.01962529681622982,0.03145984560251236,0.07175758481025696,0.13348431885242462,0.9188109040260315
97.0,0.32955677004960865,0.07126405066810548,5.68996119913333,2.55028883768962,0.255028883768962,0.32955677004960865,0.07452788175298618,0.07452788175298618,0.01795857399702072,0.018471654504537582,0.01930224895477295,0.01778702437877655,0.02692778967320919,0.05257713422179222,0.07472366839647293,0.3423643112182617
98.0,0.2983348575922159,0.17035957355983555,5.311927268543017,2.3739678217814517,0.2373967821781452,0.2983348575922159,0.060938070313288614,0.060938070313288614,0.02092614211142063,0.021554728969931602,0.023771455511450768,0.020364291965961456,0.03359256312251091,0.07729096710681915,0.144966259598732,1.020410180091858
99.0,0.3071979037844218,0.06753178290091455,5.4977721044150965,2.3244164402668295,0.2324416440266829,0.3071979037844218,0.07475625179134883,0.07475625179134883,0.019046060740947723,0.019410399720072746,0.020343342795968056,0.01896362379193306,0.02821696735918522,0.054863423109054565,0.09129795432090759,0.28811249136924744
100.0,0.33785762695165783,0.1333249118179083,5.560959367754906,2.403653057721945,0.24036530577219453,0.33785762695165783,0.09749231372888272,0.09749231372888272,0.019077284261584282,0.01973583921790123,0.02130872756242752,0.018437406048178673,0.028632432222366333,0.06298726797103882,0.11338619142770767,0.7830341458320618
101.0,0.30473446731383985,0.07768094469793141,5.486157897362249,2.302539417376885,0.2302539417376885,0.30473446731383985,0.07448052185086104,0.07448052185086104,0.018763739615678787,0.019196879118680954,0.0200244951993227,0.018684061244130135,0.0282557662576437,0.05570351332426071,0.09051785618066788,0.3703012466430664
102.0,0.305981029684727,0.1699085372965783,5.514102813491844,2.2804262317143955,0.22804262317143958,0.305981029684727,0.07793840479392272,0.07793840479392272,0.020708156749606133,0.021356556564569473,0.023561906069517136,0.019940365105867386,0.03323350474238396,0.07742152363061905,0.14370779693126678,1.0193384885787964
103.0,0.3194009673136931,0.06601871945895255,5.445634460355497,2.301400193801293,0.23014001938012935,0.3194009673136931,0.08926093864899415,0.08926093864899415,0.01822291687130928,0.018805380910634995,0.019690409302711487,0.01817384548485279,0.026660464704036713,0.05263092368841171,0.0835372656583786,0.2904285490512848
104.0,0.287380392734821,0.09509257785975933,5.274489861366509,2.1940095791449914,0.21940095791449912,0.287380392734821,0.06797942949029115,0.06797942949029115,0.0181795135140419,0.018809689208865166,0.019785664975643158,0.017968595027923584,0.02592547796666622,0.052396710962057114,0.08966352045536041,0.5180114507675171
105.0,0.31297146127774167,0.09965322725474834,5.260550274660641,2.4632654786109924,0.24632654786109925,0.31297146127774167,0.06664491215577492,0.06664491215577492,0.019763611257076263,0.019913818687200546,0.020733356475830078,0.019596202298998833,0.029918646439909935,0.05845516920089722,0.09990129619836807,0.5289437174797058
106.0,0.3110327124595642,0.13107216521166265,5.529530950399607,2.2272862792015076,0.22272862792015075,0.3110327124595642,0.08830407462441005,0.08830407462441005,0.018994895741343498,0.019625898450613022,0.021192047744989395,0.018535461276769638,0.02825203165411949,0.06181968003511429,0.11307461559772491,0.767082691192627
107.0,0.30535763788681763,0.06356175453402102,5.4641566169780384,2.2021492307002726,0.22021492307002732,0.30535763788681763,0.08514271017450553,0.08514271017450553,0.018163787201046944,0.01866176351904869,0.019514307379722595,0.018176119774580002,0.02701808139681816,0.0514482818543911,0.07623285055160522,0.27927884459495544
108.0,0.28963397214045894,0.1670223935507238,5.017804126078862,2.263326429403745,0.22633264294037453,0.28963397214045894,0.06330132570404273,0.06330132570404273,0.020452091470360756,0.021062150597572327,0.023200811818242073,0.019765861332416534,0.03228355199098587,0.07446056604385376,0.13960090279579163,1.0053532123565674
109.0,0.30483166644206416,0.06947957095690072,5.283528619244691,2.14804934996825,0.214804934996825,0.30483166644206416,0.09002672622983272,0.09002672622983272,0.018372386693954468,0.018874313682317734,0.01992005668580532,0.01819569058716297,0.026237132027745247,0.05107806250452995,0.07935767620801926,0.3238012492656708
110.0,0.29608324055488294,0.09196445206180215,5.38239205248269,2.324516053383167,0.2324516053383167,0.29608324055488294,0.0636316308608422,0.0636316308608422,0.01792084239423275,0.018497686833143234,0.019674723967909813,0.017717521637678146,0.025232408195734024,0.05110776051878929,0.08484035730361938,0.5007243156433105
111.0,0.29063006375844663,0.09470659564249218,5.3737144996129835,2.1760840782752404,0.21760840782752403,0.29063006375844663,0.07302165403962135,0.07302165403962135,0.01937592588365078,0.01963752508163452,0.020419269800186157,0.019349994137883186,0.029213400557637215,0.055856507271528244,0.08889056742191315,0.5049095749855042
112.0,0.2952248861010258,0.12257089093327522,5.602032473995996,2.1226968398460975,0.21226968398460974,0.2952248861010258,0.08295520566976987,0.08295520566976987,0.01875818893313408,0.019376255571842194,0.020810546353459358,0.01838156208395958,0.02750101499259472,0.058994852006435394,0.10820122808218002,0.7085434794425964
113.0,0.31099531512994033,0.06654090620577335,5.483801695512984,2.2593842836526723,0.22593842836526726,0.31099531512994033,0.08505688779629193,0.08505688779629193,0.018265433609485626,0.018704647198319435,0.019543299451470375,0.018272750079631805,0.027037911117076874,0.05099361762404442,0.07474362105131149,0.3047659695148468
114.0,0.2766217062106499,0.15770507417619228,5.086314062274432,2.1599278037364664,0.2159927803736467,0.2766217062106499,0.06062892136665491,0.06062892136665491,0.02007734403014183,0.02067847177386284,0.022692982107400894,0.01955595053732395,0.031010055914521217,0.07060515880584717,0.13126443326473236,0.945756196975708
115.0,0.3058432306234653,0.060042318189516664,5.3523331130616025,2.133304013655736,0.21333040136557363,0.3058432306234653,0.09251282593378654,0.09251282593378654,0.018095705658197403,0.018625956028699875,0.019578034058213234,0.017937244847416878,0.026143232360482216,0.0500037856400013,0.07382350414991379,0.2561310827732086
116.0,0.2691391288087918,0.08217748976312578,5.170625786247243,2.0868915227743297,0.20868915227743298,0.2691391288087918,0.06044997131595245,0.06044997131595245,0.017745839431881905,0.018345462158322334,0.01942078024148941,0.017620962113142014,0.025091098621487617,0.04982255771756172,0.08096432685852051,0.4284088909626007
117.0,0.27100904515156377,0.09637708822265267,5.089452159426575,2.0122057107778697,0.20122057107778699,0.27100904515156377,0.06978847143741754,0.06978847143741754,0.019518764689564705,0.019730839878320694,0.020569227635860443,0.019451336935162544,0.02937520295381546,0.05627238377928734,0.09159040451049805,0.5145085453987122
118.0,0.29982121059527767,0.1149504843633622,5.5956809433790315,2.1616348945177517,0.21616348945177516,0.29982121059527767,0.0836577143233556,0.0836577143233556,0.018469741567969322,0.019059693440794945,0.02042526565492153,0.018102802336215973,0.026756267994642258,0.056682899594306946,0.10241620242595673,0.6576910018920898
119.0,0.29053551531755006,0.07302839728072286,5.393119383996223,2.0490808486938477,0.2049080848693848,0.29053551531755006,0.08562742488888594,0.08562742488888594,0.0183267705142498,0.01874573342502117,0.019583312794566154,0.018338629975914955,0.027303768321871758,0.05162833258509636,0.07524652034044266,0.35505411028862
120.0,0.2671845303131984,0.16679907450452447,5.164416137203745,2.0718537156398478,0.2071853715639848,0.2671845303131984,0.05999915301799774,0.05999915301799774,0.020526738837361336,0.02111040987074375,0.023252170532941818,0.01996849849820137,0.03235895186662674,0.07465861737728119,0.14116477966308594,1.0013524293899536
121.0,0.31715200669490373,0.06742528337053955,5.374472874011174,2.2529098208133993,0.2252909820813399,0.31715200669490373,0.09186102421237873,0.09186102421237873,0.018368009477853775,0.018698133528232574,0.019794223830103874,0.018002811819314957,0.026251956820487976,0.04970090091228485,0.07423285394906998,0.3143533766269684
122.0,0.2697980839472551,0.0853787527885288,4.972904910484668,2.096051349089696,0.2096051349089696,0.2697980839472551,0.06019295006990433,0.06019295006990433,0.01858760043978691,0.018997550010681152,0.020190538838505745,0.01847810484468937,0.026530766859650612,0.05164800211787224,0.08975179493427277,0.4388456642627716
123.0,0.27984148951677174,0.12494838237762451,5.384894354937962,2.054861600582416,0.20548616005824163,0.27984148951677174,0.07435533175101647,0.07435533175101647,0.018926335498690605,0.019263768568634987,0.020301036536693573,0.01925146020948887,0.030386952683329582,0.06509467214345932,0.10470221936702728,0.7216606140136719
124.0,0.27326801190009486,0.09977873042225838,5.116562435464451,2.0129696153677425,0.20129696153677432,0.27326801190009486,0.07197104652340595,0.07197104652340595,0.01816459931433201,0.018796980381011963,0.019803578034043312,0.017885742709040642,0.025972845032811165,0.05334911122918129,0.09542212635278702,0.5488348603248596
125.0,0.2600341599721175,0.07839030330069363,5.344550936651701,1.9439264994401197,0.194392649944012,0.2600341599721175,0.06564151065853926,0.06564151065853926,0.017527732998132706,0.01810131035745144,0.018973741680383682,0.017702531069517136,0.026733625680208206,0.052967991679906845,0.0748426765203476,0.40027281641960144
126.0,0.27823190505688006,0.11649877158924937,4.957156687822735,2.1373118666502147,0.21373118666502147,0.27823190505688006,0.06450071271795493,0.06450071271795493,0.018719110637903214,0.01927250437438488,0.020474782213568687,0.018300414085388184,0.02683868631720543,0.057396456599235535,0.1041758581995964,0.6668123602867126
127.0,0.2636294370660415,0.05812123813666403,5.1135251816294005,1.9985222403819745,0.19985222403819752,0.2636294370660415,0.06377720861480786,0.06377720861480786,0.01743777096271515,0.01804524101316929,0.01895497553050518,0.01737402379512787,0.025679847225546837,0.04984186217188835,0.06953411549329758,0.248102068901062
128.0,0.26332644258554166,0.06185336993075907,5.037956248671782,1.9904801203654363,0.19904801203654363,0.26332644258554166,0.06427842636521046,0.06427842636521046,0.018176885321736336,0.01849820837378502,0.019724057987332344,0.01798415184020996,0.025919144973158836,0.04846445098519325,0.07597019523382187,0.27008986473083496
129.0,0.287673043516966,0.15685249655507505,5.677971440513506,2.1404014138075023,0.21404014138075025,0.287673043516966,0.07363289480025952,0.07363289480025952,0.019876861944794655,0.02046249806880951,0.02243739180266857,0.019196925684809685,0.030919820070266724,0.0703529641032219,0.1326570063829422,0.9389165043830872
130.0,0.29340637303315675,0.07070749695412815,5.374348175939791,1.9785759769953215,0.1978575976995321,0.29340637303315675,0.09554876673680085,0.09554876673680085,0.017946306616067886,0.018399152904748917,0.01953267492353916,0.017659181728959084,0.025408441200852394,0.04912137985229492,0.07172559201717377,0.34586724638938904
131.0,0.24907341255591467,0.17680790880694985,4.792857391659937,1.9763985643020043,0.19763985643020046,0.24907341255591467,0.05143355348935494,0.05143355348935494,0.02088300511240959,0.021433863788843155,0.023754984140396118,0.02013375237584114,0.03352157026529312,0.07841818779706955,0.14989067614078522,1.066427230834961
132.0,0.296678649691435,0.06644602562300861,5.168311181805088,2.035843367759998,0.20358433677599985,0.296678649691435,0.09309431079488534,0.09309431079488534,0.017973778769373894,0.01840081624686718,0.019537243992090225,0.017741473391652107,0.025570202618837357,0.04885554313659668,0.07386033236980438,0.30962881445884705
133.0,0.24978440541487473,0.07626115204766393,4.975953733155224,1.9196502474638133,0.1919650247463813,0.24978440541487473,0.05781937333253714,0.05781937333253714,0.01757158152759075,0.018122920766472816,0.019193541258573532,0.01744053326547146,0.024833081290125847,0.04810048267245293,0.0764913409948349,0.3883357346057892
134.0,0.2622303446898094,0.10149521962739527,4.902161772356068,1.9467247220186086,0.1946724722018609,0.2622303446898094,0.06755786962234057,0.06755786962234057,0.01940203458070755,0.01957647316157818,0.02054263837635517,0.01924956776201725,0.029247235506772995,0.056819748133420944,0.09037555009126663,0.5567485094070435
135.0,0.27318846778227734,0.098173254635185,5.336809972675416,1.923207402229309,0.19232074022293089,0.27318846778227734,0.08086772320362237,0.08086772320362237,0.017770003527402878,0.018376916646957397,0.01962665468454361,0.017557717859745026,0.025363057851791382,0.0524105504155159,0.0913902297616005,0.5428909063339233
136.0,0.2650996767557584,0.07186190295033157,5.1687971405314626,1.847306320300469,0.18473063203004692,0.2650996767557584,0.08036903893718353,0.08036903893718353,0.018158676102757454,0.018557289615273476,0.019482869654893875,0.018159599974751472,0.026952330023050308,0.05058674514293671,0.0747537612915039,0.34824395179748535
137.0,0.24419370064368615,0.13003921858035028,4.8054825503569925,1.8457775666163518,0.18457775666163515,0.24419370064368615,0.05961593928245398,0.05961593928245398,0.018821999430656433,0.019366160035133362,0.020894017070531845,0.01841268315911293,0.027728302404284477,0.06088334321975708,0.11068789660930634,0.7635193467140198
138.0,0.26849640963169247,0.05996830528602004,4.919953650210731,1.8450280450857603,0.18450280450857603,0.26849640963169247,0.08399359939190057,0.08399359939190057,0.018057703971862793,0.018466804176568985,0.01958487741649151,0.01787724532186985,0.025992654263973236,0.04925725609064102,0.07413935661315918,0.25637054443359375
139.0,0.23791945324494287,0.07577839610166848,4.799102446387587,1.8106708159813514,0.18106708159813517,0.23791945324494287,0.05685236534247032,0.05685236534247032,0.017530251294374466,0.01803557202219963,0.019169727340340614,0.017483429983258247,0.02480863593518734,0.04777538776397705,0.0777919813990593,0.38363218307495117
140.0,0.259465101819772,0.08739068824797869,4.882173474941248,1.9127067167025347,0.19127067167025347,0.259465101819772,0.06819442831552945,0.06819442831552945,0.018966158851981163,0.01918231137096882,0.020171722397208214,0.01889086328446865,0.028152745217084885,0.05279085040092468,0.08299713581800461,0.4579737186431885
141.0,0.25705120999079484,0.103093242039904,5.238748000863197,1.8043971841151898,0.18043971841151896,0.25705120999079484,0.07661149564843911,0.07661149564843911,0.017963914200663567,0.01846328377723694,0.019826199859380722,0.017734186723828316,0.025701677426695824,0.05304025486111641,0.09432647377252579,0.5776899456977844
142.0,0.27274854939717513,0.06356948683969676,5.203746515011323,1.9384188514489393,0.19384188514489392,0.27274854939717513,0.07890665731751002,0.07890665731751002,0.018058093264698982,0.01846441626548767,0.019475234672427177,0.01801145076751709,0.026384590193629265,0.04936707764863968,0.07265622913837433,0.2861388027667999
143.0,0.2420105773669023,0.12964255874976516,4.758435632466471,1.8253815311651964,0.1825381531165197,0.2420105773669023,0.05947242476619207,0.05947242476619207,0.018872862681746483,0.019370608031749725,0.0209005456417799,0.01847192458808422,0.027692927047610283,0.06072395667433739,0.11072862893342972,0.7603790163993835
144.0,0.2733804944616098,0.06891340552829206,4.922797090864254,1.9236766627201667,0.19236766627201668,0.2733804944616098,0.08101282268762589,0.08101282268762589,0.018293820321559906,0.018575474619865417,0.019838139414787292,0.018014587461948395,0.025760600343346596,0.049660902470350266,0.07518317550420761,0.325980544090271
145.0,0.23832866721428358,0.07748306868597865,5.077964984400692,1.7937955351976247,0.17937955351976248,0.23832866721428358,0.058949109739982165,0.058949109739982165,0.017522502690553665,0.018048418685793877,0.019306456670165062,0.017521969974040985,0.024757061153650284,0.04857678711414337,0.07896856218576431,0.39516279101371765
146.0,0.24810134906035203,0.08887811307795346,5.074416872940931,1.779332330593696,0.17793323305936964,0.24810134906035203,0.07016811777765934,0.07016811777765934,0.01902923174202442,0.019228296354413033,0.020237591117620468,0.019019804894924164,0.028287051245570183,0.05250278487801552,0.0824691504240036,0.4702509939670563
147.0,0.26324916459046876,0.09507588180713356,5.2221455757795825,1.8727580079665551,0.18727580079665554,0.26324916459046876,0.07597336230369714,0.07597336230369714,0.017862636595964432,0.018360698595643044,0.019639404490590096,0.017742792144417763,0.02544683963060379,0.051596302539110184,0.09138742089271545,0.5185709595680237
148.0,0.25780957077558225,0.07223198981955647,5.2346633136162115,1.8264789076951833,0.18264789076951835,0.25780957077558225,0.07516168315823261,0.07516168315823261,0.01843220368027687,0.018754927441477776,0.019877910614013672,0.018402226269245148,0.027102695778012276,0.05029667168855667,0.07862409949302673,0.34636518359184265
149.0,0.25814659091142506,0.10728811915032566,5.129124903685674,1.9575288479144757,0.19575288479144753,0.25814659091142506,0.06239370543223161,0.06239370543223161,0.01808038353919983,0.018614063039422035,0.01995380036532879,0.01778893917798996,0.026002926751971245,0.05443437397480011,0.09640251845121384,0.6070279479026794
150.0,0.27209242891806823,0.06998000806197524,5.173837456513714,1.873229865844433,0.18732298658444332,0.27209242891806823,0.08476944181781548,0.08476944181781548,0.01820565015077591,0.018637869507074356,0.019659897312521935,0.018164534121751785,0.02684430219233036,0.05067397281527519,0.07537221908569336,0.33228161931037903
151.0,0.2454343094275548,0.1452815153170377,4.91743824290554,1.8802754603899443,0.1880275460389944,0.2454343094275548,0.05740676218500504,0.05740676218500504,0.020357972010970116,0.020900143310427666,0.0225612074136734,0.020024912431836128,0.030978161841630936,0.06893861293792725,0.13095925748348236,0.8475318551063538
152.0,0.25470731350091785,0.12196168955415487,5.212685969221089,1.7808045974144568,0.1780804597414457,0.25470731350091785,0.07662685072192779,0.07662685072192779,0.019564133137464523,0.01991046778857708,0.020783239975571632,0.019517909735441208,0.03073563426733017,0.06356309354305267,0.09836308658123016,0.7032559514045715
153.0,0.24657706859020087,0.11668581259436905,5.061051809951816,1.7640351148752065,0.17640351148752068,0.24657706859020087,0.07017355211652242,0.07017355211652242,0.01910656876862049,0.019829167053103447,0.02096191607415676,0.018941856920719147,0.02827131375670433,0.06140284985303879,0.11310794204473495,0.6518648862838745
154.0,0.2544811631624515,0.09497820748947561,5.0832963412145675,1.87817733333661,0.187817733333661,0.2544811631624515,0.06666342742167987,0.06666342742167987,0.018725452944636345,0.019173510372638702,0.020129160955548286,0.01858292892575264,0.02861926145851612,0.0561499297618866,0.08693283796310425,0.5115125775337219
155.0,0.24713222223978776,0.12831319123506546,5.09624668867489,1.7978698748808641,0.17978698748808644,0.24713222223978776,0.06734523091178674,0.06734523091178674,0.019208528101444244,0.019866086542606354,0.02123984321951866,0.018883612006902695,0.028571203351020813,0.06296662241220474,0.11702340841293335,0.7387462258338928
156.0,0.2571957317682413,0.07397080678492785,5.238063998709132,1.8810170109455402,0.18810170109455407,0.2571957317682413,0.0690940277507672,0.0690940277507672,0.018226968124508858,0.01866000145673752,0.01971675083041191,0.017926188185811043,0.02703150361776352,0.051856011152267456,0.07527747005224228,0.3630715608596802
157.0,0.2381695806980133,0.07671617367304862,4.915195201285496,1.7246481363589947,0.17246481363589947,0.2381695806980133,0.0657047639386012,0.0657047639386012,0.018079468980431557,0.018479127436876297,0.019773954525589943,0.018051138147711754,0.025925420224666595,0.05097755417227745,0.08327347040176392,0.3791692554950714
158.0,0.2306495257295095,0.0782966970000416,4.60717786419528,1.7041288705972524,0.1704128870597252,0.2306495257295095,0.060236635976112805,0.060236635976112805,0.017594626173377037,0.017987282946705818,0.019148165360093117,0.017766453325748444,0.026511650532484055,0.05153926834464073,0.07677014172077179,0.39905598759651184
159.0,0.2532234008495624,0.09269242081791162,4.934057686018726,1.8479356811596797,0.18479356811596798,0.2532234008495624,0.06842983084229323,0.06842983084229323,0.018030207604169846,0.01844622939825058,0.01970697194337845,0.017869185656309128,0.025432266294956207,0.051184602081775665,0.08638924360275269,0.5044806599617004
160.0,0.2330318815433062,0.06735317991115153,4.819119820948054,1.7354917296996484,0.17354917296996483,0.2330318815433062,0.05948270714053741,0.05948270714053741,0.017727799713611603,0.018034396693110466,0.019264020025730133,0.017522912472486496,0.025255870074033737,0.04764680191874504,0.071513831615448,0.32185980677604675
161.0,0.23021723903142488,0.05967809469439089,4.540830422039632,1.7009120996181781,0.17009120996181779,0.23021723903142488,0.06012602866842197,0.06012602866842197,0.018233783543109894,0.01842167228460312,0.01988307386636734,0.018141664564609528,0.025897221639752388,0.048508889973163605,0.07683942466974258,0.2514990270137787
162.0,0.2421574477966015,0.13616934162564576,5.424024190355045,1.7415606058560884,0.17415606058560884,0.2421574477966015,0.06800137804104732,0.06800137804104732,0.018904995173215866,0.019483672454953194,0.021219991147518158,0.018498418852686882,0.0287101399153471,0.06348030269145966,0.1185779795050621,0.8004792332649231
163.0,0.27511337170234096,0.056203467305749655,5.199581245773425,1.832646743609355,0.18326467436093555,0.27511337170234096,0.09184869178212605,0.09184869178212605,0.01777360960841179,0.018232937902212143,0.019330203533172607,0.017642172053456306,0.025798307731747627,0.04935166984796524,0.07002534717321396,0.23147349059581757
164.0,0.23834002247223487,0.15803725901059806,4.834287699969131,1.8406328146274273,0.1840632814627427,0.23834002247223487,0.05427674433359733,0.05427674433359733,0.020848140120506287,0.02136218175292015,0.023180097341537476,0.0204515028744936,0.032297730445861816,0.07309522479772568,0.13787925243377686,0.9351839423179626
165.0,0.24878589980877364,0.08366405288688838,4.912414168358505,1.735435045682467,0.17354350456824671,0.24878589980877364,0.07524239099942721,0.07524239099942721,0.01820054091513157,0.0186945628374815,0.019634677097201347,0.018196996301412582,0.027679424732923508,0.05391812324523926,0.08533690124750137,0.42765119671821594
166.0,0.22876240141116655,0.06012707040645182,4.598158620924891,1.6754079965444713,0.1675407996544471,0.22876240141116655,0.06122159728637108,0.06122159728637108,0.017826993018388748,0.0182957760989666,0.019381705671548843,0.018090443685650826,0.02649497240781784,0.05071590468287468,0.08116932958364487,0.24904143810272217
167.0,0.2218001622420091,0.08357595303095877,4.922299194384012,1.6006408058680022,0.16006408058680022,0.2218001622420091,0.061736080508965716,0.061736080508965716,0.01723603717982769,0.017806679010391235,0.018932877108454704,0.01725253276526928,0.0246635340154171,0.048903029412031174,0.0829930454492569,0.4408198893070221
168.0,0.24133116866533572,0.07412466895766556,4.743650365327678,1.697719924725019,0.16977199247250188,0.24133116866533572,0.071559178428008,0.071559178428008,0.018406597897410393,0.01856752671301365,0.019943226128816605,0.01822083629667759,0.026794318109750748,0.050934769213199615,0.0786021277308464,0.3615279495716095
169.0,0.23594734932367617,0.0996552447322756,5.125178610699489,1.6506446233162513,0.1650644623316252,0.23594734932367617,0.0708828829228878,0.0708828829228878,0.017629167065024376,0.018175849691033363,0.019544806331396103,0.017472006380558014,0.0251497570425272,0.051767196506261826,0.08949384838342667,0.5580093264579773
170.0,0.24274483437721545,0.06372099020518363,5.005198675603082,1.6396563786726732,0.1639656378672673,0.24274483437721545,0.07877919479058339,0.07877919479058339,0.01787227764725685,0.018233461305499077,0.019450455904006958,0.017779232934117317,0.02604409120976925,0.04894298315048218,0.07072152942419052,0.29072389006614685
171.0,0.22826806398538443,0.14684663340449333,4.805777495420572,1.7041369997538054,0.17041369997538053,0.22826806398538443,0.05785435982621633,0.05785435982621633,0.01947765424847603,0.01999589614570141,0.021844372153282166,0.019039131700992584,0.029553240165114403,0.06662648171186447,0.12469273060560226,0.8735435605049133
172.0,0.2657868524010365,0.06164886895567179,5.0900423840881235,1.8214319256635814,0.1821431925663581,0.2657868524010365,0.08364365393152604,0.08364365393152604,0.0179323460906744,0.018229639157652855,0.019566163420677185,0.017721062526106834,0.025356026366353035,0.048012908548116684,0.07307177037000656,0.27330103516578674
173.0,0.2506257180984204,0.06684736371971667,4.951766732128364,1.9276984975888178,0.1927698497588818,0.2506257180984204,0.0578558651300577,0.0578558651300577,0.017345502972602844,0.01785849593579769,0.01910162717103958,0.01743388921022415,0.02479470521211624,0.0472334660589695,0.0730477124452591,0.31796351075172424
174.0,0.24479536597545332,0.08689141576178372,4.875719402337067,1.8024311524171095,0.18024311524171094,0.24479536597545332,0.0645522501033086,0.0645522501033086,0.019062619656324387,0.019138703122735023,0.020419595763087273,0.018900766968727112,0.027937056496739388,0.05282782390713692,0.08208274841308594,0.4547620117664337
175.0,0.24918222026183054,0.09136976837180555,5.093017852083743,1.7292360617564275,0.17292360617564279,0.24918222026183054,0.07625861036089751,0.07625861036089751,0.017595911398530006,0.01810632273554802,0.019422408193349838,0.017506640404462814,0.025110024958848953,0.051202442497015,0.08851058781147003,0.4935038089752197
176.0,0.24493907048152044,0.0650548292323947,5.004861608199571,1.7031618081606352,0.17031618081606353,0.24493907048152044,0.07462288381961676,0.07462288381961676,0.018019303679466248,0.01837063580751419,0.019636984914541245,0.018044322729110718,0.026331603527069092,0.04894144460558891,0.07377373427152634,0.2973206043243408
177.0,0.2222834424330638,0.13958261418156326,4.631944985893508,1.6139605366266692,0.16139605366266693,0.2222834424330638,0.06088738372692695,0.06088738372692695,0.019285758957266808,0.01977705769240856,0.02147253416478634,0.01886676996946335,0.028776023536920547,0.06434504687786102,0.1188746988773346,0.8252630233764648
178.0,0.24100688443734095,0.0650059375911951,4.900812327417156,1.605282609279339,0.16052826092793396,0.24100688443734095,0.08047862150348149,0.08047862150348149,0.018023546785116196,0.018351765349507332,0.019708357751369476,0.017871074378490448,0.02580231986939907,0.04940301552414894,0.07530512660741806,0.29558229446411133
179.0,0.22119748821625343,0.06522808666341007,4.746383647606718,1.615590526507451,0.16155905265074513,0.22119748821625343,0.05963842885998579,0.05963842885998579,0.017392070963978767,0.017854545265436172,0.019137000665068626,0.017408138141036034,0.024943504482507706,0.04746338725090027,0.0712122768163681,0.30641376972198486
180.0,0.21370327931184036,0.09506501094438136,4.526542108686195,1.5116543036240797,0.15116543036240798,0.21370327931184036,0.0625378446510205,0.0625378446510205,0.019142432138323784,0.019233405590057373,0.02043817564845085,0.01899494230747223,0.028465021401643753,0.05469439551234245,0.08764515072107315,0.5119065642356873
181.0,0.23187034749067748,0.08308136044070125,5.02966193844731,1.5368314064466035,0.15368314064466038,0.23187034749067748,0.07818720432428214,0.07818720432428214,0.017404792830348015,0.017945365980267525,0.0191698856651783,0.01735696755349636,0.02489904873073101,0.05000888928771019,0.08439768105745316,0.4334682524204254
182.0,0.2281904507141847,0.07443657424300909,4.931055202503154,1.5523060101729174,0.15523060101729175,0.2281904507141847,0.07295985118700908,0.07295985118700908,0.018172312527894974,0.018490763381123543,0.01965581439435482,0.018273858353495598,0.026990124955773354,0.04990408942103386,0.0766066238284111,0.3673990070819855
183.0,0.21429749406301057,0.11227835295721889,4.6893616032297825,1.5257354837197523,0.15257354837197526,0.21429749406301057,0.06172394122068699,0.06172394122068699,0.018258249387145042,0.018636584281921387,0.020108982920646667,0.01798168011009693,0.026012588292360306,0.05529581010341644,0.09845954179763794,0.6434733867645264
184.0,0.22909652728300828,0.0626050722785294,5.020448484693301,1.5263939912502582,0.15263939912502583,0.22909652728300828,0.07645712506312591,0.07645712506312591,0.01788332127034664,0.018325135111808777,0.019526885822415352,0.017990190535783768,0.02633848413825035,0.04942229762673378,0.07323538511991501,0.27811887860298157
185.0,0.21042841787521654,0.13077334454283118,4.877965633630405,1.5387482047080994,0.15387482047080997,0.21042841787521654,0.05655359476804733,0.05655359476804733,0.018961386755108833,0.019479891285300255,0.021123990416526794,0.01866319589316845,0.028366906568408012,0.062199220061302185,0.11651694029569626,0.7608752250671387
186.0,0.2393990376820931,0.06354242330417037,4.814893681803098,1.5640470660649812,0.1564047066064981,0.2393990376820931,0.08299432924160591,0.08299432924160591,0.017999501898884773,0.01833963207900524,0.019701482728123665,0.01788465306162834,0.02569287084043026,0.049198225140571594,0.07499103993177414,0.28453198075294495
187.0,0.21697047295478675,0.07202204270288348,4.839345351757248,1.5750484925050001,0.1575048492505,0.21697047295478675,0.05946562267266787,0.05946562267266787,0.018125955015420914,0.018319783732295036,0.019877467304468155,0.018274705857038498,0.025911064818501472,0.048572614789009094,0.0842253789305687,0.342869371175766
188.0,0.22305710040605986,0.07723905961029232,5.010607507699039,1.554150450688142,0.15541504506881423,0.22305710040605986,0.06764205201314046,0.06764205201314046,0.01717802882194519,0.017719263210892677,0.01889456808567047,0.01728825829923153,0.024697380140423775,0.047867026180028915,0.08042751997709274,0.3938404321670532
189.0,0.21522173572045106,0.09532851818948984,4.643039934483468,1.4670152343236482,0.14670152343236484,0.21522173572045106,0.06852020810429867,0.06852020810429867,0.018800390884280205,0.018933633342385292,0.020234240218997,0.01869870349764824,0.028249794617295265,0.05552322044968605,0.09008108824491501,0.5121070742607117
190.0,0.21899991138623312,0.10510560381226242,4.9564320280617915,1.4429422525259166,0.14429422525259164,0.21899991138623312,0.0747056806889864,0.0747056806889864,0.01782582513988018,0.018354030326008797,0.01983197219669819,0.01765638031065464,0.025999410077929497,0.054580364376306534,0.09973988682031631,0.5868569612503052
191.0,0.22062935737463144,0.07304127467796206,5.039223236428191,1.407584901039417,0.1407584901039417,0.22062935737463144,0.07987086761456269,0.07987086761456269,0.017988115549087524,0.01831722818315029,0.019513964653015137,0.01804431527853012,0.026634586974978447,0.04967569559812546,0.07627927511930466,0.3578770160675049
192.0,0.20453529231823409,0.12992949387989938,4.657714464526827,1.4227793904451222,0.14227793904451222,0.20453529231823409,0.062257350637362555,0.062257350637362555,0.018717680126428604,0.019163426011800766,0.02086316980421543,0.018336117267608643,0.02754097804427147,0.06102577596902847,0.11176863312721252,0.7620201706886292
193.0,0.23138064604539138,0.06790662417188287,5.0669183943897975,1.5081689128508935,0.15081689128508935,0.23138064604539138,0.08056374954489562,0.08056374954489562,0.017972970381379128,0.018385933712124825,0.01961674354970455,0.017883209511637688,0.026344597339630127,0.04965876415371895,0.07612308859825134,0.31726768612861633
194.0,0.22825645598081443,0.12792254239320755,4.8955015973068345,1.6857710572389455,0.16857710572389456,0.22825645598081443,0.05967934859486727,0.05967934859486727,0.01868435926735401,0.019229136407375336,0.02084338665008545,0.018341749906539917,0.027720576152205467,0.06096389889717102,0.11271589994430542,0.7448813319206238
195.0,0.2272974097957978,0.06967401574365795,4.712095815374744,1.4687626957893372,0.1468762695789337,0.2272974097957978,0.08042113654888593,0.08042113654888593,0.018253637477755547,0.01852438412606716,0.019955607131123543,0.018094176426529884,0.02601552940905094,0.0500766821205616,0.07870521396398544,0.32776689529418945
196.0,0.21440434341247266,0.06324337748810649,5.010758033001505,1.5221640926141005,0.15221640926141006,0.21440434341247266,0.062187933864501804,0.062187933864501804,0.0173027366399765,0.017809486016631126,0.019024651497602463,0.01748681254684925,0.025095637887716293,0.048161741346120834,0.07126718759536743,0.289798766374588
197.0,0.21976617723703384,0.09419685625471175,4.935970405153625,1.5372408857712379,0.15372408857712377,0.21976617723703384,0.06604208567967781,0.06604208567967781,0.019042251631617546,0.01915646158158779,0.02042471058666706,0.01910291239619255,0.02862357348203659,0.0539635568857193,0.08695700019598007,0.5063043832778931
198.0,0.22014084057166025,0.07542402786202729,4.9063206765538485,1.4493642839101644,0.14493642839101642,0.22014084057166025,0.07520441080515201,0.07520441080515201,0.017527922987937927,0.01803792268037796,0.01930926740169525,0.017692020162940025,0.025471016764640808,0.04976382479071617,0.083974689245224,0.37161555886268616
199.0,0.20853964010110268,0.07190789422020316,4.734919789489146,1.4086033151699946,0.14086033151699945,0.20853964010110268,0.06767930577580746,0.06767930577580746,0.018338901922106743,0.01859482005238533,0.01994946412742138,0.018422041088342667,0.026965387165546417,0.04983559995889664,0.07975202053785324,0.3434049189090729
200.0,0.21145560191227838,0.11231264076195657,5.034884112165026,1.4774798567478473,0.14774798567478473,0.21145560191227838,0.06370761417425595,0.06370761417425595,0.018290124833583832,0.018720906227827072,0.020277172327041626,0.01807575672864914,0.0266322772949934,0.05631273612380028,0.10291150957345963,0.6372806429862976
201.0,0.22958421134031737,0.05932817002758384,5.07849635956342,1.5067769701664264,0.15067769701664263,0.22958421134031737,0.07890651346399234,0.07890651346399234,0.017873656004667282,0.01831914857029915,0.01954483613371849,0.01795782335102558,0.026174431666731834,0.049453310668468475,0.07338452339172363,0.25191763043403625
202.0,0.20030833666141218,0.1234124202746898,4.703596621726061,1.4501908994638002,0.14501908994638005,0.20030833666141218,0.05528924298974184,0.05528924298974184,0.018757598474621773,0.019185181707143784,0.020724663510918617,0.01841960847377777,0.027325326576828957,0.059520743787288666,0.10908420383930206,0.7142820358276367
203.0,0.222634772841747,0.06221975735388696,4.834848356387175,1.4456690916648278,0.1445669091664828,0.222634772841747,0.07806786608237487,0.07806786608237487,0.018052004277706146,0.01846696063876152,0.019782541319727898,0.018046148121356964,0.02604522928595543,0.05001287907361984,0.07692855596542358,0.2704237401485443
204.0,0.2147331742139963,0.07756064273416996,4.851056062765089,1.5564928513306837,0.1556492851330684,0.2147331742139963,0.059083886158007845,0.059083886158007845,0.018520181998610497,0.018716435879468918,0.020298615097999573,0.018624717369675636,0.02656419575214386,0.050702448934316635,0.08886874467134476,0.3781898021697998
205.0,0.23464013865360847,0.11641327617689967,4.970384506510339,1.6584446384356573,0.16584446384356577,0.23464013865360847,0.06879566810452022,0.06879566810452022,0.018740801140666008,0.018881788477301598,0.02016335539519787,0.01896338164806366,0.029306558892130852,0.06221706047654152,0.0977814719080925,0.6652517914772034
206.0,0.20320265453595382,0.08439186937175691,4.418510164328286,1.3717665397203886,0.13717665397203888,0.20320265453595382,0.06602599500463559,0.06602599500463559,0.018385987728834152,0.01877933368086815,0.020148005336523056,0.01837136410176754,0.026436522603034973,0.05288988724350929,0.08948160707950592,0.4306422472000122
207.0,0.20958275921069658,0.09078124514780939,5.1346799895012145,1.4432266767208393,0.14432266767208393,0.20958275921069658,0.06526008792794667,0.06526008792794667,0.017781896516680717,0.01816163957118988,0.019358353689312935,0.018026545643806458,0.027305254712700844,0.05421176925301552,0.07972408831119537,0.49168041348457336
208.0,0.21193183500033158,0.07212688098661602,4.747720377159225,1.4596398931283217,0.1459639893128322,0.21193183500033158,0.06596784064402947,0.06596784064402947,0.01805732771754265,0.018559109419584274,0.01965932361781597,0.01829165779054165,0.026787003502249718,0.05333074554800987,0.09055230766534805,0.33177757263183594
209.0,0.19635699230891007,0.05236586998216808,4.630235189497423,1.3575778557704046,0.13575778557704046,0.19635699230891007,0.060599201860336155,0.060599201860336155,0.017160413786768913,0.017673198133707047,0.018879014998674393,0.01727292686700821,0.02495349943637848,0.047815196216106415,0.06832504272460938,0.2068476676940918
210.0,0.18998504888552886,0.07185883074998856,4.505963433062253,1.3137983358823335,0.13137983358823335,0.18998504888552886,0.058605214151052326,0.058605214151052326,0.018174797296524048,0.018447039648890495,0.019668785855174065,0.018482334911823273,0.027320191264152527,0.05050024762749672,0.08078164607286453,0.3414956033229828
211.0,0.1982775296156223,0.09386326372623444,4.665493681803996,1.345987427693147,0.1345987427693147,0.1982775296156223,0.06367878701824409,0.06367878701824409,0.01777355559170246,0.018315769731998444,0.019541164860129356,0.017703883349895477,0.025567203760147095,0.053368113934993744,0.09389528632164001,0.5047411322593689
212.0,0.21187696433984315,0.06189295370131731,4.562131722742851,1.3856546718340654,0.13856546718340654,0.21187696433984315,0.07331149767224605,0.07331149767224605,0.018002251163125038,0.018398147076368332,0.019735967740416527,0.01802634261548519,0.02589566446840763,0.049743060022592545,0.07849276810884476,0.26684942841529846
213.0,0.19768956991342398,0.06418705987744033,4.801262559243122,1.3795128648097699,0.137951286480977,0.19768956991342398,0.059738281254584975,0.059738281254584975,0.01720910333096981,0.017698369920253754,0.018955308943986893,0.01743851974606514,0.024843592196702957,0.04739036783576012,0.07477577030658722,0.2951854467391968
214.0,0.20751548730410063,0.11875121807679534,4.963602086078695,1.4177241050280058,0.1417724105028006,0.20751548730410063,0.06574307525387177,0.06574307525387177,0.0196409672498703,0.01969277113676071,0.02088528871536255,0.01950312964618206,0.030010340735316277,0.061740949749946594,0.09880808740854263,0.6797282099723816
215.0,0.2218512881260652,0.0686723836697638,5.079647604571065,1.455930613554441,0.14559306135544411,0.2218512881260652,0.07625822636943597,0.07625822636943597,0.017340602353215218,0.01788037084043026,0.01909707672894001,0.01755194179713726,0.02528863400220871,0.04890717938542366,0.07978470623493195,0.32352855801582336
216.0,0.22225287556648254,0.08895069756545126,5.034534754970088,1.5236561114971454,0.15236561114971459,0.22225287556648254,0.06988725725274819,0.06988725725274819,0.0185882356017828,0.018802426755428314,0.01996433548629284,0.01871054619550705,0.027969682589173317,0.052884433418512344,0.08187493681907654,0.4728109836578369
217.0,0.20516954820889693,0.09978458704426885,4.667448203193088,1.4197306953943694,0.14197306953943695,0.20516954820889693,0.06319647396986301,0.06319647396986301,0.017999136820435524,0.018415609374642372,0.019829336553812027,0.01790371723473072,0.02569507248699665,0.053328461945056915,0.09552687406539917,0.5495784878730774
218.0,0.21295635574139082,0.0725052549969405,4.838582651723526,1.40886685022941,0.14088668502294102,0.21295635574139082,0.0720696672797203,0.0720696672797203,0.018211737275123596,0.018587030470371246,0.019842078909277916,0.018375394865870476,0.027027638629078865,0.05062270909547806,0.07973979413509369,0.3476356565952301
219.0,0.21418320903411278,0.10873429290950298,4.873285394101304,1.5526446379148042,0.15526446379148046,0.21418320903411278,0.05891874031378673,0.05891874031378673,0.01830163039267063,0.0187982227653265,0.02021618001163006,0.018115133047103882,0.026509733870625496,0.056812480092048645,0.10298776626586914,0.6081331968307495
220.0,0.2228209112699215,0.06618817918933928,4.776751870717709,1.4691112545820384,0.14691112545820387,0.2228209112699215,0.07590978277417329,0.07590978277417329,0.018215708434581757,0.01854487881064415,0.019970489665865898,0.01818981021642685,0.02597862109541893,0.04997193440794945,0.07838274538516998,0.3002512454986572
221.0,0.1990855118403068,0.08425793889909983,4.721773961623592,1.3848789517696087,0.13848789517696086,0.1990855118403068,0.06059761717915535,0.06059761717915535,0.01866198517382145,0.018857069313526154,0.020470211282372475,0.018749384209513664,0.026751885190606117,0.052582573145627975,0.09364434331655502,0.42434605956077576
222.0,0.21153460156459075,0.10804671118967235,5.164191660310161,1.4053253944103534,0.14053253944103533,0.21153460156459075,0.0710020586848259,0.0710020586848259,0.01845083385705948,0.018639830872416496,0.019934946671128273,0.01876574568450451,0.028597135096788406,0.05974986031651497,0.09123936295509338,0.6089959740638733
223.0,0.2006850643799855,0.07151354756206274,4.748142697310526,1.3170883563848643,0.1317088356384864,0.2006850643799855,0.06897622633438844,0.06897622633438844,0.01808161474764347,0.018480639904737473,0.01978832110762596,0.01823463663458824,0.026257889345288277,0.051566317677497864,0.0851224735379219,0.33457648754119873
224.0,0.19102701143576548,0.09547669836319983,4.758044811418213,1.302275199156541,0.13022751991565412,0.19102701143576548,0.06079949037386821,0.06079949037386821,0.017775725573301315,0.01815558411180973,0.019513927400112152,0.01759234257042408,0.025099163874983788,0.05081406608223915,0.08357647806406021,0.5312862992286682
225.0,0.19956698268651962,0.07529315468855202,4.706163452574591,1.3656491728929372,0.13656491728929374,0.19956698268651962,0.06300206568378669,0.06300206568378669,0.018295271322131157,0.01854141242802143,0.019976727664470673,0.01824282854795456,0.02681627683341503,0.051131974905729294,0.08044864237308502,0.368892103433609
226.0,0.19642467624866045,0.10496638994663954,4.855062295332539,1.2573116284150343,0.12573116284150343,0.19642467624866045,0.07069350950993024,0.07069350950993024,0.018207689747214317,0.018667273223400116,0.02011384628713131,0.01812056452035904,0.0266650952398777,0.05676937848329544,0.10487812757492065,0.5763091444969177
227.0,0.1997342877663099,0.06404209649190307,4.89800808549917,1.235707665865238,0.12357076658652383,0.1997342877663099,0.07616351888729976,0.07616351888729976,0.018036894500255585,0.018381396308541298,0.019713737070560455,0.018227262422442436,0.026439841836690903,0.0492551252245903,0.07535195350646973,0.28693056106567383
228.0,0.1822026354762224,0.12004850944504142,4.533839272004888,1.2170679660943837,0.12170679660943838,0.1822026354762224,0.06049583537074236,0.06049583537074236,0.018569011241197586,0.018943538889288902,0.020574552938342094,0.018296515569090843,0.026852818205952644,0.05819312110543251,0.10666630417108536,0.6922922134399414
229.0,0.1983703151345253,0.061064771143719554,4.750849142438319,1.2206929922103882,0.12206929922103883,0.1983703151345253,0.0763010116150746,0.0763010116150746,0.01796795427799225,0.018344655632972717,0.019717106595635414,0.017971325665712357,0.025892794132232666,0.049096524715423584,0.07383280247449875,0.2656950056552887
230.0,0.18140965241652268,0.12426716880872846,4.621768658753106,1.2390113335389357,0.12390113335389359,0.18140965241652268,0.05750851533733881,0.05750851533733881,0.01866806671023369,0.019095338881015778,0.020835036411881447,0.018420061096549034,0.027348536998033524,0.059630464762449265,0.1098116934299469,0.720328152179718
231.0,0.20246708966218507,0.06972920848056674,4.706105587217256,1.2614982517865987,0.12614982517865989,0.20246708966218507,0.0763172682088155,0.0763172682088155,0.018326304852962494,0.018542295321822166,0.020046239718794823,0.018167339265346527,0.025675348937511444,0.049463145434856415,0.07808725535869598,0.32952573895454407
232.0,0.18844487288823494,0.06381212174892426,4.915469488687069,1.2835081494771516,0.12835081494771522,0.18844487288823494,0.06009405450179027,0.06009405450179027,0.01735037751495838,0.01780063845217228,0.0190634336322546,0.01758820377290249,0.02497975528240204,0.04731162637472153,0.07117851078510284,0.2952244281768799
233.0,0.1951314348440904,0.11317511578090489,4.896931176526307,1.2746761670479407,0.1274676167047941,0.1951314348440904,0.06766381687842883,0.06766381687842883,0.019537251442670822,0.019627807661890984,0.02078292891383171,0.01941155642271042,0.02951079234480858,0.0603230744600296,0.09279236197471619,0.6434151530265808
234.0,0.2040375408071738,0.09134770021773875,4.96600806052129,1.30546373128891,0.13054637312889097,0.2040375408071738,0.07349116383836819,0.07349116383836819,0.0178846288472414,0.01832207292318344,0.01973658613860607,0.01792510226368904,0.025505831465125084,0.051361821591854095,0.09117148071527481,0.48887407779693604
235.0,0.19992419045705062,0.06884850095957518,4.726095632391132,1.3178066061093257,0.13178066061093255,0.19992419045705062,0.06814352652201286,0.06814352652201286,0.01843866892158985,0.01870730146765709,0.020164091140031815,0.018533019348978996,0.026800449937582016,0.049756016582250595,0.07939241826534271,0.31899604201316833
236.0,0.1920460147353319,0.1031888637226075,4.648560022750601,1.2780211567878723,0.12780211567878724,0.1920460147353319,0.0642439012344067,0.0642439012344067,0.018222779035568237,0.018656736239790916,0.020061738789081573,0.018110990524291992,0.026236586272716522,0.055435359477996826,0.10027100145816803,0.5685157179832458
237.0,0.20002573212751976,0.06322184926830232,4.734846038281328,1.266857942709556,0.1266857942709556,0.20002573212751976,0.07333993883087085,0.07333993883087085,0.01824798807501793,0.018590254709124565,0.019967706874012947,0.018305446952581406,0.026360975578427315,0.04985625669360161,0.07803704589605331,0.2764091193675995
238.0,0.18685273081064224,0.11562039703130722,4.7622401648613675,1.2621672130548036,0.1262167213054804,0.18685273081064224,0.06063600600912021,0.06063600600912021,0.018445901572704315,0.018930161371827126,0.020577838644385338,0.018284844234585762,0.02699408493936062,0.058036066591739655,0.10538750141859055,0.6583067774772644
239.0,0.20766991033003881,0.06497167702764273,4.819623171709028,1.3068713545799255,0.13068713545799257,0.20766991033003881,0.07698277154794106,0.07698277154794106,0.018024619668722153,0.01834106631577015,0.019767407327890396,0.018241744488477707,0.025938933715224266,0.04940921440720558,0.07831254601478577,0.2917378842830658
240.0,0.18100149814899152,0.05398676288314164,4.630612482853527,1.2382702987927656,0.12382702987927655,0.18100149814899152,0.05717446741003256,0.05717446741003256,0.017538322135806084,0.01798543706536293,0.01928800344467163,0.017738621681928635,0.02528269588947296,0.04777713492512703,0.0683213397860527,0.21796254813671112
241.0,0.1920755786391405,0.07489530276507139,4.5591638341326295,1.3013027814718394,0.13013027814718395,0.1920755786391405,0.06194529625085684,0.06194529625085684,0.018327919766306877,0.018477458506822586,0.02012908086180687,0.01843208260834217,0.025720469653606415,0.04860856384038925,0.08060013502836227,0.3688667118549347
242.0,0.18672409596351477,0.06872479734010994,4.655304980138021,1.2986107422755315,0.12986107422755316,0.18672409596351477,0.05686301594743362,0.05686301594743362,0.017636600881814957,0.018078353255987167,0.01939108408987522,0.01771933026611805,0.025227895006537437,0.04828048497438431,0.07361076772212982,0.3298538625240326
243.0,0.1807793086537948,0.08018466806970537,4.350047477221868,1.1937907223518078,0.11937907223518078,0.1807793086537948,0.06140023426940808,0.06140023426940808,0.018421445041894913,0.01861054264008999,0.020197631791234016,0.018412131816148758,0.025836436077952385,0.05002438277006149,0.08220691233873367,0.4077678620815277
244.0,0.1782670536866555,0.08248881017789245,4.667284593155364,1.2174589542242198,0.12174589542242199,0.1782670536866555,0.056521159811661795,0.056521159811661795,0.017665307968854904,0.018065983429551125,0.019497402012348175,0.017778266221284866,0.025232823565602303,0.04946316033601761,0.0837278962135315,0.4284796416759491
245.0,0.19034189558946168,0.1024777905549854,4.726582756216699,1.2412163340128386,0.12412163340128388,0.19034189558946168,0.06622025771782948,0.06622025771782948,0.01917378045618534,0.019279247149825096,0.020569998770952225,0.019274892285466194,0.029092460870742798,0.05631594359874725,0.09011154621839523,0.5660044550895691
246.0,0.19513684453872535,0.07979332841932774,4.6728454307979925,1.2883896919397206,0.12883896919397209,0.19513684453872535,0.06629787041590764,0.06629787041590764,0.017895812168717384,0.01837071031332016,0.019646504893898964,0.01808745227754116,0.025980355218052864,0.05148279294371605,0.08941395580768585,0.39746904373168945
247.0,0.18832320146835768,0.07774768280796707,4.609006092224129,1.1833761563667884,0.11833761563667883,0.18832320146835768,0.069985582278325,0.069985582278325,0.018504412844777107,0.01877286657691002,0.020154960453510284,0.018622398376464844,0.027223091572523117,0.05076749250292778,0.08013149350881577,0.3878047466278076
248.0,0.17899503616186288,0.13290496822446585,4.773782072759812,1.1925845237878652,0.11925845237878653,0.17899503616186288,0.05973658080284412,0.05973658080284412,0.020126502960920334,0.02060473896563053,0.02221698872745037,0.020008282735943794,0.03026626445353031,0.06675713509321213,0.12576824426651,0.7574915885925293
249.0,0.20308281309329546,0.05526967323385179,5.220462552827328,1.2512876804058368,0.12512876804058368,0.20308281309329546,0.07795404098354854,0.07795404098354854,0.017401771619915962,0.017936665564775467,0.019210798665881157,0.01757865957915783,0.025469060987234116,0.0495154932141304,0.07083078473806381,0.22421415150165558
250.0,0.1885759520989198,0.13233627565205097,4.65745884349537,1.256818489386485,0.12568184893864853,0.1885759520989198,0.06289409717115071,0.06289409717115071,0.019582316279411316,0.020044462755322456,0.021700289100408554,0.01928534545004368,0.028892986476421356,0.06469213217496872,0.11982820183038712,0.7646644711494446
251.0,0.18988406658172607,0.05548355169594288,5.012169585493155,1.2213922280531664,0.12213922280531661,0.18988406658172607,0.06774484337522434,0.06774484337522434,0.017355114221572876,0.01783662661910057,0.019112704321742058,0.01746843382716179,0.025196311995387077,0.048425476998090744,0.06821773946285248,0.23025600612163544
252.0,0.18242287119993797,0.11791616771370173,4.666084251734413,1.2104640969863305,0.12104640969863303,0.18242287119993797,0.061376459180162504,0.061376459180162504,0.019048623740673065,0.019500454887747765,0.02102689817547798,0.018873408436775208,0.02765018679201603,0.0601685456931591,0.1103026270866394,0.6667585968971252
253.0,0.18063082488683554,0.07364697055891156,4.512401700197648,1.1646967851198637,0.11646967851198634,0.18063082488683554,0.06416114648947349,0.06416114648947349,0.01758500002324581,0.017973199486732483,0.01933959685266018,0.017589146271348,0.024924663826823235,0.047334544360637665,0.07581538707017899,0.36861422657966614
254.0,0.17457332404760215,0.056602227967232466,4.430630522738956,1.1729841323999257,0.1172984132399926,0.17457332404760215,0.057274908400498904,0.057274908400498904,0.01823619194328785,0.018471624702215195,0.019940035417675972,0.01841171644628048,0.02597360871732235,0.04848024249076843,0.07726185023784637,0.22604255378246307
255.0,0.184033147417582,0.10843232367187738,4.7646333579726186,1.2154081463813782,0.1215408146381378,0.184033147417582,0.06249232790791071,0.06249232790791071,0.018326500430703163,0.018833547830581665,0.02035721018910408,0.01826374977827072,0.026496758684515953,0.056557510048151016,0.10223569720983505,0.6063876152038574
256.0,0.19547286686988977,0.06916610663756728,4.789738089940578,1.2322745300256288,0.12322745300256287,0.19547286686988977,0.07224541071515816,0.07224541071515816,0.018227696418762207,0.018582265824079514,0.020033227279782295,0.01829688809812069,0.025776099413633347,0.04941995069384575,0.07955336570739746,0.323439359664917
257.0,0.17569575630701506,0.08626724150963128,4.603998984757701,1.1806033253669739,0.11806033253669737,0.17569575630701506,0.0576354219363286,0.0576354219363286,0.0179799422621727,0.018305940553545952,0.01977594569325447,0.01805964671075344,0.02543487586081028,0.04920841008424759,0.08350623399019241,0.45786693692207336
258.0,0.183052101960549,0.09839528519660234,4.899055062604264,1.1910817256340613,0.11910817256340614,0.183052101960549,0.06394392882402126,0.06394392882402126,0.019191019237041473,0.019272571429610252,0.020540490746498108,0.01923297345638275,0.028383692726492882,0.05588105693459511,0.08584253489971161,0.5388179421424866
259.0,0.1914432942867279,0.08808045391924679,4.800242332162505,1.1916329448039715,0.11916329448039717,0.1914432942867279,0.07227999516404592,0.07227999516404592,0.017980007454752922,0.018413962796330452,0.019835302606225014,0.018114211037755013,0.02580004371702671,0.05183001980185509,0.09222470968961716,0.460445374250412
260.0,0.17714652648338905,0.07063486380502582,4.554070692641464,1.1280147685454442,0.11280147685454442,0.17714652648338905,0.06434504945690815,0.06434504945690815,0.01873641088604927,0.018921667709946632,0.020465752109885216,0.018684394657611847,0.02653537318110466,0.049355488270521164,0.08254977315664291,0.3298300504684448
261.0,0.18355389340565756,0.11602318077348173,4.883865585658096,1.1631135780077715,0.11631135780077716,0.18355389340565756,0.06724253411476429,0.06724253411476429,0.018704427406191826,0.019121596589684486,0.020779920741915703,0.018635950982570648,0.02730368822813034,0.05821432173252106,0.1065661683678627,0.658859372138977
262.0,0.19045892013953283,0.057712414767593145,4.9096816117842454,1.1903971204390893,0.11903971204390892,0.19045892013953283,0.07141920465689439,0.07141920465689439,0.018213802948594093,0.018547285348176956,0.019951773807406425,0.018401242792606354,0.02608295902609825,0.048839960247278214,0.0746622309088707,0.23700006306171417
263.0,0.17682077792974618,0.12553991307504475,4.5793351782401395,1.177702518609854,0.11777025186098536,0.17682077792974618,0.05905052618338512,0.05905052618338512,0.019022444263100624,0.019383234903216362,0.021092960610985756,0.018851807340979576,0.02768632583320141,0.060219381004571915,0.11090001463890076,0.7271631360054016
264.0,0.18961160629987717,0.058016507187858224,4.823279413141384,1.166992072875683,0.11669920728756832,0.18961160629987717,0.07291239614670093,0.07291239614670093,0.018315520137548447,0.0186384879052639,0.020062049850821495,0.01847698539495468,0.02621494233608246,0.048978906124830246,0.07601118087768555,0.23743398487567902
265.0,0.17589140626100394,0.06715245242230594,4.809905566476573,1.1630071309896617,0.11630071309896617,0.17589140626100394,0.059590690984175756,0.059590690984175756,0.01774803176522255,0.01817127875983715,0.0196014866232872,0.018040817230939865,0.025441177189350128,0.04812808334827423,0.07702583819627762,0.3130629062652588
266.0,0.173698562842149,0.07080395915545523,4.445214325960906,1.1447975841852336,0.11447975841852337,0.173698562842149,0.05921880041177456,0.05921880041177456,0.018938196823000908,0.019004127010703087,0.02046024799346924,0.019044455140829086,0.027240293100476265,0.048502013087272644,0.07978019118309021,0.3334621489048004
267.0,0.19945988746789786,0.0722672319971025,5.053407518109121,1.2427754081212556,0.12427754081212558,0.19945988746789786,0.07518234619727501,0.07518234619727501,0.01775103248655796,0.018259020522236824,0.019587190821766853,0.01803191378712654,0.025478115305304527,0.049149733036756516,0.0811929926276207,0.3486878573894501
268.0,0.18851464872176832,0.07232263055630028,4.785432676100347,1.2469537395697374,0.12469537395697375,0.18851464872176832,0.06381927230037175,0.06381927230037175,0.01858697086572647,0.018783362582325935,0.020150072872638702,0.018916329368948936,0.0272988248616457,0.04986853897571564,0.07718920707702637,0.3477877378463745
269.0,0.17703665678317732,0.10392162948846817,4.610923246699665,1.1357933305777037,0.11357933305777036,0.17703665678317732,0.06345732108904766,0.06345732108904766,0.018422987312078476,0.018772972747683525,0.020308634266257286,0.01836756430566311,0.026283541694283485,0.054748617112636566,0.09849109500646591,0.575977623462677
270.0,0.1795908848826702,0.05814154329709709,4.790784884406903,1.114785224199295,0.1114785224199295,0.1795908848826702,0.06811235902401117,0.06811235902401117,0.018291061744093895,0.018595561385154724,0.01998424343764782,0.01859610714018345,0.026394888758659363,0.048936545848846436,0.07353057712316513,0.24080336093902588
271.0,0.16728595758859927,0.09720813948661089,4.6647433572714965,1.0953834240253155,0.10953834240253157,0.16728595758859927,0.057747616504247375,0.057747616504247375,0.01820869743824005,0.018660029396414757,0.020062504336237907,0.01822850853204727,0.026068460196256638,0.05391065031290054,0.0944652333855629,0.528061032295227
272.0,0.1872361204945124,0.06864087819121778,4.693822077728949,1.1650992265114417,0.11650992265114415,0.1872361204945124,0.07072619663981292,0.07072619663981292,0.01861731894314289,0.018867654725909233,0.0204242505133152,0.01859254017472267,0.02614097110927105,0.04954047501087189,0.08198917657136917,0.31495463848114014
273.0,0.1743350659425442,0.07076858007349074,4.7787104862400165,1.1458713183036218,0.11458713183036216,0.1743350659425442,0.059747934341430664,0.059747934341430664,0.017734622582793236,0.01816641353070736,0.01961495913565159,0.018057141453027725,0.025424987077713013,0.048242323100566864,0.0787963718175888,0.3401118218898773
274.0,0.18374425975176004,0.10439158137887716,4.94213098345226,1.2019105966274555,0.12019105966274556,0.18374425975176004,0.06355319888545917,0.06355319888545917,0.019619932398200035,0.019679725170135498,0.020910678431391716,0.01962985284626484,0.029002094641327858,0.05814135819673538,0.08909876644611359,0.5790502429008484
275.0,0.1979622714794599,0.0821283704135567,4.759618473845905,1.2605736530744112,0.12605736530744113,0.1979622714794599,0.0719049028479136,0.0719049028479136,0.018020808696746826,0.018446290865540504,0.019825221970677376,0.018187696114182472,0.025573313236236572,0.04936767742037773,0.08518703281879425,0.4224189221858978
276.0,0.18306346294971612,0.05187629978172481,4.549258377306066,1.1987133897267854,0.11987133897267857,0.18306346294971612,0.0631921231173552,0.0631921231173552,0.018473446369171143,0.018657589331269264,0.020168323069810867,0.018730539828538895,0.026413504034280777,0.04775633662939072,0.07575836032629013,0.1890522986650467
277.0,0.1757193591732245,0.10923800943419337,4.73131105517272,1.140247615484091,0.11402476154840911,0.1757193591732245,0.06169459510308046,0.06169459510308046,0.01869708113372326,0.018974825739860535,0.02056673727929592,0.01860474981367588,0.02678544633090496,0.05637142062187195,0.10068097710609436,0.6132228374481201
278.0,0.19096886939727342,0.07506378996185958,4.821448473605624,1.2280018971516535,0.12280018971516538,0.19096886939727342,0.06816867767618252,0.06816867767618252,0.018606869503855705,0.018798232078552246,0.0204139593988657,0.01862167753279209,0.02599075809121132,0.04959525167942047,0.08025263249874115,0.368230938911438
279.0,0.1719627735706476,0.10749759920872748,4.668963880772415,1.155161440372467,0.11551614403724669,0.1719627735706476,0.05644662506305254,0.05644662506305254,0.018532995134592056,0.01894606277346611,0.02048591896891594,0.018495121970772743,0.026687249541282654,0.05551609769463539,0.0988486185669899,0.602468729019165
280.0,0.18889305454034072,0.07013459363952279,4.73452225834997,1.1810885117604182,0.11810885117604181,0.18889305454034072,0.07078420227536789,0.07078420227536789,0.018520651385188103,0.018799960613250732,0.020344309508800507,0.018622370436787605,0.026187967509031296,0.04944836348295212,0.0798414871096611,0.32931163907051086
281.0,0.16934100882365152,0.08253013947978616,4.537897099506386,1.1306540232438307,0.11306540232438309,0.16934100882365152,0.05627560472259155,0.05627560472259155,0.018091849982738495,0.01838112808763981,0.019920358434319496,0.01823209971189499,0.02564150094985962,0.04905366152524948,0.08258094638586044,0.42833957076072693
282.0,0.17927188884753448,0.09755424852482975,4.952936915101102,1.1655328342547784,0.11655328342547783,0.17927188884753448,0.06271860318688247,0.06271860318688247,0.01939490996301174,0.01943768560886383,0.020731735974550247,0.01945299468934536,0.02842957340180874,0.05591791868209839,0.08621667325496674,0.5308524966239929
283.0,0.18699254267490828,0.08937948988750577,4.770786516586283,1.1595680667803838,0.1159568066780384,0.18699254267490828,0.07103573273007686,0.07103573273007686,0.018341459333896637,0.01872207410633564,0.02021568827331066,0.018510861322283745,0.026341984048485756,0.05229378864169121,0.09347046166658401,0.4671396017074585
284.0,0.17265728517220572,0.0691180806607008,4.620501310990351,1.0952688524356256,0.10952688524356255,0.17265728517220572,0.06313039734959602,0.06313039734959602,0.018862532451748848,0.019046278670430183,0.020603245124220848,0.018874146044254303,0.02678420953452587,0.049071259796619415,0.08042902499437332,0.3192739486694336
285.0,0.17192793465577638,0.10237074829638004,4.651519498760388,1.0791864395141602,0.10791864395141601,0.17192793465577638,0.06400929305415887,0.06400929305415887,0.018452567979693413,0.018820298835635185,0.02032746933400631,0.01844356581568718,0.026504861190915108,0.05464887619018555,0.09761229157447815,0.5641560554504395
286.0,0.176203425687093,0.0736041700001806,4.692549654275556,1.088080699627216,0.1088080699627216,0.176203425687093,0.06739535411963096,0.06739535411963096,0.018448365852236748,0.018668677657842636,0.0202621016651392,0.018626952543854713,0.02598503977060318,0.04898214340209961,0.08060488849878311,0.3572551906108856
287.0,0.16350688498753768,0.05446157697588205,4.445655701863193,1.0730867913136115,0.10730867913136116,0.16350688498753768,0.05619820407949961,0.05619820407949961,0.017909999936819077,0.01828663796186447,0.019728265702724457,0.01816246658563614,0.025589842349290848,0.04709998518228531,0.06997682899236679,0.21893858909606934
288.0,0.17035413648073489,0.07999674044549465,4.533590047453886,1.1012858954759746,0.11012858954759747,0.17035413648073489,0.06022554678985706,0.06022554678985706,0.018533125519752502,0.018779246136546135,0.020437760278582573,0.018769128248095512,0.026232386007905006,0.04973815754055977,0.08411412686109543,0.4033699929714203
289.0,0.16979122219177392,0.06549092847853899,4.778114470892765,1.1303782485998595,0.11303782485998594,0.16979122219177392,0.05675339326262474,0.05675339326262474,0.01798919588327408,0.018384959548711777,0.019853174686431885,0.01815219596028328,0.02566392347216606,0.048043135553598404,0.07395181059837341,0.301889032125473
290.0,0.17518694068376833,0.09236120828427374,4.8540886270843835,1.145404992195276,0.11454049921952764,0.17518694068376833,0.060646442839732535,0.060646442839732535,0.018740002065896988,0.019035622477531433,0.02069956064224243,0.018890883773565292,0.026693997904658318,0.05279189720749855,0.0928749293088913,0.48916277289390564
291.0,0.17630653771070334,0.0680431870277971,4.808260574152946,1.1551336967028105,0.11551336967028103,0.17630653771070334,0.0607931656906238,0.0607931656906238,0.018108313903212547,0.018321344628930092,0.019677532836794853,0.018452070653438568,0.02632872760295868,0.049085572361946106,0.0715237632393837,0.3228481709957123
292.0,0.17756929993629456,0.10026293410919607,4.615772451228831,1.1556234978712523,0.11556234978712521,0.17756929993629456,0.06200695181122193,0.06200695181122193,0.01918169856071472,0.019437650218605995,0.02115018479526043,0.01922733522951603,0.02729640156030655,0.055328983813524246,0.10018269717693329,0.5402985215187073
293.0,0.18770491274503562,0.07543353666551411,5.006701860329221,1.2495283553233514,0.12495283553233513,0.18770491274503562,0.06275207320084938,0.06275207320084938,0.018122956156730652,0.018380101770162582,0.019739193841814995,0.01839406043291092,0.026532668620347977,0.051139947026968,0.07313288003206253,0.37802648544311523
294.0,0.17255001056652802,0.11756071681156754,4.62269541445098,1.1057447974498456,0.11057447974498455,0.17255001056652802,0.06197552812787203,0.06197552812787203,0.019603203982114792,0.019872501492500305,0.021627157926559448,0.01956027001142502,0.028676170855760574,0.0610872320830822,0.11553487181663513,0.6545243263244629
295.0,0.17424221164905107,0.0672986872959882,4.869711735499759,1.0853608846664429,0.1085360884666443,0.17424221164905107,0.06570612209347579,0.06570612209347579,0.017961470410227776,0.01829899288713932,0.01973693259060383,0.01809574104845524,0.02576984278857708,0.04798109829425812,0.07102318853139877,0.3195222318172455
296.0,0.17938725019876772,0.12176530621945858,4.879089541250922,1.150282635138585,0.11502826351385852,0.17938725019876772,0.06435898376198915,0.06435898376198915,0.01945364847779274,0.019847488030791283,0.02147035486996174,0.019407929852604866,0.028438379988074303,0.061872448772192,0.11500591039657593,0.6886262893676758
297.0,0.1795389365691405,0.0615022093988955,4.888815522161099,1.1447140482755809,0.11447140482755808,0.1795389365691405,0.06506753139770947,0.06506753139770947,0.017801960930228233,0.0181738268584013,0.019564300775527954,0.018010959029197693,0.025345567613840103,0.046981219202280045,0.07275205105543137,0.2733877897262573
298.0,0.1673938763829378,0.06240567471832037,4.506214327434899,1.0821679784701421,0.10821679784701423,0.1673938763829378,0.05917707587090822,0.05917707587090822,0.018454723060131073,0.01869213581085205,0.02022758685052395,0.018648650497198105,0.026072965934872627,0.04819675162434578,0.07815339416265488,0.2707991898059845
299.0,0.168674213381914,0.10684762382879853,4.7946722026220305,1.0998251323516552,0.10998251323516553,0.168674213381914,0.05869169676533112,0.05869169676533112,0.018437964841723442,0.01888400875031948,0.020436810329556465,0.018411992117762566,0.026652365922927856,0.056514739990234375,0.10006667673587799,0.5953764319419861
300.0,0.18416107904452544,0.06043059495277703,4.775390802484788,1.0913620820412269,0.1091362082041227,0.18416107904452544,0.07502486714376853,0.07502486714376853,0.018534649163484573,0.01886732690036297,0.020314905792474747,0.018675440922379494,0.02636401541531086,0.049296848475933075,0.07778772711753845,0.25360384583473206
301.0,0.1650568567789518,0.10280954092741013,4.499727564220659,1.0653383502593408,0.10653383502593408,0.1650568567789518,0.05852301934590706,0.05852301934590706,0.019485119730234146,0.01971479319036007,0.021379638463258743,0.019696347415447235,0.02863321267068386,0.05835719779133797,0.10921716690063477,0.5459928512573242
302.0,0.1748674466059758,0.11913880426436663,4.863187342231283,1.0421223984314845,0.10421223984314845,0.1748674466059758,0.07065520621836185,0.07065520621836185,0.019283602014183998,0.01948484033346176,0.020801063627004623,0.019635917618870735,0.030060872435569763,0.06597983837127686,0.10788979381322861,0.6699745059013367
303.0,0.18370606291752595,0.09002728364430368,4.771123801990841,1.0693457951912513,0.10693457951912509,0.18370606291752595,0.07677148282527924,0.07677148282527924,0.01838265173137188,0.01877150870859623,0.02026238851249218,0.018538277596235275,0.02613101527094841,0.052418701350688934,0.09204860776662827,0.47366511821746826
304.0,0.16387102065178064,0.06675574649125338,4.834495049735745,1.045640202668997,0.10456402026689969,0.16387102065178064,0.05930700095800253,0.05930700095800253,0.017531491816043854,0.018025901168584824,0.01927395910024643,0.017773879691958427,0.025106297805905342,0.04737642779946327,0.07373932749032974,0.3152186870574951
305.0,0.16647252727013367,0.09906089911237359,4.466117394011734,1.047180739732889,0.1047180739732889,0.16647252727013367,0.06175445020198822,0.06175445020198822,0.019032133743166924,0.01927364617586136,0.020902417600154877,0.01904614269733429,0.026876090094447136,0.05426933616399765,0.09039458632469177,0.5426928400993347
306.0,0.1635467639336219,0.08960578870028257,4.743893864798351,1.0424679494821107,0.1042467949482111,0.1635467639336219,0.059299966177115075,0.059299966177115075,0.01807326078414917,0.018557382747530937,0.02011789381504059,0.01831224001944065,0.02620997279882431,0.05206998437643051,0.0889933854341507,0.4745121896266937
307.0,0.1656345593241545,0.09791570715606213,4.809101583188874,1.0182230335015516,0.10182230335015516,0.1656345593241545,0.06381225643249658,0.06381225643249658,0.01932056061923504,0.019402464851737022,0.020692797377705574,0.019480304792523384,0.028489332646131516,0.05728881433606148,0.0870554968714714,0.5315958857536316
308.0,0.17295720313604063,0.10685683647170663,4.5964241015143195,1.0067636737456689,0.1006763673745669,0.17295720313604063,0.07228083163499832,0.07228083163499832,0.01861700788140297,0.018996084108948708,0.020549774169921875,0.01867055706679821,0.02675021067261696,0.05497163161635399,0.09743034094572067,0.5988690853118896
309.0,0.1612835297217736,0.06920105731114745,4.515207748232134,0.9985632919348203,0.09985632919348204,0.1612835297217736,0.06142719519826082,0.06142719519826082,0.018606411293148994,0.018854858353734016,0.020441392436623573,0.018815161660313606,0.026256725192070007,0.048687051981687546,0.08012889325618744,0.32181796431541443
310.0,0.16046940477994773,0.11872375477105379,4.580069510031814,0.9840532220326937,0.09840532220326938,0.16046940477994773,0.06206408057075281,0.06206408057075281,0.01894906349480152,0.019338974729180336,0.021029403433203697,0.01897205039858818,0.027578921988606453,0.05884133279323578,0.10723576694726944,0.6778445243835449
311.0,0.16771234686558062,0.0776804240886122,4.535098340719675,1.0169430489723499,0.101694304897235,0.16771234686558062,0.06601803979048362,0.06601803979048362,0.018777906894683838,0.019035369157791138,0.02063499577343464,0.018827928230166435,0.02623123861849308,0.05017799139022827,0.08260085433721542,0.38515710830688477
312.0,0.16153793036937714,0.11512460932135582,4.841701695646689,1.030090861595594,0.1030090861595594,0.16153793036937714,0.058528842261204354,0.058528842261204354,0.01878851093351841,0.019262759014964104,0.020946960896253586,0.01886528544127941,0.027494413778185844,0.05773735046386719,0.10398881137371063,0.6539127826690674
313.0,0.17366829686439955,0.07562575628980994,4.802820423424844,1.033192542883066,0.1033192542883066,0.17366829686439955,0.07034904079941603,0.07034904079941603,0.018703075125813484,0.01907198131084442,0.020627912133932114,0.018876077607274055,0.026553038507699966,0.05063658952713013,0.08215310424566269,0.3683842718601227
314.0,0.1585971564054489,0.08100865734741092,4.523497228267916,1.0354775052804213,0.10354775052804215,0.1585971564054489,0.05504940478847577,0.05504940478847577,0.018110571429133415,0.018437063321471214,0.01991763710975647,0.018362820148468018,0.02573629841208458,0.048470016568899155,0.08126068115234375,0.41777417063713074
315.0,0.17823687596963003,0.09864151501096785,5.012132393327908,1.1383632467343257,0.11383632467343258,0.17823687596963003,0.06440055169738255,0.06440055169738255,0.019587617367506027,0.01963520608842373,0.020883359014987946,0.01972455158829689,0.02867131680250168,0.05710295960307121,0.0882987380027771,0.5352283716201782
316.0,0.18540675880817267,0.09746584738604724,4.819783154463256,1.1391006845694323,0.11391006845694321,0.18540675880817267,0.0714966872563729,0.0714966872563729,0.01856357604265213,0.019017457962036133,0.020535821095108986,0.01883404329419136,0.0270729660987854,0.054449185729026794,0.09815627336502075,0.5230974555015564
317.0,0.17629476235463068,0.07186741707846522,4.703207650287588,1.1235775557848124,0.11235775557848124,0.17629476235463068,0.06393700752120751,0.06393700752120751,0.01902727410197258,0.01925772987306118,0.020803134888410568,0.01904378831386566,0.026982611045241356,0.04982276260852814,0.0820142850279808,0.3379877507686615
318.0,0.17622489138291433,0.11398982582613826,4.616689023263661,1.1296270673091595,0.11296270673091595,0.17622489138291433,0.06326218006702569,0.06326218006702569,0.01879497803747654,0.01915667951107025,0.0208273995667696,0.018848098814487457,0.027226503938436508,0.05734269693493843,0.10320586711168289,0.6465163826942444
319.0,0.17444099657810652,0.0804669784847647,4.715114284479944,1.080241010739253,0.1080241010739253,0.17444099657810652,0.06641689487374745,0.06641689487374745,0.01880829781293869,0.01901833899319172,0.020655661821365356,0.018969129770994186,0.02636432647705078,0.05019109323620796,0.08230023831129074,0.4074287414550781
320.0,0.16533563687251165,0.12349931243807077,4.744525028826255,1.064713553740428,0.10647135537404283,0.16533563687251165,0.058864280294913515,0.058864280294913515,0.01913437992334366,0.01958344504237175,0.021360132843255997,0.019163021817803383,0.028151771053671837,0.06030493974685669,0.11005519330501556,0.7102416157722473
321.0,0.1803806693508075,0.07416068250313401,4.847842640017843,1.0904598465332618,0.10904598465332618,0.1803806693508075,0.07133468039906941,0.07133468039906941,0.01879957877099514,0.019145045429468155,0.020708318799734116,0.018928201869130135,0.02655460312962532,0.05056595057249069,0.08251944184303284,0.3560643196105957
322.0,0.1602407074891604,0.07807202078402042,4.418858772628753,1.060791565821721,0.1060791565821721,0.1602407074891604,0.05416154861450195,0.05416154861450195,0.018097173422574997,0.018492089584469795,0.01995420642197132,0.018396656960248947,0.025802042335271835,0.04852909594774246,0.08221808075904846,0.39308682084083557
323.0,0.16385385222159898,0.09561284515075386,4.961484338717546,1.0031760770540972,0.1003176077054097,0.16385385222159898,0.06353624136402057,0.06353624136402057,0.01945487968623638,0.019499972462654114,0.020758474245667458,0.019707294180989265,0.02853728085756302,0.05581128969788551,0.08534114062786102,0.5157924294471741
324.0,0.16821731684299615,0.09611630719155073,4.829763948489152,0.9850724064386808,0.09850724064386808,0.16821731684299615,0.06971007127028245,0.06971007127028245,0.018593894317746162,0.01898924633860588,0.020534036681056023,0.018888896331191063,0.027072349563241005,0.05458546802401543,0.098660409450531,0.5116061568260193
325.0,0.16153266796698937,0.07553532463498414,4.681416556877344,0.9836422961491805,0.09836422961491803,0.16153266796698937,0.06316843657539441,0.06316843657539441,0.01920310966670513,0.019421804696321487,0.020917663350701332,0.01917671598494053,0.027370065450668335,0.050698552280664444,0.08221641182899475,0.3652782738208771
326.0,0.16371018726092118,0.09851512755267322,4.907275583136487,0.9828950510575221,0.09828950510575221,0.16371018726092118,0.06542068261366624,0.06542068261366624,0.018423570320010185,0.018923988565802574,0.020511046051979065,0.0187087245285511,0.026993555948138237,0.0556018128991127,0.09944991022348404,0.5295084118843079
327.0,0.17037601597034013,0.06029701279476285,4.888374938268685,1.0038511730157411,0.10038511730157412,0.17037601597034013,0.06999089683477695,0.06999089683477695,0.018802527338266373,0.019001422449946404,0.020432662218809128,0.019059836864471436,0.026802996173501015,0.04865650460124016,0.07343775033950806,0.25618240237236023
328.0,0.16054110343639666,0.1361519384663552,4.618273497876429,1.0179566076168647,0.10179566076168647,0.16054110343639666,0.05874544238814941,0.05874544238814941,0.019659515470266342,0.020002050325274467,0.021931348368525505,0.01966777630150318,0.029205333441495895,0.06408245116472244,0.11790265887975693,0.7967643737792969
329.0,0.17899869898190865,0.06914882618002594,4.991804141217285,1.0514205212776477,0.10514205212776477,0.17899869898190865,0.07385664633833446,0.07385664633833446,0.018507715314626694,0.018873507156968117,0.02036038599908352,0.0188266783952713,0.026350269094109535,0.04946795850992203,0.0794796571135521,0.3213244378566742
330.0,0.16004007309675217,0.05700869066640735,4.7100933313580065,1.0535012529446528,0.1053501252944653,0.16004007309675217,0.05468994636948292,0.05468994636948292,0.017963895574212074,0.01836175099015236,0.01969749666750431,0.018368249759078026,0.025721518322825432,0.047686927020549774,0.07117123156785965,0.23709845542907715
331.0,0.16370226385501715,0.07453165645711124,4.666073755782803,1.0151377045191252,0.10151377045191254,0.16370226385501715,0.06218849065212103,0.06218849065212103,0.01867756061255932,0.019031241536140442,0.020595883950591087,0.018910981714725494,0.02650638110935688,0.04994227737188339,0.08153590559959412,0.3610530197620392
332.0,0.15194725761046776,0.1463127201423049,4.616047715196334,0.9821037879356971,0.09821037879356974,0.15194725761046776,0.05373687784259136,0.05373687784259136,0.020154273137450218,0.020423397421836853,0.022539177909493446,0.020077558234333992,0.030523722991347313,0.06787686049938202,0.12709471583366394,0.8618120551109314
333.0,0.17437404336837622,0.08713642251677811,4.60733202252227,1.0222706955212812,0.10222706955212812,0.17437404336837622,0.07214697020558211,0.07214697020558211,0.0191672183573246,0.019399188458919525,0.021056385710835457,0.019172456115484238,0.02692573145031929,0.05265634134411812,0.08584187179803848,0.4528721868991852
334.0,0.15983832340974075,0.11101305554620922,4.914959574973273,1.0244120405270503,0.10244120405270506,0.15983832340974075,0.0573971182681047,0.0573971182681047,0.01981254853308201,0.020026255398988724,0.021835770457983017,0.02021164633333683,0.02983839251101017,0.06110423803329468,0.11692351847887039,0.5983520746231079
335.0,0.17710610192555648,0.13031990290619433,5.123428469080802,1.0099971363177667,0.10099971363177668,0.17710610192555648,0.07610638726216096,0.07610638726216096,0.020229050889611244,0.020276455208659172,0.021522261202335358,0.02047399990260601,0.03140250965952873,0.06694266945123672,0.10606718063354492,0.7556450963020325
336.0,0.16862873618419355,0.08689332823269069,4.773509921780446,0.9879526725182166,0.09879526725182167,0.16862873618419355,0.06983346692644633,0.06983346692644633,0.017838014289736748,0.01830928400158882,0.019827157258987427,0.018134821206331253,0.025683023035526276,0.05202709883451462,0.089723601937294,0.4536036252975464
337.0,0.17035886301444128,0.05717664654366672,4.952967146499164,0.9920403017447545,0.09920403017447546,0.17035886301444128,0.07115483398620899,0.07115483398620899,0.018260620534420013,0.018540779128670692,0.019897406920790672,0.018719950690865517,0.026221025735139847,0.046897806227207184,0.07049927860498428,0.23837630450725555
338.0,0.1558923079417302,0.07474268763326108,4.838375587557904,0.9726490286680368,0.09726490286680368,0.1558923079417302,0.05862740140694838,0.05862740140694838,0.017912277951836586,0.018429283052682877,0.01976109854876995,0.018266379833221436,0.025785861536860466,0.050656143575906754,0.08162997663021088,0.36550047993659973
339.0,0.173726944396129,0.07225201046094298,4.953043468736332,0.9993185997009277,0.09993185997009277,0.173726944396129,0.07379508391022682,0.07379508391022682,0.018877601251006126,0.019098693504929543,0.020414164289832115,0.019059741869568825,0.0271451473236084,0.05048943683505058,0.07828284800052643,0.34464845061302185
340.0,0.15959389335834062,0.1834675706923008,4.922635968864299,1.0156328769830556,0.10156328769830555,0.15959389335834062,0.058030605889283694,0.058030605889283694,0.022405879572033882,0.022787347435951233,0.025326086208224297,0.02224447950720787,0.03675362095236778,0.08598137646913528,0.16673235595226288,1.0855094194412231
341.0,0.1777640741605025,0.08187381061725318,5.110538174453856,0.9977512428393731,0.09977512428393731,0.1777640741605025,0.0779889511087766,0.0779889511087766,0.018301455304026604,0.01866118423640728,0.02022036910057068,0.018431100994348526,0.027139941230416298,0.053161244839429855,0.0792192667722702,0.41985592246055603
342.0,0.17356285796715662,0.14152634469792247,4.901680681811875,0.9745291631955367,0.09745291631955366,0.17356285796715662,0.07610994004286252,0.07610994004286252,0.02025141380727291,0.020685873925685883,0.02267512120306492,0.02027345634996891,0.030607672408223152,0.06906004995107651,0.13064034283161163,0.8180168271064758
343.0,0.17536217318131372,0.07122539798729122,5.104017668494299,1.012626356803454,0.10126263568034541,0.17536217318131372,0.074099534119551,0.074099534119551,0.01804775930941105,0.018381251022219658,0.01968705654144287,0.018368735909461975,0.026259860023856163,0.050572820007801056,0.07660827040672302,0.34187743067741394
344.0,0.17357701063156128,0.17380800959654152,5.107397097375359,1.0352881459089427,0.10352881459089426,0.17357701063156128,0.070048194951736,0.070048194951736,0.021540023386478424,0.021808383986353874,0.024335553869605064,0.021280618384480476,0.034419018775224686,0.08039208501577377,0.15356656908988953,1.0331218242645264
345.0,0.17067255423619196,0.06646922556683421,4.966782916120741,0.9985290169715881,0.0998529016971588,0.17067255423619196,0.07081965414377359,0.07081965414377359,0.017953170463442802,0.018459085375070572,0.01978142000734806,0.018284715712070465,0.02576800063252449,0.04892779514193535,0.07651501148939133,0.3060646057128906
346.0,0.16476579411671713,0.08625690033659339,4.66602467010609,1.0148272491418397,0.101482724914184,0.16476579411671713,0.06328306605036442,0.06328306605036442,0.018679171800613403,0.01899036392569542,0.02056395448744297,0.018962474539875984,0.026343222707509995,0.05082140862941742,0.08957413583993912,0.4461204707622528
347.0,0.15465604341947115,0.06625327584333718,4.889019281151997,0.9779947124994718,0.09779947124994719,0.15465604341947115,0.056856571625058465,0.056856571625058465,0.01793670281767845,0.018409740179777145,0.019727064296603203,0.01825850084424019,0.025473110377788544,0.048077501356601715,0.07520613074302673,0.30693745613098145
348.0,0.15142571066434568,0.08594432706013322,4.26236776036498,0.9567683064020597,0.09567683064020596,0.15142571066434568,0.05574887990951538,0.05574887990951538,0.018714025616645813,0.019087165594100952,0.02061718888580799,0.018942909315228462,0.026485994458198547,0.052206724882125854,0.08934330940246582,0.4421572983264923
349.0,0.15267655081473863,0.0738639491610229,4.828521753197733,0.9727103412151337,0.09727103412151338,0.15267655081473863,0.05540551675053743,0.05540551675053743,0.017990928143262863,0.018407393246889114,0.01979302056133747,0.01841871440410614,0.0259306151419878,0.05065008997917175,0.08388563245534897,0.3558351993560791
350.0,0.16124934416550857,0.09710677387192845,4.908267165609394,0.9675886997809777,0.09675886997809775,0.16124934416550857,0.06449046988899891,0.06449046988899891,0.019236953929066658,0.019367225468158722,0.020584186539053917,0.019531212747097015,0.028539270162582397,0.05691714957356453,0.08812501281499863,0.5245531797409058
351.0,0.16406050725625113,0.09554044995456934,4.723727050436289,0.9813257547525259,0.0981325754752526,0.16406050725625113,0.06592793017625809,0.06592793017625809,0.018362106755375862,0.018779590725898743,0.020298685878515244,0.01856868527829647,0.026231728494167328,0.05232107266783714,0.09281881153583527,0.5169429183006287
352.0,0.15820734317486101,0.05595547263510525,4.978426245897608,0.9666402294085576,0.09666402294085574,0.15820734317486101,0.06154331966088368,0.06154331966088368,0.01868470199406147,0.01891554892063141,0.020308151841163635,0.019073044881224632,0.026711532846093178,0.04858418554067612,0.07537595927715302,0.21999065577983856
353.0,0.1539758684543463,0.11807820736430585,4.813332194503361,0.9260735190831698,0.09260735190831698,0.1539758684543463,0.06136851442547945,0.06136851442547945,0.018947908654808998,0.019412029534578323,0.02119920402765274,0.019175531342625618,0.02803693898022175,0.05988376960158348,0.11087479442358017,0.6670954823493958
354.0,0.15995271962422591,0.07369948574341834,4.662474835908516,0.9490183545992925,0.09490183545992927,0.15995271962422591,0.06505088336192645,0.06505088336192645,0.01881452463567257,0.019098781049251556,0.020668286830186844,0.018837280571460724,0.026581089943647385,0.050465669482946396,0.08270452916622162,0.3524257242679596
355.0,0.1538668005512311,0.11095893336459994,4.924399155397558,0.949321985244751,0.09493219852447511,0.1538668005512311,0.058934598588026486,0.058934598588026486,0.01865733601152897,0.019169969484210014,0.02097017876803875,0.018898915499448776,0.027517201378941536,0.058082692325115204,0.10513709485530853,0.6192380785942078
356.0,0.16368665259618026,0.07792985090054572,4.942636937697695,0.9529332747826209,0.09529332747826208,0.16368665259618026,0.06839332070488197,0.06839332070488197,0.018589116632938385,0.018927959725260735,0.02041536383330822,0.019003363326191902,0.026503533124923706,0.050425779074430466,0.085616335272789,0.3839573562145233
357.0,0.15571045588988525,0.061558719957247376,4.864361261355243,1.0049129266005297,0.10049129266005297,0.15571045588988525,0.0552191619689648,0.0552191619689648,0.017985660582780838,0.018436405807733536,0.019806994125247,0.01834898069500923,0.025599949061870575,0.04735376685857773,0.07351004332304001,0.2714279592037201
358.0,0.16044623805926397,0.13933427212759852,4.751981145710043,1.0160109928021064,0.10160109928021065,0.16044623805926397,0.058845136171350114,0.058845136171350114,0.020111169666051865,0.020441969856619835,0.022530650720000267,0.020282523706555367,0.03037741221487522,0.06671451777219772,0.12330827116966248,0.8109076619148254
359.0,0.16271215963822144,0.06568727875128388,4.8745414280482695,0.9808641167787405,0.09808641167787406,0.16271215963822144,0.06462574692872855,0.06462574692872855,0.018352722749114037,0.01879517175257206,0.020187949761748314,0.018555961549282074,0.02634034864604473,0.05065937340259552,0.07724351435899734,0.295363187789917
360.0,0.16897137806965754,0.08686784072779119,5.053350631490437,1.0637817566211407,0.10637817566211406,0.16897137806965754,0.06259320217829484,0.06259320217829484,0.01866217330098152,0.01901501603424549,0.020561061799526215,0.01898055151104927,0.026621364057064056,0.05178879573941231,0.09089571237564087,0.4484180510044098
361.0,0.15984185326557893,0.06995272426865995,5.036856532723056,1.0273580092650194,0.10273580092650195,0.15984185326557893,0.05710605087761696,0.05710605087761696,0.01811038888990879,0.01860010251402855,0.019974233582615852,0.01844531111419201,0.025967102497816086,0.0500560961663723,0.07790295779705048,0.33056560158729553
362.0,0.15379857902343458,0.09872044716030359,4.548518948423905,0.9522017378073472,0.09522017378073472,0.15379857902343458,0.05857840295021351,0.05857840295021351,0.019029071554541588,0.019346343353390694,0.021011091768741608,0.019254978746175766,0.027138441801071167,0.054475609213113785,0.09338202327489853,0.5361260175704956
363.0,0.14883389209325498,0.09080015867948532,4.566968575206486,0.9477292574368991,0.09477292574368994,0.14883389209325498,0.05406096348395714,0.05406096348395714,0.018167102709412575,0.018611323088407516,0.020181115716695786,0.01847933977842331,0.026156289502978325,0.05213107168674469,0.09011239558458328,0.4825626313686371
364.0,0.16254882629101092,0.08913372945971787,4.941416792613088,0.9992788571577805,0.09992788571577807,0.16254882629101092,0.06262093753768848,0.06262093753768848,0.019308704882860184,0.019457032904028893,0.020792441442608833,0.019482670351862907,0.02818569913506508,0.05574778839945793,0.08734026551246643,0.4627552330493927
365.0,0.1633595572068141,0.10201633325777948,5.04485714973743,0.9629040360450745,0.09629040360450745,0.1633595572068141,0.06706915194025406,0.06706915194025406,0.018604427576065063,0.01905553601682186,0.020703159272670746,0.018952863290905952,0.027305083349347115,0.05673918500542641,0.10296616703271866,0.55180424451828
366.0,0.16279508288090044,0.06567219225689769,5.038567105686399,0.9917338375861828,0.09917338375861831,0.16279508288090044,0.06362169837722412,0.06362169837722412,0.018819408491253853,0.019140835851430893,0.020648792386054993,0.019106576219201088,0.02683812752366066,0.050446704030036926,0.08153596520423889,0.2888411283493042
367.0,0.15520734110703835,0.1300843544304371,4.632002868112033,0.9661067059406867,0.09661067059406868,0.15520734110703835,0.058596668335107654,0.058596668335107654,0.019476838409900665,0.019869305193424225,0.02172953449189663,0.019579418003559113,0.028735274448990822,0.06266896426677704,0.11568986624479294,0.7529256343841553
368.0,0.15873715510735145,0.07767646806314588,5.020917585907944,0.921470426596128,0.0921470426596128,0.15873715510735145,0.06659011112955901,0.06659011112955901,0.018661100417375565,0.019022542983293533,0.0205233171582222,0.019011661410331726,0.02687542513012886,0.05177844315767288,0.08493078500032425,0.380608469247818
369.0,0.14534030510829046,0.07217134931124747,4.868103574192312,0.895800361266503,0.08958003612665032,0.14534030510829046,0.055760266116032235,0.055760266116032235,0.01804293319582939,0.01853231154382229,0.019876966252923012,0.018399767577648163,0.025864867493510246,0.04954720288515091,0.0802391842007637,0.34686756134033203
370.0,0.14833292594322792,0.0826124504674226,4.735686100637029,0.918324853365238,0.0918324853365238,0.14833292594322792,0.056500438027656995,0.056500438027656995,0.018683889880776405,0.019072655588388443,0.020632321015000343,0.01898963749408722,0.026769699528813362,0.05186974257230759,0.08722204715013504,0.41765961050987244
371.0,0.1478920395557697,0.0797636485658586,4.730603261206726,0.9349813094505897,0.09349813094505895,0.1478920395557697,0.0543939068626899,0.0543939068626899,0.01812615804374218,0.0185887198895216,0.020021960139274597,0.018502825871109962,0.026033183559775352,0.050367698073387146,0.0846555233001709,0.4018131196498871
372.0,0.15425962840135282,0.09107671515084803,5.1151726710251815,0.9628222057452569,0.0962822205745257,0.15425962840135282,0.057977406737896114,0.057977406737896114,0.019300291314721107,0.019375665113329887,0.02058175951242447,0.019653530791401863,0.02838869020342827,0.05628460273146629,0.08601922541856766,0.4790099561214447
373.0,0.1679279809960952,0.09799226769246161,5.09918833634045,0.9952983374779041,0.09952983374779041,0.1679279809960952,0.06839814294989292,0.06839814294989292,0.018657416105270386,0.019041089341044426,0.020642414689064026,0.019028449431061745,0.027261940762400627,0.05590874329209328,0.10077645629644394,0.5226216316223145
374.0,0.1530368958528225,0.06039034342393279,4.893645029007915,0.9444669530941889,0.09444669530941889,0.1530368958528225,0.05859019922522398,0.05859019922522398,0.018990764394402504,0.019207512959837914,0.0207012090831995,0.019268695265054703,0.027131730690598488,0.05085645243525505,0.0805496945977211,0.24641668796539307
375.0,0.15479257416266662,0.1105551146902144,4.869842514221808,0.9277604634945209,0.0927760463494521,0.15479257416266662,0.06201652724009294,0.06201652724009294,0.018735110759735107,0.019191686064004898,0.020986227318644524,0.018977193161845207,0.027438536286354065,0.05745213106274605,0.10341526567935944,0.6182447671890259
376.0,0.15219995494072253,0.0824665199033916,4.6577709948245545,0.8984977029837095,0.08984977029837095,0.15219995494072253,0.062350185158161014,0.062350185158161014,0.018710818141698837,0.0190311037003994,0.020678669214248657,0.01896965689957142,0.026507774367928505,0.05026315897703171,0.08390921354293823,0.42166176438331604
