epoch,train_loss,val_window_mae_kwh,grad_norm,l_state,w_state,loss,l_window,w_window,val_mae_soc_event_0.1,val_mae_soc_event_0.2,val_mae_soc_event_0.5,val_mae_time_60s,val_mae_time_120s,val_mae_time_300s,val_mae_time_600s,val_mae_full_trip
0.0,2.1968630919089684,0.34655689215287566,5.7335504989619235,19.059484298412617,1.905948429841262,2.1968630919089684,0.2909146352456166,0.2909146352456166,0.03716014325618744,0.03767907992005348,0.04361854866147041,0.03421909734606743,0.06720497459173203,0.16000697016716003,0.3143504858016968,2.0782158374786377
1.0,2.0646108388900757,0.19299190980382264,6.098476490164507,18.91838286473201,1.891838286473201,2.0646108388900757,0.172772549952452,0.172772549952452,0.0267005804926157,0.02781013958156109,0.031009329482913017,0.024942297488451004,0.04661376774311066,0.10134772956371307,0.20486587285995483,1.0806455612182617
2.0,1.9907297996374278,0.19117694324813783,6.353114721518603,18.4549921475924,1.84549921475924,1.9907297996374278,0.14523056522011757,0.14523056522011757,0.024517951533198357,0.024883151054382324,0.029019057750701904,0.02231660485267639,0.04108043015003204,0.089012011885643,0.1696537435054779,1.1289325952529907
3.0,1.8418829349371104,0.077369385631755,6.070732929031423,17.182665164654072,1.7182665164654074,1.8418829349371104,0.12361637617533024,0.12361637617533024,0.01833483949303627,0.01944568008184433,0.021284982562065125,0.018303947523236275,0.02985052764415741,0.06240077689290047,0.10651818662881851,0.34281614422798157
4.0,1.6623020080419688,0.2065007658675313,6.318557135454726,15.712987056145302,1.5712987056145307,1.6623020080419688,0.09100328385829926,0.09100328385829926,0.024471452459692955,0.024981657043099403,0.02899419330060482,0.022710328921675682,0.042249392718076706,0.095565065741539,0.19197817146778107,1.2210558652877808
5.0,1.628410829947545,0.1206974156666547,6.366727554732824,14.754915237426758,1.475491523742676,1.628410829947545,0.15291924488085967,0.15291924488085967,0.01896136812865734,0.019426379352808,0.022194048389792442,0.017875052988529205,0.03039524145424366,0.06285398453474045,0.11675405502319336,0.6771191954612732
6.0,1.5200301958964422,0.10263077355921268,6.305964269897042,14.264977601858286,1.4264977601858286,1.5200301958964422,0.09353239089250565,0.09353239089250565,0.02258000709116459,0.023683473467826843,0.025956125929951668,0.022298663854599,0.036990758031606674,0.08562054485082626,0.14021152257919312,0.4637050926685333
7.0,1.552900960812202,0.1828483701683581,7.425238118137061,13.714843419881968,1.3714843419881968,1.552900960812202,0.18141660409478041,0.18141660409478041,0.022746458649635315,0.023430366069078445,0.026777448132634163,0.02254347689449787,0.0393233485519886,0.0874537006020546,0.17716243863105774,1.063349723815918
8.0,1.5324700016241808,0.11978487810119987,7.9545842103133335,13.270939826965332,1.3270939826965333,1.5324700016241808,0.20537599548697472,0.20537599548697472,0.02545938827097416,0.026564987376332283,0.030317984521389008,0.024246152490377426,0.0443284846842289,0.08902294188737869,0.1616315245628357,0.5567075610160828
9.0,1.4241582292776842,0.24360993644222617,6.689394253478493,13.040422769693228,1.304042276969323,1.4241582292776842,0.12011593121748704,0.12011593121748704,0.026898415759205818,0.027486953884363174,0.03159477189183235,0.026026954874396324,0.04814161732792854,0.11423831433057785,0.23620520532131195,1.4382872581481934
10.0,1.4922039142021766,0.18007076368667185,6.620113073859628,12.83503301327045,1.2835033013270452,1.4922039142021766,0.2087006110411424,0.2087006110411424,0.02245376817882061,0.022930029779672623,0.02654447965323925,0.020815374329686165,0.03813697397708893,0.0835220217704773,0.16440387070178986,1.0617595911026
11.0,1.348793272788708,0.08526941435411572,6.040898004161395,12.562320782588078,1.2562320782588077,1.348793272788708,0.09256116587382096,0.09256116587382096,0.020296497270464897,0.021061422303318977,0.023883188143372536,0.019877241924405098,0.034101009368896484,0.07209058851003647,0.13698126375675201,0.3538641035556793
12.0,1.334947604399461,0.18082897807471454,6.280661587195851,12.37824663749108,1.2378246637491084,1.334947604399461,0.09712291480256961,0.09712291480256961,0.02249598316848278,0.023240402340888977,0.026827408000826836,0.021789850667119026,0.03854002058506012,0.08811778575181961,0.17576907575130463,1.0498512983322144
13.0,1.3881400869442866,0.1271709285210818,6.425683772809537,12.066408890944262,1.206640889094426,1.3881400869442866,0.18149916970959076,0.18149916970959076,0.019894910976290703,0.020205402746796608,0.023342492058873177,0.018892187625169754,0.03281296789646149,0.06852325052022934,0.12946096062660217,0.7042352557182312
14.0,1.2522415014413686,0.08629363565705717,5.946666835638907,11.757111292618971,1.1757111292618971,1.2522415014413686,0.07653037258065663,0.07653037258065663,0.0231300238519907,0.024096373468637466,0.027097109705209732,0.022853408008813858,0.04033491760492325,0.08830615878105164,0.16486358642578125,0.29966750741004944
15.0,1.2892539501190186,0.17677072249352932,6.629602591032504,11.516676279214712,1.1516676279214713,1.2892539501190186,0.1375863107924278,0.1375863107924278,0.021854205057024956,0.02242264337837696,0.025890996679663658,0.020605934783816338,0.03696673735976219,0.0830901712179184,0.1659570187330246,1.0373780727386475
16.0,1.2443160047897925,0.09162086062133312,6.367513155366448,11.17169035398043,1.117169035398043,1.2443160047897925,0.12714697764470026,0.12714697764470026,0.019596464931964874,0.020107651129364967,0.022922968491911888,0.01921354979276657,0.03244046866893768,0.06842625141143799,0.1295986771583557,0.4206608533859253
17.0,1.1687333308733427,0.13397021824494004,6.127439938647135,10.868569997640757,1.0868569997640756,1.1687333308733427,0.0818763177555341,0.0818763177555341,0.019961725920438766,0.020566551014780998,0.023314842954277992,0.019294269382953644,0.031730011105537415,0.06818277388811111,0.13375860452651978,0.7549529671669006
18.0,1.1971659568639903,0.05875879852101207,6.554087515880197,10.609075546264648,1.060907554626465,1.1971659568639903,0.13625836773560598,0.13625836773560598,0.01952362060546875,0.020452000200748444,0.022720279172062874,0.01969008706510067,0.032237034291028976,0.07064564526081085,0.12767668068408966,0.15712504088878632
19.0,1.130594551563263,0.14607709227129817,6.289000723488571,10.343013781767626,1.0343013781767625,1.130594551563263,0.0962931694319615,0.0962931694319615,0.02008291333913803,0.020541520789265633,0.02356705442070961,0.018968680873513222,0.03242873027920723,0.0705571174621582,0.1375589668750763,0.8449117541313171
20.0,1.117109014437749,0.0840768029447645,6.221876194623884,9.944575896629921,0.9944575896629921,1.117109014437749,0.12265144059291253,0.12265144059291253,0.01923719421029091,0.019851230084896088,0.022647753357887268,0.019121358171105385,0.03129154443740845,0.06665439903736115,0.1243995949625969,0.3694113492965698
21.0,1.0488795821483319,0.10784040042199194,6.259097946219816,9.68412760587839,0.968412760587839,1.0488795821483319,0.08046681090043141,0.08046681090043141,0.018528888002038002,0.018851473927497864,0.021411659196019173,0.01780063845217228,0.028540827333927155,0.05788667872548103,0.11171460151672363,0.5879884362220764
22.0,1.0552588999271393,0.0643418557010591,6.178857822710065,9.420666896379911,0.942066689637991,1.0552588999271393,0.11319220123382714,0.11319220123382714,0.019283588975667953,0.019968226552009583,0.02224622294306755,0.019491015002131462,0.030977440997958183,0.06837140023708344,0.11880297213792801,0.21559397876262665
23.0,1.0133569515668428,0.14929362200200558,6.235529818635824,9.200622521913969,0.920062252191397,1.0133569515668428,0.09329467696639207,0.09329467696639207,0.020676687359809875,0.021204190328717232,0.024179674685001373,0.019775090739130974,0.033786654472351074,0.0741339847445488,0.1459438055753708,0.8546488881111145
24.0,1.008545960371311,0.07482381956651807,6.3730412947626105,8.898623264752901,0.8898623264752902,1.008545960371311,0.11868363418258153,0.11868363418258153,0.018199563026428223,0.01868448406457901,0.02158535085618496,0.018099354580044746,0.029213789850473404,0.06065703183412552,0.1108812615275383,0.3212697207927704
25.0,0.9241100572622739,0.09827478905208409,5.878418648554182,8.490834804681631,0.8490834804681633,0.9241100572622739,0.07502655341075017,0.07502655341075017,0.01818004436790943,0.018492139875888824,0.021211300045251846,0.017573649063706398,0.02821614407002926,0.056005124002695084,0.10748928040266037,0.5190306305885315
26.0,0.918602528480383,0.055048334412276745,5.815180999781337,8.192980197759775,0.8192980197759774,0.918602528480383,0.09930450641191922,0.09930450641191922,0.019733145833015442,0.020223140716552734,0.022629592567682266,0.019772587344050407,0.030611922964453697,0.06739082932472229,0.11135175824165344,0.14867369830608368
27.0,0.8955627496425922,0.1376979500055313,6.279467879288854,8.056064770771908,0.8056064770771907,0.8955627496425922,0.08995625605949989,0.08995625605949989,0.01976289413869381,0.020088156685233116,0.023164507001638412,0.018807142972946167,0.03175360709428787,0.06811924278736115,0.1345825493335724,0.7853055000305176
28.0,0.9195219049086938,0.07775961817242205,6.515479124090651,8.109250820600069,0.810925082060007,0.9195219049086938,0.10859679316098873,0.10859679316098873,0.018250126391649246,0.018561163917183876,0.02155855856835842,0.017999911680817604,0.029068082571029663,0.05911042168736458,0.10771963000297546,0.34980905055999756
29.0,0.8992639161073245,0.16345818247646093,6.350958564404372,8.272517644442045,0.8272517644442045,0.8992639161073245,0.07201213360979007,0.07201213360979007,0.02108924090862274,0.021588759496808052,0.02506454661488533,0.02002272941172123,0.03514755517244339,0.07779394090175629,0.15217047929763794,0.9547882080078125
30.0,0.8991993826169234,0.0901710654143244,6.061623553190771,7.851174189494206,0.7851174189494206,0.8991993826169234,0.11408195157463734,0.11408195157463734,0.01865377463400364,0.018855545669794083,0.021992696449160576,0.018215592950582504,0.029318587854504585,0.059413135051727295,0.11058870702981949,0.44433048367500305
31.0,0.7992091545691857,0.07758781895972788,5.8006916064398935,7.355363075549786,0.7355363075549786,0.7992091545691857,0.0636728317118608,0.0636728317118608,0.019506732001900673,0.019866492599248886,0.022994745522737503,0.019416116178035736,0.03133337199687958,0.0647723525762558,0.1182575523853302,0.3245551884174347
32.0,0.72699301976424,0.08688967837952077,5.576695742020872,6.540415708835308,0.6540415708835308,0.72699301976424,0.07295144449632901,0.07295144449632901,0.01972923055291176,0.020107662305235863,0.023139774799346924,0.019556108862161636,0.03107316792011261,0.06420993059873581,0.11836668103933334,0.39893487095832825
33.0,0.6812921716616704,0.1344176579732448,5.838208796456714,6.073396939497727,0.6073396939497728,0.6812921716616704,0.07395247370004654,0.07395247370004654,0.02104240655899048,0.02132670395076275,0.02522456832230091,0.020411977544426918,0.03474114090204239,0.07498163729906082,0.14417147636413574,0.7334413528442383
34.0,0.6788415312767029,0.17489506769925356,6.01202755025245,5.876727415965154,0.5876727415965154,0.6788415312767029,0.09116879220192249,0.09116879220192249,0.02189633995294571,0.02245800942182541,0.026199091225862503,0.021003931760787964,0.03719092532992363,0.08338718861341476,0.16354618966579437,1.0234788656234741
35.0,0.6546602478394141,0.09319975809194148,5.830028266752048,5.5161357292762165,0.5516135729276218,0.6546602478394141,0.10304666568453495,0.10304666568453495,0.019681459292769432,0.019982434809207916,0.02330201305449009,0.019392160698771477,0.03123508021235466,0.06438139081001282,0.11805489659309387,0.44956862926483154
36.0,0.5954337727565032,0.10532176913693547,5.879594280934276,5.18267652621636,0.518267652621636,0.5954337727565032,0.07716611486214858,0.07716611486214858,0.018898947164416313,0.019119860604405403,0.022312678396701813,0.01839253678917885,0.029608704149723053,0.05960792303085327,0.11471056938171387,0.5599229335784912
37.0,0.5965370169052711,0.07111894804984331,5.950213445848106,5.041437139877906,0.5041437139877907,0.5965370169052711,0.09239329426334454,0.09239329426334454,0.019327491521835327,0.019609054550528526,0.022641267627477646,0.019496075809001923,0.030234044417738914,0.06497418880462646,0.10403620451688766,0.28863325715065
38.0,0.5645356545081506,0.1416392580140382,5.834768581857679,4.729527106651893,0.4729527106651894,0.5645356545081506,0.09158293186472012,0.09158293186472012,0.020334938541054726,0.02077397145330906,0.024084333330392838,0.019601529464125633,0.033119138330221176,0.07158394157886505,0.13974791765213013,0.803868293762207
39.0,0.5554907849201789,0.07528294762596488,5.819811550689242,4.555632903025701,0.4555632903025701,0.5554907849201789,0.09992747954451121,0.09992747954451121,0.01915951445698738,0.01949162594974041,0.0225434061139822,0.019070737063884735,0.030048493295907974,0.06035178154706955,0.10778681933879852,0.32381120324134827
40.0,0.5291261512499589,0.160400056745857,5.969412069302984,4.582817471944368,0.4582817471944369,0.5291261512499589,0.07084440382627341,0.07084440382627341,0.02100015990436077,0.021469853818416595,0.025075875222682953,0.020207291468977928,0.03486252576112747,0.07734206318855286,0.1511867344379425,0.9320559501647949
41.0,0.5342301588792068,0.07191302860155702,5.909362147731675,4.224937539834243,0.4224937539834243,0.5342301588792068,0.1117363993365031,0.1117363993365031,0.017945194616913795,0.018050294369459152,0.02108900435268879,0.017550423741340637,0.027551952749490738,0.05322097986936569,0.0944352000951767,0.32546117901802063
42.0,0.48016909108712125,0.12205756269395351,5.486892363848285,4.167537487470186,0.41675374874701876,0.48016909108712125,0.06341534093595468,0.06341534093595468,0.020196711644530296,0.02060304954648018,0.024045048281550407,0.01976265385746956,0.03245939686894417,0.06710551679134369,0.13229089975357056,0.6599972248077393
43.0,0.5066726093108838,0.07719949842430651,5.868616871943776,4.103384412251986,0.4103384412251986,0.5066726093108838,0.09633416510545291,0.09633416510545291,0.019309937953948975,0.01962149702012539,0.022837238386273384,0.019516199827194214,0.0305927786976099,0.06515853106975555,0.10391834378242493,0.33664146065711975
44.0,0.480546032006924,0.1330516110174358,5.816437358810867,3.9080340953973622,0.3908034095397363,0.480546032006924,0.08974260980120072,0.08974260980120072,0.02008989453315735,0.02041870914399624,0.023809358477592468,0.019459979608654976,0.03235149756073952,0.06878125667572021,0.13354094326496124,0.7459612488746643
45.0,0.4551918369073134,0.08242032816633582,5.5753169957839654,3.592784514793983,0.3592784514793983,0.4551918369073134,0.09591338239037074,0.09591338239037074,0.019807040691375732,0.02014562301337719,0.02344740740954876,0.01962464675307274,0.031347211450338364,0.06448020786046982,0.11725006997585297,0.363260418176651
46.0,0.43620855189286745,0.1618488091044128,5.803305826846213,3.6413809840495768,0.3641380984049577,0.43620855189286745,0.07207044701163585,0.07207044701163585,0.021480044350028038,0.021948304027318954,0.025586478412151337,0.02077513374388218,0.03583791106939316,0.0791756808757782,0.1543305516242981,0.9356563687324524
47.0,0.4589232000020834,0.05760300415568054,6.097919343007534,3.4669133057961097,0.346691330579611,0.4589232000020834,0.11223185893434745,0.11223185893434745,0.017778752371668816,0.017882270738482475,0.02093597501516342,0.017505096271634102,0.02705775573849678,0.052819881588220596,0.09006168693304062,0.2167826145887375
48.0,0.41478457817664516,0.16820584144443274,5.509332635827339,3.513876351026388,0.3513876351026389,0.41478457817664516,0.06339694144060978,0.06339694144060978,0.023033330217003822,0.02351541630923748,0.02724524587392807,0.022484812885522842,0.03847665712237358,0.08493947237730026,0.1637851893901825,0.9621666073799133
49.0,0.40313309316451734,0.08343629911541939,5.677684394603513,3.278472432723412,0.3278472432723412,0.40313309316451734,0.07528584622419797,0.07528584622419797,0.01968257501721382,0.01990629732608795,0.023408161476254463,0.01939440332353115,0.03098710998892784,0.062090471386909485,0.11046712845563889,0.3815542459487915
50.0,0.4075193726099454,0.12560375616885722,5.82976067430467,3.332467931967515,0.3332467931967515,0.4075193726099454,0.07427257500015773,0.07427257500015773,0.020416392013430595,0.02078838273882866,0.024269873276352882,0.02001260779798031,0.03277871012687683,0.06896527856588364,0.1348530501127243,0.6827457547187805
51.0,0.4176588597205969,0.057510018115863204,5.81609551238958,3.1765530659602237,0.31765530659602237,0.4176588597205969,0.10000354682023709,0.10000354682023709,0.01954701356589794,0.01970907859504223,0.022828156128525734,0.019625971093773842,0.030649906024336815,0.06258051842451096,0.1019219309091568,0.18321757018566132
52.0,0.40172731990997607,0.13521090405993164,5.964036900787274,3.2158354887595544,0.3215835488759554,0.40172731990997607,0.08014376203601177,0.08014376203601177,0.020473135635256767,0.020788542926311493,0.024312222376465797,0.01991468481719494,0.03302018344402313,0.07050953060388565,0.13663575053215027,0.756033182144165
53.0,0.4131916073652414,0.06034860434010625,6.101887200885246,3.0300083435498752,0.3030008343549875,0.4131916073652414,0.11019076550236115,0.11019076550236115,0.018828822299838066,0.01899779587984085,0.022202106192708015,0.01864410750567913,0.02936984784901142,0.05904305353760719,0.1050589308142662,0.2106441706418991
54.0,0.3695457669404837,0.13973449752666056,6.2262516753872665,2.94942483993677,0.294942483993677,0.3695457669404837,0.07460327561085041,0.07460327561085041,0.02090802602469921,0.021236486732959747,0.024958638474345207,0.020301522687077522,0.03400931879878044,0.07316131889820099,0.14030621945858002,0.7829944491386414
55.0,0.39202859424627745,0.1080869932193309,5.772269842945864,3.1357501332576456,0.3135750133257646,0.39202859424627745,0.07845357404305385,0.07845357404305385,0.02043113298714161,0.020772645249962807,0.024477127939462662,0.020121799781918526,0.033116959035396576,0.07059668004512787,0.13333922624588013,0.5418403744697571
56.0,0.3821643774326031,0.08695191191509366,6.049520534350114,3.043055305114159,0.3043055305114159,0.3821643774326031,0.07785884204965371,0.07785884204965371,0.018782256171107292,0.01895318739116192,0.022290384396910667,0.01839417591691017,0.02964157424867153,0.05895934998989105,0.1108001098036766,0.41779425740242004
57.0,0.39605787281806654,0.06555094197392464,5.957571454312892,3.2320495201991153,0.3232049520199115,0.39605787281806654,0.07285291687227212,0.07285291687227212,0.019541891291737556,0.019772296771407127,0.023168198764324188,0.019353656098246574,0.03092743642628193,0.06276771426200867,0.10883322358131409,0.24004311859607697
58.0,0.3787345725756425,0.13420234736986458,6.006781293102164,3.0128509356425357,0.3012850935642536,0.3787345725756425,0.07744947505684999,0.07744947505684999,0.02077574096620083,0.021114833652973175,0.024894321337342262,0.020173167809844017,0.03376222029328346,0.07246523350477219,0.13872432708740234,0.7417089343070984
59.0,0.35718132440860456,0.056366952834650874,5.719179075696521,2.85047552218804,0.285047552218804,0.35718132440860456,0.07213376032618377,0.07213376032618377,0.019454311579465866,0.019605588167905807,0.022853082045912743,0.019252551719546318,0.030373601242899895,0.06165393814444542,0.10760638117790222,0.17013616859912872
60.0,0.36808907297941357,0.07911624596454203,5.850975687140462,2.9894096713799696,0.2989409671379969,0.36808907297941357,0.06914809661415908,0.06914809661415908,0.020026404410600662,0.020381808280944824,0.023534784093499184,0.01993667706847191,0.0314398929476738,0.06421761959791183,0.11673302203416824,0.3366597592830658
61.0,0.3677608003983131,0.1429901064839214,6.081928106870317,2.8654576310744653,0.2865457631074465,0.3677608003983131,0.08121503574343827,0.08121503574343827,0.02199193648993969,0.02242107503116131,0.026494795456528664,0.021411284804344177,0.03650578111410141,0.07876989245414734,0.15209507942199707,0.7842310070991516
62.0,0.3937850548670842,0.08594115287996829,6.126769528147098,3.0255037546157837,0.30255037546157837,0.3937850548670842,0.09123468169799218,0.09123468169799218,0.018493006005883217,0.018607355654239655,0.02187327668070793,0.018045324832201004,0.028768017888069153,0.05599120259284973,0.1034395843744278,0.4223114550113678
63.0,0.3611124295454759,0.08106047636829317,5.802950535781337,2.840182662010193,0.28401826620101933,0.3611124295454759,0.07709415858754745,0.07709415858754745,0.01968955062329769,0.01999412477016449,0.02345704473555088,0.019462553784251213,0.031225383281707764,0.06460487842559814,0.11999252438545227,0.3500577509403229
64.0,0.34448134841827244,0.05946698319166899,5.824552325437003,2.751617867213029,0.2751617867213029,0.34448134841827244,0.06931956599538143,0.06931956599538143,0.018747633323073387,0.018915319815278053,0.022065531462430954,0.018684258684515953,0.028939394280314445,0.057931430637836456,0.10016801953315735,0.2102842777967453
65.0,0.3611142343053451,0.13013041205704212,5.975002987987531,2.848153884594257,0.2848153884594258,0.3611142343053451,0.07629884034395218,0.07629884034395218,0.021423539146780968,0.02184605784714222,0.02574329450726509,0.02103051170706749,0.03506431728601456,0.07587386667728424,0.14553867280483246,0.69452303647995
66.0,0.35722696437285495,0.08298383047804236,5.935403648255906,2.7279823193183312,0.2727982319318331,0.35722696437285495,0.08442873006256726,0.08442873006256726,0.01850399561226368,0.018694838508963585,0.021883122622966766,0.0181888360530138,0.028811277821660042,0.05709800869226456,0.10712243616580963,0.39356812834739685
67.0,0.3743883382815581,0.07322917971760035,5.879306917932611,2.9932961463928223,0.29932961463928226,0.3743883382815581,0.07505871183597125,0.07505871183597125,0.019421089440584183,0.019653314724564552,0.023099811747670174,0.019213363528251648,0.030822105705738068,0.06271672993898392,0.1129276379942894,0.2979793846607208
68.0,0.3496494728785295,0.1404813602566719,5.79904070532327,2.790340148485624,0.27903401484856244,0.3496494728785295,0.07061545665447529,0.07061545665447529,0.02066854201257229,0.021041985601186752,0.024757470935583115,0.01996261440217495,0.03378128632903099,0.07284903526306152,0.13989263772964478,0.7908973097801208
69.0,0.3523101554467128,0.06446889648213983,5.831054788737036,2.759755689364213,0.2759755689364214,0.3523101554467128,0.07633458622373067,0.07633458622373067,0.021275417879223824,0.021630078554153442,0.024873150512576103,0.021071791648864746,0.03347869589924812,0.06942572444677353,0.11698444932699203,0.2070118635892868
70.0,0.3950836727252373,0.20581366284750402,6.573482556253113,2.6930815119009752,0.26930815119009754,0.3950836727252373,0.1257755123078823,0.1257755123078823,0.024946579709649086,0.0255720317363739,0.02922951430082321,0.02424749732017517,0.04349706694483757,0.09830228984355927,0.19290070235729218,1.2078136205673218
71.0,0.36979034543037415,0.049374583875760436,6.147639115824949,2.6203702138020444,0.26203702138020446,0.36979034543037415,0.10775332066875237,0.10775332066875237,0.017917094752192497,0.017970219254493713,0.020892389118671417,0.017743803560733795,0.02733558416366577,0.05496688932180405,0.09076883643865585,0.1474018543958664
72.0,0.3501816070996798,0.1921719964593649,5.839060676066941,2.731740020788633,0.2731740020788633,0.3501816070996798,0.07700759659592922,0.07700759659592922,0.023555545136332512,0.024179425090551376,0.02795230597257614,0.02267605997622013,0.04083079472184181,0.09220673143863678,0.18137291073799133,1.124602198600769
73.0,0.3676375483091061,0.06724173575639725,5.952332798803541,2.574727182204907,0.25747271822049067,0.3676375483091061,0.11016481598982444,0.11016481598982444,0.018057532608509064,0.018219297751784325,0.021184930577874184,0.017685672268271446,0.027773840352892876,0.055294062942266464,0.09823039919137955,0.2814881503582001
74.0,0.34544923729621446,0.19608347746543586,5.738110039234554,2.793711332174448,0.27937113321744483,0.34544923729621446,0.06607809791771266,0.06607809791771266,0.023679308593273163,0.024309689179062843,0.028133202344179153,0.022847868502140045,0.04109611362218857,0.09321248531341553,0.18534721434116364,1.150041937828064
75.0,0.3819362349235095,0.06755579146556556,6.030516062014556,2.7322320387913632,0.27322320387913634,0.3819362349235095,0.1087130279495166,0.1087130279495166,0.018146006390452385,0.01817883364856243,0.021194813773036003,0.017745671793818474,0.027779335156083107,0.05415843799710274,0.0931844711303711,0.29005876183509827
76.0,0.3418293652626184,0.15360696334391832,5.875800684570147,2.7208554423772373,0.2720855442377237,0.3418293652626184,0.06974382068102176,0.06974382068102176,0.02208256721496582,0.022527217864990234,0.026440849527716637,0.021474851295351982,0.03739700838923454,0.08261910825967789,0.16205932199954987,0.8542547821998596
77.0,0.37396085262298584,0.04451914527453482,6.076079572485107,2.8467817581616917,0.28467817581616917,0.37396085262298584,0.0892826751447641,0.0892826751447641,0.018217219039797783,0.018315332010388374,0.02124393917620182,0.018097931519150734,0.027863292023539543,0.056373193860054016,0.09331090748310089,0.10273134708404541
78.0,0.3591743799356314,0.18527490179985762,5.667887107517123,2.8807166539705715,0.2880716653970572,0.3591743799356314,0.07110270743186657,0.07110270743186657,0.022929558530449867,0.02355291321873665,0.02728358842432499,0.022166229784488678,0.03941473364830017,0.08860596269369125,0.17506425082683563,1.0831819772720337
79.0,0.4213292759198409,0.07921971753239632,5.8298734809636095,3.028262972831726,0.3028262972831726,0.4213292759198409,0.11850296906553782,0.11850296906553782,0.017713429406285286,0.017756691202521324,0.020843947306275368,0.01713467761874199,0.02703261934220791,0.052442509680986404,0.09395299106836319,0.38688087463378906
80.0,0.342943311883853,0.11940601095557213,5.121399597546975,2.7406546473503113,0.2740654647350312,0.342943311883853,0.06887784772194348,0.06887784772194348,0.020643969997763634,0.021001484245061874,0.024691905826330185,0.020255273208022118,0.033811796456575394,0.07454567402601242,0.14434245228767395,0.6159555315971375
81.0,0.3511402985224357,0.07463757926598191,5.786562253394688,2.779469059063838,0.2779469059063838,0.3511402985224357,0.07319338333148223,0.07319338333148223,0.01916142739355564,0.019503766670823097,0.022464536130428314,0.019264696165919304,0.030714573338627815,0.0652524083852768,0.10711684077978134,0.313622385263443
82.0,0.34896119970541734,0.11089827795512974,5.7776299801636055,2.694477434341724,0.2694477434341725,0.34896119970541734,0.07951344893528865,0.07951344893528865,0.020001916214823723,0.020379576832056046,0.023998836055397987,0.01972843147814274,0.03269461169838905,0.07045403122901917,0.1371036171913147,0.5628252029418945
83.0,0.35329750409493077,0.04454562324099243,5.956687967993247,2.679242390852708,0.26792423908527085,0.35329750409493077,0.0853732623733007,0.0853732623733007,0.01789049617946148,0.018085800111293793,0.020917430520057678,0.017741909250617027,0.02750379778444767,0.056353457272052765,0.09641112387180328,0.10146097093820572
84.0,0.32653155005895174,0.14014185220003128,5.758980849287246,2.563680254496061,0.2563680254496061,0.32653155005895174,0.0701635184769447,0.0701635184769447,0.02180531620979309,0.022204214707016945,0.02598782628774643,0.021405449137091637,0.036229729652404785,0.08007004112005234,0.15500158071517944,0.7584306597709656
85.0,0.3509236860733766,0.14542107144370675,5.883420825375101,2.679026920061845,0.26790269200618455,0.3509236860733766,0.08302099315019754,0.08302099315019754,0.020175406709313393,0.020491905510425568,0.024147938936948776,0.019472332671284676,0.033472951501607895,0.0726933404803276,0.1424223780632019,0.8304923176765442
86.0,0.3573835916244067,0.05899046757258475,6.203590819896012,2.55419961305765,0.255419961305765,0.3573835916244067,0.10196362579098114,0.10196362579098114,0.01762310415506363,0.017801592126488686,0.020657557994127274,0.017621846869587898,0.027088241651654243,0.056318752467632294,0.08955171704292297,0.225260928273201
87.0,0.3499329737745799,0.15854827943257987,5.889289057913588,2.6920383114081163,0.2692038311408116,0.3499329737745799,0.08072913724642533,0.08072913724642533,0.021217679604887962,0.0216175876557827,0.025303121656179428,0.0204353928565979,0.03572408854961395,0.07861129194498062,0.15424823760986328,0.9112288355827332
88.0,0.36290316169078535,0.04817889700643718,6.102504002931795,2.5645336554600644,0.25645336554600645,0.36290316169078535,0.1064497920183035,0.1064497920183035,0.017458604648709297,0.017591865733265877,0.020430242642760277,0.01725265197455883,0.02678661234676838,0.05422426387667656,0.09077861905097961,0.14090831577777863
89.0,0.3363482768719013,0.18752757366746664,5.6902972640368255,2.6580960200383115,0.2658096020038311,0.3363482768719013,0.07053867397973171,0.07053867397973171,0.023041680455207825,0.023607708513736725,0.027456237003207207,0.022178711369633675,0.039815522730350494,0.09004005044698715,0.1773955076932907,1.0966851711273193
90.0,0.3643158467916342,0.06308703520335257,5.903199225700432,2.5656247459925137,0.2565624745992514,0.3643158467916342,0.10775336967064784,0.10775336967064784,0.017644278705120087,0.017646320164203644,0.020657550543546677,0.017111582681536674,0.02697819098830223,0.05302785709500313,0.09276165813207626,0.25886884331703186
91.0,0.3317673636170534,0.15586759988218546,5.650382570539624,2.6335370861566982,0.26335370861566987,0.3317673636170534,0.06841364990060146,0.06841364990060146,0.020650042220950127,0.021018560975790024,0.024811796844005585,0.01988680101931095,0.034538786858320236,0.07569985091686249,0.14880356192588806,0.9015313982963562
92.0,0.36337993064751994,0.04825699399225414,6.026069544442787,2.5705865759115953,0.25705865759115953,0.36337993064751994,0.10632127609390479,0.10632127609390479,0.017213035374879837,0.017262985929846764,0.020079685375094414,0.016911830753087997,0.026149125769734383,0.05162014067173004,0.08655448257923126,0.1502646654844284
93.0,0.3239540262864186,0.19319366198033094,5.565867917658651,2.5511359709959764,0.2551135970995977,0.3239540262864186,0.06884042746745624,0.06884042746745624,0.02329154871404171,0.023905541747808456,0.027808278799057007,0.022443344816565514,0.04046197235584259,0.09189951419830322,0.18232566118240356,1.1334134340286255
94.0,0.35284288686055404,0.07378565520048141,5.844938935893686,2.4706284403800964,0.2470628440380097,0.35284288686055404,0.10578003611702186,0.10578003611702186,0.017901049926877022,0.017976054921746254,0.02101767808198929,0.017318641766905785,0.0275095347315073,0.05439320579171181,0.09615647047758102,0.33801260590553284
95.0,0.3187350688072351,0.1540911600459367,5.830054283069525,2.495663959246415,0.24956639592464155,0.3187350688072351,0.0691686633687753,0.0691686633687753,0.02180316485464573,0.02220110222697258,0.026011155918240547,0.021141422912478447,0.03702690824866295,0.08197230845689774,0.16080860793590546,0.8617646098136902
96.0,0.3336491905725919,0.04741791565902531,6.026635274300919,2.4203843153440037,0.24203843153440036,0.3336491905725919,0.09161076264885756,0.09161076264885756,0.017695024609565735,0.01782001368701458,0.020571239292621613,0.017569459974765778,0.02741072326898575,0.05555454269051552,0.09539695084095001,0.1273253709077835
97.0,0.31937084060448867,0.1767741513904184,5.612781632224624,2.4686592863156247,0.24686592863156248,0.31937084060448867,0.0725049115717411,0.0725049115717411,0.022310005500912666,0.02287745289504528,0.026572449132800102,0.021595709025859833,0.0381520614027977,0.08515283465385437,0.16900603473186493,1.0285266637802124
98.0,0.3548106069748218,0.07428536284714937,5.8026335045009,2.4045836604558506,0.24045836604558507,0.3548106069748218,0.11435223370790482,0.11435223370790482,0.017446018755435944,0.017529599368572235,0.020418457686901093,0.016912657767534256,0.026474852114915848,0.05201524496078491,0.09370667487382889,0.3497793972492218
99.0,0.32677530554624706,0.1250660615041852,5.780757950697412,2.5572207203278174,0.25572207203278174,0.32677530554624706,0.07105323142157151,0.07105323142157151,0.02013322524726391,0.020428288727998734,0.02403048239648342,0.019431855529546738,0.03248290345072746,0.07047396153211594,0.13492600619792938,0.678621768951416
100.0,0.3349668716008847,0.1459412502590567,5.926232452752614,2.4959177328990054,0.24959177328990062,0.3349668716008847,0.08537509435644516,0.08537509435644516,0.020095786079764366,0.020404361188411713,0.024115536361932755,0.01934470236301422,0.03331141173839569,0.07242082059383392,0.1423678994178772,0.8354694843292236
101.0,0.34218536890470064,0.06614551111124456,5.914593328334433,2.5580916817371664,0.2558091681737167,0.34218536890470064,0.08637619219147243,0.08637619219147243,0.017826363444328308,0.017879627645015717,0.020742755383253098,0.01759001798927784,0.02737274393439293,0.05561524257063866,0.09293058514595032,0.2792067527770996
102.0,0.3343757838010788,0.16368586919270456,5.976680068520031,2.4605830999521108,0.24605830999521108,0.3343757838010788,0.08831746904895856,0.08831746904895856,0.02132086642086506,0.021764494478702545,0.02557164430618286,0.02058371901512146,0.036247435957193375,0.08036687970161438,0.15890496969223022,0.9447269439697266
103.0,0.3388594354574497,0.047914359252899885,5.892106977934981,2.3952852258315454,0.23952852258315452,0.3388594354574497,0.09933090639802125,0.09933090639802125,0.017295612022280693,0.017364440485835075,0.02017679251730442,0.01699010655283928,0.02631186880171299,0.052040040493011475,0.08945944905281067,0.14367656409740448
104.0,0.30200960544439465,0.1779368978459388,5.614718885481745,2.309664717087379,0.2309664717087379,0.30200960544439465,0.07104312571195456,0.07104312571195456,0.02217765711247921,0.02272140607237816,0.02660375088453293,0.021422941237688065,0.038201335817575455,0.08591022342443466,0.17081715166568756,1.0356407165527344
105.0,0.3336690435042748,0.061304377391934395,5.81308969996142,2.3174519951526937,0.2317451995152694,0.3336690435042748,0.10192382880128346,0.10192382880128346,0.017495952546596527,0.017522750422358513,0.02046184055507183,0.01707240380346775,0.026591146364808083,0.05201619863510132,0.0904536321759224,0.24882109463214874
106.0,0.29814174885933215,0.15991037082858384,5.670270102087537,2.2886748680701623,0.2288674868070162,0.29814174885933215,0.0692742529969949,0.0692742529969949,0.020759105682373047,0.021214598789811134,0.025036238133907318,0.020084239542484283,0.0349944606423378,0.0774376168847084,0.15411832928657532,0.9256383776664734
107.0,0.3394029885530472,0.051444436656311154,5.882605319328576,2.381581384402055,0.23815813844020556,0.3394029885530472,0.10124484420968936,0.10124484420968936,0.01728781871497631,0.017343388870358467,0.020176798105239868,0.017053816467523575,0.026230351999402046,0.050627220422029495,0.08701606094837189,0.17582003772258759
108.0,0.30024588451935696,0.17300316249020398,5.619737425024923,2.3322523144575267,0.2332252314457526,0.30024588451935696,0.06702065123961522,0.06702065123961522,0.02172400988638401,0.02228645049035549,0.02612646296620369,0.02106492780148983,0.03724326938390732,0.08341480046510696,0.16708658635616302,1.0050787925720215
109.0,0.34000664720168483,0.062424837378785014,5.920454133645937,2.3677168167554417,0.23677168167554413,0.34000664720168483,0.1032349679332513,0.1032349679332513,0.017404308542609215,0.017487652599811554,0.020339682698249817,0.0170785803347826,0.026396797969937325,0.051388103514909744,0.09036052227020264,0.2589430510997772
110.0,0.29488092087782347,0.16002873494289815,5.63245342107991,2.305171022048363,0.23051710220483632,0.29488092087782347,0.06436381345758072,0.06436381345758072,0.020709455013275146,0.02118024043738842,0.024969354271888733,0.020059190690517426,0.03499805927276611,0.07743725925683975,0.1547810137271881,0.9260953068733215
111.0,0.3385982857300685,0.05327336792834103,5.921407271071368,2.351340330564059,0.23513403305640596,0.3385982857300685,0.10346424636932519,0.10346424636932519,0.017117904499173164,0.017203472554683685,0.02001793496310711,0.016884583979845047,0.025968285277485847,0.05002785101532936,0.08700927346944809,0.19195763766765594
112.0,0.2875809142222771,0.17786619742400944,5.560480589909034,2.2331390335009647,0.22331390335009646,0.2875809142222771,0.06426700963996924,0.06426700963996924,0.021961824968457222,0.022540902718901634,0.026433156803250313,0.02125534415245056,0.03786424547433853,0.08535902947187424,0.17085035145282745,1.0366647243499756
113.0,0.3282133942613235,0.06566145573742688,5.8435966705316575,2.255213806262383,0.2255213806262383,0.3282133942613235,0.10269201088410157,0.10269201088410157,0.01742410659790039,0.017506318166851997,0.020391711965203285,0.017037004232406616,0.026415804401040077,0.05159148946404457,0.09053079783916473,0.28439441323280334
114.0,0.2875286890910222,0.15524933976121247,5.791868905313027,2.2026478739885182,0.22026478739885189,0.2875286890910222,0.06726389894118676,0.06726389894118676,0.021475717425346375,0.021893057972192764,0.025542285293340683,0.020810207352042198,0.03645036742091179,0.08099352568387985,0.15936297178268433,0.8754665851593018
115.0,0.3227797964444527,0.046372971031814814,6.081978173501389,2.2827067283483653,0.2282706728348366,0.3227797964444527,0.0945091198843259,0.0945091198843259,0.01747201383113861,0.01762831211090088,0.020396782085299492,0.01740458235144615,0.02705136500298977,0.054249029606580734,0.09321767836809158,0.12356400489807129
116.0,0.2947292453967608,0.1634835102595389,5.546171207222917,2.255340956724607,0.22553409567246072,0.2947292453967608,0.0691951523320033,0.0691951523320033,0.0213936697691679,0.021912867203354836,0.025496874004602432,0.020794063806533813,0.036191314458847046,0.08048684149980545,0.15882238745689392,0.9427700638771057
117.0,0.33855841824641597,0.07261081389151514,5.776736487118392,2.3061387814008274,0.2306138781400827,0.33855841824641597,0.1079445332288742,0.1079445332288742,0.017288098111748695,0.0174283254891634,0.020186148583889008,0.016882440075278282,0.02622191607952118,0.05176440253853798,0.09416523575782776,0.3369499444961548
118.0,0.2899172581159152,0.08196546067483723,5.599335107156694,2.2190547723036547,0.22190547723036544,0.2899172581159152,0.0680117833499725,0.0680117833499725,0.018365701660513878,0.01865476183593273,0.021618550643324852,0.017977824434638023,0.02879427932202816,0.060784999281167984,0.11554087698459625,0.37398669123649597
119.0,0.2929136546758505,0.10305043496191502,5.5154899271098845,2.2353187203407288,0.22353187203407288,0.2929136546758505,0.06938177948960891,0.06938177948960891,0.019197367131710052,0.0198685135692358,0.02273731492459774,0.019573863595724106,0.03197869658470154,0.0717964693903923,0.11334642022848129,0.5259048342704773
120.0,0.2985266000032425,0.09027522872202098,5.843988885768483,2.137105267781478,0.21371052677814775,0.2985266000032425,0.08481607786737956,0.08481607786737956,0.018838750198483467,0.01920369267463684,0.022355318069458008,0.018634531646966934,0.03008706122636795,0.06444498151540756,0.12719736993312836,0.42144012451171875
121.0,0.29430181361161745,0.04739228985272348,5.7429071861820535,2.153080619298495,0.2153080619298495,0.29430181361161745,0.07899374744066825,0.07899374744066825,0.017358021810650826,0.017559081315994263,0.020148446783423424,0.017345093190670013,0.02694612182676792,0.05466892942786217,0.09189107269048691,0.1332215517759323
122.0,0.2763896194788126,0.12909580883570015,5.60905439383851,2.065379954301394,0.20653799543013943,0.2763896194788126,0.06985162255855706,0.06985162255855706,0.02049126662313938,0.020837992429733276,0.024267615750432014,0.020008312538266182,0.03354587033390999,0.07321073859930038,0.1425980180501938,0.6978066563606262
123.0,0.2888017205091623,0.13626338331960142,5.701401455722648,2.074248648606814,0.20742486486068137,0.2888017205091623,0.08137685232437573,0.08137685232437573,0.019034549593925476,0.019325019791722298,0.022977003827691078,0.018277103081345558,0.03125666081905365,0.06767819076776505,0.13435909152030945,0.7771994471549988
124.0,0.28637704253196716,0.059040655847638845,5.679140739051169,2.0308799101756168,0.20308799101756167,0.28637704253196716,0.08328904755986653,0.08328904755986653,0.017690500244498253,0.01780094765126705,0.02052268572151661,0.01753299869596958,0.027101319283246994,0.054610081017017365,0.09280268847942352,0.2242640256881714
125.0,0.28262523962901187,0.13103814632631838,5.632468460364738,2.0227736005416284,0.20227736005416286,0.28262523962901187,0.0803478812942138,0.0803478812942138,0.019627224653959274,0.019982440397143364,0.023310046643018723,0.01913483813405037,0.032042548060417175,0.06965475529432297,0.13485132157802582,0.7297019958496094
126.0,0.29366325587034225,0.04254520288668573,5.721602964728003,2.007040638190049,0.200704063819005,0.29366325587034225,0.09295918735174033,0.09295918735174033,0.017348770052194595,0.017472559586167336,0.020224297419190407,0.017224019393324852,0.026523251086473465,0.052689600735902786,0.08842694014310837,0.10045218467712402
127.0,0.2713345896739226,0.15087160770781338,5.514370909754524,2.018299176142766,0.20182991761427663,0.2713345896739226,0.06950467022565696,0.06950467022565696,0.020643606781959534,0.021022619679570198,0.024604639038443565,0.020094094797968864,0.03444642201066017,0.07611596584320068,0.15018348395824432,0.8598620295524597
128.0,0.30584343866660046,0.06825681054033339,5.5770990294756935,2.1306313505539527,0.2130631350553953,0.30584343866660046,0.09278030120409451,0.09278030120409451,0.01806209236383438,0.01825716160237789,0.02109473943710327,0.017806150019168854,0.027600258588790894,0.05550381913781166,0.1014484390616417,0.2862818241119385
129.0,0.27552272035525394,0.14521015551872551,5.68160037499142,2.0890541901955237,0.20890541901955237,0.27552272035525394,0.06661730316969064,0.06661730316969064,0.01998686045408249,0.020345749333500862,0.0239254217594862,0.019442712888121605,0.03300038352608681,0.07252994924783707,0.14381447434425354,0.8286356925964355
130.0,0.30978603890308964,0.05177815887145698,5.795203982420698,2.136945210970365,0.21369452109703652,0.30978603890308964,0.09609151259064674,0.09609151259064674,0.017266571521759033,0.01733655296266079,0.020196596160531044,0.017213385552167892,0.02628147415816784,0.050176601856946945,0.08613640069961548,0.17961768805980682
131.0,0.27214239423091596,0.16147856344468892,5.435152949088651,2.0822090414854197,0.20822090414854197,0.27214239423091596,0.06392148323357105,0.06392148323357105,0.021088311448693275,0.021556144580245018,0.02523365430533886,0.020550314337015152,0.03564874082803726,0.07932388782501221,0.15890046954154968,0.9295269846916199
132.0,0.30164966216454137,0.07208851212635636,5.631528111216531,2.059995486186101,0.20599954861861008,0.30164966216454137,0.09565010838783704,0.09565010838783704,0.01788746751844883,0.018072333186864853,0.02092924527823925,0.017630206421017647,0.027316318824887276,0.05439667031168938,0.09767977893352509,0.3227960765361786
133.0,0.26724651799752164,0.06664644926786423,5.514601620064235,2.05177680345682,0.20517768034568196,0.26724651799752164,0.062068838912707106,0.062068838912707106,0.01712716929614544,0.017302559688687325,0.020168675109744072,0.01689898781478405,0.02615884318947792,0.05032955855131149,0.09143643826246262,0.2937493622303009
134.0,0.2774947171027844,0.07906474592164159,5.369376989918853,2.015703178369082,0.2015703178369082,0.2774947171027844,0.07592439393584545,0.07592439393584545,0.018620213493704796,0.018874667584896088,0.02176271378993988,0.0183870792388916,0.02858557738363743,0.05891581252217293,0.10930841416120529,0.3580634891986847
135.0,0.26683084208231705,0.08388071646913886,5.6063079606728365,2.005160698523888,0.20051606985238885,0.26683084208231705,0.06631477263111335,0.06631477263111335,0.017612554132938385,0.017798028886318207,0.020645685493946075,0.017383016645908356,0.02707761898636818,0.05406547337770462,0.10322482883930206,0.413238525390625
136.0,0.28069361643149304,0.0796609295066446,5.745708609596987,1.9789491112415607,0.19789491112415605,0.28069361643149304,0.08279870192591961,0.08279870192591961,0.018453657627105713,0.018770111724734306,0.021909520030021667,0.018770920112729073,0.02944980375468731,0.06374230980873108,0.09552973508834839,0.3706613779067993
137.0,0.27737569694335645,0.11199514009058475,5.497892045891832,1.9729920763235826,0.19729920763235828,0.27737569694335645,0.08007648644539025,0.08007648644539025,0.01890849508345127,0.019233642145991325,0.022303786128759384,0.018598219379782677,0.03016999177634716,0.06385327875614166,0.12345080822706223,0.5994428992271423
138.0,0.2824108978876701,0.04597259149886668,5.609331426904254,1.956064297602727,0.19560642976027273,0.2824108978876701,0.08680446216693291,0.08680446216693291,0.017773911356925964,0.017858406528830528,0.020761532709002495,0.017805315554142,0.027195466682314873,0.05372083932161331,0.09007062762975693,0.12259463220834732
139.0,0.2625027149915695,0.13907720101997256,5.482683804262676,1.9566418207608736,0.19566418207608735,0.2625027149915695,0.06683853096686877,0.06683853096686877,0.019970430061221123,0.020305845886468887,0.02376491390168667,0.0194564051926136,0.03273705393075943,0.07155013829469681,0.14090710878372192,0.7839257121086121
140.0,0.28651151061058044,0.05861301766708493,5.635885277763053,1.9429776622698858,0.19429776622698858,0.28651151061058044,0.09221374472746482,0.09221374472746482,0.017507316544651985,0.017545180395245552,0.020565437152981758,0.017416885122656822,0.026809725910425186,0.052194636315107346,0.08730442076921463,0.22956053912639618
141.0,0.2584115192294121,0.12846661475487053,5.456629030328708,1.9499747432195222,0.19499747432195222,0.2584115192294121,0.06341404568117398,0.06341404568117398,0.01916513405740261,0.019434437155723572,0.02285555563867092,0.01864086650311947,0.030911371111869812,0.06663628667593002,0.12965728342533112,0.7204319834709167
142.0,0.28495680483487934,0.0489632508251816,5.7432729842269765,1.9273515527064984,0.19273515527064985,0.28495680483487934,0.09222164721443103,0.09222164721443103,0.01747962273657322,0.01756824366748333,0.02041679061949253,0.017478663474321365,0.026709217578172684,0.05148918181657791,0.08948959410190582,0.15107469260692596
143.0,0.2556234397567235,0.14078686735592782,4.956676997122495,1.9341652989387512,0.19341652989387517,0.2556234397567235,0.06220690246957999,0.06220690246957999,0.02030654437839985,0.020687561482191086,0.024081602692604065,0.019796624779701233,0.03350509703159332,0.07361283898353577,0.1442124992609024,0.7900921702384949
144.0,0.27821207505006057,0.05949139012955129,5.609870015052239,1.9183158691112812,0.19183158691112812,0.27821207505006057,0.08638048229309228,0.08638048229309228,0.018136177211999893,0.018294118344783783,0.021246464923024178,0.018062159419059753,0.028080709278583527,0.05557471513748169,0.09805142134428024,0.21848535537719727
145.0,0.26176866774375623,0.132768978131935,5.471763799788125,1.923589940254505,0.19235899402545048,0.26176866774375623,0.06940967331712063,0.06940967331712063,0.019682766869664192,0.02001180313527584,0.02342282421886921,0.019161302596330643,0.032063618302345276,0.06961461156606674,0.1355384886264801,0.742656409740448
146.0,0.2768294971722823,0.052804603008553386,5.660603615952966,1.9022728617374713,0.1902272861737471,0.2768294971722823,0.08660221071197437,0.08660221071197437,0.01784476637840271,0.017942043021321297,0.020946824923157692,0.017847830429673195,0.02743789181113243,0.05351944640278816,0.0932793915271759,0.1736186295747757
147.0,0.2568533271551132,0.14103275816887617,5.300710419425916,1.9058806208463817,0.19058806208463816,0.2568533271551132,0.06626526323648599,0.06626526323648599,0.02024236135184765,0.020602766424417496,0.024044862017035484,0.019741475582122803,0.033313825726509094,0.07277368009090424,0.14272969961166382,0.7948133945465088
148.0,0.27569422125816345,0.06748970737680793,5.560530991363094,1.8766235479941735,0.18766235479941737,0.27569422125816345,0.08803186594293667,0.08803186594293667,0.018227992579340935,0.018390124663710594,0.02141616679728031,0.018127597868442535,0.02828691340982914,0.05581915006041527,0.0989883691072464,0.28066134452819824
149.0,0.25311199174477506,0.12851257785223424,5.5277472456335115,1.8840675170605,0.18840675170605004,0.25311199174477506,0.06470523631343475,0.06470523631343475,0.01935254968702793,0.01966775581240654,0.02303794026374817,0.018890071660280228,0.03134268894791603,0.06721977889537811,0.13000082969665527,0.7185890078544617
150.0,0.27493145718024325,0.0526983963791281,5.7237943360172965,1.8467167065693781,0.18467167065693782,0.27493145718024325,0.09025978125058688,0.09025978125058688,0.017741236835718155,0.017824674025177956,0.02082911692559719,0.01776055619120598,0.027142895385622978,0.05237703397870064,0.0911407321691513,0.17677092552185059
151.0,0.2510697784332129,0.13547639665193856,5.3256832892856005,1.8874069452285767,0.1887406945228577,0.2510697784332129,0.062329081675181024,0.062329081675181024,0.01995769888162613,0.020310841500759125,0.023680532351136208,0.01953461766242981,0.032609857618808746,0.07074560970067978,0.13748802244663239,0.7594839930534363
152.0,0.2727689714385913,0.07056779880076647,5.543670807362853,1.8400394091239343,0.18400394091239344,0.2727689714385913,0.08876502657165894,0.08876502657165894,0.018535559996962547,0.018746891990303993,0.021685276180505753,0.018457908183336258,0.02868606150150299,0.056765250861644745,0.10310613363981247,0.298559308052063
153.0,0.2516382508552991,0.12632600287906826,5.574173275609971,1.8915969591874342,0.1891596959187434,0.2516382508552991,0.06247855035158304,0.06247855035158304,0.019285647198557854,0.019610552117228508,0.022902652621269226,0.018899310380220413,0.03112814389169216,0.06636832654476166,0.1282123476266861,0.7042010426521301
154.0,0.2751950208957379,0.053336105309426785,5.772459527032349,1.8443712500425486,0.1844371250042549,0.2751950208957379,0.09075788551798233,0.09075788551798233,0.017777448520064354,0.017886750400066376,0.020853323861956596,0.01783640868961811,0.027140701189637184,0.051923416554927826,0.09036900848150253,0.1829017847776413
155.0,0.2567304951640276,0.14408064330928028,5.71916815552195,1.9285150812222407,0.19285150812222407,0.2567304951640276,0.06387898268607947,0.06387898268607947,0.0214905496686697,0.021991195157170296,0.025289980694651604,0.021066632121801376,0.03586910292506218,0.07955197244882584,0.1550750583410263,0.7923106551170349
156.0,0.2856067270040512,0.048360747285187244,5.9584096599865415,1.9290900826454163,0.1929090082645416,0.2856067270040512,0.09269771151817761,0.09269771151817761,0.017608782276511192,0.017700092867016792,0.020664826035499573,0.017621956765651703,0.027009356766939163,0.05235874280333519,0.09062176197767258,0.14330045878887177
157.0,0.2600715962740091,0.1280095730908215,5.704580892577064,1.9508004922133226,0.19508004922133224,0.2600715962740091,0.06499154263964066,0.06499154263964066,0.020458508282899857,0.02087428793311119,0.024234162643551826,0.020077811554074287,0.03365340828895569,0.07346270978450775,0.14302605390548706,0.6882896423339844
158.0,0.2721192527275819,0.04814793705008924,5.691735482913908,1.9440704859220064,0.19440704859220065,0.2721192527275819,0.07771220574012169,0.07771220574012169,0.0172681026160717,0.01735083758831024,0.02021697722375393,0.01718907617032528,0.026481935754418373,0.051417600363492966,0.08890233933925629,0.14635662734508514
159.0,0.25904301496652454,0.11614823900163174,5.556402985120216,1.891515076160431,0.18915150761604307,0.25904301496652454,0.06989150293744527,0.06989150293744527,0.01955525204539299,0.01986665464937687,0.023182785138487816,0.01923450455069542,0.03160809725522995,0.06774450838565826,0.13147245347499847,0.6165216565132141
160.0,0.26199134725790757,0.04559518489986658,5.575580841732684,1.8675606021514306,0.18675606021514304,0.26199134725790757,0.07523528400522012,0.07523528400522012,0.017218420282006264,0.01733887568116188,0.020179197192192078,0.01719176024198532,0.02630932815372944,0.050819747149944305,0.0869126245379448,0.12879152595996857
161.0,0.2500838075692837,0.1340260310098529,5.204592680681691,1.8087035417556763,0.18087035417556765,0.2500838075692837,0.06921345024154736,0.06921345024154736,0.020448891445994377,0.020855210721492767,0.024263514205813408,0.020029067993164062,0.03376566991209984,0.07379289716482162,0.14343184232711792,0.7356211543083191
162.0,0.25506817492154926,0.06401123781688511,5.426781086765303,1.8102646149121797,0.18102646149121798,0.25506817492154926,0.07404170901729511,0.07404170901729511,0.017539341002702713,0.01764220930635929,0.02067888341844082,0.017414074391126633,0.026842402294278145,0.05166138708591461,0.08894027024507523,0.27137133479118347
163.0,0.2443683107311909,0.12352812825702131,5.465245965489548,1.7588124091808612,0.17588124091808616,0.2443683107311909,0.06848706763524276,0.06848706763524276,0.01968103088438511,0.020045358687639236,0.023342978209257126,0.019260626286268234,0.031828850507736206,0.06880376487970352,0.13132932782173157,0.6739330887794495
164.0,0.25055743467349273,0.05148347280919552,5.483050134947129,1.7704301201380217,0.17704301201380218,0.25055743467349273,0.07351441738697198,0.07351441738697198,0.017285505309700966,0.017390761524438858,0.020256171002984047,0.017292072996497154,0.026365144178271294,0.049699362367391586,0.08499116450548172,0.17858760058879852
165.0,0.24198123583426842,0.12942347140051425,5.232209497765288,1.7442606412447417,0.17442606412447417,0.24198123583426842,0.06755517165248211,0.06755517165248211,0.02012169547379017,0.020513342693448067,0.023868532851338387,0.019703958183526993,0.03285360336303711,0.0715155228972435,0.1379140019416809,0.7088971138000488
166.0,0.24486157641961023,0.06505363876931369,5.351066783275235,1.7222676643958459,0.1722267664395846,0.24486157641961023,0.07263480957884055,0.07263480957884055,0.017563840374350548,0.017659226432442665,0.020721914246678352,0.017435850575566292,0.026903370395302773,0.05144565552473068,0.08782705664634705,0.2808721959590912
167.0,0.24135333185012525,0.11818705312907696,5.418430057716212,1.7594493398299584,0.17594493398299585,0.24135333185012525,0.06540839431377557,0.06540839431377557,0.019431153312325478,0.019785596057772636,0.023011282086372375,0.019044289365410805,0.031226178631186485,0.06690888851881027,0.12710990011692047,0.6389791369438171
168.0,0.2507819768327933,0.05092862527817488,5.441655855380365,1.7976076786334698,0.179760767863347,0.2507819768327933,0.07102120381135207,0.07102120381135207,0.01786494441330433,0.018180331215262413,0.021021682769060135,0.01792423240840435,0.02726149745285511,0.05426044389605522,0.09525027871131897,0.1556655913591385
169.0,0.25061482477646607,0.13220845465548337,5.270054081001736,1.8463202714920044,0.1846320271492005,0.25061482477646607,0.06598279324288552,0.06598279324288552,0.020280806347727776,0.020684225484728813,0.02404380589723587,0.01984848640859127,0.03317343443632126,0.07231425493955612,0.13950031995773315,0.7278223037719727
170.0,0.26692497157133543,0.06276943907141685,5.422406321552941,1.9548791967905486,0.19548791967905482,0.26692497157133543,0.07143704793774165,0.07143704793774165,0.01813783496618271,0.018319422379136086,0.021189989522099495,0.01819971576333046,0.027588658034801483,0.05403733253479004,0.09763029217720032,0.24705226719379425
171.0,0.2584452640551787,0.11165846744552255,5.538823960591788,1.9131517364428594,0.19131517364428594,0.2584452640551787,0.06713008207197373,0.06713008207197373,0.020106447860598564,0.020375704392790794,0.02349613420665264,0.019862113520503044,0.03163797780871391,0.06669635325670242,0.12370109558105469,0.5873919129371643
172.0,0.2612899301143793,0.10854829126037657,5.661104199846728,1.8524608291112459,0.1852460829111246,0.2612899301143793,0.07604383935148899,0.07604383935148899,0.018209664151072502,0.018435627222061157,0.021583516150712967,0.017826275900006294,0.028701258823275566,0.059122830629348755,0.11196266114711761,0.5925444960594177
173.0,0.25898321717977524,0.05637159594334662,5.498343983203641,1.789201741035168,0.1789201741035168,0.25898321717977524,0.08006304072645995,0.08006304072645995,0.01796541176736355,0.018050765618681908,0.021189523860812187,0.018061814829707146,0.02774607576429844,0.0534781813621521,0.08982200920581818,0.20465898513793945
174.0,0.24599463664568388,0.11216609319671988,5.60523346162348,1.7402141415155852,0.17402141415155847,0.24599463664568388,0.07197321636172441,0.07197321636172441,0.018678471446037292,0.018986735492944717,0.022067202255129814,0.018366945907473564,0.029773559421300888,0.06244179606437683,0.11901882290840149,0.6079952120780945
175.0,0.25877973150748473,0.05267375987023115,5.479741092801973,1.7517756498776949,0.17517756498776949,0.25877973150748473,0.08360216594659366,0.08360216594659366,0.01786736585199833,0.0179680734872818,0.021057385951280594,0.017929619178175926,0.027245935052633286,0.052512943744659424,0.09160169214010239,0.17520706355571747
176.0,0.23268210658660302,0.133513675769791,5.208745063835,1.6833679217558641,0.1683367921755864,0.23268210658660302,0.06434531366595855,0.06434531366595855,0.019772052764892578,0.02016291953623295,0.023488081991672516,0.019393853843212128,0.032269153743982315,0.06983751058578491,0.13564041256904602,0.7475454211235046
177.0,0.2544258082142243,0.07680093008093536,5.354328265381066,1.7011833557715783,0.17011833557715786,0.2544258082142243,0.08430746856790322,0.08430746856790322,0.01864398457109928,0.018852058798074722,0.02190619707107544,0.01856594905257225,0.028960030525922775,0.05703128129243851,0.10242681950330734,0.34802111983299255
178.0,0.2301105925670037,0.053849995136260986,5.435295998565264,1.6611742148032556,0.16611742148032554,0.2301105925670037,0.06399316569933525,0.06399316569933525,0.017102401703596115,0.01731875166296959,0.020240798592567444,0.017220348119735718,0.026263922452926636,0.04988272488117218,0.0863889679312706,0.1963820457458496
179.0,0.23842117476921815,0.06356326234526932,5.223541355281788,1.6492160742099469,0.16492160742099468,0.23842117476921815,0.07349956422471084,0.07349956422471084,0.019492341205477715,0.019756706431508064,0.022715743631124496,0.019406260922551155,0.029948372393846512,0.06124342232942581,0.11627939343452454,0.2196638584136963
180.0,0.23440131774315467,0.08446503290906549,5.322900116352039,1.7013202126209552,0.1701320212620955,0.23440131774315467,0.06426929567868893,0.06426929567868893,0.0179530531167984,0.018176201730966568,0.02127249911427498,0.01784064993262291,0.02792077139019966,0.05433410778641701,0.10091035813093185,0.4173126220703125
181.0,0.2464832256619747,0.06315900455228984,5.463902173666716,1.7017435156382048,0.1701743515638205,0.2464832256619747,0.0763088665329493,0.0763088665329493,0.018340731039643288,0.018444282934069633,0.02196834795176983,0.018797876313328743,0.028441907837986946,0.05819093808531761,0.08516909182071686,0.25591886043548584
182.0,0.2506315948871466,0.10367240710183978,5.426177095754179,1.7592426171669593,0.17592426171669595,0.2506315948871466,0.07470732726729833,0.07470732726729833,0.018723880872130394,0.019061630591750145,0.022050058469176292,0.01855243183672428,0.029601626098155975,0.061164677143096924,0.1166410818696022,0.543583869934082
183.0,0.2651514428166243,0.05789307062514126,5.322005368476296,1.8734531219188983,0.18734531219188988,0.2651514428166243,0.07780612374727543,0.07780612374727543,0.018652409315109253,0.018780656158924103,0.021986238658428192,0.01879265531897545,0.02890145592391491,0.05595921725034714,0.09870431572198868,0.20136761665344238
184.0,0.25027444385565245,0.1137339232955128,5.677339167043093,1.8409824463037343,0.18409824463037344,0.25027444385565245,0.06617619670354404,0.06617619670354404,0.01877191849052906,0.019072826951742172,0.022233569994568825,0.01852443255484104,0.03002336621284485,0.06291434168815613,0.11946693062782288,0.6188639998435974
185.0,0.26292526034208447,0.05347369541414082,5.690044755381009,1.7563833044125483,0.17563833044125482,0.26292526034208447,0.08728692680597305,0.08728692680597305,0.01771334931254387,0.017833352088928223,0.020969625562429428,0.017832797020673752,0.027206210419535637,0.051497772336006165,0.0889592245221138,0.1857772320508957
186.0,0.23742982573234117,0.05979450815357268,5.321219438709717,1.7639689537195058,0.1763968953719506,0.23742982573234117,0.061032927953279935,0.061032927953279935,0.017190711572766304,0.017405137419700623,0.02044150047004223,0.017265265807509422,0.026648450642824173,0.05071450024843216,0.0923452079296112,0.2363452911376953
187.0,0.24094894241828185,0.06417175894603133,5.57880577007246,1.6840567222008338,0.16840567222008337,0.24094894241828185,0.07254326888001882,0.07254326888001882,0.018514443188905716,0.018709395080804825,0.021797215566039085,0.018549561500549316,0.028638580814003944,0.05613400414586067,0.10361060500144958,0.2474202662706375
188.0,0.23365125060081482,0.07072168355807662,5.50373230430351,1.6916844936517568,0.1691684493651757,0.23365125060081482,0.06448279822675082,0.06448279822675082,0.0175924152135849,0.01783657819032669,0.02079766057431698,0.017674097791314125,0.027298420667648315,0.05273149535059929,0.10049948841333389,0.31134331226348877
189.0,0.23624579493816084,0.054806461557745934,5.460156408582444,1.6213424664277296,0.16213424664277298,0.23624579493816084,0.07411154560171641,0.07411154560171641,0.018685350194573402,0.018942510709166527,0.022359058260917664,0.019074421375989914,0.02903439849615097,0.05883592739701271,0.09219945222139359,0.1793205738067627
190.0,0.24131511209102777,0.0826596855185926,5.6807907994677995,1.6508777049871592,0.16508777049871595,0.24131511209102777,0.07622733912788905,0.07622733912788905,0.017840910702943802,0.018075168132781982,0.0210563987493515,0.01783984899520874,0.02779966965317726,0.054655056446790695,0.10546263307332993,0.39854779839515686
191.0,0.24447509589103553,0.04314375389367342,5.641234037271375,1.6448415013460012,0.16448415013460016,0.24447509589103553,0.0799909420311451,0.0799909420311451,0.017918067052960396,0.018101980909705162,0.021387340500950813,0.01814688742160797,0.027664585039019585,0.0531286895275116,0.08447563648223877,0.10432684421539307
192.0,0.23045815011629692,0.11691583716310561,5.3557673389067775,1.6578227006472075,0.16578227006472077,0.23045815011629692,0.06467587758715336,0.06467587758715336,0.01905830390751362,0.019405990839004517,0.02257869578897953,0.018786106258630753,0.030600542202591896,0.06488429009914398,0.12398489564657211,0.6360278725624084
193.0,0.24756729717438036,0.06565008615143597,5.549341555688148,1.6570934332334077,0.1657093433233408,0.24756729717438036,0.08185795064155872,0.08185795064155872,0.01838277280330658,0.018532048910856247,0.02174767293035984,0.018507832661271095,0.028697753325104713,0.055448152124881744,0.09706530719995499,0.26681914925575256
194.0,0.22744553650800997,0.11207271344028413,5.590886316279664,1.6426839966040392,0.16426839966040394,0.22744553650800997,0.0631771316895118,0.0631771316895118,0.01866631582379341,0.01897725649178028,0.022113433107733727,0.01842760294675827,0.029813067987561226,0.06227792054414749,0.11805948615074158,0.6082466244697571
195.0,0.2453968903193107,0.052907124161720276,5.657465471269292,1.6037151217460632,0.16037151217460632,0.2453968903193107,0.08502537441941407,0.08502537441941407,0.01789909414947033,0.018041688948869705,0.021222613751888275,0.01805407553911209,0.02749876119196415,0.052216727286577225,0.09003891050815582,0.1782851219177246
196.0,0.22184884892060205,0.12240992882288992,5.240869744085767,1.6241909448917096,0.1624190944891709,0.22184884892060205,0.05942975887312339,0.05942975887312339,0.019239095970988274,0.019590796902775764,0.022835640236735344,0.018956385552883148,0.03109298273921013,0.06599968671798706,0.12670984864234924,0.6748549938201904
197.0,0.23997638890376458,0.0742083031218499,5.460594993235137,1.5629701110032888,0.15629701110032887,0.23997638890376458,0.08367937602675878,0.08367937602675878,0.018522482365369797,0.018690254539251328,0.021901478990912437,0.01855911687016487,0.02903180941939354,0.05625800043344498,0.09914693236351013,0.3315563499927521
198.0,0.22033463418483734,0.0423668569419533,5.566245559807995,1.5947367273844206,0.15947367273844207,0.22033463418483734,0.06086096282188709,0.06086096282188709,0.017149798572063446,0.017269490286707878,0.020351193845272064,0.017362264916300774,0.026482252404093742,0.050112493336200714,0.08297523111104965,0.10723213106393814
199.0,0.23259406708754027,0.10671068588271737,5.6511289070830895,1.54428264269462,0.154428264269462,0.23259406708754027,0.07816579980918995,0.07816579980918995,0.019109511747956276,0.01950684003531933,0.022587759420275688,0.01900520920753479,0.03058612160384655,0.06481441110372543,0.12408348172903061,0.5539921522140503
200.0,0.2333759952049989,0.05520947393961251,5.63281917873808,1.5704155243360078,0.1570415524336008,0.2333759952049989,0.07633443635243636,0.07633443635243636,0.017563585191965103,0.0176394060254097,0.02116098813712597,0.017720971256494522,0.027396172285079956,0.04939190670847893,0.07555699348449707,0.21524576842784882
201.0,0.23479448717374068,0.11137656355276704,5.440639702823428,1.6017013238026545,0.16017013238026548,0.23479448717374068,0.07462435158399436,0.07462435158399436,0.019427960738539696,0.01980811171233654,0.02298113889992237,0.019250867888331413,0.03103407472372055,0.06584090739488602,0.12437452375888824,0.5882949233055115
202.0,0.22923502383323816,0.04664172977209091,5.530424142268162,1.6079229483237634,0.1607922948323763,0.22923502383323816,0.06844272579138096,0.06844272579138096,0.018020279705524445,0.01832207851111889,0.021460087969899178,0.01814229227602482,0.027651576325297356,0.052875816822052,0.0896502435207367,0.1270114630460739
203.0,0.2271162013594921,0.1252794386819005,5.460179216927851,1.5446161260971656,0.15446161260971658,0.2271162013594921,0.07265458915096062,0.07265458915096062,0.0199239831417799,0.020355651155114174,0.02368340641260147,0.019577831029891968,0.03252417594194412,0.07020328938961029,0.13427665829658508,0.681690514087677
204.0,0.22679801686451986,0.055606179405003786,5.431925526787145,1.5559336359684284,0.1555933635968429,0.22679801686451986,0.07120465086056636,0.07120465086056636,0.017687922343611717,0.017852967604994774,0.02099462039768696,0.01786023937165737,0.02711973711848259,0.05097659304738045,0.08499784767627716,0.20735950767993927
205.0,0.22123733850625846,0.11881327000446618,5.503113657055335,1.50308751142942,0.150308751142942,0.22123733850625846,0.07092858363802616,0.07092858363802616,0.01990663632750511,0.02030852437019348,0.023548975586891174,0.01969514600932598,0.03219261020421982,0.06913625448942184,0.13161727786064148,0.6341007351875305
206.0,0.22733047146063584,0.06038264953531325,5.3799010419703555,1.5505740000651433,0.15505740000651436,0.22733047146063584,0.07227306813001633,0.07227306813001633,0.01734711043536663,0.017395880073308945,0.020826784893870354,0.01729786954820156,0.026902128010988235,0.048745982348918915,0.07782728224992752,0.25671815872192383
207.0,0.22291501038349593,0.11804874963127077,5.181871669178124,1.5221463533548207,0.1522146353354821,0.22291501038349593,0.07070037264090318,0.07070037264090318,0.019611313939094543,0.020025892183184624,0.023306511342525482,0.019348256289958954,0.031738124787807465,0.0679536834359169,0.12934033572673798,0.6330658793449402
208.0,0.2224665077833029,0.052166554145514965,5.329987529067305,1.5451464836414044,0.15451464836414044,0.2224665077833029,0.06795185918991382,0.06795185918991382,0.01793764717876911,0.018187351524829865,0.021230116486549377,0.01808551512658596,0.027353614568710327,0.05248059332370758,0.09046738594770432,0.17159020900726318
209.0,0.22120870649814606,0.1194812897592783,5.262591125763629,1.5163461703520555,0.1516346170352056,0.22120870649814606,0.06957409158349037,0.06957409158349037,0.019758233800530434,0.020155491307377815,0.023464344441890717,0.019460707902908325,0.03188563510775566,0.06802454590797424,0.13025256991386414,0.642848789691925
210.0,0.22048075783711213,0.056765045737847686,5.41438703965062,1.5386771651414723,0.15386771651414727,0.22048075783711213,0.06661304057790683,0.06661304057790683,0.017750343307852745,0.017954019829630852,0.021058417856693268,0.01791521906852722,0.027223488315939903,0.051747877150774,0.08872700482606888,0.21174399554729462
211.0,0.21928530931472778,0.1077497242949903,5.278092585469218,1.510008339698498,0.1510008339698498,0.21928530931472778,0.0682844718774924,0.0682844718774924,0.0195999164134264,0.019885804504156113,0.02304835245013237,0.019517118111252785,0.03136076033115387,0.06613633781671524,0.126981720328331,0.5554677844047546
212.0,0.22271031657090554,0.06593157560564578,5.339854827782182,1.539030061318324,0.15390300613183244,0.22271031657090554,0.06880731020982449,0.06880731020982449,0.017648162320256233,0.017728880047798157,0.02104160003364086,0.01768982596695423,0.02725132554769516,0.050810277462005615,0.08411291986703873,0.2911696135997772
213.0,0.21706177867375887,0.1059867914300412,5.373592527058782,1.501283952823052,0.1501283952823052,0.21706177867375887,0.06693338230252266,0.06693338230252266,0.019029583781957626,0.019376201555132866,0.022505346685647964,0.01888233795762062,0.030263062566518784,0.0631934180855751,0.11977127194404602,0.5548731088638306
214.0,0.22544667697869814,0.053708148654550314,5.413012200316217,1.5639061010800874,0.15639061010800875,0.22544667697869814,0.06905606503670032,0.06905606503670032,0.01748511753976345,0.017651036381721497,0.020888200029730797,0.017652057111263275,0.026952780783176422,0.0500609427690506,0.08266672492027283,0.19630832970142365
215.0,0.22262158646033361,0.11632823548279703,5.339556346838022,1.566169559955597,0.15661695599555972,0.22262158646033361,0.06600462616636203,0.06600462616636203,0.019763408228754997,0.02017330564558506,0.023446518927812576,0.019578399136662483,0.031936295330524445,0.06826699525117874,0.12971949577331543,0.6177414655685425
216.0,0.2427229050260324,0.06044138967990875,5.438976484085243,1.7415109185072093,0.17415109185072092,0.2427229050260324,0.06857181397768167,0.06857181397768167,0.01789388619363308,0.01812482438981533,0.021188966929912567,0.01807224005460739,0.02740219235420227,0.05264055356383324,0.09391976147890091,0.23428869247436523
217.0,0.22892793325277475,0.11305178655311465,5.40343021845152,1.646499670468844,0.16464996704688442,0.22892793325277475,0.06427796385609187,0.06427796385609187,0.01924910582602024,0.019628318026661873,0.02277778461575508,0.019050443544983864,0.030784444883465767,0.06494243443012238,0.12257231771945953,0.6054094433784485
218.0,0.23380997662360853,0.05662227515131235,5.433603485610945,1.6480511702024019,0.16480511702024023,0.23380997662360853,0.06900485633657528,0.06900485633657528,0.017437055706977844,0.01765379309654236,0.020778080448508263,0.01765233464539051,0.026837248355150223,0.04992545768618584,0.08533373475074768,0.2173604965209961
219.0,0.22117310819717553,0.12283183075487614,5.3352153617666715,1.5587029778040373,0.15587029778040373,0.22117310819717553,0.06530280611835994,0.06530280611835994,0.021063946187496185,0.021345878019928932,0.024685347452759743,0.020915120840072632,0.033724281936883926,0.07149666547775269,0.13314509391784668,0.6562783122062683
220.0,0.23764792887064126,0.10384150128811598,5.512550058765618,1.5993416171807509,0.15993416171807506,0.23764792887064126,0.07771376319802724,0.07771376319802724,0.018130768090486526,0.01834562048316002,0.021572712808847427,0.017941124737262726,0.02859240397810936,0.058030493557453156,0.10951637476682663,0.558602511882782
221.0,0.22875545001946962,0.057101139798760414,5.388993597833599,1.5090139233149016,0.15090139233149016,0.22875545001946962,0.07785405677098495,0.07785405677098495,0.01821516640484333,0.01831204816699028,0.02174888364970684,0.018456000834703445,0.02807600051164627,0.05261274427175522,0.08620086312294006,0.21318741142749786
222.0,0.2160897644666525,0.1026506619527936,5.166471887317586,1.4792285424012404,0.14792285424012405,0.2160897644666525,0.06816690816329075,0.06816690816329075,0.018193816766142845,0.01846962794661522,0.021590981632471085,0.018072571605443954,0.028776781633496284,0.058515336364507675,0.10987665504217148,0.5477095246315002
223.0,0.22381521474856597,0.060481922002509236,5.267221615262539,1.446897593828348,0.1446897593828348,0.22381521474856597,0.07912545593885276,0.07912545593885276,0.01842384599149227,0.018553636968135834,0.021875206381082535,0.018624665215611458,0.02840970642864704,0.053773898631334305,0.09326496720314026,0.2309294492006302
224.0,0.20835626813081595,0.11514261667616665,5.251601062143499,1.4538158407578101,0.14538158407578103,0.20835626813081595,0.06297467849575557,0.06297467849575557,0.018896890804171562,0.019219238311052322,0.02242368459701538,0.018715422600507736,0.030254077166318893,0.0629122406244278,0.11997424066066742,0.6287451386451721
225.0,0.2211520024217092,0.06055441591888666,5.5218552619246095,1.3923107889982371,0.13923107889982372,0.2211520024217092,0.08192092065627758,0.08192092065627758,0.01807483285665512,0.018259618431329727,0.021464301273226738,0.01828290894627571,0.027733074501156807,0.051711179316043854,0.09032103419303894,0.2385883778333664
226.0,0.2040780266890159,0.04875375726260245,5.437355968191361,1.4146488400606008,0.1414648840060601,0.2040780266890159,0.06261313935885063,0.06261313935885063,0.017119664698839188,0.01723916456103325,0.020408565178513527,0.017351478338241577,0.026331827044487,0.04874254763126373,0.08073995262384415,0.16209685802459717
227.0,0.21365383783212075,0.07747668330557644,5.183939393192627,1.3979620612584627,0.13979620612584626,0.21365383783212075,0.0738576313910576,0.0738576313910576,0.018954504281282425,0.019157245755195618,0.02234816364943981,0.019058633595705032,0.029717791825532913,0.0580490380525589,0.10400652885437012,0.34852156043052673
228.0,0.20957598777917716,0.05849737161770463,5.628414936184758,1.4539018456752484,0.14539018456752484,0.20957598777917716,0.06418579788162158,0.06418579788162158,0.017004678025841713,0.017240211367607117,0.020287849009037018,0.017271842807531357,0.02630259282886982,0.0487423874437809,0.08590592443943024,0.23522348701953888
229.0,0.22116287224567854,0.0564067424274981,5.604949386435708,1.4424611559280982,0.14424611559280984,0.22116287224567854,0.07691675309951489,0.07691675309951489,0.018424659967422485,0.018625281751155853,0.02217286452651024,0.018747301772236824,0.028737692162394524,0.05758758634328842,0.0877266451716423,0.19923190772533417
230.0,0.22223621549514624,0.09040761576034129,5.504070948090321,1.5307460243885334,0.15307460243885335,0.22223621549514624,0.06916160938831475,0.06916160938831475,0.018177427351474762,0.018443332985043526,0.021568691357970238,0.018249986693263054,0.02873668447136879,0.05710217356681824,0.10779096186161041,0.4531916677951813
231.0,0.22678904693860275,0.04399782745167613,5.630401786643431,1.499079704284668,0.14990797042846676,0.22678904693860275,0.07688107714056969,0.07688107714056969,0.018386119976639748,0.01860271580517292,0.02193385362625122,0.018550865352153778,0.028181985020637512,0.05324830859899521,0.08959533274173737,0.10348343849182129
232.0,0.21455922378943518,0.09304614015854895,5.601423668246147,1.4857004009760344,0.14857004009760344,0.21455922378943518,0.06598917967998065,0.06598917967998065,0.01806490309536457,0.018324853852391243,0.021332668140530586,0.018138278275728226,0.02838318794965744,0.05592895299196243,0.10654369741678238,0.47765257954597473
233.0,0.2286221728875087,0.06886126822791994,5.480629276942343,1.4744108548531165,0.14744108548531165,0.2286221728875087,0.08118108459390126,0.08118108459390126,0.01876259036362171,0.018888724967837334,0.022165965288877487,0.018956726416945457,0.0291348434984684,0.05591747164726257,0.10105093568563461,0.2860128879547119
234.0,0.21636398709737337,0.041268732864409685,5.662134901158288,1.5206431196286128,0.1520643119628613,0.21636398709737337,0.06429967112266101,0.06429967112266101,0.017213469371199608,0.017325131222605705,0.020554319024086,0.017526833340525627,0.026613233610987663,0.04983260855078697,0.0836435854434967,0.0974406823515892
235.0,0.22786563061750853,0.06294964719563723,5.627746301765468,1.5014986441685603,0.15014986441685602,0.22786563061750853,0.0777157641087587,0.0777157641087587,0.01933211274445057,0.01958625018596649,0.022842518985271454,0.019353222101926804,0.029846886172890663,0.05862948298454285,0.11091800779104233,0.22308869659900665
236.0,0.21893324989538926,0.058785656467080116,5.740090255286569,1.505259211246784,0.15052592112467839,0.21893324989538926,0.06840732879936695,0.06840732879936695,0.017107373103499413,0.0172201469540596,0.020608097314834595,0.017221389338374138,0.026512224227190018,0.04815344512462616,0.08060428500175476,0.24285829067230225
237.0,0.2211597624879617,0.07245578058063984,5.627090015056334,1.4281566601533155,0.14281566601533158,0.2211597624879617,0.07834409234615472,0.07834409234615472,0.01902189664542675,0.019179895520210266,0.02230365015566349,0.01913485862314701,0.029158735647797585,0.057844553142786026,0.10914294421672821,0.3038597106933594
238.0,0.20594329157700905,0.06256070360541344,5.6920608565929305,1.3890515153224652,0.1389051515322465,0.20594329157700905,0.06703813631947224,0.06703813631947224,0.016877833753824234,0.01697499305009842,0.020335743203759193,0.016875911504030228,0.02621578611433506,0.04798093065619469,0.0807887613773346,0.2744356691837311
239.0,0.2143044053361966,0.08095992170274258,5.363290826580416,1.354608925489279,0.1354608925489279,0.2143044053361966,0.07884351250070792,0.07884351250070792,0.018813995644450188,0.018981613218784332,0.022114340215921402,0.018941201269626617,0.029252944514155388,0.05738690495491028,0.10685744881629944,0.37533092498779297
240.0,0.19787197273511153,0.07066360604949296,5.3957856083038385,1.3467407409961407,0.13467407409961407,0.19787197273511153,0.0631978978904394,0.0631978978904394,0.01729195937514305,0.017418479546904564,0.02076556906104088,0.017385266721248627,0.02689354494214058,0.049523837864398956,0.08679964393377304,0.32923054695129395
241.0,0.20916652736755517,0.09070616494864225,5.325967624268338,1.352949857711792,0.1352949857711792,0.20916652736755517,0.07387154262799484,0.07387154262799484,0.01940249837934971,0.019611453637480736,0.02277306467294693,0.019459528848528862,0.030368568375706673,0.06112092733383179,0.11439797282218933,0.438515305519104
242.0,0.20580345736100122,0.06901474925689399,5.470958212416457,1.4335383956248944,0.14335383956248943,0.20580345736100122,0.06244961158014261,0.06244961158014261,0.017271114513278008,0.017548542469739914,0.020555561408400536,0.01757671870291233,0.02688947319984436,0.05055287852883339,0.09393274039030075,0.30779096484184265
243.0,0.2218565121293068,0.05533627746626735,5.652328129721369,1.4332561447070196,0.14332561447070197,0.2218565121293068,0.0785308933028808,0.0785308933028808,0.0182942021638155,0.018448347225785255,0.022005582228302956,0.018675725907087326,0.028246009722352028,0.055446892976760864,0.08583939075469971,0.19573406875133514
244.0,0.22537051141262054,0.0794090861454606,5.688495077598163,1.5665982273908763,0.15665982273908766,0.22537051141262054,0.06871068735535328,0.06871068735535328,0.01782837323844433,0.01807227171957493,0.021056095138192177,0.018116038292646408,0.027831578627228737,0.05356192588806152,0.10175183415412903,0.3770545721054077
245.0,0.22038002369495538,0.05809690058231354,5.708181025803796,1.4257597923278809,0.14257597923278809,0.22038002369495538,0.07780404216968097,0.07780404216968097,0.018560566008090973,0.018687261268496513,0.02203981764614582,0.01881275326013565,0.028573930263519287,0.05390677601099014,0.09459095448255539,0.20960314571857452
246.0,0.2030371095125492,0.10219552065245807,5.490706088453769,1.3918258043435903,0.13918258043435905,0.2030371095125492,0.06385452558214848,0.06385452558214848,0.018247922882437706,0.018511459231376648,0.021644357591867447,0.018291058018803596,0.028990792110562325,0.0585344135761261,0.11061901599168777,0.542725145816803
247.0,0.2161418772660769,0.06465314282104373,5.739950811520902,1.3493513006430407,0.13493513006430408,0.2161418772660769,0.08120674296067311,0.08120674296067311,0.01811908930540085,0.01826757751405239,0.021518995985388756,0.018392108380794525,0.02799328789114952,0.05207129195332527,0.0920928418636322,0.2687699496746063
248.0,0.19612871683560884,0.037059404188767076,5.670230516130579,1.3539830858890827,0.13539830858890828,0.19612871683560884,0.06073040572496561,0.06073040572496561,0.01705988496541977,0.017113305628299713,0.02033517323434353,0.01736324653029442,0.026299122720956802,0.048358652740716934,0.07780217379331589,0.07214367389678955
249.0,0.2062892638719999,0.11723650759086013,5.629685119242034,1.284884879222283,0.1284884879222283,0.2062892638719999,0.07780077222448128,0.07780077222448128,0.019223926588892937,0.019608385860919952,0.022777706384658813,0.01911633461713791,0.03118675760924816,0.0659095048904419,0.12529857456684113,0.6347708702087402
250.0,0.20773205161094666,0.07024276838637888,5.58972181012954,1.3462176322937012,0.13462176322937014,0.20773205161094666,0.07311028356735523,0.07311028356735523,0.018088998273015022,0.018138285726308823,0.02156468667089939,0.01827119290828705,0.028111709281802177,0.052155058830976486,0.08621858060359955,0.3193936347961426
251.0,0.20381160653554475,0.11330474750138819,5.760325293129617,1.3133974992311919,0.1313397499231192,0.20381160653554475,0.0724718519128286,0.0724718519128286,0.019539421424269676,0.01977282389998436,0.022867368534207344,0.01953323371708393,0.03127002343535423,0.06586067378520966,0.12581241130828857,0.6017820239067078
252.0,0.213781812443183,0.05472520971670747,5.76113765233628,1.4167459240326514,0.14167459240326516,0.213781812443183,0.07210722135809752,0.07210722135809752,0.017268283292651176,0.01734044775366783,0.020781101658940315,0.017395474016666412,0.026491254568099976,0.04717743396759033,0.07367847859859467,0.21766920387744904
253.0,0.20489080192951056,0.1280782010871917,5.48569015310642,1.3140201018406794,0.13140201018406794,0.20489080192951056,0.07348878882252254,0.07348878882252254,0.019925758242607117,0.020339718088507652,0.023617282509803772,0.019706469029188156,0.032693274319171906,0.07038289308547974,0.13464906811714172,0.7033111453056335
254.0,0.20509276539087296,0.05755666154436767,5.620400675999243,1.3869346563632672,0.1386934656363267,0.20509276539087296,0.06639929488301277,0.06639929488301277,0.017361367121338844,0.017502784729003906,0.020660609006881714,0.017623556777834892,0.026635071262717247,0.049509696662425995,0.0832817554473877,0.22787845134735107
255.0,0.2065086937867678,0.1131448068190366,5.924302456451846,1.3321173099371104,0.13321173099371103,0.2065086937867678,0.07329696044325829,0.07329696044325829,0.019535226747393608,0.019784631207585335,0.022803904488682747,0.019507378339767456,0.0312715545296669,0.06590589880943298,0.12670788168907166,0.5996419787406921
256.0,0.21264554445560163,0.05683566862717271,5.559585664199107,1.411018628340501,0.1411018628340501,0.21264554445560163,0.07154367978756244,0.07154367978756244,0.017237816005945206,0.017327331006526947,0.02074832282960415,0.01730150356888771,0.02646980620920658,0.04754852131009102,0.07522216439247131,0.23282988369464874
257.0,0.20692697912454605,0.11230155802331865,5.5960400012547105,1.3258975652547984,0.13258975652547983,0.20692697912454605,0.07433721795678139,0.07433721795678139,0.018880682066082954,0.019211962819099426,0.022285068407654762,0.018798869103193283,0.030394887551665306,0.06425318866968155,0.12226159125566483,0.6023262143135071
258.0,0.2094816341996193,0.06047422997653484,5.706571872348521,1.3913514614105225,0.13913514614105224,0.2094816341996193,0.07034648582339287,0.07034648582339287,0.017260601744055748,0.017324460670351982,0.020675355568528175,0.017372576519846916,0.026606526225805283,0.048913441598415375,0.07798084616661072,0.25766003131866455
259.0,0.20126969883075127,0.11556077119894326,5.658204795667569,1.2906065308130705,0.12906065308130704,0.20126969883075127,0.07220904328502141,0.07220904328502141,0.019121799618005753,0.019452905282378197,0.02249917760491371,0.019045816734433174,0.03057742305099964,0.06447897106409073,0.12529611587524414,0.6240139603614807
260.0,0.20153604390529486,0.051735649816691875,5.63133471890301,1.2740778464537401,0.12740778464537403,0.20153604390529486,0.07412826241208957,0.07412826241208957,0.01700112596154213,0.01705464906990528,0.02021573856472969,0.017199672758579254,0.025809789076447487,0.04646604135632515,0.07542728632688522,0.1947108954191208
261.0,0.19200818584515497,0.12534829112701118,5.412638407992618,1.24409681558609,0.12440968155860903,0.19200818584515497,0.06759850365611222,0.06759850365611222,0.019451800733804703,0.01989300362765789,0.023109804838895798,0.01919611170887947,0.031937506049871445,0.06907687336206436,0.13237041234970093,0.6877508163452148
262.0,0.19942217262891623,0.05917812744155526,5.601784409805594,1.2842972782941966,0.12842972782941967,0.19942217262891623,0.07099244428368714,0.07099244428368714,0.0169907845556736,0.01704184152185917,0.020306095480918884,0.01711972989141941,0.025987781584262848,0.04755597189068794,0.07628190517425537,0.25214090943336487
263.0,0.18941928102419928,0.1171399699524045,5.638587740136956,1.2317878970733056,0.12317878970733057,0.18941928102419928,0.06624048890975806,0.06624048890975806,0.01911773718893528,0.0194964949041605,0.02259586937725544,0.019003119319677353,0.030707379803061485,0.06514550000429153,0.12471619993448257,0.6363374590873718
264.0,0.20176198734686926,0.06805019243620336,5.55240306961387,1.296201568383437,0.1296201568383437,0.20176198734686926,0.07214182471999755,0.07214182471999755,0.017474588006734848,0.01752275414764881,0.020873209461569786,0.01749596744775772,0.026829497888684273,0.04988391697406769,0.08382786810398102,0.31049373745918274
265.0,0.19168469768304092,0.11023359885439277,5.509515329119751,1.2480076505587652,0.12480076505587653,0.19168469768304092,0.06688393279910088,0.06688393279910088,0.018657835200428963,0.019020335748791695,0.02207237482070923,0.01858225092291832,0.029976028949022293,0.06324286013841629,0.12025406956672668,0.5900630354881287
266.0,0.20716475294186518,0.0625689341686666,5.737756187455493,1.3692308205824633,0.13692308205824635,0.20716475294186518,0.07024166761682583,0.07024166761682583,0.01732731983065605,0.017374252900481224,0.02070155180990696,0.017456723377108574,0.026543857529759407,0.04882431775331497,0.07941354066133499,0.27290990948677063
267.0,0.194186181976245,0.10827838815748692,5.819263251282042,1.2624163444225605,0.12624163444225606,0.194186181976245,0.06794454615849715,0.06794454615849715,0.018814997747540474,0.019076967611908913,0.02206634357571602,0.018772954121232033,0.029814856126904488,0.061964523047208786,0.11982282251119614,0.5758936405181885
268.0,0.2112689476746779,0.05121613806113601,5.671862207627884,1.3770268926253686,0.13770268926253687,0.2112689476746779,0.07356625967300855,0.07356625967300855,0.0168823953717947,0.01692585088312626,0.020131904631853104,0.017084332183003426,0.02577434666454792,0.046498414129018784,0.07521689683198929,0.19121496379375458
269.0,0.19650188776162955,0.12281688814982772,5.606921143247129,1.3021440918628986,0.13021440918628985,0.19650188776162955,0.06628747556645137,0.06628747556645137,0.019307522103190422,0.019732622429728508,0.022926390171051025,0.019093718379735947,0.031593482941389084,0.06790436059236526,0.12990239262580872,0.6720746159553528
270.0,0.2088679992235624,0.060047650476917624,5.845320491354334,1.3797741394776564,0.13797741394776566,0.2088679992235624,0.07089058653666423,0.07089058653666423,0.017050256952643394,0.017112376168370247,0.02047226019203663,0.017121572047472,0.02615290880203247,0.04734117537736893,0.07510512322187424,0.2600255310535431
271.0,0.19524148106575012,0.11428185505792499,5.641973535332818,1.2871176508756785,0.12871176508756785,0.19524148106575012,0.06652971672324035,0.06652971672324035,0.01898214966058731,0.019346104934811592,0.0224186722189188,0.018894609063863754,0.03044324740767479,0.06455142796039581,0.12275293469429016,0.6168656945228577
272.0,0.19958929087106997,0.0609585577622056,5.824201843692263,1.275218014533703,0.1275218014533703,0.19958929087106997,0.07206748884457809,0.07206748884457809,0.017096811905503273,0.017212800681591034,0.020515596494078636,0.017140919342637062,0.02627113275229931,0.04812905937433243,0.07710634171962738,0.2641957998275757
273.0,0.18722114368126944,0.11447872035205364,5.473316747942727,1.2144703635802636,0.12144703635802637,0.18722114368126944,0.06577410462957162,0.06577410462957162,0.018794896081089973,0.019175654277205467,0.022251363843679428,0.018678758293390274,0.030290372669696808,0.06421012431383133,0.12253540009260178,0.6198931932449341
274.0,0.18902310729026794,0.05396398645825684,5.449955703388759,1.2004926479779756,0.12004926479779755,0.18902310729026794,0.0689738392829895,0.0689738392829895,0.017246734350919724,0.01739831082522869,0.02042516879737377,0.017552832141518593,0.026236817240715027,0.04824843257665634,0.08206446468830109,0.2025391310453415
275.0,0.18525333416003448,0.11621770053170621,5.6567409000300355,1.1817896916316106,0.11817896916316105,0.18525333416003448,0.06707436505418557,0.06707436505418557,0.019155247136950493,0.019509680569171906,0.02262040413916111,0.01905294507741928,0.03085610829293728,0.06572981923818588,0.12480229884386063,0.6280151009559631
276.0,0.192984813107894,0.059060105588287115,5.768253585697514,1.240679328258221,0.1240679328258221,0.192984813107894,0.06891687902120444,0.06891687902120444,0.0169156976044178,0.01700594834983349,0.02026315964758396,0.017027582973241806,0.025857195258140564,0.04754533991217613,0.07577427476644516,0.252091646194458
277.0,0.1888685982960921,0.11273712059482932,5.72232254389868,1.2268347923572247,0.12268347923572248,0.1888685982960921,0.06618511777084607,0.06618511777084607,0.018635496497154236,0.019003070890903473,0.022092193365097046,0.018539248034358025,0.029941445216536522,0.06311625987291336,0.12023920565843582,0.6103300452232361
278.0,0.20571083976672247,0.06590215465985239,5.790846775442835,1.3768979356839106,0.13768979356839106,0.20571083976672247,0.06802104184260735,0.06802104184260735,0.01730993203818798,0.017335284501314163,0.02061448246240616,0.017437582835555077,0.026459215208888054,0.04905244708061218,0.08019188046455383,0.29881641268730164
279.0,0.19013006010880837,0.11586696188896894,5.6109897369935124,1.2558405857819777,0.12558405857819777,0.19013006010880837,0.06454599992587016,0.06454599992587016,0.01893775910139084,0.01930205523967743,0.022372735664248466,0.018856214359402657,0.030467823147773743,0.06442185491323471,0.12388629466295242,0.6286909580230713
280.0,0.20443142492037553,0.07006174069829285,5.636154429550424,1.3358732278530414,0.13358732278530416,0.20443142492037553,0.07084410150463764,0.07084410150463764,0.017354751005768776,0.01742386631667614,0.020770205184817314,0.017378760501742363,0.026612045243382454,0.04980633035302162,0.08455084264278412,0.32659712433815
281.0,0.1904991131562453,0.11150464927777648,5.550759008783213,1.2597008118262658,0.1259700811826266,0.1904991131562453,0.06452902778983116,0.06452902778983116,0.01845761016011238,0.018819469958543777,0.021901322528719902,0.018362129107117653,0.02962944656610489,0.06231698766350746,0.1195007711648941,0.6030494570732117
282.0,0.19610363416946852,0.061491145519539714,5.789458390096143,1.252613704938155,0.1252613704938155,0.19610363416946852,0.07084225949186546,0.07084225949186546,0.016997449100017548,0.017057904973626137,0.020367374643683434,0.017081893980503082,0.025969279929995537,0.04770057648420334,0.07673786580562592,0.2700168192386627
283.0,0.1850836592224928,0.12012242549099028,5.635311422272931,1.2066114040521474,0.12066114040521476,0.1850836592224928,0.06442251314337437,0.06442251314337437,0.018938345834612846,0.019326824694871902,0.022485805675387383,0.018762726336717606,0.03077354095876217,0.06567861884832382,0.1268715113401413,0.6581420302391052
284.0,0.18954475969076157,0.07143442681990564,5.632882301253675,1.1886973747840295,0.11886973747840297,0.18954475969076157,0.0706750163092063,0.0706750163092063,0.017343204468488693,0.017365572974085808,0.020657237619161606,0.017433281987905502,0.02655036374926567,0.05039452016353607,0.08504828810691833,0.3366829454898834
285.0,0.1885418937756465,0.1294889880809933,5.518421307983695,1.256305978848384,0.12563059788483838,0.1885418937756465,0.06291129153508407,0.06291129153508407,0.019583391025662422,0.019976941868662834,0.0232491847127676,0.01934700831770897,0.03221554309129715,0.06931156665086746,0.13484828174114227,0.7173799872398376
286.0,0.19173218653752253,0.06295738485641778,5.828775864956493,1.2279016146293054,0.12279016146293054,0.19173218653752253,0.06894202501727985,0.06894202501727985,0.01696709915995598,0.01706037111580372,0.020056655630469322,0.017239771783351898,0.025860948488116264,0.04865461587905884,0.08426424860954285,0.27355536818504333
287.0,0.1962967045032061,0.044156080577522516,5.530121691442777,1.3284450952823346,0.13284450952823348,0.1962967045032061,0.06345219107774588,0.06345219107774588,0.017067801207304,0.01718352735042572,0.020267942920327187,0.017398366704583168,0.026243358850479126,0.04956064745783806,0.09151288866996765,0.11401411145925522
288.0,0.18642610139571703,0.11464980361051857,5.749872740379552,1.239213961821336,0.12392139618213362,0.18642610139571703,0.06250469931043111,0.06250469931043111,0.018379749730229378,0.018699098378419876,0.021983925253152847,0.0182806346565485,0.02971365861594677,0.06216035038232803,0.11993050575256348,0.6280505061149597
289.0,0.20715224284392136,0.09070216049440205,6.047903856930629,1.3125492563614478,0.1312549256361448,0.20715224284392136,0.07589731250817959,0.07589731250817959,0.01879836618900299,0.018742594867944717,0.02214937098324299,0.018838705494999886,0.029562367126345634,0.058817263692617416,0.09739372879266739,0.4613148868083954
290.0,0.20936278654978827,0.04093196685425937,5.996494923806337,1.2138173305071318,0.12138173305071319,0.20936278654978827,0.08798105269670486,0.08798105269670486,0.01656620390713215,0.016633598133921623,0.01975148357450962,0.016861356794834137,0.02532777562737465,0.04647878557443619,0.07026220858097076,0.11557432264089584
291.0,0.1912758224285566,0.12635506899096072,5.578516054693491,1.1981916381762578,0.11981916381762578,0.1912758224285566,0.07145665987179829,0.07145665987179829,0.019369369372725487,0.019766347482800484,0.02299182303249836,0.019183509051799774,0.031972721219062805,0.06883227825164795,0.13339388370513916,0.6953306198120117
292.0,0.18543388751836923,0.05383547837845981,6.012848219542974,1.1302178754256322,0.11302178754256323,0.18543388751836923,0.07241209796988048,0.07241209796988048,0.016178525984287262,0.01626697927713394,0.019457180052995682,0.016352688893675804,0.024728819727897644,0.04495682939887047,0.07176375389099121,0.22097904980182648
293.0,0.1845760173522509,0.12609704374335706,5.647416591783237,1.125672344978039,0.11256723449780393,0.1845760173522509,0.07200877970227829,0.07200877970227829,0.019248181954026222,0.01960328407585621,0.022888362407684326,0.01917666755616665,0.03163548931479454,0.067991241812706,0.13258463144302368,0.6956484913825989
294.0,0.18226292098944002,0.059487845515832305,5.673042110751988,1.1098567430789654,0.11098567430789653,0.18226292098944002,0.07127724415980853,0.07127724415980853,0.01666700653731823,0.016770798712968826,0.02013629488646984,0.016763631254434586,0.025651855394244194,0.047545600682497025,0.07779792696237564,0.2545696496963501
295.0,0.18597176441779503,0.12419509468600154,5.4039677171413905,1.1320030735089228,0.11320030735089226,0.18597176441779503,0.07277145208074497,0.07277145208074497,0.01919523812830448,0.019538450986146927,0.022776350378990173,0.01901114545762539,0.031548887491226196,0.0674402043223381,0.13059912621974945,0.6834513545036316
296.0,0.1820908601467426,0.03988531092181802,5.9405573501002005,1.1494796872138977,0.11494796872138978,0.1820908601467426,0.06714288689769231,0.06714288689769231,0.016226010397076607,0.01626194454729557,0.01933135837316513,0.016519080847501755,0.025034643709659576,0.04516949877142906,0.06979896873235703,0.11074098199605942
297.0,0.1983450548006938,0.10840163473039865,5.822644063386665,1.2283927660721998,0.12283927660722001,0.1983450548006938,0.07550577790691303,0.07550577790691303,0.018814636394381523,0.018959999084472656,0.022070104256272316,0.01887548714876175,0.030064638704061508,0.06219099834561348,0.12157482653856277,0.5746623873710632
298.0,0.18492676890813387,0.055299133993685246,5.869908369884476,1.1643229447878325,0.11643229447878324,0.18492676890813387,0.06849447207955214,0.06849447207955214,0.016696201637387276,0.016766125336289406,0.019968878477811813,0.016918256878852844,0.025474708527326584,0.0469028614461422,0.07588926702737808,0.22377677261829376
299.0,0.1922037830719581,0.11569076450541615,5.754074018503145,1.182771160052373,0.11827711600523731,0.1922037830719581,0.07392666660822354,0.07392666660822354,0.018835129216313362,0.019126351922750473,0.022276850417256355,0.018806062638759613,0.03053678199648857,0.06439217925071716,0.12459361553192139,0.6269591450691223
300.0,0.1794968728835766,0.05683375080116093,5.599735055157262,1.1194536938117101,0.11194536938117101,0.1794968728835766,0.06755150080873416,0.06755150080873416,0.016482271254062653,0.01664573699235916,0.01992623694241047,0.01660868711769581,0.025352640077471733,0.046688005328178406,0.07475558668375015,0.23821084201335907
301.0,0.1808626978443219,0.10318279033526778,5.763580833435038,1.0874544382095337,0.10874544382095336,0.1808626978443219,0.07211725471111444,0.07211725471111444,0.018513552844524384,0.018636422231793404,0.021708138287067413,0.01859823800623417,0.029394302517175674,0.06047366186976433,0.11746731400489807,0.5406706929206848
302.0,0.18947119666979864,0.04501340235583484,5.770753833077641,1.205173134803772,0.1205173134803772,0.18947119666979864,0.06895387917757034,0.06895387917757034,0.0164317786693573,0.01643797941505909,0.019492195919156075,0.016735868528485298,0.02505740523338318,0.045353442430496216,0.07231058180332184,0.14828796684741974
303.0,0.20739078120543405,0.12143271183595061,5.865236594715313,1.3574756521445055,0.13574756521445056,0.20739078120543405,0.07164321467280388,0.07164321467280388,0.018992841243743896,0.019340118393301964,0.02255960740149021,0.018915623426437378,0.031097736209630966,0.0662345439195633,0.12866263091564178,0.6656585931777954
304.0,0.21261342672201303,0.064787169219926,5.772220237166453,1.457191059222588,0.14571910592225884,0.21261342672201303,0.06689431747564903,0.06689431747564903,0.01654096506536007,0.016651250422000885,0.020033136010169983,0.016592420637607574,0.025509081780910492,0.047150831669569016,0.07771433889865875,0.2981053292751312
305.0,0.1943702852496734,0.11078758933581412,6.111876139159877,1.2336560854545007,0.12336560854545006,0.1943702852496734,0.0710046741251762,0.0710046741251762,0.018505780026316643,0.018778545781970024,0.021920187398791313,0.018475407734513283,0.029724853113293648,0.06226068362593651,0.1193213164806366,0.5973139405250549
306.0,0.2024028988984915,0.058163530891761184,5.805190486975206,1.3348455016429608,0.13348455016429608,0.2024028988984915,0.0689183476452644,0.0689183476452644,0.01626862771809101,0.016355926170945168,0.019615639001131058,0.01636102795600891,0.024807630106806755,0.045180290937423706,0.07102280855178833,0.25569629669189453
307.0,0.20678831063784087,0.11880517518147826,5.816527847480412,1.3395795776293828,0.13395795776293828,0.20678831063784087,0.07283035293221474,0.07283035293221474,0.018834538757801056,0.01916811615228653,0.022369930520653725,0.01875472627580166,0.03070724382996559,0.06540048867464066,0.12675175070762634,0.6484546065330505
308.0,0.2030722602055623,0.06423654966056347,5.740100343373149,1.3146528555796697,0.13146528555796697,0.2030722602055623,0.0716069727562941,0.0716069727562941,0.016210338100790977,0.016471920534968376,0.01965666562318802,0.016400808468461037,0.025306595489382744,0.045790646225214005,0.0696578398346901,0.3043975830078125
309.0,0.1965185564297896,0.12432251125574112,5.784982840617597,1.1766314735779395,0.11766314735779396,0.1965185564297896,0.07885540993167804,0.07885540993167804,0.01908464916050434,0.01938714273273945,0.022633517161011696,0.018937915563583374,0.031122075393795967,0.06674562394618988,0.13079041242599487,0.6858787536621094
310.0,0.19921506769382036,0.038145134691148996,6.044874589175682,1.2807031732339125,0.12807031732339128,0.19921506769382036,0.07114474618664154,0.07114474618664154,0.016176581382751465,0.01620948314666748,0.01904795877635479,0.01652422361075878,0.02474275231361389,0.04551725834608078,0.07096459716558456,0.09597822278738022
311.0,0.20012854555478463,0.10627183318138123,5.844786250221326,1.2261046400436988,0.12261046400436991,0.20012854555478463,0.07751808114922963,0.07751808114922963,0.017812328413128853,0.018071051687002182,0.021309364587068558,0.017832214012742043,0.028679311275482178,0.05998438969254494,0.11664211750030518,0.5698438882827759
312.0,0.1961141091126662,0.07070714444853365,5.658684968990037,1.2965052265387316,0.12965052265387317,0.1961141091126662,0.06646358522658165,0.06646358522658165,0.01658003032207489,0.01665709726512432,0.02003742754459381,0.016621828079223633,0.025576837360858917,0.048418883234262466,0.08371566981077194,0.33804938197135925
313.0,0.19062800246935624,0.10482435557059944,5.80042935989163,1.2017497328611522,0.1201749732861152,0.19062800246935624,0.07045302769312492,0.07045302769312492,0.018085798248648643,0.018260225653648376,0.021440783515572548,0.018142860382795334,0.028846723958849907,0.06008121743798256,0.11666590720415115,0.557071328163147
314.0,0.18844897070756325,0.04396427096799016,5.762104470458505,1.1770493617424598,0.11770493617424599,0.18844897070756325,0.0707440313238364,0.0707440313238364,0.016064748167991638,0.016111230477690697,0.019084034487605095,0.016351064667105675,0.024501672014594078,0.04421410337090492,0.06886126101016998,0.1465260535478592
315.0,0.1815566890514814,0.1278700097464025,5.527014697514222,1.1400710436014028,0.11400710436014029,0.1815566890514814,0.06754958486327758,0.06754958486327758,0.019020166248083115,0.019378874450922012,0.022752894088625908,0.018755553290247917,0.0313214436173439,0.06724169105291367,0.13251322507858276,0.7119762301445007
316.0,0.18776807475548524,0.06547218281775713,5.9971502783659,1.2099221578011146,0.12099221578011146,0.18776807475548524,0.06677585983505616,0.06677585983505616,0.01650116592645645,0.01652788557112217,0.019675275310873985,0.0167574230581522,0.025231027975678444,0.04878835007548332,0.0838218480348587,0.29647448658943176
317.0,0.19365079414386016,0.11338750086724758,5.5655856935966455,1.2899166024648225,0.1289916602464823,0.19365079414386016,0.06465913312366375,0.06465913312366375,0.018440643325448036,0.018715456128120422,0.021958505734801292,0.018365370109677315,0.02984709106385708,0.06283050775527954,0.12079652398824692,0.61614590883255
318.0,0.19042925307383904,0.05744012724608183,6.022376541988724,1.2147104740142822,0.12147104740142824,0.19042925307383904,0.0689582065320932,0.0689582065320932,0.016287170350551605,0.016376711428165436,0.019622860476374626,0.01646415702998638,0.024907514452934265,0.04605480656027794,0.0713939517736435,0.2484138458967209
319.0,0.186015088397723,0.11801659502089024,5.84469902688809,1.207769247201773,0.12077692472017729,0.186015088397723,0.06523816287517548,0.06523816287517548,0.018647342920303345,0.01891813986003399,0.022222762927412987,0.018611732870340347,0.030312828719615936,0.06428291648626328,0.12489477545022964,0.6462422609329224
320.0,0.18040672976237077,0.06485893530771136,6.010224399939669,1.084919931796881,0.10849199317968809,0.18040672976237077,0.07191473646805836,0.07191473646805836,0.016573818400502205,0.01664290763437748,0.01998854987323284,0.016691194847226143,0.025323670357465744,0.047986578196287155,0.07884519547224045,0.2968195676803589
321.0,0.1732572317123413,0.11680684192106128,5.56826926128985,1.098095673781175,0.1098095673781175,0.1732572317123413,0.06344766083818215,0.06344766083818215,0.01854856126010418,0.01886027306318283,0.02210135944187641,0.018458392471075058,0.03028060495853424,0.06443087756633759,0.12481886893510818,0.6369557976722717
322.0,0.17629132878321868,0.06584983505308628,5.9652619882576055,1.061750123134026,0.10617501231340262,0.17629132878321868,0.07011631360420814,0.07011631360420814,0.016552289947867393,0.016608398407697678,0.019900860264897346,0.01671409048140049,0.025306155905127525,0.048379506915807724,0.08006003499031067,0.3032773435115814
323.0,0.17092954711272165,0.11396918795071542,5.676978992560449,1.0784152975449195,0.10784152975449196,0.17092954711272165,0.06308801271594487,0.06308801271594487,0.018596582114696503,0.018863078206777573,0.022077025845646858,0.018537821248173714,0.030080771073698997,0.06371764838695526,0.12240470945835114,0.6174758672714233
324.0,0.18402029803166023,0.06958906608633697,5.792168549766254,1.1443797670877898,0.11443797670877896,0.18402029803166023,0.06958232246912442,0.06958232246912442,0.01667330227792263,0.016715791076421738,0.020155221223831177,0.016736837103962898,0.02566189132630825,0.04876672104001045,0.0828651711344719,0.3291375935077667
325.0,0.18445882086570448,0.11982400272972882,5.707960592198077,1.1912207099107595,0.11912207099107598,0.18445882086570448,0.06533674523234367,0.06533674523234367,0.018704229965806007,0.019020648673176765,0.022323179990053177,0.018594378605484962,0.030599266290664673,0.06547051668167114,0.12722675502300262,0.6566530466079712
326.0,0.18982630165723655,0.06527499132789671,5.755564838237817,1.2221832206616035,0.12221832206616033,0.18982630165723655,0.06760797678278042,0.06760797678278042,0.016408875584602356,0.01646837405860424,0.019812025129795074,0.01655057817697525,0.025133434683084488,0.047690004110336304,0.07882335782051086,0.30131328105926514
327.0,0.17938478749531966,0.11755416262894869,5.6878584731961315,1.150478381377,0.11504783813770003,0.17938478749531966,0.06433694952955613,0.06433694952955613,0.018670029938220978,0.018966250121593475,0.02223176881670952,0.018577514216303825,0.03042089007794857,0.06494937092065811,0.125768780708313,0.640848696231842
328.0,0.18687854019495156,0.06130185071378946,6.054980362932814,1.1821912206136262,0.11821912206136265,0.18687854019495156,0.06865941389248921,0.06865941389248921,0.01643342524766922,0.016490094363689423,0.01978255994617939,0.01662377640604973,0.025079088285565376,0.04720576852560043,0.07565322518348694,0.2731468677520752
329.0,0.17228228541520926,0.11538668815046549,5.91622320574921,1.0717894801726708,0.10717894801726706,0.17228228541520926,0.06510333401652482,0.06510333401652482,0.018650539219379425,0.018918728455901146,0.02213992178440094,0.018583916127681732,0.03025032766163349,0.064339280128479,0.1245093047618866,0.6257014870643616
330.0,0.18466760619328573,0.04933494143188,5.973035173012662,1.165997564792633,0.11659975647926332,0.18466760619328573,0.06806784553023484,0.06806784553023484,0.01626904308795929,0.016255982220172882,0.019314460456371307,0.01659935899078846,0.024936268106102943,0.04559553787112236,0.07148411124944687,0.18422476947307587
331.0,0.17970044108537528,0.10163492057472467,5.947623158248474,1.1469361919623156,0.11469361919623157,0.17970044108537528,0.06500681847907029,0.06500681847907029,0.01781127229332924,0.01798088848590851,0.02124485746026039,0.01793360710144043,0.028425130993127823,0.05938735976815224,0.11287478357553482,0.537421464920044
332.0,0.19919758863173997,0.07123418897390366,5.887236071211147,1.2778402819083288,0.12778402819083287,0.19919758863173997,0.07141355683024113,0.07141355683024113,0.016876287758350372,0.016955692321062088,0.020444778725504875,0.01690685749053955,0.025939973071217537,0.04905793443322182,0.08335372805595398,0.34033825993537903
333.0,0.18165621619958144,0.10117538552731276,6.133852166302209,1.1629052116320684,0.11629052116320683,0.18165621619958144,0.06536569417669223,0.06536569417669223,0.017864571884274483,0.01800750009715557,0.02123924531042576,0.017988992854952812,0.028525467962026596,0.05920889601111412,0.11428575962781906,0.5322826504707336
334.0,0.197426665860873,0.04464026587083936,5.92756284884193,1.2400448597394502,0.12400448597394503,0.197426665860873,0.07342218005886444,0.07342218005886444,0.01598506048321724,0.01599467359483242,0.01905415579676628,0.016329646110534668,0.024612193927168846,0.04410780221223831,0.06762835383415222,0.15341024100780487
335.0,0.17910818239817253,0.12312148394994438,5.840367398832476,1.1422248757802522,0.11422248757802521,0.17910818239817253,0.06488569482014729,0.06488569482014729,0.018896836787462234,0.019197789952158928,0.022575125098228455,0.018733616918325424,0.030988186597824097,0.06640204042196274,0.12948396801948547,0.6786943078041077
336.0,0.18617486437925926,0.05775140505284071,6.118804241311964,1.1744711261529188,0.11744711261529191,0.18617486437925926,0.0687277506177242,0.0687277506177242,0.016274234279990196,0.016309276223182678,0.019481955096125603,0.016559522598981857,0.024831105023622513,0.04684564843773842,0.07904210686683655,0.24266739189624786
337.0,0.17153322868622267,0.1123950770124793,5.761839395470802,1.076043312366192,0.10760433123661922,0.17153322868622267,0.06392889555830222,0.06392889555830222,0.018234340474009514,0.018500419333577156,0.02179316058754921,0.01819341629743576,0.02967994287610054,0.06273714452981949,0.12106132507324219,0.6089608669281006
338.0,0.18500778824090958,0.057751074666157365,6.171346482664872,1.132016700047713,0.11320167000477131,0.18500778824090958,0.07180611789226532,0.07180611789226532,0.016443023458123207,0.01651644892990589,0.019849812611937523,0.016678305342793465,0.025250812992453575,0.04692281037569046,0.07373085618019104,0.24661652743816376
339.0,0.1702946865787873,0.11391786276362836,5.887226458466112,1.061715373626122,0.10617153736261221,0.1702946865787873,0.06412314738218601,0.06412314738218601,0.018405254930257797,0.018660567700862885,0.02196555770933628,0.018398260697722435,0.029865534976124763,0.0632457509636879,0.12273083627223969,0.6180711388587952
340.0,0.1842493712902069,0.06465233862400055,5.929280986294504,1.1234680735147917,0.11234680735147916,0.1842493712902069,0.07190256078655903,0.07190256078655903,0.016489258036017418,0.016572244465351105,0.020019907504320145,0.01661800593137741,0.02537189982831478,0.04787670820951462,0.07930252701044083,0.2949681580066681
341.0,0.1696079012293082,0.11070407112129033,6.251100194951237,1.049861376102154,0.1049861376102154,0.1696079012293082,0.06462176344715632,0.06462176344715632,0.018179384991526604,0.018405502662062645,0.021699894219636917,0.01818372868001461,0.029394783079624176,0.06184544786810875,0.1192902997136116,0.5986335277557373
342.0,0.1863885923073842,0.05713762738741934,5.895703008662692,1.1547639347039735,0.11547639347039737,0.1863885923073842,0.07091219923817195,0.07091219923817195,0.016201702877879143,0.016262458637356758,0.01955529861152172,0.01644057221710682,0.024788523092865944,0.04584593325853348,0.07132488489151001,0.24668164551258087
343.0,0.17590413586451456,0.11764466506429017,5.842522145799757,1.1119257440933814,0.11119257440933814,0.17590413586451456,0.06471155698482807,0.06471155698482807,0.01849444955587387,0.018753666430711746,0.022135097533464432,0.018383949995040894,0.030108237639069557,0.06398721784353256,0.12450071424245834,0.6447939872741699
344.0,0.19666795432567596,0.05903085204772651,6.194698325061923,1.2723172857211187,0.12723172857211187,0.19666795432567596,0.06943622432076015,0.06943622432076015,0.01617853157222271,0.016271337866783142,0.019559549167752266,0.016381511464715004,0.024866990745067596,0.04650941863656044,0.07399162650108337,0.25848785042762756
345.0,0.18363183392928198,0.10632082936353981,5.933376384701769,1.1949418462239778,0.11949418462239779,0.18363183392928198,0.06413764477922367,0.06413764477922367,0.01813422329723835,0.018305566161870956,0.021571049466729164,0.018177205696702003,0.029051221907138824,0.06084315478801727,0.11590215563774109,0.5685820579528809
346.0,0.1912437379360199,0.0568886527325958,6.117934543982714,1.2130177204425519,0.1213017720442552,0.1912437379360199,0.06994196400046349,0.06994196400046349,0.01619960553944111,0.01625051163136959,0.01942436769604683,0.016468893736600876,0.024656670168042183,0.04626181349158287,0.07415211945772171,0.24169524013996124
347.0,0.1778135786835964,0.1101931317243725,5.867595848304105,1.1288217902183533,0.11288217902183534,0.1778135786835964,0.0649313938159209,0.0649313938159209,0.01802288554608822,0.018256759271025658,0.021605905145406723,0.018010525032877922,0.029238518327474594,0.061849385499954224,0.11944392323493958,0.5951171517372131
348.0,0.18688517407729074,0.05748302722349763,5.982454721351972,1.1649351509717794,0.11649351509717795,0.18688517407729074,0.0703916558279441,0.0703916558279441,0.016101637855172157,0.016209891065955162,0.019557202234864235,0.016296161338686943,0.024828772991895676,0.04640864580869675,0.07530280202627182,0.2451591044664383
