epoch,train_loss,val_window_mae_kwh,grad_norm,l_state,w_state,w_boundary,w_prior,w_dynamics,dynamics_residual_mae,loss,l_window,l_boundary,dynamics_residual_rmse,w_window,l_prior,l_dynamics,val_mae_soc_event_0.1,val_mae_soc_event_0.2,val_mae_soc_event_0.5,val_mae_time_60s,val_mae_time_120s,val_mae_time_300s,val_mae_time_600s,val_mae_full_trip
0.0,1.9292885294327369,0.09402057284023613,0.768148960810755,17.985640929295467,1.7985640929295468,0.0,0.0001275531877231865,0.0,0.014782704771138154,1.9292885294327369,0.1305968165397644,0.0,0.019145028594021615,0.1305968165397644,0.0012755318772318647,0.0003848859576884514,0.014222603291273117,0.014864501543343067,0.01737416349351406,0.014071142300963402,0.024867789819836617,0.05337635800242424,0.09339090436697006,0.5199971199035645
1.0,1.8314028428151057,0.16533663729205728,0.9141529831471564,17.599548449883095,1.7599548449883093,0.0,0.0024339147592679815,0.0,0.02187397373983493,1.8314028428151057,0.06901405479472417,0.0,0.03231686153090917,0.06901405479472417,0.024339147592679813,0.0012065023575604965,0.016524627804756165,0.017637934535741806,0.020102355629205704,0.015116970986127853,0.028167419135570526,0.06864369660615921,0.11947368830442429,1.0370264053344727
2.0,1.727977610551394,0.0799543580505997,1.2813839285876971,16.32410031098586,1.6324100310985858,0.0,0.005279087418547044,0.0,0.05818019262873209,1.727977610551394,0.09028849722101139,0.0,0.12443244858429982,0.09028849722101139,0.05279087418547043,0.01762812674188843,0.012747112661600113,0.013632259331643581,0.016057031229138374,0.012188083492219448,0.022274622693657875,0.04891998693346977,0.08215070515871048,0.4316650629043579
3.0,1.5403986000097716,0.07808663102332503,1.0941456096056745,14.809170796320988,1.480917079632099,0.0,0.003975488703984481,0.0,0.14058629767252848,1.5403986000097716,0.055505990265653685,0.0,0.33613508251997143,0.055505990265653685,0.039754887039844804,0.11737228528811382,0.012409036979079247,0.013389424420893192,0.015496082603931427,0.012322671711444855,0.021592380478978157,0.04556206241250038,0.07732394337654114,0.4265974462032318
4.0,1.4412531577623808,0.08407738467212766,1.008598351555199,13.857859721550575,1.3857859721550574,0.0,0.005764648991708572,0.0,0.22742936817499307,1.4412531577623808,0.04970248573674606,0.0,0.5358994626081907,0.04970248573674606,0.05764648991708572,0.29847947794657487,0.012635180726647377,0.01376215647906065,0.01581433415412903,0.012196054682135582,0.021953914314508438,0.04847664013504982,0.08269329369068146,0.46508750319480896
5.0,1.3828803621805632,0.07417057687416673,1.2054999182724644,13.105878683236929,1.310587868323693,0.0,0.004968436305912641,0.0,0.2631721565356621,1.3828803621805632,0.06732402942501582,0.0,0.6223772512032435,0.06732402942501582,0.049684363059126414,0.40724286207785976,0.012497548945248127,0.013318908400833607,0.015724368393421173,0.012095090001821518,0.02179294265806675,0.04846780374646187,0.081446573138237,0.3880213797092438
6.0,1.3233674214436457,0.0936203554738313,1.2984217327655005,12.631836047539345,1.2631836047539342,0.0,0.003522487113682123,0.0,0.25467873078126174,1.3233674214436457,0.056661319704009935,0.0,0.6394778558841119,0.056661319704009935,0.03522487113682123,0.4305782581751163,0.01341349445283413,0.014522376470267773,0.016839034855365753,0.0127165662124753,0.023357883095741272,0.052903804928064346,0.09074150025844574,0.524468183517456
7.0,1.2835421287096465,0.08742543077096343,1.358285610475761,12.215882631448599,1.2215882631448598,0.0,0.003937845089687752,0.0,0.23671731008933142,1.2835421287096465,0.058016016792792544,0.0,0.651033477141307,0.058016016792792544,0.03937845089687751,0.4374364052827542,0.013150753453373909,0.014084060676395893,0.016502203419804573,0.012591135688126087,0.022989919409155846,0.05155055969953537,0.0860661193728447,0.48246869444847107
8.0,1.2621215719443102,0.09152727853506804,1.4059800639860853,12.020932784447304,1.2020932784447302,0.0,0.004305170103907585,0.0,0.2239341873389024,1.2621215719443102,0.05572311737789558,0.0,0.6537555570785816,0.05572311737789558,0.04305170103907585,0.44270749390125275,0.013513046316802502,0.014639858156442642,0.016953743994235992,0.012835181318223476,0.023386286571621895,0.05335889011621475,0.09194513410329819,0.5055860877037048
9.0,1.2486831270731413,0.08971111045684665,1.4690046841278854,11.85752611893874,1.185752611893874,0.0,0.004034522476677711,0.0,0.21433400649290818,1.2486831270731413,0.05889599727323422,0.0,0.6570807443215296,0.05889599727323422,0.04034522476677711,0.443773104594304,0.013306969776749611,0.014340988360345364,0.016693294048309326,0.01264222152531147,0.023152731359004974,0.0521964505314827,0.08875059336423874,0.49660563468933105
10.0,1.2369749316802392,0.0846638074144721,1.5214589919885926,11.753773322472206,1.1753773322472205,0.0,0.0037765458369484316,0.0,0.21434367161530715,1.2369749316802392,0.05782102994047678,0.0,0.6662377646336188,0.05782102994047678,0.03776545836948431,0.45757767214224887,0.012969981878995895,0.013811162672936916,0.016221774742007256,0.012434816919267178,0.022712484002113342,0.05037527531385422,0.0840282067656517,0.4647567570209503
11.0,1.2260912794333239,0.08070146851241589,1.5160179448972824,11.669707811795748,1.1669707811795746,0.0,0.0038342180446936528,0.0,0.21134750201151922,1.2260912794333239,0.05528627035136406,0.0,0.6501654501144702,0.05528627035136406,0.03834218044693653,0.4372119571153934,0.012805580161511898,0.013698060996830463,0.0160366203635931,0.012270115315914154,0.022325808182358742,0.049468446522951126,0.0830782949924469,0.4359288215637207
12.0,1.2156200775733361,0.07679197506513447,1.5409023741963763,11.562458001650297,1.15624580016503,0.0,0.0034803368151187894,0.0,0.20606477214739874,1.2156200775733361,0.055893904744432524,0.0,0.6297798133813418,0.055893904744432524,0.0348033681511879,0.40933994948863983,0.012563624419271946,0.013328605331480503,0.01575647108256817,0.012279531918466091,0.021999433636665344,0.047805774956941605,0.08214367926120758,0.4084586799144745
13.0,1.2008845255925105,0.07339727925136685,1.5030116162159102,11.449542228992168,1.144954222899217,0.0,0.0042968220578936435,0.0,0.2024335815356328,1.2008845255925105,0.051633464745604075,0.0,0.6001728085371164,0.051633464745604075,0.04296822057893643,0.37466476972286517,0.012395027093589306,0.013222811743617058,0.015577180311083794,0.012135910801589489,0.021716540679335594,0.046692389994859695,0.08026767522096634,0.38517069816589355
14.0,1.1849921895907476,0.08043763181194663,1.4890272654862444,11.290277077601505,1.1290277077601507,0.0,0.003885522943276626,0.0,0.19857902309069267,1.1849921895907476,0.05207895000393574,0.0,0.5663502858235285,0.05207895000393574,0.03885522943276625,0.33432067472201127,0.01278222631663084,0.013488946482539177,0.015561292879283428,0.012959539890289307,0.022364478558301926,0.04894914850592613,0.08397360146045685,0.4334218204021454
15.0,1.1632536603854253,0.12047693901695311,1.4604994420550004,11.061415819021372,1.1061415819021372,0.0,0.0060043408965262095,0.0,0.19306065829900595,1.1632536603854253,0.05110773200599047,0.0,0.5200543655798986,0.05110773200599047,0.060043408965262085,0.2882109032227443,0.01402593869715929,0.015318088233470917,0.017480535432696342,0.013173344545066357,0.0244557224214077,0.05727732926607132,0.10198432952165604,0.7201002240180969
16.0,1.151847357933338,0.0701956331031397,1.4213449248487875,10.800419660714956,1.0800419660714957,0.0,0.005987822866210571,0.0,0.20006621571687552,1.151847357933338,0.06581756429603466,0.0,0.5142789987417368,0.06581756429603466,0.05987822866210571,0.28254849234452617,0.012333237566053867,0.013118739239871502,0.015385071747004986,0.012281708419322968,0.021638909354805946,0.04575127363204956,0.08046867698431015,0.3605874478816986
17.0,1.1118974135472224,0.07315798057243228,1.3484106603565622,10.603664049735436,1.0603664049735437,0.0,0.004932894084889155,0.0,0.2057846589730336,1.1118974135472224,0.046598097596030966,0.0,0.5225717150248014,0.046598097596030966,0.04932894084889155,0.2986557248693246,0.012356285005807877,0.013231015764176846,0.015500507317483425,0.012161852791905403,0.021804608404636383,0.04629772901535034,0.08007769286632538,0.3838341534137726
18.0,1.0835696435891664,0.06680664385203272,1.4281439934662346,10.30475090100215,1.0304750901002149,0.0,0.005219265188162143,0.0,0.2195038222349607,1.0835696435891664,0.04787527554883407,0.0,0.5400317884408511,0.04787527554883407,0.052192651881621435,0.31222318571347457,0.012213882990181446,0.013025439344346523,0.015223863534629345,0.012146729975938797,0.02149861864745617,0.04521879181265831,0.07833612710237503,0.33678969740867615
19.0,1.0504119763007531,0.10092221281956881,1.493895562372614,9.977893389188326,0.9977893389188325,0.0,0.004785123725350087,0.0,0.22229144263726014,1.0504119763007531,0.04783750612002153,0.0,0.5487854549517999,0.04783750612002153,0.047851237253500864,0.3243524180008815,0.013454794883728027,0.014272885397076607,0.016079053282737732,0.013773486949503422,0.02343592792749405,0.05189753696322441,0.09034356474876404,0.5841204524040222
20.0,1.0303793824636018,0.07632107276003808,1.576133690166357,9.685529525463398,0.9685529525463399,0.0,0.006187980708021384,0.0,0.22160525619983673,1.0303793824636018,0.05563843536835451,0.0,0.5519914031028748,0.05563843536835451,0.06187980708021384,0.3280819493990678,0.012599249370396137,0.013624587096273899,0.015813570469617844,0.012128428556025028,0.02231132984161377,0.048528801649808884,0.08524932712316513,0.40031328797340393
21.0,0.9957647988429437,0.07051410526037216,1.572303843089587,9.324185683177067,0.9324185683177068,0.0,0.00608636000408576,0.0,0.23710973446185774,0.9957647988429437,0.057259851780075297,0.0,0.5823035859144651,0.057259851780075297,0.060863600040857606,0.36106639756606174,0.01265766005963087,0.013429585844278336,0.015347156673669815,0.012802782468497753,0.022243021056056023,0.04787642881274223,0.08108919113874435,0.3586670160293579
22.0,0.9560739443852351,0.07919671223498881,1.5681989709393211,8.994354193027203,0.8994354193027204,0.0,0.005878577187943917,0.0,0.23323502735449717,0.9560739443852351,0.05075994964975577,0.0,0.5838130437410795,0.05075994964975577,0.05878577187943917,0.36766706292445844,0.012676642276346684,0.013730473816394806,0.01590758003294468,0.012144406326115131,0.0224220622330904,0.049142785370349884,0.08555038273334503,0.42199936509132385
23.0,0.9311204208777502,0.07075372512917966,1.679216192903425,8.689129719367394,0.8689129719367394,0.0,0.005655520065472676,0.0,0.2455231289450939,0.9311204208777502,0.056551905922018565,0.0,0.6164616392208979,0.056551905922018565,0.05655520065472676,0.4038103578182367,0.01261955313384533,0.01337382011115551,0.015355008654296398,0.012746334075927734,0.022152967751026154,0.047596193850040436,0.08138783276081085,0.36079809069633484
24.0,0.8865039532001202,0.08048206008970737,1.6132593965850113,8.292462697395912,0.8292462697395914,0.0,0.005550723136044465,0.0,0.23966452536674646,0.8865039532001202,0.05170697804826956,0.0,0.6119444095171415,0.05170697804826956,0.05550723136044466,0.40364631437338316,0.01268494687974453,0.013736042194068432,0.015920164063572884,0.012145710177719593,0.022438161075115204,0.04908646643161774,0.08492414653301239,0.4329208433628082
25.0,0.8636386509125049,0.06979429617058486,1.7342630061082809,8.025367975234985,0.8025367975234986,0.0,0.0053573323413729675,0.0,0.2534515702953705,0.8636386509125049,0.05574449968452637,0.0,0.6557446764065669,0.05574449968452637,0.05357332341372967,0.4576190927853951,0.012605310417711735,0.013356540352106094,0.01537070982158184,0.012705517932772636,0.022167520597577095,0.04749375209212303,0.08180806785821915,0.3528469502925873
26.0,0.8189203441143036,0.08844368637073785,1.6763069145855556,7.618264014904316,0.7618264014904317,0.0,0.005657773507902256,0.0,0.2416483536362648,0.8189203441143036,0.05143614973013218,0.0,0.634166962825335,0.05143614973013218,0.056577735079022556,0.43298887518736034,0.012922092340886593,0.014028491452336311,0.01622208021581173,0.012331988662481308,0.022897588089108467,0.050673794001340866,0.08830107003450394,0.4901723861694336
27.0,0.7940947619768289,0.07279070967342705,1.765351458525724,7.30815131847675,0.7308151318476749,0.0,0.005564641150144432,0.0,0.25180582816784197,0.7940947619768289,0.05771498725964473,0.0,0.6657165288925171,0.05771498725964473,0.0556464115014443,0.47363232993162596,0.012535429559648037,0.013324498198926449,0.015397476963698864,0.012574389576911926,0.02216331474483013,0.04698308929800987,0.08148118108510971,0.37786629796028137
28.0,0.7550688110865079,0.08083210070617497,1.6665943708449835,6.9938302223499,0.69938302223499,0.0,0.005388583371845576,0.0,0.24064709074222124,0.7550688110865079,0.05029720067977905,0.0,0.6448752903021299,0.05029720067977905,0.053885833718455754,0.4502959916224846,0.012680972926318645,0.013708030804991722,0.015925085172057152,0.012162036262452602,0.0224461667239666,0.048924028873443604,0.08429500460624695,0.4365154802799225
29.0,0.7404029231805068,0.07254494971130043,1.783442286767978,6.795986487315251,0.6795986487315252,0.0,0.005105996862626993,0.0,0.23785136009638125,0.7404029231805068,0.055698283159962066,0.0,0.6618944429434263,0.055698283159962066,0.05105996862626993,0.46970143341101134,0.012538901530206203,0.013278947211802006,0.015263307839632034,0.01266153808683157,0.022013133391737938,0.047523003071546555,0.08086375892162323,0.3762170076370239
30.0,0.7414488196372986,0.07001356035470963,2.0688467361360217,6.855058743403508,0.6855058743403508,0.0,0.005058922496839212,0.0,0.24636826893458,0.7414488196372986,0.05088400898071436,0.0,0.6671982178321252,0.05088400898071436,0.05058922496839212,0.4699673755810811,0.012313790619373322,0.013149104081094265,0.01521497406065464,0.012323400937020779,0.02178916707634926,0.04567581042647362,0.07835884392261505,0.36128339171409607
31.0,0.7112485858110281,0.0697124486323446,1.9266380159938845,6.589492357694185,0.6589492357694187,0.0,0.005220219464256214,0.0,0.2696566776587413,0.7112485858110281,0.047079111950901836,0.0,0.7385623775995694,0.047079111950901836,0.052202194642562136,0.5713672890112951,0.01250652875751257,0.013340323232114315,0.015271610580384731,0.012553743086755276,0.02211666665971279,0.0464361272752285,0.07853572070598602,0.3569388687610626
32.0,0.7151843928373777,0.08596791850868613,1.7943640687600426,6.614048866125254,0.6614048866125254,0.0,0.005889944531596623,0.0,0.25382523238658905,0.7151843928373777,0.04788955544623045,0.0,0.6073228969023778,0.04788955544623045,0.05889944531596624,0.3917051565188628,0.012785354629158974,0.013736620545387268,0.015941057354211807,0.012463503517210484,0.022565612569451332,0.04843728616833687,0.08531641215085983,0.47649750113487244
33.0,0.655799544774569,0.07506477960851043,1.8178210023478703,5.98465921328618,0.598465921328618,0.0,0.005233286005946306,0.0,0.21264440967486456,0.655799544774569,0.05210033546273525,0.0,0.5149638606951787,0.05210033546273525,0.05233286005946306,0.2779674381017685,0.01275151688605547,0.01353707630187273,0.015559740364551544,0.01276255864650011,0.022666942328214645,0.04819526523351669,0.08244749158620834,0.39259764552116394
34.0,0.5847802414343908,0.07650427578482777,1.3800238342497315,5.273397317299476,0.5273397317299476,0.0,0.005190164123017054,0.0,0.1973011356133681,0.5847802414343908,0.05225033828845391,0.0,0.4365918429998251,0.05225033828845391,0.05190164123017054,0.19601575743693572,0.012663898058235645,0.013565363362431526,0.01561709027737379,0.01252471748739481,0.022398745641112328,0.046766627579927444,0.08023673295974731,0.4082610309123993
35.0,0.5432008229769193,0.0686716593336314,1.4242299941334682,4.869736506388738,0.4869736506388737,0.0,0.005371148296846794,0.0,0.18120718460816604,0.5432008229769193,0.05085600998539191,0.0,0.3963333826798659,0.05085600998539191,0.053711482968467936,0.15991913355313814,0.012838725000619888,0.013606471940875053,0.01558263786137104,0.012821059674024582,0.02278243936598301,0.048245590180158615,0.08117897808551788,0.3423173725605011
36.0,0.5083443041031177,0.07171482604462653,1.4115611709175298,4.531296858420739,0.45312968584207386,0.0,0.005053859863143701,0.0,0.19441079291013572,0.5083443041031177,0.050160738854454115,0.0,0.41128448110360366,0.050160738854454115,0.05053859863143701,0.17333737531533608,0.01257662009447813,0.013405854813754559,0.015461993403732777,0.012521978467702866,0.02228722907602787,0.046678319573402405,0.07921241968870163,0.37157419323921204
37.0,0.48309046717790455,0.07228301814757288,1.569889382698964,4.2883583674064045,0.4288358367406405,0.0,0.004260442850108331,0.0,0.1988752816732113,0.48309046717790455,0.0499941805520883,0.0,0.4260664628102229,0.0499941805520883,0.0426044285010833,0.18506290362431452,0.012995150871574879,0.013731584884226322,0.015696031972765923,0.013021847233176231,0.022956468164920807,0.04962274059653282,0.08339355140924454,0.3668467700481415
38.0,0.45647966861724854,0.06761509133502841,1.4317905729097307,3.9840673758433414,0.3984067375843342,0.0,0.004948547310554064,0.0,0.1913961126254155,0.45647966861724854,0.053124369050447755,0.0,0.4174449948164133,0.053124369050447755,0.04948547310554064,0.17880201282409522,0.012574998661875725,0.013393971137702465,0.015437087044119835,0.012489399872720242,0.022238755598664284,0.04642296954989433,0.07823381572961807,0.3401297330856323
39.0,0.4504359249885266,0.06380053493194282,1.756328031990692,3.9354694531514096,0.3935469453151409,0.0,0.005320161337462756,0.0,0.17418856517626688,0.4504359249885266,0.051568808750464365,0.0,0.3904569401190831,0.051568808750464365,0.05320161337462755,0.15816766654069608,0.012840230017900467,0.013589362613856792,0.015492239966988564,0.01287295576184988,0.0226804967969656,0.048167355358600616,0.0801830068230629,0.30457863211631775
40.0,0.42453635655916655,0.06585694348905236,1.69608675462071,3.706330079298753,0.3706330079298753,0.0,0.005629728347636186,0.0,0.18392349206484282,0.42453635655916655,0.04827361310330721,0.0,0.4161268495596372,0.04827361310330721,0.05629728347636186,0.17762704480152863,0.01263810507953167,0.013463507406413555,0.015544360503554344,0.01253621093928814,0.022360756993293762,0.04659392684698105,0.07884794473648071,0.3248707354068756
41.0,0.4306078931460014,0.06767702021170408,1.758232521882746,3.7087641679323635,0.3708764167932364,0.0,0.005200582699706922,0.0,0.17565039144112513,0.4306078931460014,0.054530891948021375,0.0,0.42537161937126744,0.054530891948021375,0.05200582699706921,0.1899037490097376,0.01285709161311388,0.013603925704956055,0.01560291089117527,0.012853853404521942,0.0227366890758276,0.048850055783987045,0.08218035846948624,0.3327312767505646
42.0,0.41035274588144743,0.06470129382796586,1.7157935049928965,3.5513090812242947,0.35513090812242953,0.0,0.004838316873289072,0.0,0.16133516281843185,0.41035274588144743,0.050383506915890254,0.0,0.3916236414359166,0.050383506915890254,0.04838316873289072,0.1597700182061929,0.012438124045729637,0.013241208158433437,0.015370534732937813,0.01237852405756712,0.022021014243364334,0.04610808566212654,0.07838117331266403,0.31767168641090393
43.0,0.38257974500839526,0.06507420225534588,1.551598398367343,3.2557075023651123,0.3255707502365113,0.0,0.005087153198054204,0.0,0.13651000765653756,0.38257974500839526,0.05192184906739455,0.0,0.32339702202723575,0.05192184906739455,0.050871531980542034,0.10719266820412415,0.012892934493720531,0.013629317283630371,0.015509278513491154,0.012938939966261387,0.022682253271341324,0.04856203868985176,0.08020530641078949,0.31417354941368103
44.0,0.388687701179431,0.07006214139983058,1.7443303375487178,3.3444853012378397,0.33444853012378406,0.0,0.004595253530603189,0.0,0.1526770620391919,0.388687701179431,0.0496439033975968,0.0,0.3674549666734842,0.0496439033975968,0.04595253530603189,0.13847283675120428,0.012594399973750114,0.013401109725236893,0.015614695847034454,0.012543167918920517,0.022333187982439995,0.04702553153038025,0.08083068579435349,0.35615435242652893
45.0,0.34881572883862716,0.06946384906768799,1.5358297425032628,2.930582825954144,0.2930582825954144,0.0,0.004137374847554244,0.0,0.14617449732927176,0.34881572883862716,0.05162005928846506,0.0,0.3319221093104436,0.05162005928846506,0.041373748475542434,0.11302617077644055,0.012694674544036388,0.013429430313408375,0.015645969659090042,0.012711780145764351,0.0224719550460577,0.04783264175057411,0.08170093595981598,0.34922340512275696
46.0,0.344968787752665,0.06947919388767332,1.5507600225776679,2.9095271871640134,0.2909527187164013,0.0,0.0048395618653068176,0.0,0.1414676308631897,0.344968787752665,0.0491765013967569,0.0,0.3359770362193768,0.0491765013967569,0.04839561865306818,0.11612714769748542,0.012703118845820427,0.013528671115636826,0.015794891864061356,0.012593752704560757,0.022553404793143272,0.04700865596532822,0.08115670084953308,0.3504943549633026
47.0,0.33866018056869507,0.06891529343556613,1.5247100550729835,2.7996083222902737,0.2799608322290274,0.0,0.004624187158277402,0.0,0.1266468528371591,0.33866018056869507,0.054075164863696464,0.0,0.31768415639033687,0.054075164863696464,0.04624187158277401,0.10443917604593131,0.012758138589560986,0.013497140258550644,0.015698835253715515,0.012785211205482483,0.022563006728887558,0.04806162789463997,0.0819033607840538,0.34405502676963806
48.0,0.32503731491474,0.06697085476480424,1.3322088757375652,2.7054340426738444,0.2705434042673845,0.0,0.00457675914781598,0.0,0.13210838918502515,0.32503731491474,0.049917151721624226,0.0,0.3239768766439878,0.049917151721624226,0.04576759147815979,0.10889793875125739,0.012605465017259121,0.01341413613408804,0.015653979033231735,0.012520166113972664,0.022378990426659584,0.0464898943901062,0.08030793815851212,0.3323962688446045
49.0,0.32806218873996,0.06569698813837022,1.5344510315651414,2.7004238733878503,0.27004238733878505,0.0,0.004936301321364366,0.0,0.12722440637074983,0.32806218873996,0.05308349373248907,0.0,0.3157204951231296,0.05308349373248907,0.04936301321364366,0.10312056369506396,0.01266725454479456,0.013422592543065548,0.015578463673591614,0.012683781795203686,0.022380463778972626,0.047253336757421494,0.08033358305692673,0.3212564289569855
50.0,0.3238261112800011,0.08010773360729218,1.553848698464519,2.704116935913379,0.27041169359133793,0.0,0.0035594070043701393,0.0,0.12665033283141944,0.3238261112800011,0.0498550022737338,0.0,0.3276612598162431,0.0498550022737338,0.035594070043701395,0.11387008829758717,0.013139556162059307,0.013866126537322998,0.0158600602298975,0.01324631366878748,0.0230653528124094,0.05048564076423645,0.08482533693313599,0.4263734817504883
51.0,0.3152415207945384,0.06630374875385314,1.3310632575080714,2.5610229739776025,0.2561022973977602,0.0,0.004517036418502148,0.0,0.12221526067990524,0.3152415207945384,0.05462218305239311,0.0,0.30985295887176806,0.05462218305239311,0.045170364185021475,0.10062609584285663,0.012841097079217434,0.013634948059916496,0.015706205740571022,0.012795714661478996,0.022812582552433014,0.0475570373237133,0.0806989073753357,0.3243834972381592
52.0,0.3205471457197116,0.06643612030893564,1.593753291752589,2.6435390389882603,0.264353903898826,0.0,0.005268823971542029,0.0,0.12077231246691483,0.3205471457197116,0.05092442322235841,0.0,0.318954083781976,0.05092442322235841,0.05268823971542028,0.10821494374137658,0.013017849996685982,0.013818337582051754,0.015712320804595947,0.013016040436923504,0.023033857345581055,0.04873809590935707,0.08202127367258072,0.3221311867237091
53.0,0.3116163777617308,0.07605785969644785,1.424327114008208,2.5793739557266235,0.2579373955726624,0.0,0.004807666703485525,0.0,0.11883767808859165,0.3116163777617308,0.048871314009794824,0.0,0.3220655792034589,0.048871314009794824,0.048076667034855254,0.1128038251056121,0.012814300134778023,0.013684659264981747,0.01591724529862404,0.012690895237028599,0.022773901000618935,0.04786297678947449,0.08277975022792816,0.3999391496181488
54.0,0.303066706428161,0.07438133319374174,1.360854016894528,2.4791177144417396,0.24791177144417398,0.0,0.004347085852462513,0.0,0.12210705589789611,0.303066706428161,0.05080784255495438,0.0,0.3060577672261458,0.05080784255495438,0.043470858524625115,0.09831729703224622,0.012829113751649857,0.013634825125336647,0.015835467725992203,0.01282030064612627,0.022789988666772842,0.04816797375679016,0.08303888142108917,0.38593411445617676
55.0,0.3064178377389908,0.07758737180847675,1.456073428705964,2.518364612872784,0.2518364612872784,0.0,0.004796828974324924,0.0,0.1160747420329314,0.3064178377389908,0.04978453926742077,0.0,0.31446981773926663,0.04978453926742077,0.04796828974324923,0.10791024737633191,0.012880109250545502,0.013780883513391018,0.016018781810998917,0.012646812945604324,0.022773029282689095,0.04795786738395691,0.08356098085641861,0.4110805094242096
56.0,0.3084853503566522,0.07729302998632193,1.4910805080662106,2.5052569187604465,0.2505256918760446,0.0,0.0050448051725442596,0.0,0.11402326363783616,0.3084853503566522,0.05291484898099533,0.0,0.3097378474015456,0.05291484898099533,0.050448051725442596,0.10445703480106133,0.01279348786920309,0.013664765283465385,0.01591097190976143,0.012693987227976322,0.022717801854014397,0.047978661954402924,0.08298612385988235,0.4095984399318695
57.0,0.2926699456114035,0.06818719010334462,1.2928756409521134,2.3982599606880775,0.23982599606880778,0.0,0.00439307146634047,0.0,0.11833983201246995,0.2926699456114035,0.048450868433484666,0.0,0.30594806373119354,0.048450868433484666,0.04393071466340469,0.09969523205206944,0.013024048879742622,0.013808447867631912,0.015745913609862328,0.013088284991681576,0.02291986718773842,0.04938740283250809,0.08341711014509201,0.3341064453125
58.0,0.2984992586649381,0.07487857819069177,1.4623281023635986,2.4275343922468333,0.2427534392246833,0.0,0.004384527821093798,0.0,0.11263623547095519,0.2984992586649381,0.05136128515005112,0.0,0.30874668061733246,0.05136128515005112,0.04384527821093798,0.10456939786672592,0.012725193053483963,0.013579776510596275,0.015809055417776108,0.012678663246333599,0.02260226383805275,0.04754956439137459,0.08220714330673218,0.3918769657611847
59.0,0.300009959592269,0.0756757027702406,1.5209061149209464,2.4686550360459547,0.24686550360459547,0.0,0.004190406762063504,0.0,0.1108249299801313,0.300009959592269,0.04895404797907059,0.0,0.3108551880488029,0.04895404797907059,0.04190406762063503,0.10696360182303649,0.012896197848021984,0.013701160438358784,0.015859398990869522,0.01294598076492548,0.02291061356663704,0.048587724566459656,0.08418277651071548,0.3943217694759369
60.0,0.28986940017113316,0.07836017105728388,1.286253372361152,2.3416732274568997,0.23416732274568997,0.0,0.0047289629323551295,0.0,0.11214509319800597,0.28986940017113316,0.05097311778137317,0.0,0.29549992772249073,0.05097311778137317,0.04728962932355129,0.09377464494453026,0.012835114262998104,0.013750520534813404,0.01596228778362274,0.012648206204175949,0.022687118500471115,0.04799327626824379,0.08359232544898987,0.41741251945495605
61.0,0.29179690090509564,0.07390838244464248,1.54542889195406,2.350954532623291,0.2350954532623291,0.0,0.004589511095904388,0.0,0.11224284940041028,0.29179690090509564,0.052111933867518716,0.0,0.30727744560975295,0.052111933867518716,0.04589511095904387,0.10210682552021283,0.012785575352609158,0.013574778102338314,0.015763448551297188,0.012837187387049198,0.022658782079815865,0.04789785295724869,0.08283611387014389,0.3829133212566376
62.0,0.3174445927143097,0.07896152324974537,1.501127489057248,2.6188750083629904,0.261887500836299,0.0,0.004488370037422731,0.0,0.10928947765093583,0.3174445927143097,0.05106871790037705,0.0,0.3448163316800044,0.05106871790037705,0.0448837003742273,0.1359694071400624,0.012724827043712139,0.013630583882331848,0.015886880457401276,0.012502002529799938,0.022455180063843727,0.04768112301826477,0.08274847269058228,0.424063116312027
63.0,0.2934981561624087,0.07435542100574821,1.519906890056375,2.3785430101247935,0.23785430101247934,0.0,0.00465376445880303,0.0,0.10451889897768314,0.2934981561624087,0.05099008776820623,0.0,0.27169133665469974,0.05099008776820623,0.0465376445880303,0.07931989789582215,0.012670191936194897,0.013492751866579056,0.015743106603622437,0.012661861255764961,0.022497011348605156,0.047137301415205,0.08203063160181046,0.38861051201820374
64.0,0.29440715737067735,0.07857651950325817,1.6685898947180324,2.409244555693406,0.2409244555693406,0.0,0.004774783379756488,0.0,0.11998358025000645,0.29440715737067735,0.048707914467041306,0.0,0.31939912873965043,0.048707914467041306,0.04774783379756487,0.10877774082697354,0.012772702611982822,0.013681269250810146,0.015896260738372803,0.012669281102716923,0.02262355573475361,0.04774156212806702,0.08281721919775009,0.42041030526161194
65.0,0.3139614382615456,0.07746197702363133,1.4728590537883264,2.603797036867875,0.26037970368678753,0.0,0.004529509062950429,0.0,0.1127197017463354,0.3139614382615456,0.04905221611261368,0.0,0.36130418915015,0.04905221611261368,0.04529509062950428,0.1461047332447309,0.012992309406399727,0.013817848637700081,0.015909168869256973,0.013044772669672966,0.02305426262319088,0.04911460727453232,0.08514997363090515,0.4066128730773926
66.0,0.3039025744566551,0.08147600071970373,1.501730969535983,2.478613935984098,0.2478613935984098,0.0,0.004730474726798443,0.0,0.09656176400872377,0.3039025744566551,0.05131069757044315,0.0,0.2535084778299698,0.05131069757044315,0.04730474726798443,0.07019399808576474,0.012892467901110649,0.013841998763382435,0.016057562083005905,0.012686323374509811,0.022794479504227638,0.048540279269218445,0.08474792540073395,0.44024696946144104
67.0,0.3075086222245143,0.07714293233584613,1.7268161277048637,2.5053697182581973,0.2505369718258198,0.0,0.004527048308115739,0.0,0.10928493623550121,0.3075086222245143,0.052444601288208596,0.0,0.28869190926735216,0.052444601288208596,0.045270483081157394,0.09076233322803791,0.012906933203339577,0.013715851120650768,0.015926577150821686,0.012931646779179573,0.02293257787823677,0.048453737050294876,0.08428788930177689,0.40598824620246887
68.0,0.27865965033953005,0.07956894265953451,1.384580161696036,2.230970648618845,0.22309706486188455,0.0,0.004323910735547543,0.0,0.09787855154046646,0.27865965033953005,0.05123867051532635,0.0,0.27663122002895063,0.05123867051532635,0.043239107355475426,0.08640718109046037,0.012780046090483665,0.013697119429707527,0.015960976481437683,0.012536886148154736,0.022532599046826363,0.04807571321725845,0.08375703543424606,0.4272111654281616
69.0,0.27567002406487096,0.0755838513141498,1.486726749723106,2.1945036833102884,0.2194503683310289,0.0,0.004631727174497569,0.0,0.11225926016385739,0.27567002406487096,0.05158792550747211,0.0,0.2933920415548178,0.05158792550747211,0.04631727174497568,0.09251069736022216,0.012748194858431816,0.013581342063844204,0.015829192474484444,0.012722862884402275,0.02262544073164463,0.04754543676972389,0.08287358283996582,0.3967447578907013
70.0,0.2886625688809615,0.08536509692203254,1.4975554770590793,2.3511802279032192,0.23511802279032196,0.0,0.004177061504182908,0.0,0.10116333256547268,0.2886625688809615,0.04936747797406637,0.0,0.2971513489117989,0.04936747797406637,0.04177061504182907,0.10142647324559781,0.012981732375919819,0.01387769728899002,0.01615590788424015,0.012829720973968506,0.02304559201002121,0.04902574419975281,0.08538507670164108,0.4696193039417267
71.0,0.27137831999705386,0.07419499941170216,1.3980009474617674,2.174802844340985,0.21748028443409845,0.0,0.004552760003851011,0.0,0.09644467068406251,0.27137831999705386,0.04934527180515803,0.0,0.25330903553045714,0.04934527180515803,0.0455276000385101,0.07067781772751075,0.012874246574938297,0.013736959546804428,0.015858188271522522,0.012847856618463993,0.022897640243172646,0.04786733537912369,0.08271118998527527,0.3847665786743164
72.0,0.28085435697665584,0.08216675720177591,1.6187905109457252,2.266807725796333,0.22668077257963326,0.0,0.0052585383733877765,0.0,0.10433170657891494,0.28085435697665584,0.04891503702562589,0.0,0.27754509620941603,0.04891503702562589,0.05258538373387777,0.08676681603090121,0.012975620105862617,0.013897976838052273,0.01612066850066185,0.01279918197542429,0.0229979008436203,0.048694394528865814,0.08455906063318253,0.4452892541885376
73.0,0.26718353250852,0.07961925666313618,1.4139280794648528,2.1339225448094883,0.21339225448094884,0.0,0.004548186450623549,0.0,0.09661984157103759,0.26718353250852,0.04924308651914963,0.0,0.2689368094389255,0.04924308651914963,0.04548186450623549,0.08255510684102774,0.013321198523044586,0.014166641049087048,0.016154738143086433,0.013346049934625626,0.023624571040272713,0.05041788890957832,0.08723824471235275,0.418684720993042
74.0,0.2612117580496348,0.0844345522345975,1.4294678179768767,2.0342517449305606,0.20342517449305605,0.0,0.004702655748965649,0.0,0.10072884422082168,0.2612117580496348,0.05308392658256567,0.0,0.2574042763847571,0.05308392658256567,0.047026557489656486,0.07270644390239166,0.013013118878006935,0.01395990327000618,0.01620502769947052,0.012750140391290188,0.023006830364465714,0.04908571392297745,0.08590663969516754,0.4615490436553955
75.0,0.2927103346356979,0.07998301764018834,1.6844770453395457,2.368786422105936,0.23687864221059357,0.0,0.004413588244754535,0.0,0.10318458166259986,0.2927103346356979,0.05141810857905792,0.0,0.2991238608956337,0.05141810857905792,0.04413588244754534,0.105119511198539,0.012954465113580227,0.013776803389191628,0.016037309542298317,0.01293583121150732,0.023048993200063705,0.04856128618121147,0.08491804450750351,0.4276314079761505
76.0,0.2682529057447727,0.08134902128949761,1.4854446759367819,2.1207692348040066,0.2120769234804007,0.0,0.004383498351447857,0.0,0.09114505350589752,0.2682529057447727,0.05179248062463907,0.0,0.23276157619861457,0.05179248062463907,0.04383498351447857,0.06107143155084206,0.012903733178973198,0.013832478784024715,0.016091858968138695,0.01255613099783659,0.022726116701960564,0.04862096160650253,0.08471278846263885,0.43934810161590576
77.0,0.2819137710791368,0.07632352295331657,1.6293754751063423,2.2453049283761244,0.22453049283761248,0.0,0.00504025172155637,0.0,0.10260047648961727,0.2819137710791368,0.052343016203779444,0.0,0.278446580354984,0.052343016203779444,0.0504025172155637,0.09112907602236821,0.012891738675534725,0.013730335980653763,0.01594885252416134,0.012809027917683125,0.022876951843500137,0.04799940064549446,0.08326119184494019,0.4010706841945648
78.0,0.2532326756761624,0.08531780121847987,1.4030434109395773,1.998547333937425,0.1998547333937425,0.0,0.004322300127779063,0.0,0.0915578600878899,0.2532326756761624,0.04905564022751955,0.0,0.24031086495289436,0.04905564022751955,0.04322300127779062,0.06719399415529691,0.01308878418058157,0.013994109816849232,0.016239283606410027,0.012926056981086731,0.0232172142714262,0.04925670847296715,0.08552932739257812,0.46829092502593994
79.0,0.2524071691127924,0.07749564747791737,1.4642420555941162,1.9884017568368177,0.1988401756836818,0.0,0.004559842669046842,0.0,0.09781554226691906,0.2524071691127924,0.049007150846031994,0.0,0.2604936837003781,0.049007150846031994,0.04559842669046842,0.07964591209131938,0.01295797061175108,0.013826862908899784,0.016019107773900032,0.01284914743155241,0.023006433621048927,0.04829426482319832,0.08373094350099564,0.4092804491519928
80.0,0.24306519444172198,0.08643434743862599,1.2938392387249609,1.8931715213335478,0.1893171521333548,0.0,0.004873883695556567,0.0,0.09583854302763939,0.24306519444172198,0.04887415382724542,0.0,0.2604630927626903,0.04887415382724542,0.048738836955565676,0.07950948608609346,0.01308528333902359,0.01402566023170948,0.016284238547086716,0.012793959118425846,0.023130428045988083,0.04951794818043709,0.08639528602361679,0.47624197602272034
81.0,0.2436134213438401,0.0843598188366741,1.445887465492477,1.8961968009288495,0.18961968009288493,0.0,0.004372064282114689,0.0,0.09590807815010731,0.2436134213438401,0.04962167100837597,0.0,0.25939443420905334,0.04962167100837597,0.04372064282114689,0.07919557843930446,0.013453100807964802,0.014309119433164597,0.016360465437173843,0.013433431275188923,0.023907829076051712,0.05077581852674484,0.08875737339258194,0.4538814127445221
82.0,0.25622583352602446,0.0889381691813469,1.4935185802869664,1.9699035195203929,0.19699035195203932,0.0,0.0045320623769209934,0.0,0.09451316870175876,0.25622583352602446,0.05470341687592176,0.0,0.27119882519428545,0.05470341687592176,0.045320623769209936,0.08905366915636338,0.013207310810685158,0.01416233740746975,0.0164289902895689,0.012833241373300552,0.02335030399262905,0.05020083487033844,0.0878920778632164,0.4934302568435669
83.0,0.2512299418449402,0.0849694893695414,1.557099495770513,1.9536906159841096,0.195369061598411,0.0,0.00480846566363023,0.0,0.09491683399448028,0.2512299418449402,0.05105240929585237,0.0,0.2542703294983277,0.05105240929585237,0.048084656636302285,0.07387719167253146,0.01320508774369955,0.014121036976575851,0.01626872643828392,0.0131103890016675,0.023496076464653015,0.04940918833017349,0.08612369745969772,0.4640217125415802
84.0,0.26892947348264545,0.09016663720831275,1.5817388631331386,2.16069632768631,0.21606963276863103,0.0,0.00471158312776914,0.0,0.10065394066847287,0.26892947348264545,0.04814825421915604,0.0,0.2960217692531072,0.04814825421915604,0.0471158312776914,0.11003587043915804,0.013259265571832657,0.014277658425271511,0.016510847955942154,0.012636850588023663,0.02333282120525837,0.050734229385852814,0.08883178979158401,0.5017496347427368
85.0,0.261882273050455,0.08672556944657117,1.6183258224911987,2.0319033540212192,0.20319033540212195,0.0,0.004764454668531051,0.0,0.08543717660582982,0.261882273050455,0.05392747572981394,0.0,0.22990173961107546,0.05392747572981394,0.04764454668531051,0.062155052446402036,0.013021579943597317,0.013941061682999134,0.016228703781962395,0.012797114439308643,0.023000387474894524,0.04921140894293785,0.08559772372245789,0.4800065755844116
86.0,0.24918005500848478,0.09302636387292296,1.574386290037413,1.9656968437708342,0.1965696843770834,0.0,0.004423760680051951,0.0,0.10340625391556667,0.24918005500848478,0.04818661267367693,0.0,0.2931298762559891,0.04818661267367693,0.044237606800519504,0.09906604183981052,0.013276471756398678,0.014244237914681435,0.016491876915097237,0.012998776510357857,0.023493614047765732,0.05048385635018349,0.08795912563800812,0.5252629518508911
87.0,0.2715252855649361,0.07914981432259083,1.597526421638539,2.1867131086496205,0.21867131086496203,0.0,0.0049991244020370345,0.0,0.09248799716050808,0.2715252855649361,0.047854844050911755,0.0,0.2669562708873015,0.047854844050911755,0.049991244020370335,0.08970687459581174,0.013057495467364788,0.013953878544270992,0.016089994460344315,0.012947103008627892,0.02314852923154831,0.048740070313215256,0.08500122278928757,0.4202602207660675
88.0,0.26778302169763124,0.08803294459357858,1.5912577740729894,2.1353232768865733,0.21353232768865735,0.0,0.004961056405535112,0.0,0.07821368311460201,0.26778302169763124,0.04928963172894258,0.0,0.21768841032798475,0.04928963172894258,0.04961056405535111,0.059381596672420316,0.013149209320545197,0.014093587175011635,0.016354484483599663,0.012815963476896286,0.023198097944259644,0.04979757219552994,0.08727794885635376,0.4875766932964325
89.0,0.2612969141740065,0.08234007679857314,1.6018123782077884,2.078505671941317,0.20785056719413172,0.0,0.00437819606696184,0.0,0.0877404989531407,0.2612969141740065,0.04906814215848079,0.0,0.23669317479317004,0.04906814215848079,0.04378196066961838,0.06996011999077521,0.013542604632675648,0.01438319031149149,0.016426097601652145,0.01353757455945015,0.02396119385957718,0.051042426377534866,0.08921745419502258,0.43661007285118103
90.0,0.282798565351046,0.08358218893408775,1.6953468559932339,2.234516749015221,0.22345167490152212,0.0,0.004579170155697144,0.0,0.08429590841898552,0.282798565351046,0.054767716819277175,0.0,0.24765580491377756,0.054767716819277175,0.04579170155697144,0.07743957495460144,0.013243396766483784,0.014167752116918564,0.016388563439249992,0.012961865402758121,0.023421481251716614,0.04996857792139053,0.0878220722079277,0.4506838023662567
91.0,0.2726269421669153,0.08005842578131706,1.6624003469525592,2.1644061482869663,0.21644061482869667,0.0,0.004517764325898428,0.0,0.08930102506509194,0.2726269421669153,0.051668560275664695,0.0,0.22611259726377633,0.051668560275664695,0.045177643258984275,0.062032367962484174,0.01327465195208788,0.014084715396165848,0.0163046233355999,0.013265000656247139,0.02354581095278263,0.04994579404592514,0.08722954988479614,0.42281726002693176
92.0,0.274625315116002,0.07829152105841786,1.6293870808345863,2.1631091695565443,0.21631091695565446,0.0,0.0041925310013959044,0.0,0.07933824767286961,0.274625315116002,0.05412186324023283,0.0,0.24041000868265444,0.05412186324023283,0.04192531001395904,0.07720729013761649,0.013080114498734474,0.013961242511868477,0.01619930937886238,0.012787343002855778,0.023076366633176804,0.0492168590426445,0.08551189303398132,0.4124990403652191
93.0,0.2550200745463371,0.07398653251584619,1.547243825649132,1.9871963491806617,0.19871963491806616,0.0,0.00490363771812274,0.0,0.0836338048370985,0.2550200745463371,0.05139679332765249,0.0,0.2192298173904419,0.05139679332765249,0.04903637718122739,0.05945031090567891,0.013291748240590096,0.014102600514888763,0.016201386228203773,0.013253931887447834,0.023502858355641365,0.04977745562791824,0.08578822016716003,0.37597405910491943
94.0,0.25263370172335553,0.08433409628923982,1.5960895881758361,1.9839184146661024,0.1983918414666102,0.0,0.00430799384529774,0.0,0.07706608737890537,0.25263370172335553,0.04993386652607184,0.0,0.2350536212325096,0.04993386652607184,0.043079938452977404,0.07236263564286324,0.013184051029384136,0.014086798764765263,0.016423910856246948,0.012650602497160435,0.023085368797183037,0.0501687154173851,0.08666130155324936,0.4584120213985443
95.0,0.24228444179663292,0.07338020240422338,1.4666059976095123,1.8507776581324065,0.18507776581324067,0.0,0.00493025965988636,0.0,0.08171056096370403,0.24228444179663292,0.05227641145197245,0.0,0.2295754809792225,0.05227641145197245,0.0493025965988636,0.06783122168137477,0.013189967721700668,0.014012844301760197,0.016159288585186005,0.013124322518706322,0.023367110639810562,0.04925351217389107,0.08533088862895966,0.3726036846637726
96.0,0.24213649103274712,0.08256854035425931,1.5291769147828462,1.8636819124221802,0.18636819124221798,0.0,0.004597131915103931,0.0,0.07532982413585369,0.24213649103274712,0.05117116567607109,0.0,0.22691017675858277,0.05117116567607109,0.04597131915103931,0.06613631052179979,0.013308161869645119,0.014200317673385143,0.016381321474909782,0.013126417994499207,0.023551354184746742,0.04988052323460579,0.08660915493965149,0.4434910714626312
97.0,0.23431121271390182,0.09352877433411777,1.4431652895619527,1.8192993310781627,0.18192993310781627,0.0,0.004439342294174891,0.0,0.08188614936975333,0.23431121271390182,0.04794193245470524,0.0,0.23905858913293251,0.04794193245470524,0.04439342294174891,0.07418752880766988,0.013600382022559643,0.014549169689416885,0.01681830734014511,0.013157735578715801,0.02400519698858261,0.05191970244050026,0.0910198986530304,0.5231598019599915
98.0,0.23555596000873125,0.08244141621980816,1.5317610200726923,1.798072636127472,0.17980726361274718,0.0,0.004711911469124831,0.0,0.07611606613947795,0.23555596000873125,0.051036773822628535,0.0,0.2267811791254924,0.051036773822628535,0.047119114691248305,0.06510171552117054,0.013426987454295158,0.014326879754662514,0.01652791164815426,0.013180783949792385,0.023771021515130997,0.05046795681118965,0.0882958397269249,0.43953394889831543
99.0,0.23992096403470406,0.08118903858121485,1.5944240825894505,1.856081554522881,0.18560815545228812,0.0,0.004194957175506996,0.0,0.08408732368395878,0.23992096403470406,0.0501178504469303,0.0,0.2533256090604342,0.0501178504469303,0.041949571755069956,0.08417679473327902,0.013653040863573551,0.014397929422557354,0.016435440629720688,0.013717268593609333,0.02404334954917431,0.05172770470380783,0.08873684704303741,0.4268007278442383
100.0,0.24179816246032715,0.07669229782186449,1.5095622149298351,1.8132628385837262,0.18132628385837263,0.0,0.004223348064204821,0.0,0.0728845837024542,0.24179816246032715,0.056248525730692424,0.0,0.20956468410216844,0.056248525730692424,0.04223348064204821,0.05469790706411004,0.013178754597902298,0.014025098644196987,0.01621381565928459,0.012990289367735386,0.023286355659365654,0.04904042184352875,0.08567804098129272,0.3991256058216095
101.0,0.23758761699383074,0.07321518694516271,1.545215136377301,1.8439180850982666,0.18439180850982664,0.0,0.004764198253934201,0.0,0.08338848788004655,0.23758761699383074,0.048431613554175086,0.0,0.2570299156583272,0.048431613554175086,0.047641982539342,0.08578478269135723,0.013375619426369667,0.014149895869195461,0.016236741095781326,0.013354312628507614,0.02354319952428341,0.05016909912228584,0.08664604276418686,0.36824658513069153
102.0,0.23673753440380096,0.08481291681528091,1.5530550148494813,1.8105154771071215,0.18105154771071214,0.0,0.004212884862835591,0.0,0.07733892878660789,0.23673753440380096,0.051473094150424004,0.0,0.22415528962245354,0.051473094150424004,0.042128848628355905,0.06091346928419975,0.013425469398498535,0.01428201887756586,0.01648102141916752,0.013271632604300976,0.023751864209771156,0.05011668801307678,0.08776769787073135,0.45940694212913513
103.0,0.24540119446240938,0.08832802344113588,1.5441949680655958,1.8936102161040673,0.18936102161040672,0.0,0.004820456628042919,0.0,0.08454808148627098,0.24540119446240938,0.05121971480548382,0.0,0.26593626405184084,0.05121971480548382,0.04820456628042918,0.09273516895392767,0.013587843626737595,0.0145576111972332,0.016851484775543213,0.012881133705377579,0.023854225873947144,0.051916491240262985,0.09071424603462219,0.48226115107536316
104.0,0.24560762139467093,0.08014939620625228,1.5876904869800261,1.8682996126321645,0.18682996126321647,0.0,0.004218994109676435,0.0,0.07502528451956235,0.24560762139467093,0.05455865682317661,0.0,0.21428526995273736,0.05455865682317661,0.04218994109676434,0.05533260321960999,0.013087494298815727,0.01391744427382946,0.016264421865344048,0.012830548919737339,0.022975057363510132,0.04928397014737129,0.08552013337612152,0.4273160994052887
105.0,0.23147900459858087,0.07669967354740947,1.4773571649090027,1.776976695427528,0.17769766954275276,0.0,0.004477235022932292,0.0,0.08259092443264447,0.23147900459858087,0.04930409789085388,0.0,0.252375212426369,0.04930409789085388,0.04477235022932291,0.08129413493980582,0.013156109489500523,0.014039397239685059,0.016359057277441025,0.012642167508602142,0.023052701726555824,0.04968198761343956,0.08638808876276016,0.3982778787612915
106.0,0.23594994556445342,0.07174218748696148,1.6129422327812313,1.7798994091840892,0.17798994091840895,0.0,0.004909839867972411,0.0,0.0759676623229797,0.23594994556445342,0.05305015653944933,0.0,0.22392335992593032,0.05305015653944933,0.049098398679724105,0.06094448583630415,0.013048993423581123,0.013846587389707565,0.016059327870607376,0.012933244928717613,0.02295736037194729,0.048449937254190445,0.08402848988771439,0.3626135587692261
107.0,0.23552777675481942,0.08141523343510926,1.5407258447033654,1.8202241888413062,0.1820224188841306,0.0,0.004288060175111661,0.0,0.08474302607086989,0.23552777675481942,0.04921729017335635,0.0,0.2593392557822741,0.04921729017335635,0.042880601751116604,0.08589979923831728,0.013172216713428497,0.0140249477699399,0.016308370977640152,0.012885968200862408,0.02308996208012104,0.049621712416410446,0.08627958595752716,0.43593910336494446
108.0,0.23524338866655642,0.06845729844644666,1.5927789611555268,1.8224070301422706,0.18224070301422707,0.0,0.004399139448427237,0.0,0.0731482717853326,0.23524338866655642,0.04860354157594534,0.0,0.2119317134985557,0.04860354157594534,0.04399139448427237,0.0540526221291377,0.01316478569060564,0.013945171609520912,0.016070742160081863,0.013115004636347294,0.02318819984793663,0.04867900535464287,0.08465366065502167,0.3348418176174164
109.0,0.23273799568414688,0.07982417661696672,1.5809829425688908,1.7708274997197664,0.17708274997197665,0.0,0.004590440849558665,0.0,0.08239389411531962,0.23273799568414688,0.051064801474030204,0.0,0.24587931426671836,0.051064801474030204,0.04590440849558665,0.0756410352455882,0.013100759126245975,0.013943914324045181,0.01627357117831707,0.012715303339064121,0.0228705033659935,0.049430351704359055,0.08573616296052933,0.42452284693717957
110.0,0.2331117345736577,0.07582679332699627,1.6602444927720597,1.7926039007993846,0.17926039007993846,0.0,0.004111687853359259,0.0,0.07363201247958037,0.2331117345736577,0.04973965553710094,0.0,0.22004490001843527,0.04973965553710094,0.04111687853359259,0.05883858220365185,0.013634157367050648,0.014354560524225235,0.016315490007400513,0.013676987960934639,0.023854978382587433,0.05126946419477463,0.08718963712453842,0.3863190710544586
111.0,0.2331488413306383,0.0767807038500905,1.533172517742501,1.7597038058134227,0.1759703805813423,0.0,0.004788935363579255,0.0,0.08171604373134099,0.2331488413306383,0.05238952229802425,0.0,0.24813919113232538,0.05238952229802425,0.047889353635792546,0.07762763885637888,0.01314735971391201,0.014004976488649845,0.016261031851172447,0.012810091488063335,0.023053467273712158,0.0491865798830986,0.08569622784852982,0.4000858962535858
112.0,0.23272284177633432,0.0740682155592367,1.6119536433047679,1.7875590232702403,0.178755902327024,0.0,0.0045577229645389775,0.0,0.06950130657507823,0.23272284177633432,0.04940921555344875,0.0,0.20630748398028886,0.04940921555344875,0.04557722964538978,0.05193502835642833,0.01323692873120308,0.01401776447892189,0.016211405396461487,0.013124949298799038,0.02325814589858055,0.048987146466970444,0.0851239264011383,0.37858545780181885
113.0,0.2271432446745726,0.0722690443508327,1.5088930476504692,1.7265614569187164,0.17265614569187165,0.0,0.004913014717973197,0.0,0.0791790270461486,0.2271432446745726,0.049574082860579856,0.0,0.24322108981701043,0.049574082860579856,0.04913014717973196,0.07374448787707549,0.013095102272927761,0.013935999944806099,0.016219675540924072,0.012731225229799747,0.02290080301463604,0.049161214381456375,0.08635492622852325,0.36375340819358826
114.0,0.23529417640887773,0.06988733191974461,1.668421893886369,1.764472681742448,0.1764472681742448,0.0,0.004619096649380831,0.0,0.07185086579276966,0.23529417640887773,0.05422780605462881,0.0,0.21612958896618623,0.05422780605462881,0.04619096649380831,0.0561432634623578,0.013090040534734726,0.013859199360013008,0.016086354851722717,0.012989891692996025,0.022948337718844414,0.04834827780723572,0.08385804295539856,0.3479185104370117
115.0,0.22579973592207983,0.07349358033388853,1.482068707629215,1.7040449541348677,0.1704044954134868,0.0,0.004762255121022464,0.0,0.07958434722744502,0.22579973592207983,0.05063297986411131,0.0,0.24821954105909055,0.05063297986411131,0.04762255121022463,0.0767920298072008,0.01330794021487236,0.014137057587504387,0.016260944306850433,0.013157229870557785,0.02342226170003414,0.04905116930603981,0.08566252887248993,0.3729495108127594
116.0,0.22483117419939774,0.09878740867134184,1.615791133065841,1.7299139774762666,0.17299139774762667,0.0,0.005299873793354401,0.0,0.0690164715051651,0.22483117419939774,0.04653990182739038,0.0,0.20528008559575447,0.04653990182739038,0.05299873793354401,0.05093465863655393,0.01398656889796257,0.015006858855485916,0.017322750762104988,0.013103931210935116,0.02439313940703869,0.053738441318273544,0.09404648095369339,0.5587010979652405
117.0,0.22385868659386268,0.07632576127070934,1.5219765944055368,1.6495853547866528,0.1649585354786653,0.0,0.0049260267701286544,0.0,0.07754263253166126,0.22385868659386268,0.05397412252540772,0.0,0.23819356125134689,0.05397412252540772,0.04926026770128654,0.07002705285468927,0.013182695023715496,0.014020451344549656,0.016280801966786385,0.012859654612839222,0.023048391565680504,0.0495513379573822,0.08655858784914017,0.39510416984558105
118.0,0.2239934905217244,0.07393698091618717,1.6304260967004738,1.7446580712611859,0.17446580712611862,0.0,0.004701057678231826,0.0,0.06965190544724464,0.2239934905217244,0.04482662362548021,0.0,0.2108835130929947,0.04482662362548021,0.047010576782318264,0.05304251822571342,0.01353517547249794,0.014207668602466583,0.01609758846461773,0.013661596924066544,0.02368166297674179,0.05085277557373047,0.08540116250514984,0.37405821681022644
119.0,0.22706409371816194,0.06589067890308797,1.5614342174472082,1.6470452134425824,0.16470452134425823,0.0,0.004942378738465218,0.0,0.07720749395397994,0.22706409371816194,0.05741719643657024,0.0,0.23731892727888548,0.05741719643657024,0.049423787384652175,0.06908059832998194,0.013006815686821938,0.013767263852059841,0.015969954431056976,0.012853414751589298,0.022694680839776993,0.047880105674266815,0.08333080261945724,0.3176223933696747
120.0,0.22396399997747862,0.08004205184988678,1.5948321243407966,1.7120915834720318,0.17120915834720318,0.0,0.004936648489764104,0.0,0.06676989063047446,0.22396399997747862,0.04781819493151628,0.0,0.20034520442669207,0.04781819493151628,0.04936648489764103,0.0482677872149417,0.013469488359987736,0.014373217709362507,0.016671502962708473,0.0129863191395998,0.02362753450870514,0.05073357746005058,0.08992908149957657,0.4185456931591034
121.0,0.21828945267658967,0.07493388513103127,1.613651096014344,1.6307050998394306,0.16307050998394307,0.0,0.004309265731045833,0.0,0.07540622640114564,0.21828945267658967,0.05090967164589809,0.0,0.23295566325004285,0.05090967164589809,0.04309265731045833,0.06624723702239302,0.013352705165743828,0.014139167033135891,0.016331583261489868,0.01321659330278635,0.02347131259739399,0.049750763922929764,0.08658704161643982,0.3826219141483307
122.0,0.2327934320156391,0.07133275724481791,1.6245314950757626,1.7365523668435903,0.17365523668435903,0.0,0.004280372730527933,0.0,0.06657653058377597,0.2327934320156391,0.054857817550118156,0.0,0.20184804499149323,0.054857817550118156,0.04280372730527933,0.04877569526433945,0.013282181695103645,0.014109088107943535,0.016362713649868965,0.01297385711222887,0.0232783742249012,0.0492100827395916,0.0862601026892662,0.3551856577396393
123.0,0.21314361519538438,0.0664872316410765,1.4559407760758136,1.605805211342298,0.16058052113422983,0.0,0.004932059519566022,0.0,0.07415123240878949,0.21314361519538438,0.047631034054435216,0.0,0.2337326969091709,0.047631034054435216,0.049320595195660226,0.06676655706877892,0.01338023692369461,0.014078736305236816,0.016127552837133408,0.013417544774711132,0.02344232052564621,0.04931427165865898,0.08387750387191772,0.31825968623161316
124.0,0.22265203583699006,0.06124618661124259,1.5907707836646958,1.6838520444356477,0.1683852044435648,0.0,0.005010899715125561,0.0,0.06688323903542298,0.22265203583699006,0.049255930030575164,0.0,0.20061076489778665,0.049255930030575164,0.05010899715125561,0.04768482652994303,0.013085554353892803,0.01384254265576601,0.016093309968709946,0.012844656594097614,0.022840887308120728,0.048273488879203796,0.08411999046802521,0.27886906266212463
125.0,0.21716624383742994,0.0723943398334086,1.5966593434760687,1.6022036373615265,0.16022036373615262,0.0,0.004830967649244345,0.0,0.07446585452327362,0.21716624383742994,0.052114909944626,0.0,0.2332066916502439,0.052114909944626,0.04830967649244345,0.06578063295007898,0.013181367889046669,0.013854731805622578,0.015976738184690475,0.013244935311377048,0.022944748401641846,0.04847795516252518,0.08216636627912521,0.36930787563323975
126.0,0.22464705602480814,0.06464255484752357,1.6191631961700137,1.70531492966872,0.170531492966872,0.0,0.005097061238036707,0.0,0.06631786806079057,0.22464705602480814,0.0490184985101223,0.0,0.20046586657945925,0.0490184985101223,0.050970612380367056,0.04730595859627311,0.013152091763913631,0.013934062793850899,0.01619982346892357,0.012827579863369465,0.022927068173885345,0.04882002994418144,0.08523526787757874,0.3040445148944855
127.0,0.21369854246194547,0.06272403325419873,1.5630127265737157,1.5647645936562464,0.15647645936562468,0.0,0.0051929855289367536,0.0,0.07339726302486199,0.21369854246194547,0.052029095303553805,0.0,0.22806481100045717,0.052029095303553805,0.05192985528936753,0.06253710801068407,0.013145159929990768,0.013865317218005657,0.015985414385795593,0.01310449093580246,0.0229351706802845,0.04816519841551781,0.08263485133647919,0.29195666313171387
128.0,0.21921157034543845,0.06819498271215707,1.5937993841172846,1.6525291204452515,0.16525291204452514,0.0,0.004739208763035444,0.0,0.0656209969176696,0.21921157034543845,0.04921944281802727,0.0,0.19817599138388267,0.04921944281802727,0.04739208763035444,0.04633856242379317,0.013336023315787315,0.01411550771445036,0.016225142404437065,0.013173453509807587,0.02335069142282009,0.0487985797226429,0.08549489825963974,0.3310655653476715
129.0,0.20717853365036157,0.061277724453248084,1.5248102053239418,1.5670235134088075,0.15670235134088076,0.0,0.0049462285609199455,0.0,0.07273886868586907,0.20717853365036157,0.045529953275735564,0.0,0.22833310239590132,0.045529953275735564,0.04946228560919945,0.06255326276788345,0.013346820138394833,0.014037514105439186,0.01611495204269886,0.01333518698811531,0.02335537038743496,0.04889208823442459,0.08366918563842773,0.2774706780910492
130.0,0.21893522487236902,0.07511187915224582,1.6324487889688482,1.650411816743704,0.1650411816743704,0.0,0.004843025976935259,0.0,0.06586443532544833,0.21893522487236902,0.04905101456321203,0.0,0.19733723711508971,0.04905101456321203,0.048430259769352585,0.045838866561937794,0.0132914949208498,0.014125471003353596,0.016332292929291725,0.012949666008353233,0.023178311064839363,0.04951053857803345,0.08671648055315018,0.3847907781600952
131.0,0.2061448928255301,0.06279884150717407,1.5174982463093905,1.553924675171192,0.1553924675171192,0.0,0.00495560270949052,0.0,0.07177686834564576,0.2061448928255301,0.045796819317799345,0.0,0.2258727069084461,0.045796819317799345,0.04955602709490519,0.06123000863366402,0.013268284499645233,0.013902218081057072,0.015972618013620377,0.013328362256288528,0.023174181580543518,0.04865737631917,0.08273115754127502,0.29135653376579285
132.0,0.22370342623728973,0.06826116889715195,1.6743922040748627,1.644481177513416,0.1644481177513416,0.0,0.004810178924638491,0.0,0.0654504461070666,0.22370342623728973,0.054445123443236716,0.0,0.19606295170692298,0.054445123443236716,0.04810178924638491,0.04480220524307627,0.01306972373276949,0.01386209949851036,0.01611194759607315,0.012778122909367085,0.022755751386284828,0.04855581372976303,0.08474969863891602,0.3342061936855316
133.0,0.205509752035141,0.08150604192633182,1.583392135619245,1.5506814466072962,0.15506814466072963,0.0,0.004604341705831198,0.0,0.07192686142829749,0.205509752035141,0.04583726221552262,0.0,0.22519455620875725,0.04583726221552262,0.046043417058311976,0.06014012169236174,0.01383057702332735,0.01453543920069933,0.016395268961787224,0.013947769068181515,0.024074329063296318,0.05193851515650749,0.08586465567350388,0.43146178126335144
134.0,0.22069644870666358,0.07058554340619594,1.6859269766040794,1.6216143919871404,0.16216143919871406,0.0,0.0047671156362272225,0.0,0.06468790726592907,0.22069644870666358,0.05376789246041041,0.0,0.1954893280680363,0.05376789246041041,0.047671156362272225,0.04483168135182215,0.013181072659790516,0.013984561897814274,0.01618575118482113,0.012873652391135693,0.022923285141587257,0.048596449196338654,0.08523250371217728,0.3517070710659027
135.0,0.20333830496439567,0.08515502267982811,1.5132770977255359,1.5114724200505476,0.15114724200505478,0.0,0.004811695719567629,0.0,0.07057746972602147,0.20333830496439567,0.047379366193826385,0.0,0.2229326877456445,0.047379366193826385,0.04811695719567629,0.059266309110591046,0.013713937252759933,0.014406699687242508,0.016328448429703712,0.013873928226530552,0.023763813078403473,0.051418744027614594,0.08491387218236923,0.46282073855400085
136.0,0.2151837285894614,0.06858279858715832,1.6390550903542331,1.5813223398648775,0.1581322339864878,0.0,0.005375537383728302,0.0,0.06426491774618626,0.2151837285894614,0.05167595583658952,0.0,0.19272134854243353,0.05167595583658952,0.05375537383728302,0.04327337698151286,0.013268453069031239,0.014067200943827629,0.01625765487551689,0.012921697460114956,0.023061778396368027,0.04885367304086685,0.08587478846311569,0.3343571424484253
137.0,0.20319339976860926,0.06713685428258032,1.57870945901899,1.501613091963988,0.1501613091963988,0.0,0.005013123283592555,0.0,0.07054797158791469,0.20319339976860926,0.04801896715966555,0.0,0.21959295410376328,0.04801896715966555,0.05013123283592554,0.05674736563546153,0.01327139139175415,0.014015071094036102,0.016130050644278526,0.013163688592612743,0.023125937208533287,0.04847150668501854,0.08405569195747375,0.3248614966869354
138.0,0.214781526189584,0.07147849886678159,1.6263101140179461,1.5744703274506788,0.1574470327450679,0.0,0.0049454478332056455,0.0,0.06300709067055812,0.214781526189584,0.05238904775335239,0.0,0.19165196269750595,0.05238904775335239,0.04945447833205645,0.042915610811458185,0.013298045843839645,0.014112916775047779,0.016321349889039993,0.01289354544132948,0.023095184937119484,0.04915716126561165,0.08616150915622711,0.3567882776260376
139.0,0.19997905366695845,0.06311252678278834,1.5533250291990632,1.4801677878086383,0.14801677878086383,0.0,0.005322645790874958,0.0,0.06979466100724843,0.19997905366695845,0.04663962240402515,0.0,0.219951470883993,0.04663962240402515,0.05322645790874958,0.05692371511115478,0.013360249809920788,0.01403927430510521,0.016110556200146675,0.013347780331969261,0.023310279473662376,0.04888725280761719,0.08363808691501617,0.292206734418869
140.0,0.20831575244665146,0.07310658413916826,1.629458855698333,1.5464287033447852,0.15464287033447854,0.0,0.00498700227158574,0.0,0.06319173325139743,0.20831575244665146,0.048685876079476796,0.0,0.19084664491506723,0.048685876079476796,0.049870022715857394,0.04244176309125928,0.0132667925208807,0.014086916111409664,0.016338657587766647,0.0127903176471591,0.022966492921113968,0.0492667555809021,0.08621314913034439,0.36992359161376953
141.0,0.20022979837197524,0.07147502794396132,1.5183075712978278,1.4754188014910772,0.14754188014910774,0.0,0.00535804180858227,0.0,0.06904385640070988,0.20022979837197524,0.047329877861417256,0.0,0.21821088114610085,0.047329877861417256,0.053580418085822694,0.05580794116338858,0.013424229808151722,0.014048307202756405,0.016082286834716797,0.013525598682463169,0.02335047908127308,0.0493055060505867,0.08354673534631729,0.3585170805454254
142.0,0.2102467532341297,0.07230789796449244,1.6704850725629172,1.5192193801586444,0.15192193801586446,0.0,0.004816642274650244,0.0,0.06350105098233773,0.2102467532341297,0.05350816937593313,0.0,0.19236005212251955,0.05350816937593313,0.04816642274650244,0.04267454441063679,0.013278129510581493,0.014087310992181301,0.016252093017101288,0.013054395094513893,0.023151053115725517,0.04916118085384369,0.08591914921998978,0.36355987191200256
143.0,0.2040423063131479,0.09000793425366282,1.556837237834147,1.4973108676763682,0.14973108676763686,0.0,0.004810814229914775,0.0,0.06990144416116752,0.2040423063131479,0.04950039905424301,0.0,0.22216294763179925,0.04950039905424301,0.048108142299147755,0.057547749808201425,0.01371917873620987,0.014639194123446941,0.01699027605354786,0.012913401238620281,0.023836582899093628,0.05235159769654274,0.09094690531492233,0.49466633796691895
144.0,0.20855297778661436,0.06668496155180037,1.6247210380407016,1.5202097090391011,0.15202097090391012,0.0,0.005159247852861882,0.0,0.061785284573068984,0.20855297778661436,0.051372754315917306,0.0,0.18640241886560732,0.051372754315917306,0.05159247852861881,0.040507957948228486,0.013189942575991154,0.01397246215492487,0.016193723306059837,0.01289883628487587,0.022953340783715248,0.04870529845356941,0.0853961929678917,0.3201698958873749
145.0,0.19570633998283973,0.07545771915465593,1.5540225485910866,1.4652952643541188,0.1465295264354119,0.0,0.004796669488916031,0.0,0.06871349479143436,0.19570633998283973,0.04438013626405826,0.0,0.21793602750851557,0.04438013626405826,0.047966694889160305,0.05534847600098986,0.01342229638248682,0.014049667865037918,0.016127577051520348,0.013522154651582241,0.02327142469584942,0.049199432134628296,0.0831592008471489,0.39090999960899353
146.0,0.20498212254964387,0.07284974027425051,1.643295049762299,1.5012644024995656,0.15012644024995656,0.0,0.005111879196304541,0.0,0.06330388684112292,0.20498212254964387,0.049743797773352035,0.0,0.19099393716225258,0.049743797773352035,0.05111879196304541,0.042201914358884096,0.013335966505110264,0.014167532324790955,0.01628430001437664,0.013061068020761013,0.02317262999713421,0.049049798399209976,0.08613849431276321,0.3675881326198578
147.0,0.197510366829542,0.0918399445945397,1.5763867476330153,1.4552833208670983,0.14552833208670984,0.0,0.005578686239627692,0.0,0.06803208102400486,0.197510366829542,0.04640334830261194,0.0,0.21650200566420189,0.04640334830261194,0.055786862396276914,0.054764406504825905,0.0137644587084651,0.014686237089335918,0.017043663188815117,0.012950153090059757,0.023832406848669052,0.052596237510442734,0.09103403240442276,0.5088123679161072
148.0,0.20690707977001482,0.06788987771142274,1.6448471097224933,1.4755235245594611,0.1475523524559461,0.0,0.004998427199629637,0.0,0.06154737148720484,0.20690707977001482,0.054356298910883755,0.0,0.1860202785867911,0.054356298910883755,0.04998427199629637,0.040233185478987604,0.013119632378220558,0.01391218975186348,0.01621261052787304,0.012751034460961819,0.022814078256487846,0.04906754940748215,0.08530324697494507,0.329938679933548
149.0,0.19402698140877944,0.07720514060929418,1.5602011403686507,1.4354676833519568,0.1435467683351957,0.0,0.004904875961633829,0.0,0.06771233591895837,0.19402698140877944,0.04557533060701994,0.0,0.21441599554740465,0.04557533060701994,0.04904875961633829,0.053397692274302244,0.013577070087194443,0.014208171516656876,0.016185851767659187,0.013722499832510948,0.023543432354927063,0.05047578737139702,0.08453617990016937,0.4013921320438385
150.0,0.20437637200722328,0.06976299197413027,1.6425049171968122,1.4469715012953832,0.14469715012953832,0.0,0.005454764063828267,0.0,0.06290505410960087,0.20437637200722328,0.054224452147117026,0.0,0.18935936202223486,0.054224452147117026,0.054547640638282664,0.041664753413687534,0.013280480168759823,0.014086674898862839,0.016207044944167137,0.013048375956714153,0.023084072396159172,0.04864340275526047,0.08541209995746613,0.34434178471565247
151.0,0.19256010536964124,0.08474285097327083,1.5403534814055024,1.4065404419715588,0.14065404419715588,0.0,0.005373534130362363,0.0,0.06593908154620574,0.19256010536964124,0.04653252102434635,0.0,0.21132475080398413,0.04653252102434635,0.05373534130362364,0.05231713478525098,0.0135694844648242,0.01445475872606039,0.016809245571494102,0.01283640693873167,0.02350890263915062,0.05165903642773628,0.08936931937932968,0.4557356536388397
152.0,0.19725227929078615,0.06539292249362916,1.582304425265754,1.4019413888454437,0.14019413888454435,0.0,0.0048478065488430176,0.0,0.06206628909477821,0.19725227929078615,0.05221033225265833,0.0,0.18600377239860022,0.05221033225265833,0.04847806548843017,0.040330445125269204,0.013051464222371578,0.01383810956031084,0.01615685224533081,0.012742416001856327,0.022683845832943916,0.04856947064399719,0.08447130024433136,0.31162992119789124
153.0,0.19085410638497427,0.07245937711559236,1.5069588978862711,1.3874197350098536,0.13874197350098535,0.0,0.005002101037937861,0.0,0.0652158992508283,0.19085410638497427,0.04711002770524759,0.0,0.21045523538039282,0.04711002770524759,0.05002101037937861,0.051638326356903866,0.013321963138878345,0.014132176525890827,0.016487615182995796,0.012736203148961067,0.02304001897573471,0.050275251269340515,0.0868496298789978,0.3628321588039398
154.0,0.19299367872568277,0.062055825372226536,1.5748994934560356,1.3790500370355754,0.13790500370355752,0.0,0.0051526300035990204,0.0,0.06213945479920277,0.19299367872568277,0.04993604481793367,0.0,0.18951223991238153,0.04993604481793367,0.0515263000359902,0.041694532005259625,0.013073017820715904,0.013823910616338253,0.016045575961470604,0.012889280915260315,0.02268563024699688,0.04776336997747421,0.08346863836050034,0.2866971790790558
155.0,0.19447649327608255,0.06295785715337843,1.5097990100784981,1.4131650580809667,0.14131650580809668,0.0,0.005299801057061324,0.0,0.06628029607236385,0.19447649327608255,0.0478601842545546,0.0,0.21556740540724534,0.0478601842545546,0.052998010570613235,0.05412780468423779,0.013210712000727654,0.013983416371047497,0.016283079981803894,0.012758059427142143,0.02281089499592781,0.0490870475769043,0.08491060137748718,0.29061904549598694
156.0,0.19160648779227182,0.05742192734032869,1.5622722322994163,1.3876876739355235,0.13876876739355234,0.0,0.005794899925016439,0.0,0.06113767007795664,0.19160648779227182,0.04704281916985145,0.0,0.18300311439312422,0.04704281916985145,0.0579489992501644,0.03911255835555494,0.013218660838901997,0.013878168538212776,0.015958158299326897,0.013191045261919498,0.022952748462557793,0.04804246500134468,0.08242151141166687,0.24971266090869904
157.0,0.18687026890424582,0.06679331499617547,1.5667145493824806,1.3524095324369578,0.13524095324369576,0.0,0.005521163480499617,0.0,0.06388937022823554,0.18687026890424582,0.046108150424865574,0.0,0.2083154280598347,0.046108150424865574,0.05521163480499616,0.05019121316189949,0.013179427944123745,0.013963106088340282,0.016278762370347977,0.012674200348556042,0.022735128179192543,0.04902041330933571,0.08525615930557251,0.32123932242393494
158.0,0.18162363137190157,0.07206999754998833,1.437779085645114,1.2966400545376997,0.12966400545377,0.0,0.00542935668849028,0.0,0.0615937547901502,0.18162363137190157,0.04653026607747261,0.0,0.18754141204632246,0.04653026607747261,0.054293566884902805,0.040853497643883414,0.01327787060290575,0.013857651501893997,0.015965282917022705,0.013427359983325005,0.022969121113419533,0.04847801849246025,0.08209851384162903,0.36648616194725037
159.0,0.18620449075332055,0.06788571015931666,1.5103083815422365,1.2952896838004773,0.12952896838004774,0.0,0.005337584326760127,0.0,0.0637913651477832,0.18620449075332055,0.05133793603342313,0.0,0.2004440868130097,0.05133793603342313,0.05337584326760127,0.04670055257156491,0.013197774067521095,0.013990472070872784,0.016327597200870514,0.012661769054830074,0.022766264155507088,0.049388665705919266,0.08593675494194031,0.32881638407707214
160.0,0.19056506741505402,0.0638615416828543,1.538337128706122,1.3845183757635264,0.13845183757635263,0.0,0.005491475717952618,0.0,0.06137935702617352,0.19056506741505402,0.046621753762547784,0.0,0.18742481561807486,0.046621753762547784,0.05491475717952618,0.040936140021165975,0.013170501217246056,0.013787006959319115,0.01588965207338333,0.013259781524538994,0.022820137441158295,0.04802355170249939,0.08169551938772202,0.30224618315696716
161.0,0.1967407287313388,0.06948895112145692,1.5937485811630254,1.4240455008470094,0.14240455008470093,0.0,0.005535942803208645,0.0,0.063572686452132,0.1967407287313388,0.048800230312805906,0.0,0.20158574386284903,0.048800230312805906,0.05535942803208645,0.04703415615054277,0.013298596255481243,0.014114274643361568,0.016460614278912544,0.01272245217114687,0.022978048771619797,0.049970146268606186,0.08671842515468597,0.3396490514278412
162.0,0.18478232794083083,0.05865313729736954,1.508688874971128,1.3138822798545544,0.13138822798545544,0.0,0.005749917030334474,0.0,0.057584524154663086,0.18478232794083083,0.04764418117702007,0.0,0.1773321760388521,0.04764418117702007,0.05749917030334473,0.036519377725198865,0.013169757090508938,0.013814452104270458,0.015914365649223328,0.013178477995097637,0.022830888628959656,0.04800666123628616,0.08190683275461197,0.26040366291999817
163.0,0.18230645415874627,0.06985822063870728,1.4852856544464461,1.2893148041688478,0.1289314804168848,0.0,0.005617722883247413,0.0,0.06388238129707483,0.18230645415874627,0.047757251044878594,0.0,0.20414983595793063,0.047757251044878594,0.05617722883247412,0.0479450598359108,0.013308955356478691,0.014121206477284431,0.016465505585074425,0.01274716854095459,0.022994235157966614,0.049902092665433884,0.08674154430627823,0.3425850570201874
164.0,0.17718181014060974,0.06027101189829409,1.4302334898851727,1.2366767869545863,0.12366767869545864,0.0,0.005686416648901427,0.0,0.058773927247295014,0.17718181014060974,0.04782771304822885,0.0,0.17735337408689353,0.04782771304822885,0.05686416648901426,0.03665364159342761,0.013212590478360653,0.013850891031324863,0.015944527462124825,0.013240208849310875,0.02292744256556034,0.048221200704574585,0.0821567252278328,0.2726145088672638
165.0,0.1791056159597177,0.06901410291902721,1.6270957307866256,1.2542885633615346,0.12542885633615344,0.0,0.005617499021956554,0.0,0.06105398286420565,0.1791056159597177,0.04805925989953371,0.0,0.19453284230369788,0.04805925989953371,0.05617499021956554,0.04382315392677601,0.013240672647953033,0.01403562631458044,0.016370661556720734,0.012721837498247623,0.022881386801600456,0.049475736916065216,0.08617967367172241,0.33720722794532776
166.0,0.18060176017192694,0.06947302480693907,1.5831720092371018,1.2779730397921343,0.1277973039792134,0.0,0.005199360833145105,0.0,0.06166177443586863,0.18060176017192694,0.04760508755078682,0.0,0.18157206017237443,0.04760508755078682,0.05199360833145105,0.03789149450424772,0.013231947086751461,0.01384894922375679,0.015970708802342415,0.013358667492866516,0.02292090840637684,0.04842750355601311,0.08275416493415833,0.34527134895324707
167.0,0.18536726328042838,0.06868941441643983,1.580038407015806,1.3082499962586622,0.13082499962586622,0.0,0.005283136458064501,0.0,0.06356416671321942,0.18536726328042838,0.04925912389388451,0.0,0.2013001860334323,0.04925912389388451,0.05283136458064501,0.04626158972342427,0.0132366344332695,0.014027155004441738,0.016352657228708267,0.012728976085782051,0.022842470556497574,0.0494716539978981,0.08620858937501907,0.33464717864990234
168.0,0.19099172949790955,0.0639577906113118,1.5586087922646001,1.3872056832680335,0.13872056832680335,0.0,0.005551574966655329,0.0,0.060710472556260914,0.19099172949790955,0.04671958447075807,0.0,0.18436395950042284,0.04671958447075807,0.055515749666553274,0.03935695729719905,0.013247336260974407,0.013866472989320755,0.015956945717334747,0.01333718840032816,0.02295365370810032,0.04839153215289116,0.08196073770523071,0.3019484579563141
169.0,0.2015270613707029,0.0683277496136725,1.6025295735581488,1.4832703517033503,0.14832703517033502,0.0,0.0055675281641575005,0.0,0.05887229282122392,0.2015270613707029,0.0476324947980734,0.0,0.190457328580893,0.0476324947980734,0.05567528164157501,0.042093644778315835,0.013298047706484795,0.014096184633672237,0.01642663963139057,0.012781652621924877,0.02298043854534626,0.0497208908200264,0.08639270812273026,0.33092543482780457
170.0,0.1831244184420659,0.06085313647054136,1.4837994255488622,1.303918107197835,0.1303918107197835,0.0,0.005827161268546031,0.0,0.057001035373944506,0.1831244184420659,0.0469054404932719,0.0,0.17392095350302184,0.0469054404932719,0.058271612685460314,0.03438622705065287,0.01324425544589758,0.013879882171750069,0.01597752794623375,0.013290205039083958,0.022970028221607208,0.04835908114910126,0.0819309800863266,0.27717313170433044
171.0,0.18131229109489,0.06649210536852479,1.5227384752548356,1.2854980046932514,0.12854980046932513,0.0,0.005489229733267657,0.0,0.06003815867006779,0.18131229109489,0.047273254595123805,0.0,0.19737447798252106,0.047273254595123805,0.05489229733267656,0.045031770633963436,0.0132031524553895,0.01397671177983284,0.016316678375005722,0.012741544283926487,0.02285643108189106,0.04926571995019913,0.08542131632566452,0.31815528869628906
172.0,0.18023843031663161,0.0686658057384193,1.5533661536035615,1.273172479409438,0.1273172479409438,0.0,0.005400022147939754,0.0,0.0607441312705095,0.18023843031663161,0.04752115819316644,0.0,0.17876999366741914,0.04752115819316644,0.05400022147939755,0.03665542898054879,0.013255364261567593,0.01386251486837864,0.015982292592525482,0.0133850472047925,0.022970398887991905,0.04845243692398071,0.08222698420286179,0.33919140696525574
173.0,0.18499214030229127,0.06678815127816051,1.6547889170742283,1.3122802376747131,0.1312280237674713,0.0,0.005561769782350614,0.0,0.059912551051149,0.18499214030229127,0.048202348299897634,0.0,0.19374069972680166,0.048202348299897634,0.05561769782350613,0.042740692742742024,0.013222704641520977,0.013999920338392258,0.016331348568201065,0.012745311483740807,0.022858252748847008,0.04929171875119209,0.08545133471488953,0.32040461897850037
174.0,0.17643636866257742,0.06467346847057343,1.517935311498967,1.2329166141840129,0.12329166141840128,0.0,0.005634663096414163,0.0,0.06028460152447224,0.17643636866257742,0.0475100392045883,0.0,0.17674129198376948,0.0475100392045883,0.05634663096414162,0.03575688912175023,0.013246445916593075,0.013857868500053883,0.015963859856128693,0.01334291324019432,0.02294711023569107,0.048400476574897766,0.08168486505746841,0.3079442083835602
175.0,0.17717148535526717,0.0665900579188019,1.633363554543732,1.243762073608545,0.1243762073608545,0.0,0.005614232185941475,0.0,0.059790797818165556,0.17717148535526717,0.04718104334404835,0.0,0.18809403020602006,0.04718104334404835,0.056142321859414764,0.04081239773390385,0.013204180635511875,0.013976463116705418,0.016313008964061737,0.01273687556385994,0.02283259853720665,0.04932429641485214,0.08551447093486786,0.3188185691833496
176.0,0.17535203523360765,0.06929398619104177,1.5129822318731139,1.227045469559156,0.1227045469559156,0.0,0.005240011960268021,0.0,0.059444706027324386,0.17535203523360765,0.0474074726494459,0.0,0.17726077712499178,0.0474074726494459,0.052400119602680206,0.03579600782205279,0.013240227475762367,0.013851531781256199,0.015976278111338615,0.01337355375289917,0.02288970723748207,0.04854011908173561,0.08279845118522644,0.34368202090263367
177.0,0.18048759492544028,0.0671309707686305,1.5472032988519886,1.2744056513676276,0.12744056513676275,0.0,0.005341470957948611,0.0,0.060065535112069204,0.18048759492544028,0.04770555691077159,0.0,0.18964453786611557,0.04770555691077159,0.05341470957948612,0.04114301703297175,0.013230150565505028,0.014008564874529839,0.01633249782025814,0.01275293342769146,0.022842485457658768,0.049437593668699265,0.0859275758266449,0.32251596450805664
178.0,0.19169540474048027,0.0623535126214847,1.6308583271547392,1.3942940326837392,0.13942940326837394,0.0,0.005674137504628072,0.0,0.06065643005646192,0.19169540474048027,0.04659186088694976,0.0,0.1834417237685277,0.04659186088694976,0.05674137504628071,0.03808011687718905,0.013242975808680058,0.013864290900528431,0.015978790819644928,0.013306871987879276,0.022922564297914505,0.04844525456428528,0.08209583908319473,0.28897151350975037
179.0,0.1866430674607937,0.06755297805648297,1.669260067327959,1.3445690205463996,0.13445690205463998,0.0,0.005594258877233818,0.0,0.058287073499881305,0.1866430674607937,0.04659190473075096,0.0,0.1880553083924147,0.04659190473075096,0.05594258877233817,0.040811029370301045,0.01330913882702589,0.014094422571361065,0.016435299068689346,0.012823467142879963,0.023042544722557068,0.04986223578453064,0.0864119753241539,0.3244447410106659
180.0,0.1854551537678792,0.061797702801413834,1.6301508771958453,1.3266747983602376,0.13266747983602378,0.0,0.005742434799098052,0.0,0.05483904208701391,0.1854551537678792,0.04704523817277872,0.0,0.1686985595868184,0.04704523817277872,0.057424347990980514,0.03311678896156641,0.013248820789158344,0.013879761099815369,0.0160079263150692,0.013297352939844131,0.022968236356973648,0.04859340935945511,0.08239954710006714,0.28398656845092773
181.0,0.18076790811923835,0.06718184612691402,1.6040687514570513,1.281608065733543,0.12816080657335427,0.0,0.0054561240598559385,0.0,0.06029410187441569,0.18076790811923835,0.04715097194107679,0.0,0.1995821718413096,0.04715097194107679,0.05456124059855938,0.04605851791655788,0.013284907676279545,0.014067176729440689,0.016407128423452377,0.012822709046304226,0.023038849234580994,0.049669377505779266,0.08608195185661316,0.32208266854286194
182.0,0.18416501925541803,0.06226260506082326,1.5700879223388546,1.3146214989515452,0.13146214989515453,0.0,0.005502273901723898,0.0,0.059436327419601954,0.18416501925541803,0.04720059366753468,0.0,0.1796577346439545,0.04720059366753468,0.05502273901723898,0.03739363420754671,0.013272433541715145,0.013885443098843098,0.015998264774680138,0.013341986574232578,0.023000551387667656,0.048579804599285126,0.08208528161048889,0.28793707489967346
183.0,0.17676562873216775,0.06711631268262863,1.638873429394922,1.2418845983651967,0.12418845983651969,0.0,0.005699807541588178,0.0,0.05852365407806177,0.17676562873216775,0.0468773591117217,0.0,0.19208810736353582,0.0468773591117217,0.05699807541588178,0.0423182795683925,0.013245852664113045,0.014021866954863071,0.016347039490938187,0.012786499224603176,0.022911878302693367,0.049454621970653534,0.08588284254074097,0.3222799003124237
184.0,0.17147611310848823,0.06893816951196641,1.5089746292937523,1.1926427896206195,0.11926427896206196,0.0,0.005329369825239364,0.0,0.05900333305964103,0.17147611310848823,0.046882463475832574,0.0,0.1789337107195304,0.046882463475832574,0.05329369825239365,0.03657473095406134,0.013274160213768482,0.013871381990611553,0.016002973541617393,0.013416952453553677,0.022953486070036888,0.048765335232019424,0.08291919529438019,0.34030187129974365
185.0,0.18073320102233154,0.06622445618268102,1.5666880245515113,1.276484849361273,0.1276484849361273,0.0,0.005285079025018674,0.0,0.05649802518578676,0.18073320102233154,0.047799634675566964,0.0,0.17536688882571,0.047799634675566964,0.052850790250186734,0.035875421160688765,0.013248174451291561,0.014018179848790169,0.016343658789992332,0.01280301809310913,0.02292650192975998,0.049475546926259995,0.08583984524011612,0.3151407241821289
186.0,0.1713695881458429,0.06324980745557696,1.4632046689451774,1.195886717392848,0.11958867173928481,0.0,0.005659105628728867,0.0,0.05482934888165731,0.1713695881458429,0.04612180404365063,0.0,0.16733800390591988,0.04612180404365063,0.056591056287288666,0.03212741821502837,0.013291514478623867,0.013902817852795124,0.01601559855043888,0.013371634297072887,0.023020010441541672,0.0487000048160553,0.08233047276735306,0.29536640644073486
187.0,0.1722057215296305,0.06660655327141285,1.5772068880591663,1.1980468676640437,0.11980468676640436,0.0,0.005574434028508572,0.0,0.05700980298794233,0.1722057215296305,0.0468266003120404,0.0,0.18069288707696474,0.0468266003120404,0.055744340285085715,0.03756750267572128,0.013255135156214237,0.014023511670529842,0.016357379034161568,0.012815067544579506,0.022962361574172974,0.049620334059000015,0.08602827787399292,0.31779035925865173
188.0,0.16862771144280067,0.0704277524491772,1.5283902463730727,1.1686012630279248,0.11686012630279248,0.0,0.005389547348022461,0.0,0.054823484271764755,0.16862771144280067,0.04637803495503389,0.0,0.16983075296649566,0.04637803495503389,0.05389547348022461,0.03339136040841158,0.01330353133380413,0.013894638046622276,0.01603715866804123,0.01345509011298418,0.02303505130112171,0.04898049682378769,0.08330116420984268,0.35141488909721375
189.0,0.1698702172591136,0.0649039801210165,1.5846680676131795,1.1615885748313024,0.11615885748313026,0.0,0.005256597339533843,0.0,0.057621524311028995,0.1698702172591136,0.04845476250808973,0.0,0.1792585844030747,0.04845476250808973,0.052565973395338424,0.0373552252108661,0.013235657475888729,0.013992812484502792,0.0163402259349823,0.01281838770955801,0.02295895479619503,0.04958187788724899,0.08581753075122833,0.30448639392852783
190.0,0.17074249054376894,0.06599468365311623,1.5835962785086108,1.193357298007378,0.11933572980073781,0.0,0.005568396042172726,0.0,0.054196361595621474,0.17074249054376894,0.04583836432832938,0.0,0.16587569335332283,0.04583836432832938,0.055683960421727255,0.03204600980433707,0.013298983685672283,0.013906242325901985,0.016033899039030075,0.013402133248746395,0.023046407848596573,0.048825908452272415,0.08307412266731262,0.31636977195739746
191.0,0.17589314339252618,0.06706414162181318,1.658261137479076,1.2233852629478161,0.12233852629478165,0.0,0.005476573661256295,0.0,0.057737812686424986,0.17589314339252618,0.04807804338634014,0.0,0.183354158527576,0.04807804338634014,0.05476573661256295,0.03848281049599441,0.013323234394192696,0.01409627590328455,0.016452383249998093,0.012860345654189587,0.023104634135961533,0.04993600398302078,0.08651689440011978,0.3202233612537384
192.0,0.1842913874066793,0.06258847785647959,1.651862301580339,1.3168943157562842,0.13168943157562843,0.0,0.005486231999328503,0.0,0.055263940388193496,0.1842913874066793,0.04711572181146879,0.0,0.16788680335650077,0.04711572181146879,0.05486231999328503,0.03318476943800656,0.013321631588041782,0.01393130887299776,0.01604924537241459,0.013402123935520649,0.02308298461139202,0.04886279255151749,0.08242103457450867,0.2896367013454437
193.0,0.1705151223219358,0.06820052617695183,1.6438209377894746,1.180820290858929,0.1180820290858929,0.0,0.0056918585099853,0.0,0.05505745757657748,0.1705151223219358,0.04674123413860798,0.0,0.17826231483083504,0.04674123413860798,0.056918585099853,0.03623011278418394,0.013311273418366909,0.014091317541897297,0.01642739772796631,0.012851589359343052,0.023056337609887123,0.04980654641985893,0.08651198446750641,0.3295477628707886
194.0,0.16478784783528402,0.06724246183875948,1.4988949308618453,1.1231959874813373,0.11231959874813373,0.0,0.005369104187075909,0.0,0.058334798767016485,0.16478784783528402,0.04709914383979944,0.0,0.1804689338000921,0.04709914383979944,0.053691041870759085,0.0371960574008811,0.013279207050800323,0.013887975364923477,0.016028255224227905,0.01340580452233553,0.022962018847465515,0.048816051334142685,0.08301335573196411,0.3265470266342163
195.0,0.17242953582451895,0.06448449089657515,1.549056829532165,1.2028513436134045,0.12028513436134045,0.0,0.0054402693747901,0.0,0.055159250704141766,0.17242953582451895,0.046704127095066585,0.0,0.18053414529332748,0.046704127095066585,0.054402693747901,0.03800169380310063,0.013242446817457676,0.01399988029152155,0.016320209950208664,0.012873292900621891,0.02292582020163536,0.049288053065538406,0.08563104271888733,0.30159518122673035
196.0,0.17773169966844413,0.0614868140546605,1.588415056657064,1.2689198691111345,0.12689198691111347,0.0,0.005801604817119929,0.0,0.05548712783134901,0.17773169966844413,0.045038110218369044,0.0,0.1712153212955365,0.045038110218369044,0.058016048171199285,0.03413466844134606,0.013300830498337746,0.013904298655688763,0.016042450442910194,0.013371264562010765,0.023007052019238472,0.048790231347084045,0.08254873007535934,0.28092965483665466
197.0,0.17628125903698114,0.06671309098601341,1.6794572686389864,1.2438699465531569,0.1243869946553157,0.0,0.005633713075747857,0.0,0.05463650163549643,0.17628125903698114,0.04626054861224615,0.0,0.1791080222106897,0.04626054861224615,0.056337130757478565,0.037378180449685224,0.01330476813018322,0.01407590787857771,0.016423728317022324,0.0128667326644063,0.023060722276568413,0.04987878352403641,0.08645643293857574,0.3176376521587372
198.0,0.16702986508607864,0.06423178478144109,1.5355912664896267,1.1534651517868042,0.11534651517868043,0.0,0.005427786349677124,0.0,0.05542780845784224,0.16702986508607864,0.04625556130821888,0.0,0.17147232190920755,0.04625556130821888,0.054277863496771224,0.0340982844802336,0.013247910887002945,0.013868987560272217,0.01604892872273922,0.013332534581422806,0.022936321794986725,0.04885917901992798,0.08331411331892014,0.3022463023662567
199.0,0.1697575914172026,0.06459210766479373,1.515856352242003,1.175353387227425,0.1175353387227425,0.0,0.005303653816764171,0.0,0.05565633409871505,0.1697575914172026,0.04691859435003538,0.0,0.18404903004948908,0.04691859435003538,0.053036538167641714,0.03985124822849265,0.013265391811728477,0.01402170117944479,0.016373271122574806,0.012872825376689434,0.023010117933154106,0.04965365305542946,0.08593446761369705,0.3016054332256317
200.0,0.16257133334875107,0.0611662877490744,1.5000192626046833,1.1170954337486854,0.11170954337486855,0.0,0.005670235692881622,0.0,0.05382158707540769,0.16257133334875107,0.045191552489995956,0.0,0.16635448313676393,0.045191552489995956,0.05670235692881621,0.03219468646252958,0.013274312019348145,0.013886470347642899,0.01604834385216236,0.013337076641619205,0.022960368543863297,0.048760466277599335,0.0828256830573082,0.27823758125305176
201.0,0.17224641946645883,0.06463376432657242,1.6332606097033848,1.2003448147040148,0.1200344814704015,0.0,0.005723739565851598,0.0,0.055121418088674545,0.17224641946645883,0.04648819608757129,0.0,0.18583871882695419,0.04648819608757129,0.05723739565851597,0.039984382008417294,0.013320554047822952,0.014083053916692734,0.016433505341410637,0.012913420796394348,0.023066403344273567,0.049844563007354736,0.0861140787601471,0.3012945353984833
202.0,0.1744177765571154,0.0603395642247051,1.6523767169656287,1.2335041577999408,0.12335041577999409,0.0,0.005764703911084395,0.0,0.05611167346628813,0.1744177765571154,0.045302651822566986,0.0,0.16626625250165278,0.045302651822566986,0.05764703911084395,0.03251225710846484,0.013297762721776962,0.013889022171497345,0.01604599505662918,0.013369455933570862,0.022970901802182198,0.04875980317592621,0.08253736793994904,0.271846204996109
203.0,0.17450570716307715,0.06580954208038747,1.7007161369015356,1.2253833825771625,0.12253833825771626,0.0,0.005833762454298827,0.0,0.054536379873752594,0.17450570716307715,0.046133603900671005,0.0,0.1809935856323976,0.046133603900671005,0.05833762454298826,0.03708026511594653,0.013317338190972805,0.01408456638455391,0.016438297927379608,0.012850084342062473,0.023009805008769035,0.05004571005702019,0.08648153394460678,0.310249000787735
204.0,0.16148303563778216,0.06340195517987013,1.5051430857374108,1.0949540803065667,0.10949540803065669,0.0,0.00544142654308906,0.0,0.053970460421763934,0.16148303563778216,0.04654620200968706,0.0,0.16595854581548616,0.04654620200968706,0.0544142654308906,0.031264397620151825,0.013244758360087872,0.01385052315890789,0.016037961468100548,0.013321691192686558,0.022814970463514328,0.04868241772055626,0.08321288973093033,0.29605042934417725
205.0,0.16864025306243163,0.06349542539101094,1.5554117667757228,1.170637229314217,0.11706372293142173,0.0,0.005468093431912935,0.0,0.053415026802283064,0.16864025306243163,0.04610843755877935,0.0,0.1735976146390805,0.04610843755877935,0.054680934319129355,0.03489859690531515,0.013272840529680252,0.0140158012509346,0.01636439748108387,0.012862198986113071,0.02293974533677101,0.04972107335925102,0.08586535602807999,0.2929219901561737
206.0,0.171374839085799,0.06090391788166016,1.5980488626262934,1.2045971246866078,0.12045971246866077,0.0,0.005875674692484049,0.0,0.05481098377360748,0.171374839085799,0.045039450033352926,0.0,0.16831943278129285,0.045039450033352926,0.05875674692484049,0.03237664205237077,0.013271727599203587,0.013868660666048527,0.016049819067120552,0.013341798447072506,0.022890295833349228,0.04871348291635513,0.08279331028461456,0.2763022482395172
207.0,0.17286870800531828,0.06560897931922227,1.6690401721526267,1.2141647270092597,0.121416472700926,0.0,0.005620926002470346,0.0,0.0529558384934297,0.17286870800531828,0.04583131163739241,0.0,0.17116855944578463,0.04583131163739241,0.056209260024703465,0.03393001746959411,0.013362977653741837,0.014124552719295025,0.01648969203233719,0.012912632897496223,0.023122280836105347,0.05023319274187088,0.08672914654016495,0.3078973591327667
208.0,0.16364211245225027,0.05885774455964565,1.615877946084224,1.120528730062338,0.1120528730062338,0.0,0.005876803913941751,0.0,0.05155923489767771,0.16364211245225027,0.04571243246587423,0.0,0.15970253199338913,0.04571243246587423,0.0587680391394175,0.029441096551286485,0.013277185149490833,0.013891967013478279,0.01606728695333004,0.013305873610079288,0.022921854630112648,0.0486980602145195,0.0829530879855156,0.25974664092063904
209.0,0.16788014998802772,0.06624136317986995,1.6299633075344457,1.1636789922530835,0.11636789922530834,0.0,0.005587638312807451,0.0,0.05638917048390095,0.16788014998802772,0.04592461081651541,0.0,0.18518926174594805,0.04592461081651541,0.0558763831280745,0.03929672021275529,0.013376030139625072,0.014147603884339333,0.01652483269572258,0.012915579602122307,0.02318219281733036,0.050363391637802124,0.08686870336532593,0.3125525712966919
210.0,0.17450593010737345,0.06254324852488935,1.6585674115588396,1.21738705268273,0.12173870526827299,0.0,0.005533493697070158,0.0,0.052241068619948164,0.17450593010737345,0.04723373127098267,0.0,0.15909749183517236,0.04723373127098267,0.05533493697070158,0.0297576582345825,0.01329039316624403,0.01389837171882391,0.01609037071466446,0.013374080881476402,0.022981835529208183,0.04897007346153259,0.0832010954618454,0.2885397672653198
211.0,0.1615450198833759,0.06641457742080092,1.5992588120344613,1.0963733242108271,0.10963733242108271,0.0,0.005395914270327641,0.0,0.0525050199089142,0.1615450198833759,0.04651177316330946,0.0,0.1739492966578557,0.04651177316330946,0.05395914270327641,0.03430304520476896,0.01332789845764637,0.014090334065258503,0.016462599858641624,0.012874786742031574,0.02308804728090763,0.050162866711616516,0.08667516708374023,0.31463491916656494
212.0,0.15490670330249345,0.06810889020562172,1.4960657211017956,1.0318272067950323,0.10318272067950324,0.0,0.0055942085786507695,0.0,0.05536927168185894,0.15490670330249345,0.046129774588804975,0.0,0.17036417843057558,0.046129774588804975,0.05594208578650768,0.03344856695128748,0.013387908227741718,0.013940272852778435,0.01608922891318798,0.013539011590182781,0.023087896406650543,0.049149636179208755,0.08318708091974258,0.33249008655548096
213.0,0.16058543782967788,0.0641292241634801,1.5484644347608425,1.0794078019949107,0.10794078019949106,0.0,0.005670292818775544,0.0,0.049619391560554504,0.16058543782967788,0.046974361659242556,0.0,0.1568119225020592,0.046974361659242556,0.056702928187755436,0.02862176365362337,0.013331535272300243,0.014079793356359005,0.016442282125353813,0.01293190848082304,0.02303987927734852,0.04989385977387428,0.08613674342632294,0.297177791595459
214.0,0.156231684753528,0.06584721151739359,1.5539636969220931,1.0483524730572333,0.10483524730572334,0.0,0.005920747223381813,0.0,0.052035452654728524,0.156231684753528,0.04547568725851866,0.0,0.1617687510756346,0.04547568725851866,0.05920747223381813,0.03030194411985576,0.013323831371963024,0.013908537104725838,0.01608533412218094,0.013443554751574993,0.02298438921570778,0.04907480999827385,0.08343201875686646,0.31452521681785583
215.0,0.15890268351023012,0.06363152177073061,1.56209961308102,1.0661971890009367,0.10661971890009367,0.0,0.005259810065707336,0.0,0.05065284239558073,0.15890268351023012,0.04702315278924429,0.0,0.16480313843259445,0.04702315278924429,0.05259810065707335,0.031373418509387054,0.013262293301522732,0.013997511938214302,0.01637761853635311,0.012895151041448116,0.02300681546330452,0.04972860962152481,0.08596489578485489,0.29381927847862244
216.0,0.15861238195345953,0.04713988094590604,1.5949640727956527,1.0759358612390666,0.10759358612390664,0.0,0.0060591098780815415,0.0,0.05299829691648483,0.15861238195345953,0.04495968325779988,0.0,0.16331777549706972,0.04495968325779988,0.060591098780815415,0.030800163763790175,0.01308457925915718,0.013709056191146374,0.015963610261678696,0.013021993450820446,0.02252926304936409,0.047771405428647995,0.08201061934232712,0.16902852058410645
217.0,0.1648918430392559,0.06323612050618976,1.623614393455359,1.1237684717545142,0.1123768471754514,0.0,0.005798698474581425,0.0,0.05210593041892235,0.1648918430392559,0.04671629790503245,0.0,0.1717961161182477,0.04671629790503245,0.05798698474581425,0.033746832641414724,0.01324279885739088,0.013974721543490887,0.016366655007004738,0.01286900881677866,0.022974064573645592,0.04975205287337303,0.08588259667158127,0.29082706570625305
218.0,0.1585429488466336,0.04818443791009486,1.5761153518760904,1.0850398815595186,0.10850398815595187,0.0,0.0057391870623597725,0.0,0.05385088548064232,0.1585429488466336,0.04429976957348677,0.0,0.16735993755551484,0.04429976957348677,0.057391870623597734,0.03248953498685016,0.013108835555613041,0.013735540211200714,0.01599295623600483,0.013045723550021648,0.02258577197790146,0.047879766672849655,0.08227746933698654,0.17684943974018097
219.0,0.1643487444290748,0.061489440384320915,1.568041569740936,1.132131998355572,0.11321319983555722,0.0,0.005784936449848689,0.0,0.053131455555558205,0.1643487444290748,0.045350606338335916,0.0,0.1791445933855497,0.045350606338335916,0.057849364498486884,0.03695867690615929,0.013236282393336296,0.013962614350020885,0.016330845654010773,0.012937964871525764,0.022969212383031845,0.04943995922803879,0.08556856215000153,0.27747008204460144
220.0,0.16045894874976233,0.054074736195616424,1.6578028564525096,1.10483302290623,0.110483302290623,0.0,0.0057768086401315845,0.0,0.05155347258998798,0.16045894874976233,0.044198836414859846,0.0,0.15836238947052222,0.044198836414859846,0.05776808640131584,0.02883481219984018,0.013153023086488247,0.013761820271611214,0.01600692979991436,0.013145305216312408,0.022620800882577896,0.04814547672867775,0.08262386173009872,0.2231406718492508
221.0,0.16713229910685465,0.06273787096142769,1.6959323150766406,1.167285877924699,0.1167285877924699,0.0,0.005479903984814883,0.0,0.05370088322804524,0.16713229910685465,0.04492380598989817,0.0,0.1817558714403556,0.04492380598989817,0.05479903984814882,0.03762116571530127,0.01324913278222084,0.013981170952320099,0.016360513865947723,0.012949449941515923,0.022978322580456734,0.04962991550564766,0.08583999425172806,0.2869144678115845
222.0,0.15908183730565584,0.05533861508592963,1.6103967719511978,1.0791178620778596,0.10791178620778598,0.0,0.005513928128549685,0.0,0.05353351109302961,0.15908183730565584,0.04565612613581694,0.0,0.1585761927641355,0.04565612613581694,0.05513928128549686,0.02877066359640314,0.013186146505177021,0.013785350136458874,0.01601235568523407,0.013208223506808281,0.022690730169415474,0.04828137531876564,0.08271969854831696,0.23282504081726074
223.0,0.16219990929731956,0.06446916761342436,1.6427418197691956,1.1214319054897015,0.11214319054897016,0.0,0.005696199662410297,0.0,0.05087890089131319,0.16219990929731956,0.044360518598785766,0.0,0.16997596994042397,0.044360518598785766,0.05696199662410296,0.033163812674152165,0.013272067531943321,0.014008574187755585,0.016376256942749023,0.01294099073857069,0.022980771958827972,0.04971296712756157,0.0861443355679512,0.3003173768520355
224.0,0.16805219249083445,0.04924098087940365,1.6498018442808815,1.171387677009289,0.11713876770092893,0.0,0.0058992340014531065,0.0,0.05579128102041208,0.16805219249083445,0.04501418969952143,0.0,0.1697517719406348,0.04501418969952143,0.05899234001453106,0.032700971664431006,0.013217405416071415,0.013838566839694977,0.01608278416097164,0.01316085085272789,0.022779909893870354,0.048295486718416214,0.08263503760099411,0.1839178055524826
225.0,0.16352761250275832,0.06602879823185503,1.6517302080795795,1.1374221879702349,0.11374221879702347,0.0,0.005797624888901527,0.0,0.048910939206297584,0.16352761250275832,0.043987766051521666,0.0,0.16363637521862984,0.043987766051521666,0.05797624888901527,0.030292022238986995,0.01332375593483448,0.014065234921872616,0.01644742861390114,0.012976079247891903,0.023120367899537086,0.05006098374724388,0.0866708979010582,0.311565637588501
226.0,0.15025655524088785,0.05876798299141228,1.4604590613704227,0.9753977404190943,0.09753977404190943,0.0,0.005222932492884306,0.0,0.05176415366048996,0.15025655524088785,0.04749384680046485,0.0,0.16217110420648867,0.04749384680046485,0.05222932492884306,0.030068035524051923,0.0132078742608428,0.013797051273286343,0.016035113483667374,0.013243965804576874,0.022724732756614685,0.04859069734811783,0.08320846408605576,0.2593359649181366
227.0,0.1514001993032602,0.06538362451829016,1.5330691954201094,1.0160772456572607,0.10160772456572606,0.0,0.005848765724266952,0.0,0.05073434429673048,0.1514001993032602,0.04394370990876968,0.0,0.16781001566694334,0.04394370990876968,0.05848765724266951,0.03245693226703084,0.013266810216009617,0.014000511728227139,0.01643322966992855,0.012790767475962639,0.02290617860853672,0.05027491971850395,0.08555041998624802,0.30784615874290466
228.0,0.15243650285097268,0.0554242153884843,1.517557593867786,1.0046575780098255,0.10046575780098256,0.0,0.006030981328624946,0.0,0.05088641279591964,0.15243650285097268,0.04593976443776718,0.0,0.15894192056013987,0.04593976443776718,0.06030981328624945,0.029433017524962243,0.013202237896621227,0.013797546736896038,0.01604040339589119,0.013208544813096523,0.022743914276361465,0.04857952520251274,0.08332500606775284,0.23249654471874237
229.0,0.15299669595865104,0.06917232146952301,1.6226111408433732,1.0210813604868376,0.10210813604868375,0.0,0.005696687295746346,0.0,0.04932999424636364,0.15299669595865104,0.045191872435120434,0.0,0.16022652588211572,0.045191872435120434,0.05696687295746345,0.029866670473263815,0.013381467200815678,0.014137840829789639,0.016551239416003227,0.012872771359980106,0.023128585889935493,0.05086066201329231,0.08718227595090866,0.335263729095459
230.0,0.15247526650245374,0.05614658282138407,1.5884527270625004,1.0106228085664601,0.10106228085664602,0.0,0.006019654081991085,0.0,0.051670193672180176,0.15247526650245374,0.04539333025996502,0.0,0.16134999291254923,0.04539333025996502,0.060196540819910854,0.029696271593610827,0.013228080235421658,0.013829462230205536,0.016049528494477272,0.013228478841483593,0.02280162088572979,0.04864582419395447,0.08349835127592087,0.2378913164138794
231.0,0.15004379531511894,0.0681431262055412,1.5785908529841204,0.988683439218081,0.0988683439218081,0.0,0.0057528411109860145,0.0,0.052665454550431326,0.15004379531511894,0.04542260946562657,0.0,0.16988053602667955,0.04542260946562657,0.05752841110986013,0.03322063719567198,0.013390254229307175,0.014150120317935944,0.01655573397874832,0.012907740660011768,0.023150894790887833,0.05080215632915497,0.08725237101316452,0.326935738325119
232.0,0.15034081500310165,0.05407961714081466,1.5663589777881413,0.9929983501250927,0.09929983501250929,0.0,0.005860360726141012,0.0,0.04852186372646919,0.15034081500310165,0.0451806179032876,0.0,0.15679066800154173,0.0451806179032876,0.058603607261410125,0.028052072416847713,0.01317292544990778,0.013795223087072372,0.016045698896050453,0.013148914091289043,0.022687703371047974,0.04840546473860741,0.08337091654539108,0.22201009094715118
233.0,0.16861137231955162,0.06573027814738452,1.7900420129671284,1.1823138067355523,0.11823138067355525,0.0,0.0058037181241581085,0.0,0.05467402462202769,0.16861137231955162,0.04457627279827228,0.0,0.18131467012258676,0.04457627279827228,0.058037181241581075,0.036952256404149994,0.013333747163414955,0.014077380299568176,0.01648602820932865,0.012882731854915619,0.0230665635317564,0.05047402158379555,0.08640005439519882,0.309121698141098
234.0,0.1598327996639105,0.05996849643997848,1.7118449286286734,1.083684233518747,0.10836842335187472,0.0,0.005812663169434438,0.0,0.05326833117466707,0.1598327996639105,0.04565170994744851,0.0,0.16169273050931784,0.04565170994744851,0.05812663169434437,0.029762163203066357,0.013240324333310127,0.013838650658726692,0.016075722873210907,0.013255592435598373,0.0227553341537714,0.04871368780732155,0.08388060331344604,0.26798805594444275
235.0,0.16663977618400866,0.06119651161134243,1.688065209084706,1.1536108392935533,0.11536108392935535,0.0,0.005662647555940426,0.0,0.051515497267246246,0.16663977618400866,0.04561604057940153,0.0,0.1804972835458242,0.04561604057940153,0.05662647555940426,0.03693168585260327,0.013300563208758831,0.014012007974088192,0.01640186831355095,0.012949569150805473,0.022986505180597305,0.04993670433759689,0.08583542704582214,0.27414944767951965
236.0,0.1588623242882582,0.058831341564655304,1.614409066111225,1.1010679189975445,0.11010679189975446,0.0,0.005797145515680313,0.0,0.05357970053759905,0.1588623242882582,0.04295838581254849,0.0,0.16722832849392524,0.04295838581254849,0.05797145515680313,0.03173813628605925,0.0132827153429389,0.013860632665455341,0.01607317104935646,0.013300726190209389,0.022840244695544243,0.04874338209629059,0.08384352922439575,0.25870633125305176
237.0,0.16505475514210188,0.06513432261999696,1.7092140880675306,1.131102857681421,0.1131102857681421,0.0,0.005826764496473166,0.0,0.050175670391091935,0.16505475514210188,0.046117703358714394,0.0,0.17712070391728327,0.046117703358714394,0.058267644964731656,0.03575535580659142,0.013370165601372719,0.014102875255048275,0.016506779938936234,0.012945149093866348,0.023104554042220116,0.05057882145047188,0.08646845072507858,0.30399778485298157
238.0,0.15343787463811728,0.058838684344664216,1.6374184633227458,1.033748645048875,0.10337486450488752,0.0,0.005892685972727261,0.0,0.05133394252222318,0.15343787463811728,0.04417032504884096,0.0,0.1601909464941575,0.04417032504884096,0.05892685972727262,0.029093960497098472,0.013285961002111435,0.013860574923455715,0.016069335862994194,0.013320698402822018,0.022838862612843513,0.04874326288700104,0.08356815576553345,0.25902262330055237
239.0,0.1611901819705963,0.06642448634374887,1.7771548439574114,1.0994458748744085,0.10994458748744086,0.0,0.005918670273744144,0.0,0.05218404531478882,0.1611901819705963,0.045326922088861465,0.0,0.17299189819739416,0.045326922088861465,0.05918670273744143,0.03411093182288683,0.013370277360081673,0.01410357840359211,0.01651228405535221,0.012914239428937435,0.02307412400841713,0.05067170411348343,0.0863860547542572,0.31436362862586975
240.0,0.15163985009376818,0.058236749726347625,1.604383412076385,1.0053076354356913,0.10053076354356914,0.0,0.005905681934494238,0.0,0.05316001893236087,0.15163985009376818,0.04520340593388447,0.0,0.16733346249048525,0.04520340593388447,0.059056819344942384,0.0313054694650838,0.013239995576441288,0.013823519460856915,0.016040638089179993,0.013269362039864063,0.022722763940691948,0.0484805703163147,0.0832643136382103,0.2550528347492218
241.0,0.1502507529579676,0.06289838813245296,1.649089610825751,1.0002884177061229,0.10002884177061228,0.0,0.005879627970548777,0.0,0.04963484907952639,0.1502507529579676,0.044342281153568856,0.0,0.16569098801567003,0.044342281153568856,0.058796279705487765,0.0315977823562347,0.01332027092576027,0.014038500376045704,0.016457954421639442,0.012914168648421764,0.023026367649435997,0.05043262615799904,0.08615275472402573,0.2868444621562958
242.0,0.15038616152910086,0.051462223404087126,1.6415047414394808,1.0014601418605218,0.10014601418605219,0.0,0.006064527625074754,0.0,0.05380799320454781,0.15038616152910086,0.04417561567746676,0.0,0.16710340346281344,0.04417561567746676,0.06064527625074753,0.03176086059269997,0.013385995291173458,0.014019177295267582,0.016209378838539124,0.013345473445951939,0.02309916913509369,0.04927225783467293,0.08488906919956207,0.19747726619243622
243.0,0.1589153271455031,0.060141754103824496,1.6510808372033385,1.072534788113374,0.10725347881133741,0.0,0.0054566395540650075,0.0,0.04844610321407135,0.1589153271455031,0.04620520627269378,0.0,0.1603549819153089,0.04620520627269378,0.05456639554065008,0.029282239534390662,0.013328582048416138,0.014031068421900272,0.01644040271639824,0.012995258904993534,0.02307148650288582,0.05011085793375969,0.08586981147527695,0.26528656482696533
244.0,0.14606793167499396,0.06635726534295827,1.615954152750508,0.9756419314787939,0.09756419314787936,0.0,0.005703204798583801,0.0,0.05076408558166944,0.14606793167499396,0.042800528498796314,0.0,0.16046460603292173,0.042800528498796314,0.05703204798583801,0.029228720384148452,0.013381772674620152,0.013939054682850838,0.016133083030581474,0.013490192592144012,0.023041442036628723,0.04936517775058746,0.08443628996610641,0.3170711100101471
245.0,0.15554469995773756,0.05919421277940273,1.7026611419009823,1.0376387055103595,0.10376387055103597,0.0,0.005657801390267336,0.0,0.049472147455582254,0.15554469995773756,0.04612302851791565,0.0,0.16839534187546143,0.04612302851791565,0.056578013902673356,0.03235754574863957,0.013324800878763199,0.014025509357452393,0.016432709991931915,0.013008758425712585,0.023059293627738953,0.04995131865143776,0.0856044590473175,0.25814685225486755
246.0,0.1444142862008168,0.0635825248900801,1.6467716745395815,0.9605654157125033,0.09605654157125033,0.0,0.005941205529066232,0.0,0.05107037637096185,0.1444142862008168,0.04241653474477621,0.0,0.161417530133174,0.04241653474477621,0.059412055290662326,0.029615553758608606,0.013371867127716541,0.013939990662038326,0.016131972894072533,0.013464868068695068,0.02303299307823181,0.049290843307971954,0.0841212198138237,0.2953064441680908
247.0,0.1477112019291291,0.06011080706957728,1.635828150112461,0.9608449683739588,0.09608449683739588,0.0,0.0057833605875762615,0.0,0.05054471799387382,0.1477112019291291,0.04584334188928971,0.0,0.17111525569970792,0.04584334188928971,0.05783360587576261,0.03361450995390232,0.013356614857912064,0.014067856594920158,0.016500884667038918,0.013022038154304028,0.023142309859395027,0.05037209019064903,0.08589737117290497,0.264527291059494
248.0,0.14306770780911812,0.04941039776895195,1.6678361120586571,0.9286368076617901,0.09286368076617903,0.0,0.0065312478977900285,0.0,0.04811497992621018,0.14306770780911812,0.04367277914514908,0.0,0.151723794065989,0.04367277914514908,0.06531247897790028,0.02640374592290475,0.01323683187365532,0.0139321219176054,0.01624271087348461,0.013074020855128765,0.02283349819481373,0.04896273463964462,0.08346731215715408,0.1835339516401291
249.0,0.16165901376650885,0.05748439591843635,1.8082622347206958,1.0877497379596417,0.10877497379596417,0.0,0.005384713196410583,0.0,0.04990333461990723,0.16165901376650885,0.047499325986091905,0.0,0.17559532563273722,0.047499325986091905,0.05384713196410583,0.03458131591861065,0.013216903433203697,0.013911142013967037,0.016391508281230927,0.012916043400764465,0.022818468511104584,0.049832750111818314,0.08464167267084122,0.24614667892456055
250.0,0.15486538754059717,0.04715863720048219,1.6807970921875977,1.047718080190512,0.10477180801905119,0.0,0.005334270616563468,0.0,0.051126697745460734,0.15486538754059717,0.04475930490745948,0.0,0.16061454495558372,0.04475930490745948,0.05334270616563467,0.02897315606689797,0.013167955912649632,0.013815667480230331,0.01609681360423565,0.013103686273097992,0.022686926648020744,0.04842182993888855,0.08371418714523315,0.16626203060150146
251.0,0.16236995103267524,0.06362154055386782,1.7401217726072555,1.1106077111684358,0.11106077111684359,0.0,0.006010315681879338,0.0,0.04968165276715389,0.16236995103267524,0.04529886248593147,0.0,0.17459782900718543,0.04529886248593147,0.06010315681879337,0.03457761469941873,0.013438796624541283,0.014160051941871643,0.01656750589609146,0.013088298961520195,0.023282010108232498,0.050769902765750885,0.08745589852333069,0.2902098596096039
252.0,0.14478244976355478,0.04623133596032858,1.5824005347947472,0.9603187097952917,0.09603187097952917,0.0,0.005898997502831313,0.0,0.05023446020025473,0.14478244976355478,0.04285157944720525,0.0,0.162458525540737,0.04285157944720525,0.05898997502831312,0.03000348378331042,0.01323833130300045,0.013871478848159313,0.016130859032273293,0.013187251053750515,0.022802071645855904,0.048597175627946854,0.08358059078454971,0.1584429293870926
253.0,0.15516746961153471,0.062346280668862164,1.7282669976262794,1.0394151302484365,0.10394151302484364,0.0,0.005794023679426084,0.0,0.050889210488933787,0.15516746961153471,0.0454319310016357,0.0,0.17114570536292517,0.0454319310016357,0.05794023679426083,0.03354524278368514,0.013372120447456837,0.014076350256800652,0.016485393047332764,0.013035586103796959,0.023174814879894257,0.05043946951627731,0.08657936006784439,0.28160715103149414
254.0,0.14330432506708,0.052732476498931646,1.6400733193758834,0.9327368002671462,0.0932736800267146,0.0,0.0059076382563664365,0.0,0.051015981974510044,0.14330432506708,0.04412300569506792,0.0,0.16058613875737557,0.04412300569506792,0.05907638256366436,0.029313446165850528,0.013347168453037739,0.01401957031339407,0.0162457674741745,0.013244036585092545,0.023067612200975418,0.049189597368240356,0.08452112227678299,0.20822493731975555
255.0,0.1486844173990763,0.06134995480533689,1.6501099605758118,0.9813289298461034,0.09813289298461036,0.0,0.005503941391809629,0.0,0.04891996458172798,0.1486844173990763,0.045047582198794074,0.0,0.1668600428562898,0.045047582198794074,0.05503941391809629,0.03194618053161181,0.013320288620889187,0.014018254354596138,0.016426844522356987,0.013045545667409897,0.023053258657455444,0.04999909549951553,0.08586246520280838,0.2750738859176636
256.0,0.13956821480622658,0.05067255883477628,1.5587491248743812,0.8978566023019644,0.08978566023019645,0.0,0.005658778677193018,0.0,0.05081608991783399,0.13956821480622658,0.044123777403281286,0.0,0.16005551499816087,0.044123777403281286,0.05658778677193018,0.028991062426939607,0.013325435109436512,0.013970823027193546,0.01619645394384861,0.013275261968374252,0.02301873452961445,0.04908023774623871,0.08447252959012985,0.19204099476337433
257.0,0.1484669532913428,0.05716708756517619,1.7658737476599091,0.9797936081886292,0.09797936081886292,0.0,0.005666953497208082,0.0,0.04941798889866242,0.1484669532913428,0.04482063350196068,0.0,0.1677098712668969,0.04482063350196068,0.05666953497208082,0.03224956575566186,0.013271327130496502,0.013955981470644474,0.016365675255656242,0.01308415737003088,0.022937288507819176,0.049638234078884125,0.08543018996715546,0.24265384674072266
258.0,0.14423182606697083,0.0537789580412209,1.6597556263474067,0.9493625851777884,0.09493625851777884,0.0,0.005357873052931749,0.0,0.05110442480788781,0.14423182606697083,0.04393769055604935,0.0,0.16016223682807043,0.04393769055604935,0.05357873052931749,0.02892272240625551,0.013347374275326729,0.01394878514111042,0.01614673063158989,0.013352137058973312,0.02304987609386444,0.04922416806221008,0.08463794738054276,0.2165246456861496
259.0,0.15259786523305452,0.0769250865560025,1.7867826912821791,1.0037810458586767,0.10037810458586766,0.0,0.006573000851158912,0.0,0.04973020046376265,0.15259786523305452,0.04564675832023987,0.0,0.16873231358253038,0.04564675832023987,0.06573000851158912,0.032496134732634976,0.013600943610072136,0.01439671590924263,0.016827434301376343,0.013078691437840462,0.023542365059256554,0.05215364322066307,0.08918441832065582,0.39261648058891296
260.0,0.14012101923043913,0.05809872783720493,1.6184451384436802,0.8845785214350774,0.08845785214350775,0.0,0.005378781660245015,0.0,0.050332521446622334,0.14012101923043913,0.04628438430909927,0.0,0.1610102401329921,0.04628438430909927,0.05378781660245015,0.029248135468850914,0.013181065209209919,0.013867329806089401,0.01627512462437153,0.013032321818172932,0.022738546133041382,0.04908835142850876,0.0851941853761673,0.25141289830207825
261.0,0.1395648276576629,0.06670452596154064,1.6950392306232938,0.9036159561230586,0.09036159561230586,0.0,0.006076175167870064,0.0,0.05010364849406939,0.1395648276576629,0.043127056354513534,0.0,0.16730027158672994,0.043127056354513534,0.06076175167870063,0.031948430033830494,0.013552175834774971,0.014310074970126152,0.01670091785490513,0.013170852325856686,0.023471111431717873,0.05140525847673416,0.0884944349527359,0.31253138184547424
262.0,0.14525709243921134,0.06346294446848333,1.7940802434954588,0.9100452890762916,0.09100452890762917,0.0,0.005049238626200419,0.0,0.05027569787433514,0.14525709243921134,0.04920332363018623,0.0,0.16080881683872297,0.04920332363018623,0.05049238626200419,0.02928873905553841,0.013247582130134106,0.013904028572142124,0.016266314312815666,0.013174884021282196,0.022733494639396667,0.048903267830610275,0.08640161156654358,0.293072372674942
263.0,0.14943279039401275,0.05837050545960665,1.7040137064053895,0.9878111046094161,0.09878111046094164,0.0,0.005737167869049769,0.0,0.05030489469376894,0.14943279039401275,0.04491450651907004,0.0,0.1706718957194915,0.04491450651907004,0.05737167869049769,0.03301210065658849,0.013460739515721798,0.01419353112578392,0.016552289947867393,0.013171340338885784,0.023286335170269012,0.050575438886880875,0.086642324924469,0.2490820437669754
264.0,0.14662031829357147,0.06645600544288754,1.7194678540226134,0.9421043212597187,0.09421043212597188,0.0,0.005311707263955703,0.0,0.050873748814830415,0.14662031829357147,0.047098177270247385,0.0,0.1643187294785793,0.047098177270247385,0.053117072639557034,0.030426469577762943,0.013258666731417179,0.013895614072680473,0.016221383586525917,0.013226564042270184,0.022742770612239838,0.0488065630197525,0.08621913939714432,0.31727734208106995
265.0,0.15660905150266793,0.05317984183784574,1.7353542756426903,1.0552268417981954,0.10552268417981955,0.0,0.005789793383043546,0.0,0.05029518916629828,0.15660905150266793,0.04529657687705297,0.0,0.17306160783538452,0.04529657687705297,0.05789793383043546,0.034126819093496755,0.013401261530816555,0.014121278189122677,0.016446860507130623,0.013182166032493114,0.02316242828965187,0.05004039779305458,0.08505681157112122,0.2100275307893753
266.0,0.1492408370742431,0.07054529595188797,1.7931345235872196,0.9825836190810571,0.09825836190810569,0.0,0.005434200955698123,0.0,0.050856161719331376,0.1492408370742431,0.045548271674376264,0.0,0.16246038847244704,0.045548271674376264,0.054342009556981236,0.029572708084462926,0.013303735293447971,0.013917054049670696,0.01619332656264305,0.013322243466973305,0.022810447961091995,0.04886137694120407,0.08613854646682739,0.34981563687324524
267.0,0.1533785588466204,0.05301151459570974,1.78450998654341,1.0180687858508184,0.10180687858508186,0.0,0.005829444964631247,0.0,0.05030032275960995,0.1533785588466204,0.04574223321217757,0.0,0.17310391653042573,0.04574223321217757,0.05829444964631246,0.033576097464762054,0.013408730737864971,0.01413559727370739,0.016474615782499313,0.013198813423514366,0.023179523646831512,0.05011294037103653,0.08512593060731888,0.20845596492290497
268.0,0.1515721374979386,0.07496270700357854,1.8170061136744482,1.0081123755528376,0.10081123755528379,0.0,0.005593707054280318,0.0,0.04873364418745041,0.1515721374979386,0.04516719109736956,0.0,0.15459518048625726,0.04516719109736956,0.055937070542803176,0.026857229755618252,0.0133373336866498,0.013944219797849655,0.0162060409784317,0.013391959480941296,0.022869834676384926,0.048983484506607056,0.08653727173805237,0.38443151116371155
269.0,0.14564709193431413,0.051674682879820466,1.6853091679572774,0.9279694740588849,0.0927969474058885,0.0,0.005297779134259774,0.0,0.05189390924687569,0.14564709193431413,0.04755236151126715,0.0,0.17242563573213723,0.04755236151126715,0.05297779134259774,0.03334862434376891,0.013317734934389591,0.014027371071279049,0.01634516566991806,0.013177003711462021,0.023016871884465218,0.049687568098306656,0.08459710329771042,0.19922864437103271
270.0,0.1446765838907315,0.07261175115127116,1.7819929332760371,0.9598852671109713,0.09598852671109714,0.0,0.005427132589885822,0.0,0.05111451217761406,0.1446765838907315,0.04326092122265926,0.0,0.16429786498729998,0.04326092122265926,0.05427132589885822,0.02977370746577015,0.013342197984457016,0.013940869830548763,0.01619286648929119,0.013409920036792755,0.02290983870625496,0.049145620316267014,0.08618071675300598,0.36577197909355164
271.0,0.1551815357345801,0.04843097133561969,1.8328545819233972,1.031602912224256,0.10316029122242562,0.0,0.005992160852138813,0.0,0.050188988590469726,0.1551815357345801,0.0460290819979631,0.0,0.17400442980802977,0.0460290819979631,0.05992160852138813,0.03419513663706871,0.013339106924831867,0.014030714519321918,0.016319286078214645,0.013256292790174484,0.023070352151989937,0.04962598532438278,0.08474268019199371,0.17306335270404816
272.0,0.14185123661389717,0.06416850385721773,1.688800249094067,0.9292763334054214,0.09292763334054215,0.0,0.005475536375664748,0.0,0.048556069198709265,0.14185123661389717,0.04344806390313002,0.0,0.15788052488978094,0.04344806390313002,0.054755363756647475,0.028048362117260695,0.013195415958762169,0.013768731616437435,0.01602768711745739,0.01318281888961792,0.022488482296466827,0.047961197793483734,0.08333262801170349,0.30339106917381287
273.0,0.1415543624987969,0.0604985459940508,1.726797736910786,0.9193772650682009,0.0919377265068201,0.0,0.005673041932571393,0.0,0.04849817833075157,0.1415543624987969,0.04394359213228409,0.0,0.1658572623362908,0.04394359213228409,0.056730419325713925,0.031171283236919686,0.013340438716113567,0.014016393572092056,0.016461404040455818,0.013016724959015846,0.02306128852069378,0.05030690133571625,0.08565336465835571,0.2681318521499634
274.0,0.13394778966903687,0.050672791665419936,1.610998489891616,0.8505797615418067,0.08505797615418068,0.0,0.006003607737903412,0.0,0.05011434867404974,0.13394778966903687,0.04288620100571559,0.0,0.1608416658754532,0.04288620100571559,0.06003607737903412,0.028943866186846908,0.01336545217782259,0.014027467928826809,0.01625816896557808,0.013314507901668549,0.023103823885321617,0.0493914932012558,0.08500543236732483,0.19091598689556122
275.0,0.14016946863669616,0.06019158707931638,1.6909649641875963,0.8899890023928422,0.08899890023928422,0.0,0.005720333883968684,0.0,0.04920821192745979,0.14016946863669616,0.04545023521551719,0.0,0.16721239714668348,0.04545023521551719,0.05720333883968683,0.031490025110542774,0.013361594639718533,0.014034073799848557,0.016469081863760948,0.013088951818645,0.02310977131128311,0.05028936266899109,0.08612214773893356,0.2650577127933502
276.0,0.12943844898388937,0.05171244964003563,1.5952673498292804,0.8169844379791846,0.08169844379791848,0.0,0.0058129474950524476,0.0,0.04835515784529539,0.12943844898388937,0.04192705753331001,0.0,0.15495513551510298,0.04192705753331001,0.05812947495052448,0.02684647666935164,0.013355333358049393,0.013992310501635075,0.01622685231268406,0.013341487385332584,0.02308376505970955,0.04934276267886162,0.08518511056900024,0.1991719752550125
277.0,0.13688954825584704,0.05904789757914841,1.662738555166489,0.8660045128602248,0.08660045128602249,0.0,0.005501935201195572,0.0,0.04824678943707393,0.13688954825584704,0.04478716076566623,0.0,0.16227708097833854,0.04478716076566623,0.0550193520119557,0.029798280644732025,0.013342884369194508,0.014014982618391514,0.016452442854642868,0.013127641752362251,0.023079248145222664,0.05019760504364967,0.08620838820934296,0.25595998764038086
278.0,0.1316271750972821,0.049474959378130734,1.603224965756914,0.835237748347796,0.0835237748347796,0.0,0.005686551962907498,0.0,0.04793580578496823,0.1316271750972821,0.04241684824228287,0.0,0.1534594798890444,0.04241684824228287,0.056865519629074976,0.026311587202004515,0.01342818047851324,0.014081007800996304,0.01630982756614685,0.013403973542153835,0.023215405642986298,0.0497557707130909,0.08545452356338501,0.18015098571777344
279.0,0.14219875920277375,0.07482946244999766,1.7267368233802658,0.9235770129240476,0.09235770129240475,0.0,0.006682947213546588,0.0,0.047608458365385346,0.14219875920277375,0.043158107078992404,0.0,0.1612209127499507,0.043158107078992404,0.06682947213546588,0.029439114428196963,0.013646780513226986,0.014433784410357475,0.016886159777641296,0.013159102760255337,0.023620449006557465,0.05239385366439819,0.0895865261554718,0.37490904331207275
280.0,0.1380847658102329,0.059565571835264564,1.7086845000652136,0.87486859697562,0.087486859697562,0.0,0.0054300302496323215,0.0,0.04828149194900806,0.1380847658102329,0.04516787483141972,0.0,0.1568018699494692,0.04516787483141972,0.05430030249632322,0.02709112473978446,0.013276093639433384,0.013957886956632137,0.016400698572397232,0.013109756633639336,0.022876348346471786,0.0497480183839798,0.08618234843015671,0.26097342371940613
281.0,0.14526105328248098,0.06480772618670017,1.676505385019425,0.9563492697018844,0.09563492697018844,0.0,0.005905769837017242,0.0,0.048518807698900886,0.14526105328248098,0.04372035382458797,0.0,0.16581954176609331,0.04372035382458797,0.059057698370172426,0.031053837012642853,0.013624983839690685,0.014391183853149414,0.016813578084111214,0.013309400528669357,0.023628167808055878,0.0516941174864769,0.08895772695541382,0.29604265093803406
282.0,0.14571727353792924,0.06200977647677064,1.7746406859690764,0.9396078907526456,0.09396078907526458,0.0,0.0057642602719939675,0.0,0.04730701102660252,0.14571727353792924,0.04599222139670299,0.0,0.15237784758210182,0.04599222139670299,0.05764260271993967,0.0258830263136098,0.013320689089596272,0.013960829935967922,0.016310688108205795,0.013275088742375374,0.0229098591953516,0.04940730333328247,0.08665646612644196,0.2802372872829437
283.0,0.14628369762347296,0.055025257053785026,1.7874582235348355,0.9606371636574085,0.09606371636574083,0.0,0.0058021877319193805,0.0,0.05011538874644499,0.14628369762347296,0.044417790638712734,0.0,0.16914910823106766,0.044417790638712734,0.0580218773191938,0.03183471373855495,0.01349459309130907,0.014242423698306084,0.016608648002147675,0.013276074081659317,0.0233476385474205,0.05076353996992111,0.08633967489004135,0.2221294641494751
284.0,0.14261523462258852,0.06746804213616997,1.8370314948751862,0.926247408756843,0.09262474087568431,0.0,0.005480681087535161,0.0,0.0488915486404529,0.14261523462258852,0.04450981204326336,0.0,0.1564586632526838,0.04450981204326336,0.054806810875351615,0.027287480027343217,0.013347966596484184,0.013976371847093105,0.016288315877318382,0.013365121558308601,0.022983305156230927,0.04941914230585098,0.08677839487791061,0.32358571887016296
285.0,0.1478539017530588,0.053935344447381794,1.8151721680833968,0.9668916440927066,0.09668916440927065,0.0,0.006086102572198098,0.0,0.04715270176529884,0.1478539017530588,0.04507863335311413,0.0,0.16668581847961134,0.04507863335311413,0.060861025721980974,0.031200285714406233,0.013431276194751263,0.014136649668216705,0.01647285744547844,0.013246558606624603,0.02319400943815708,0.05034893751144409,0.08541608601808548,0.2152363806962967
286.0,0.1352685048029973,0.07563024922274053,1.7636501172337433,0.8650469986292032,0.08650469986292034,0.0,0.00541312277603608,0.0,0.04751620398691067,0.1352685048029973,0.043350682665522285,0.0,0.1556286341868914,0.043350682665522285,0.05413122776036079,0.026547264952499133,0.013466332107782364,0.014046202413737774,0.016308965161442757,0.013540857471525669,0.02319006249308586,0.04957503080368042,0.0874306783080101,0.3874838650226593
287.0,0.14494953476465666,0.05348963581491262,1.8119242004869953,0.9295113911995521,0.09295113911995521,0.0,0.006136925905369795,0.0,0.04674558656720015,0.14494953476465666,0.045861468148919254,0.0,0.15873339256415,0.045861468148919254,0.06136925905369795,0.02845149662775489,0.013517448678612709,0.014254136011004448,0.016595765948295593,0.013361644931137562,0.02340143546462059,0.05090731382369995,0.0862685963511467,0.2096107453107834
288.0,0.13018144094027007,0.07462024106644094,1.697199159130213,0.8226100320999439,0.08226100320999441,0.0,0.005600182826702412,0.0,0.050004117334118255,0.13018144094027007,0.04232025418717127,0.0,0.16073763886323342,0.04232025418717127,0.056001828267024115,0.028877260342526894,0.013480993919074535,0.014049279503524303,0.016316456720232964,0.013576220721006393,0.023260926827788353,0.049839913845062256,0.08740817755460739,0.3790299594402313
289.0,0.14003878487990454,0.05519047996494919,1.6755415745654965,0.8824828290022336,0.08824828290022337,0.0,0.005758072700924599,0.0,0.045601557223842695,0.14003878487990454,0.04603242716537072,0.0,0.15769206617887205,0.04603242716537072,0.057580727009245984,0.028006118095408265,0.013598482124507427,0.014351432211697102,0.016710523515939713,0.013409950770437717,0.023559074848890305,0.051321323961019516,0.08707404136657715,0.2214990109205246
290.0,0.13675508017723376,0.07437536271754652,1.8396287524415944,0.8739972756459162,0.08739972756459162,0.0,0.005784643756655545,0.0,0.04682403831527783,0.13675508017723376,0.04357070834017717,0.0,0.15412270793547997,0.04357070834017717,0.05784643756655546,0.026531224712156333,0.013518905267119408,0.014095296151936054,0.016408469527959824,0.013572191819548607,0.02330659329891205,0.050095848739147186,0.08792302757501602,0.37608256936073303
291.0,0.15261356417949384,0.04943914315663278,1.7421175480400355,1.0014377924112172,0.10014377924112174,0.0,0.005189121249490059,0.0,0.04824227538819496,0.15261356417949384,0.04728066161848032,0.0,0.16126521218281525,0.04728066161848032,0.05189121249490059,0.029255485000948492,0.01350245252251625,0.014207162894308567,0.01652359962463379,0.013415048830211163,0.0233823973685503,0.05069727078080177,0.08648006618022919,0.17730514705181122
292.0,0.13986329161203825,0.050446642795577645,1.8690095312601949,0.9217708110809326,0.09217708110809325,0.0,0.006639601834691488,0.0,0.04612810365282572,0.13986329161203825,0.04104660952893587,0.0,0.15178369444150192,0.04104660952893587,0.06639601834691487,0.02603072545921,0.013424506410956383,0.01407710462808609,0.016396414488554,0.01339087262749672,0.02320479229092598,0.049925774335861206,0.08545249700546265,0.18770118057727814
293.0,0.1373107100908573,0.06347140681464225,1.7468756557738356,0.9060699641704559,0.0906069964170456,0.0,0.005704854314143841,0.0,0.04714182964884318,0.1373107100908573,0.04099885775492741,0.0,0.15697671530338433,0.04099885775492741,0.05704854314143841,0.0282435150584206,0.013613639399409294,0.014325675554573536,0.016778040677309036,0.013318683952093124,0.02366887964308262,0.051763806492090225,0.08832456916570663,0.28597795963287354
294.0,0.13326064898417547,0.054383052280172706,1.6957386760509083,0.8576562473407159,0.0857656247340716,0.0,0.005352348461747171,0.0,0.044844173754637055,0.13326064898417547,0.04214267776562618,0.0,0.14514369374284378,0.04214267776562618,0.053523484617471695,0.02334286727441045,0.013543831184506416,0.014193763025105,0.01642962172627449,0.013529579155147076,0.023479092866182327,0.05034710094332695,0.08662836998701096,0.21691305935382843
295.0,0.14241379098250315,0.06257135001942515,1.80728150002674,0.9173321082041814,0.09173321082041813,0.0,0.006138390080573468,0.0,0.045449704075088866,0.14241379098250315,0.0445421883979669,0.0,0.1588502534880088,0.0445421883979669,0.06138390080573467,0.028792550178387992,0.013743042014539242,0.014480892568826675,0.016932491213083267,0.013444497250020504,0.02385987900197506,0.05237866938114166,0.08920702338218689,0.27652430534362793
296.0,0.12981159297319558,0.05443528667092323,1.7025889623767996,0.8389552327302786,0.08389552327302785,0.0,0.005922173851957689,0.0,0.0459995404458963,0.12981159297319558,0.03999389306857036,0.0,0.14738608982700568,0.03999389306857036,0.05922173851957688,0.024123159720777318,0.013543828390538692,0.014181527309119701,0.016396500170230865,0.013549745082855225,0.023451367393136024,0.05024277791380882,0.08595412969589233,0.2181624174118042
297.0,0.1336448404651422,0.06299492856487632,1.7782122322660843,0.8316651789041666,0.08316651789041665,0.0,0.005887237341644673,0.0,0.04659178924675171,0.1336448404651422,0.044591084122657776,0.0,0.1591041090969856,0.044591084122657776,0.05887237341644672,0.02835042982433851,0.01368099544197321,0.014412183314561844,0.016867851838469505,0.013406955637037754,0.023770373314619064,0.05213412269949913,0.08887119591236115,0.2808157503604889
298.0,0.12481913142479382,0.05429194599855691,1.6399411992773936,0.7785115769276252,0.07785115769276252,0.0,0.005889135154967124,0.0,0.045059751289395183,0.12481913142479382,0.04107883644218628,0.0,0.14614821368685135,0.04107883644218628,0.05889135154967125,0.024051543038624983,0.013558141887187958,0.014191039837896824,0.016406947746872902,0.013589218258857727,0.023477694019675255,0.05047096312046051,0.08623025566339493,0.2164113074541092
299.0,0.12961217073293832,0.05930709943640977,1.7669210455738285,0.8081668065144465,0.08081668065144466,0.0,0.006146625637148435,0.0,0.045264956899560414,0.12961217073293832,0.04264886290408098,0.0,0.15491387591912195,0.04264886290408098,0.061466256371484354,0.027134937717794225,0.013621912337839603,0.014345875941216946,0.016750652343034744,0.013426224701106548,0.023630352690815926,0.051633745431900024,0.08817929029464722,0.25286874175071716
300.0,0.1264703210729819,0.05702389241196215,1.711332934964343,0.7912744994346912,0.07912744994346911,0.0,0.0053964963612648156,0.0,0.045568061562684864,0.1264703210729819,0.04194637287694674,0.0,0.15036936906667855,0.04194637287694674,0.05396496361264816,0.025305348842476424,0.013627291657030582,0.01424261461943388,0.016437552869319916,0.013683656230568886,0.023633785545825958,0.050771769136190414,0.08663243055343628,0.2371620386838913
301.0,0.13833927133908638,0.06702261441387236,1.8503851931392972,0.8776297454650586,0.08776297454650585,0.0,0.006854623942994155,0.0,0.0456293153648193,0.13833927133908638,0.04372166913862412,0.0,0.15779425347080597,0.04372166913862412,0.06854623942994155,0.02817307638290983,0.013672851957380772,0.014426685869693756,0.016876330599188805,0.013343672268092632,0.023700125515460968,0.05211597681045532,0.08865963667631149,0.31338563561439514
302.0,0.12656638198173964,0.05632534937467426,1.7180463532270815,0.7860125670066247,0.07860125670066245,0.0,0.0053691693653280925,0.0,0.0452665424404236,0.12656638198173964,0.042595954038775884,0.0,0.14959128029071367,0.042595954038775884,0.05369169365328092,0.02525949230990731,0.013437598943710327,0.014059308916330338,0.016414184123277664,0.013368329964578152,0.023213069885969162,0.05007743835449219,0.0870266705751419,0.23300619423389435
303.0,0.1343013598368718,0.06403289292939007,1.7933994778009616,0.8504054546356201,0.08504054546356202,0.0,0.006296888609918265,0.0,0.045083887015397735,0.1343013598368718,0.04296392517594191,0.0,0.15475089389544266,0.04296392517594191,0.06296888609918264,0.027384846650350552,0.013734155334532261,0.01450969185680151,0.016923751682043076,0.013475527986884117,0.023851178586483,0.05226919800043106,0.0898115336894989,0.28768810629844666
304.0,0.13043172714801934,0.05894752801395953,1.747719819102087,0.810524257329794,0.08105242573297941,0.0,0.005420066172686907,0.0,0.04677086781996947,0.13043172714801934,0.04395923305016298,0.0,0.15418957746945894,0.04395923305016298,0.05420066172686907,0.026534830023033116,0.013495652005076408,0.014126589521765709,0.01641407050192356,0.013474175706505775,0.023380516096949577,0.05038304254412651,0.08740119636058807,0.2529049813747406
305.0,0.1355898116643612,0.06399625958874822,1.7355708138874641,0.8643080225357642,0.08643080225357644,0.0,0.006853217559938248,0.0,0.045775533009033934,0.1355898116643612,0.042305789744624726,0.0,0.15691676907814467,0.042305789744624726,0.06853217559938247,0.028002985215817507,0.013796740211546421,0.014582382515072823,0.016982469707727432,0.013550936244428158,0.023994868621230125,0.05242277681827545,0.0899457335472107,0.28669416904449463
306.0,0.12966044533711213,0.06446842628065497,1.772335856571722,0.7979455796571878,0.07979455796571878,0.0,0.005607550390637838,0.0,0.04600175957267101,0.12966044533711213,0.04425833832759123,0.0,0.15159176633908197,0.04425833832759123,0.05607550390637838,0.02550591383344279,0.013514351099729538,0.01412656158208847,0.016446027904748917,0.013489498756825924,0.023368285968899727,0.05029572173953056,0.08803456276655197,0.2964724004268646
307.0,0.13682118631326234,0.058548383763991296,1.751861431598473,0.8715343796289884,0.08715343796289884,0.0,0.005967540852725507,0.0,0.046574610500381544,0.13682118631326234,0.04370020716809309,0.0,0.15962518006563187,0.04370020716809309,0.05967540852725506,0.028634855380425088,0.013690066523849964,0.014452843926846981,0.01683889515697956,0.01347291935235262,0.023734495043754578,0.05189768970012665,0.08889143168926239,0.24540872871875763
308.0,0.12647521782379884,0.065315997810103,1.7655074979732226,0.7926554060899295,0.07926554060899295,0.0,0.0056906737673741116,0.0,0.04616961527902346,0.12647521782379884,0.04151900341877571,0.0,0.1497960792711148,0.04151900341877571,0.05690673767374112,0.024893948862042565,0.013540231622755527,0.014149487018585205,0.016428610309958458,0.013544263318181038,0.023431241512298584,0.05038653686642647,0.08774976432323456,0.30329784750938416
309.0,0.1336371680864921,0.05417190142907202,1.804387971956189,0.8368679812321296,0.08368679812321297,0.0,0.006277391185554175,0.0,0.046202620634665854,0.1336371680864921,0.043672976442254506,0.0,0.15772493584797934,0.043672976442254506,0.06277391185554174,0.027887841149304923,0.013657716102898121,0.014402557164430618,0.01676924154162407,0.013482536189258099,0.023643096908926964,0.05169999971985817,0.08837029337882996,0.21134977042675018
310.0,0.12292881367298272,0.06543434888590127,1.7648340201147688,0.76773713185237,0.07677371318523701,0.0,0.0054107306811672,0.0,0.045506773373255364,0.12292881367298272,0.040744367270515516,0.0,0.1492493751530464,0.040744367270515516,0.05410730681167199,0.024478156979267415,0.013584100641310215,0.014193856157362461,0.016453919932246208,0.013594522140920162,0.023517830297350883,0.0505596362054348,0.08779117465019226,0.3037797510623932
311.0,0.1367971381315818,0.05879414326045662,1.8678429765747633,0.8617628858639643,0.08617628858639644,0.0,0.006859900959982322,0.0,0.04635025245638994,0.1367971381315818,0.0437609485995311,0.0,0.1570131523677936,0.0437609485995311,0.06859900959982322,0.028031072382313702,0.013783160597085953,0.014554617926478386,0.016928499564528465,0.013592231087386608,0.023951983079314232,0.05219626799225807,0.0891873836517334,0.24615900218486786
312.0,0.12822928508886924,0.06815186201129109,1.805826886255365,0.8107140316413,0.08107140316412999,0.0,0.005591900245501445,0.0,0.04567768797278404,0.12822928508886924,0.041565982051766835,0.0,0.14918803022458002,0.041565982051766835,0.05591900245501445,0.02434537851681503,0.013573872856795788,0.014182211831212044,0.016475610435009003,0.013589058071374893,0.023477662354707718,0.05048276484012604,0.08808501064777374,0.32534870505332947
313.0,0.13337349490477488,0.05677009792998433,1.7246850951662773,0.8280879190334907,0.08280879190334905,0.0,0.006006879789324907,0.0,0.04606650884334858,0.13337349490477488,0.044557819716059245,0.0,0.15866341900367004,0.044557819716059245,0.06006879789324907,0.027865260821552232,0.013730062171816826,0.014487648382782936,0.016867099329829216,0.013545919209718704,0.02381971664726734,0.05207795649766922,0.08899828791618347,0.23063409328460693
314.0,0.12104092366420306,0.06586894590873271,1.812613213744026,0.7591388684052688,0.0759138868405269,0.0,0.005927113601221489,0.0,0.04541313977768788,0.12104092366420306,0.03919992180397877,0.0,0.14864325179503515,0.03919992180397877,0.059271136012214884,0.0246689401459522,0.013626405969262123,0.014236672781407833,0.016488879919052124,0.013649821281433105,0.02362331748008728,0.050715960562229156,0.0879954844713211,0.30661502480506897
315.0,0.1314241043650187,0.06124988687224686,1.7819491211523322,0.8092245390781989,0.08092245390781991,0.0,0.0063268002265921015,0.0,0.04638244125705499,0.1314241043650187,0.044174848697506465,0.0,0.1580104504067164,0.044174848697506465,0.06326800226592101,0.028327967989473388,0.013872894458472729,0.014664273709058762,0.01706092618405819,0.013701322488486767,0.02416674979031086,0.05280877649784088,0.09013381600379944,0.26359033584594727
316.0,0.12844912306620523,0.07144211372360587,1.9161092482233921,0.8201756867078634,0.08201756867078633,0.0,0.006042265462187621,0.0,0.044003249504245244,0.12844912306620523,0.04038928707058613,0.0,0.14348992590720838,0.04038928707058613,0.0604226546218762,0.023086545308335468,0.013639600947499275,0.014224274083971977,0.016507985070347786,0.013712307438254356,0.023666586726903915,0.050844959914684296,0.0887211412191391,0.35022005438804626
317.0,0.13921025510017687,0.05389523389749229,1.9462378072518491,0.8652369242448074,0.08652369242448074,0.0,0.005475784852527655,0.0,0.04577865250981771,0.13921025510017687,0.04721077574560276,0.0,0.15770805569795462,0.04721077574560276,0.05475784852527655,0.02751010613372693,0.013727033510804176,0.014481248334050179,0.01685750111937523,0.013604018837213516,0.023815860971808434,0.05201118066906929,0.0891440212726593,0.2075210064649582
318.0,0.14839784227884734,0.04919633036479354,2.218602739711737,1.0355334419470568,0.10355334419470566,0.0,0.006105634254904894,0.0,0.04865564878743429,0.14839784227884734,0.03873886053378765,0.0,0.15952202247885558,0.03873886053378765,0.06105634254904894,0.028717629298066292,0.013593590818345547,0.014274406246840954,0.01659044809639454,0.01356874592602253,0.02354130707681179,0.0509655624628067,0.08631622046232224,0.17472036182880402
319.0,0.15270980447530746,0.06049850152339786,1.922431854283842,1.0310080922566927,0.10310080922566928,0.0,0.0070722687129790955,0.0,0.05755107162090448,0.15270980447530746,0.04253672192303034,0.0,0.17965411624083152,0.04253672192303034,0.07072268712979096,0.03501690537310564,0.013925603590905666,0.014723571948707104,0.017087064683437347,0.013799562118947506,0.02432492934167385,0.05310927703976631,0.09085902571678162,0.2561589777469635
320.0,0.14604337341510332,0.06582576059736311,1.8608727118567296,1.0037497648826013,0.10037497648826013,0.0,0.006296274653421001,0.0,0.05433144133824568,0.14604337341510332,0.039372121915221214,0.0,0.16126216776095903,0.039372121915221214,0.06296274653420998,0.029105363592792016,0.013757980428636074,0.014364924281835556,0.01662750542163849,0.013827481307089329,0.023879898712038994,0.05125948786735535,0.08748497813940048,0.30540382862091064
321.0,0.1340910202035537,0.054572338121943176,1.8076242562109504,0.8798942542993106,0.08798942542993106,0.0,0.006340588399997125,0.0,0.0475640377173057,0.1340910202035537,0.039761006545562014,0.0,0.1511013129582772,0.039761006545562014,0.06340588399997124,0.025702773593366146,0.013776899315416813,0.014517702162265778,0.01687786355614662,0.013650158420205116,0.023887038230895996,0.05218515545129776,0.08930979669094086,0.21237409114837646
322.0,0.1399370557986773,0.0579747068695724,1.9186024281589522,0.9011549284824958,0.09011549284824959,0.0,0.005911358288274362,0.0,0.04545466143351335,0.1399370557986773,0.043910200062852636,0.0,0.1569245268519108,0.043910200062852636,0.05911358288274361,0.027176809783738393,0.013786247931420803,0.014446909539401531,0.01675426959991455,0.013782337307929993,0.023958930745720863,0.051877498626708984,0.08880886435508728,0.2403825968503952
323.0,0.1319930381499804,0.06206262263003737,1.909618446163452,0.8592800498008728,0.08592800498008726,0.0,0.006252306585128491,0.0,0.043660485973724954,0.1319930381499804,0.039812726040299125,0.0,0.14372115610883787,0.039812726040299125,0.0625230658512849,0.023533509112894535,0.01391708105802536,0.014686998911201954,0.017087655141949654,0.01371799036860466,0.024134797975420952,0.0530487559735775,0.09128399193286896,0.2686237096786499
324.0,0.1265745650117214,0.062257707468234,1.8107702232307334,0.7659036883941064,0.07659036883941063,0.0,0.005422318884386467,0.0,0.04323127464606212,0.1265745650117214,0.044561876413913876,0.0,0.14381107888542688,0.044561876413913876,0.054223188843864664,0.022595491564760987,0.013803243637084961,0.014434544369578362,0.01670944318175316,0.013822055421769619,0.023944491520524025,0.05148882418870926,0.08800354599952698,0.27585551142692566
325.0,0.11774539489012498,0.060937952366657555,1.672847906528583,0.7090713335917547,0.07090713335917545,0.0,0.006807977956934617,0.0,0.04348575280835995,0.11774539489012498,0.04003028557277643,0.0,0.1447968242260126,0.04003028557277643,0.06807977956934617,0.023667176289913747,0.013948229141533375,0.014725355431437492,0.01710478961467743,0.013784313574433327,0.024222418665885925,0.05301009491086006,0.09130372852087021,0.2594046890735626
326.0,0.11801047393908867,0.06498749402817339,1.7061081220835974,0.6896649427138842,0.06896649427138841,0.0,0.005577609215218288,0.0,0.04237481951713562,0.11801047393908867,0.04346636883341349,0.0,0.13765991994967827,0.04346636883341349,0.05577609215218287,0.020786184817552567,0.01372426375746727,0.014339171350002289,0.01663419045507908,0.013749334029853344,0.02382768504321575,0.05120163783431053,0.08777546137571335,0.2986482083797455
327.0,0.12286017892452386,0.05773136578500271,1.7402544625296748,0.7528862632237948,0.0752886263223795,0.0,0.006600759293024357,0.0,0.04273837675841955,0.12286017892452386,0.040970790987977616,0.0,0.1468061197262544,0.040970790987977616,0.06600759293024357,0.024103694111825183,0.013901489786803722,0.01466536708176136,0.017036018893122673,0.013753783889114857,0.024142980575561523,0.05266347527503967,0.0901905745267868,0.23549723625183105
328.0,0.1215712152994596,0.06719747057650238,1.7737890911271685,0.7446334751752707,0.07446334751752706,0.0,0.005716843430239422,0.0,0.044108295669922463,0.1215712152994596,0.041391023219777986,0.0,0.1436808413037887,0.041391023219777986,0.057168434302394204,0.022615947438260682,0.013715107925236225,0.01432487741112709,0.01661466807126999,0.013741495087742805,0.02380623109638691,0.05105951428413391,0.08777965605258942,0.3165382146835327
329.0,0.12956200826626557,0.05781501671299338,1.744510683225021,0.8120007400329297,0.08120007400329297,0.0,0.006220709639959612,0.0,0.04418322157401305,0.12956200826626557,0.04214122103383908,0.0,0.1536204210267617,0.04214122103383908,0.0622070963995961,0.025946476837047018,0.013914866372942924,0.014676254242658615,0.01704654097557068,0.013763487339019775,0.02415936253964901,0.0528276152908802,0.09027647227048874,0.23585553467273712
330.0,0.11699465261055873,0.060639929259195924,1.6941870214542134,0.7143289102957799,0.07143289102957799,0.0,0.006083723014363876,0.0,0.04362895253759164,0.11699465261055873,0.03947803965554787,0.0,0.14471770020631644,0.03947803965554787,0.06083723014363876,0.023278713691979647,0.013815844431519508,0.014467647299170494,0.016728073358535767,0.013826115056872368,0.02400977909564972,0.0517740361392498,0.08806369453668594,0.2624342441558838
331.0,0.12533349715746367,0.06072704563848674,1.7105188984677662,0.7681627021386073,0.07681627021386075,0.0,0.006770022528675887,0.0,0.042417256304850944,0.12533349715746367,0.04174720381314938,0.0,0.14509966998146132,0.04174720381314938,0.06770022528675887,0.023600552553454272,0.014011028222739697,0.014800776727497578,0.01719481684267521,0.013861190527677536,0.024403799325227737,0.05355312302708626,0.091718390583992,0.2562732398509979
332.0,0.11465503332706597,0.061485343030653894,1.6637246136469404,0.6921996703514686,0.06921996703514686,0.0,0.005672157398210123,0.0,0.04331709501835016,0.11465503332706597,0.03976290787641819,0.0,0.1425654893884292,0.03976290787641819,0.05672157398210122,0.022553374202778705,0.013835463672876358,0.014489141292870045,0.016758223995566368,0.0138520747423172,0.02407071739435196,0.05201714113354683,0.08863934874534607,0.2682206332683563
333.0,0.12477164142406903,0.06064038164913654,1.7010043132520072,0.7561418391191043,0.07561418391191042,0.0,0.006909046694636345,0.0,0.04246214204109632,0.12477164142406903,0.04224841110408306,0.0,0.1437706944461052,0.04224841110408306,0.06909046694636345,0.023315590680935062,0.014016171917319298,0.014805794693529606,0.017195556312799454,0.013861126266419888,0.024420106783509254,0.05346352979540825,0.09162319451570511,0.2557375729084015
334.0,0.11529606638046411,0.06949148664716631,1.7205586439378777,0.6973753433961135,0.06973753433961136,0.0,0.005813960501780877,0.0,0.04300579514641028,0.11529606638046411,0.0397445704214848,0.0,0.14177085029391143,0.0397445704214848,0.058139605017808765,0.022056050706081666,0.013830907642841339,0.014444720931351185,0.016726495698094368,0.013875497505068779,0.0240519717335701,0.05156305432319641,0.08866472542285919,0.3327745199203491
335.0,0.1267957996863585,0.05413613561540842,1.6982809110852204,0.7719376476911398,0.07719376476911398,0.0,0.005903688961496721,0.0,0.04391280776606156,0.1267957996863585,0.04369834523934584,0.0,0.14801034646538588,0.04369834523934584,0.0590368896149672,0.02464893934890055,0.013930976390838623,0.014682688750326633,0.017053095623850822,0.013816609047353268,0.024186374619603157,0.052939340472221375,0.09003394842147827,0.20644605159759521
336.0,0.11761090560601307,0.060035428032279015,1.728274084094224,0.7517994114985833,0.07517994114985832,0.0,0.006675385411542195,0.0,0.04267743014945434,0.11761090560601307,0.035755577855385266,0.0,0.13804194875634634,0.035755577855385266,0.06675385411542195,0.020629958607829534,0.013992460444569588,0.014644584618508816,0.01685340143740177,0.014035883359611034,0.024363094940781593,0.05239814519882202,0.08868272602558136,0.25531312823295593
337.0,0.12790699475086653,0.07585025322623551,1.7149189844779995,0.7968857701008136,0.07968857701008138,0.0,0.006416853610426188,0.0,0.044327921305711455,0.12790699475086653,0.04180156568495127,0.0,0.1510211040194218,0.04180156568495127,0.06416853610426188,0.025366640166164592,0.01421135663986206,0.015048868022859097,0.017573708668351173,0.013855726458132267,0.02474983036518097,0.055123671889305115,0.09469661861658096,0.3715422451496124
338.0,0.11848064225453597,0.05681200430262834,1.709049252810244,0.7448533888046558,0.07448533888046557,0.0,0.006483514033831083,0.0,0.043508949474646494,0.11848064225453597,0.03751179117422838,0.0,0.14110020290200526,0.03751179117422838,0.06483514033831082,0.02170046947251719,0.014000382274389267,0.014652355574071407,0.016866467893123627,0.014074984937906265,0.024412015452980995,0.05273681879043579,0.08867798000574112,0.22907502949237823
339.0,0.1338304768388088,0.06306148169096559,1.880585441110913,0.82959007529112,0.082959007529112,0.0,0.006662807183770034,0.0,0.04359290361977541,0.1338304768388088,0.04420866186802204,0.0,0.14881920298704734,0.04420866186802204,0.06662807183770034,0.024475847872403953,0.013932008296251297,0.01468134019523859,0.01715826243162155,0.01369079202413559,0.024228105321526527,0.053419265896081924,0.09116750955581665,0.2762145698070526
340.0,0.11291988136676642,0.049724071635864675,1.605152421743405,0.7006831444226779,0.07006831444226778,0.0,0.00667920817549412,0.0,0.04316236895437424,0.11291988136676642,0.03617235803260253,0.0,0.14241582011947265,0.03617235803260253,0.06679208175494121,0.022417571091164764,0.013922584243118763,0.014644889160990715,0.016934717074036598,0.013863621279597282,0.02421819046139717,0.05245121940970421,0.08915012329816818,0.17260722815990448
341.0,0.1253842614018,0.06148214137647301,1.773845824598662,0.7507046942527478,0.07507046942527479,0.0,0.006377170800876159,0.0,0.041708572839315124,0.1253842614018,0.04393662168429448,0.0,0.1402613457578879,0.04393662168429448,0.06377170800876159,0.021871903982873146,0.01390101294964552,0.014641005545854568,0.017128895968198776,0.013658665120601654,0.024240268394351006,0.053536105901002884,0.09147817641496658,0.2632730007171631
342.0,0.11458032291669112,0.05106205272022635,1.6944029639890705,0.7009708147782546,0.07009708147782547,0.0,0.00584079297975852,0.0,0.04264318713775048,0.11458032291669112,0.038642447298535935,0.0,0.14104991005017206,0.038642447298535935,0.0584079297975852,0.022053936299366448,0.014060772024095058,0.014812693931162357,0.01711578108370304,0.01401397306472063,0.02455160953104496,0.05323496088385582,0.09079466015100479,0.17991197109222412
343.0,0.12698975090797132,0.06429988297168165,1.7754844571903847,0.7766286386893346,0.07766286386893347,0.0,0.006960900113559687,0.0,0.0415939362003253,0.12698975090797132,0.0423659857075948,0.0,0.14069558336184576,0.0423659857075948,0.06960900113559686,0.022307047674145836,0.01401824876666069,0.014796972274780273,0.01726527512073517,0.013800336979329586,0.02439154125750065,0.05385702848434448,0.09183450788259506,0.2844351530075073
344.0,0.11571911980326359,0.05427602003328502,1.6751792426229057,0.7318358524487569,0.07318358524487568,0.0,0.006332993220824463,0.0,0.04200242588726374,0.11571911980326359,0.03620254090772225,0.0,0.13745932309673384,0.03620254090772225,0.06332993220824462,0.020846611855981443,0.013938440009951591,0.01459035836160183,0.016833854839205742,0.013983281329274178,0.02424229495227337,0.052222367376089096,0.08873102813959122,0.20966653525829315
345.0,0.1254679600779827,0.06313455535564572,1.7635412435973865,0.7801852203332461,0.07801852203332461,0.0,0.006183078806274213,0.0,0.04271832882211758,0.1254679600779827,0.04126635652322035,0.0,0.14192022325900885,0.04126635652322035,0.06183078806274212,0.022790935857651327,0.014026311226189137,0.014790908433496952,0.017269864678382874,0.013810989446938038,0.024433566257357597,0.05402817949652672,0.0921487808227539,0.2745678424835205
346.0,0.11656200828460547,0.05431031051557511,1.6901141956999217,0.7265899399152169,0.0726589939915217,0.0,0.006469680168307745,0.0,0.0416258407326845,0.11656200828460547,0.03743333312181326,0.0,0.13438810408115387,0.03743333312181326,0.06469680168307744,0.019521060757912122,0.014082502573728561,0.014836986549198627,0.017159119248390198,0.014025487005710602,0.02456367202103138,0.053496118634939194,0.09059249609708786,0.20572610199451447
347.0,0.1197242415868319,0.06778722698800266,1.732575115383302,0.7347192924756271,0.07347192924756271,0.0,0.0060779266131038845,0.0,0.04349355199016058,0.1197242415868319,0.04017438395665242,0.0,0.14505383229026428,0.04017438395665242,0.06077926613103885,0.02332926717085334,0.014114566147327423,0.01490157749503851,0.01740272529423237,0.013863376341760159,0.0246018934994936,0.0544363297522068,0.09247514605522156,0.31050220131874084
348.0,0.11962081491947174,0.05013692332431674,1.7882817526189299,0.7435038341925695,0.07435038341925695,0.0,0.007116119477611321,0.0,0.04279263417881269,0.11962081491947174,0.03815431104829678,0.0,0.1376928913478668,0.03815431104829678,0.07116119477611321,0.020672595182147164,0.013963115401566029,0.014630034565925598,0.01686803437769413,0.014019801281392574,0.0243606586009264,0.05258052423596382,0.0883893370628357,0.17628388106822968
349.0,0.12928228653394258,0.056166959227994084,1.8178748801250983,0.8058403042646555,0.08058403042646556,0.0,0.00655793296889617,0.0,0.04396201813450226,0.12928228653394258,0.04214032338215755,0.0,0.1498707885352465,0.04214032338215755,0.06557932968896169,0.024522397613439422,0.013931497000157833,0.014676127582788467,0.017108850181102753,0.013801137916743755,0.024240974336862564,0.053318001329898834,0.09041183441877365,0.22184725105762482
350.0,0.11335023664511167,0.05185686994809657,1.6680052718196647,0.6984695081527417,0.06984695081527416,0.0,0.006551793446907631,0.0,0.04279589753311414,0.11335023664511167,0.03695149103609415,0.0,0.14101428309312233,0.03695149103609415,0.0655179344690763,0.0223455242991734,0.014079988934099674,0.014807060360908508,0.017104757949709892,0.014053991064429283,0.024579916149377823,0.05323904752731323,0.0901561751961708,0.18683402240276337
351.0,0.12121711155542961,0.06325025332625955,1.7586986138819016,0.7458496116674863,0.07458496116674865,0.0,0.00658455491065979,0.0,0.040969408045594506,0.12121711155542961,0.04004759355806387,0.0,0.13707222961462462,0.04004759355806387,0.0658455491065979,0.020946582815108392,0.014015843160450459,0.014790545217692852,0.0172511525452137,0.013834088109433651,0.024476010352373123,0.05402852222323418,0.0915628969669342,0.27604296803474426
352.0,0.11135592483557187,0.05035851465072483,1.6507299847224137,0.6696672829297873,0.06696672829297874,0.0,0.006750660590254345,0.0,0.0426513714572558,0.11135592483557187,0.03763853386044502,0.0,0.13762437695494065,0.03763853386044502,0.06750660590254344,0.02112700974640365,0.014082899317145348,0.014791623689234257,0.017063621431589127,0.014075526967644691,0.024596991017460823,0.053225647658109665,0.08997558802366257,0.17505621910095215
