epoch,train_loss,val_window_mae_kwh,grad_norm,l_state,w_state,loss,l_window,w_window,val_mae_soc_event_0.1,val_mae_soc_event_0.2,val_mae_soc_event_0.5,val_mae_time_60s,val_mae_time_120s,val_mae_time_300s,val_mae_time_600s,val_mae_full_trip
0.0,2.157267157848065,0.3419579260516912,5.372919402848374,18.892016924344578,1.889201692434458,2.157267157848065,0.2680654296508202,0.2680654296508202,0.03349202498793602,0.03438691794872284,0.038741618394851685,0.03033939190208912,0.06074294075369835,0.1490999311208725,0.2975269556045532,2.0913336277008057
1.0,1.9980453161092906,0.12336428766138852,5.663650824611571,18.618840107550987,1.861884010755099,1.9980453161092906,0.13616123910133654,0.13616123910133654,0.021892908960580826,0.022661713883280754,0.024532094597816467,0.020526885986328125,0.037348441779613495,0.08015738427639008,0.13439536094665527,0.6453995108604431
2.0,1.966801684636336,0.31250240420922637,6.330973803802901,17.81493744483361,1.7814937444833612,1.966801684636336,0.18530789906015763,0.18530789906015763,0.03063374012708664,0.03155255317687988,0.03541254997253418,0.02789320796728134,0.056136827915906906,0.13825999200344086,0.2716115713119507,1.9085187911987305
3.0,1.7626694761789763,0.12879327009432018,5.803176071253892,16.395830667935886,1.639583066793589,1.7626694761789763,0.12308638800795262,0.12308638800795262,0.01943369023501873,0.019737483933568,0.021340880542993546,0.017792779952287674,0.030885813757777214,0.06757805496454239,0.12334039062261581,0.7302370667457581
4.0,1.6142313801325285,0.061048337374813855,5.7112757813990545,15.310365456801195,1.5310365456801192,1.6142313801325285,0.08319481147023347,0.08319481147023347,0.01673130877315998,0.017031431198120117,0.01785760559141636,0.015382173471152782,0.024872852489352226,0.052147965878248215,0.08130240440368652,0.26306095719337463
5.0,1.5702919639073885,0.05122799822129309,5.860766618043661,14.715264063615065,1.4715264063615066,1.5702919639073885,0.09876552510720032,0.09876552510720032,0.016755737364292145,0.017176136374473572,0.017832400277256966,0.016075126826763153,0.025212019681930542,0.0538366362452507,0.07943635433912277,0.18349957466125488
6.0,1.5122076410513658,0.15887230029329658,6.036922453614692,14.278575823857235,1.4278575823857236,1.5122076410513658,0.08435001396215878,0.08435001396215878,0.019879303872585297,0.020147748291492462,0.022054696455597878,0.018058864399790764,0.03180645778775215,0.07513141632080078,0.1370382308959961,0.9468616843223572
7.0,1.465372158930852,0.07197539182379842,5.998248601347667,13.851618950183575,1.3851618950183575,1.465372158930852,0.08021024012794861,0.08021024012794861,0.01722128316760063,0.017544584348797798,0.018267212435603142,0.016943419352173805,0.02705380879342556,0.05967295914888382,0.09191471338272095,0.32718515396118164
8.0,1.457342537549826,0.2137560206465423,7.038529024129238,13.470597707308256,1.347059770730826,1.457342537549826,0.11028273231708087,0.11028273231708087,0.022775880992412567,0.02331571653485298,0.025904444977641106,0.020877191796898842,0.039181873202323914,0.09580782800912857,0.18740318715572357,1.294782042503357
9.0,1.445239287156325,0.08904035855084658,8.264325579693034,13.056880657489483,1.3056880657489485,1.445239287156325,0.13955120455760223,0.13955120455760223,0.021656731143593788,0.022285794839262962,0.024084368720650673,0.020769624039530754,0.03650397062301636,0.07837603986263275,0.14480683207511902,0.3638395071029663
10.0,1.4357235294121962,0.36198920756578445,8.031885655423737,12.786195094768818,1.2786195094768817,1.4357235294121962,0.15710396462908158,0.15710396462908158,0.03512056916952133,0.03588809072971344,0.04055629298090935,0.033854853361845016,0.0653524100780487,0.1623225212097168,0.3390401601791382,2.183778762817383
11.0,1.4665976441823518,0.16375861363485456,7.281752535233016,12.611609568962685,1.2611609568962683,1.4665976441823518,0.20543665582170853,0.20543665582170853,0.02088913507759571,0.021762371063232422,0.02413388155400753,0.01947156712412834,0.034501396119594574,0.07609010487794876,0.14376044273376465,0.9694600105285645
12.0,1.3222590042994573,0.10489753587171435,6.153124560283445,12.43163512303279,1.2431635123032794,1.3222590042994573,0.07909547881438182,0.07909547881438182,0.017067572101950645,0.017485901713371277,0.01882532425224781,0.015602042898535728,0.025123750790953636,0.05451177805662155,0.09406542778015137,0.5964984893798828
13.0,1.3300632696885328,0.21138171665370464,6.750714198068778,12.25116546337421,1.2251165463374212,1.3300632696885328,0.10494670902307217,0.10494670902307217,0.025780022144317627,0.026275549083948135,0.028654716908931732,0.025153793394565582,0.04561400040984154,0.10813087224960327,0.19302643835544586,1.2384183406829834
14.0,1.3542062388016627,0.1319697555154562,6.676939678332056,12.090527020967924,1.2090527020967923,1.3542062388016627,0.14515351962584716,0.14515351962584716,0.0183019507676363,0.01874459721148014,0.02050654962658882,0.01711045764386654,0.028575243428349495,0.0637066513299942,0.1236787959933281,0.765133798122406
15.0,1.3089811091239636,0.05023688729852438,6.300338876697897,11.82128829222459,1.1821288292224588,1.3089811091239636,0.12685224442527845,0.12685224442527845,0.01811785064637661,0.01868480257689953,0.019575178623199463,0.017309779301285744,0.02836558036506176,0.0617615170776844,0.10904508084058762,0.12903530895709991
16.0,1.237730649801401,0.20160257793031633,5.9178952633854145,11.577774561368502,1.1577774561368501,1.237730649801401,0.07995316156974205,0.07995316156974205,0.022054336965084076,0.022506237030029297,0.025094296783208847,0.020594751462340355,0.03765134885907173,0.09194314479827881,0.18435262143611908,1.2086238861083984
17.0,1.2633139926653643,0.07789315632544458,6.142186937321058,11.30028174473689,1.130028174473689,1.2633139926653643,0.13328580816204733,0.13328580816204733,0.018003635108470917,0.01840125396847725,0.01973016932606697,0.01732146553695202,0.02786022052168846,0.06125171110033989,0.11016871780157089,0.35040807723999023
18.0,1.184472565467541,0.12337657250463963,5.938557324365831,11.073459716943594,1.1073459716943594,1.184472565467541,0.07712654196299039,0.07712654196299039,0.01810852624475956,0.01855357363820076,0.020148523151874542,0.0169382207095623,0.027678729966282845,0.06055639311671257,0.11258937418460846,0.712439239025116
19.0,1.1798856991987963,0.1064475669991225,6.044870213125876,10.733889726492075,1.0733889726492074,1.1798856991987963,0.10649669485596511,0.10649669485596511,0.019985636696219444,0.02033638022840023,0.021138418465852737,0.019334467127919197,0.031825412064790726,0.07233501970767975,0.12437629699707031,0.5422489047050476
20.0,1.1649380968167231,0.15700897620990872,6.2174754613856935,10.56274441572336,1.056274441572336,1.1649380968167231,0.10866364034322593,0.10866364034322593,0.019505737349390984,0.019944755360484123,0.022067971527576447,0.018446065485477448,0.0316750705242157,0.07340618222951889,0.1442030668258667,0.9268229603767395
21.0,1.1356193469120905,0.057505059288814664,6.193666921105061,10.184792371896597,1.0184792371896596,1.1356193469120905,0.11714009883312079,0.11714009883312079,0.01791185699403286,0.018384834751486778,0.019384166225790977,0.017232568934559822,0.027586160227656364,0.06061715632677078,0.10587255656719208,0.19305117428302765
22.0,1.077408478810237,0.19715201924555004,5.992281853157349,9.960636083896343,0.9960636083896344,1.077408478810237,0.0813448649759476,0.0813448649759476,0.021659085527062416,0.022128792479634285,0.024629320949316025,0.020364468917250633,0.036807917058467865,0.08964334428310394,0.1790657490491867,1.1829174757003784
23.0,1.0859456933461702,0.07657882710918784,5.97668072393624,9.653862916506254,0.9653862916506253,1.0859456933461702,0.12055937229440762,0.12055937229440762,0.017737923189997673,0.018099848181009293,0.019362006336450577,0.017189867794513702,0.026969028636813164,0.05807439237833023,0.10322154313325882,0.3519760072231293
24.0,1.0113133948582869,0.12139166332781315,5.730340709521465,9.353657025557299,0.9353657025557298,1.0113133948582869,0.07594766897650865,0.07594766897650865,0.01794876717031002,0.018315449357032776,0.020038312301039696,0.017043953761458397,0.0270336102694273,0.05980142205953598,0.11256708949804306,0.698384702205658
25.0,1.001037182716223,0.09213342587463558,6.038671148221874,9.055650142522959,0.905565014252296,1.001037182716223,0.09547216502519754,0.09547216502519754,0.019318407401442528,0.019386837258934975,0.02015240304172039,0.018607819452881813,0.029747700318694115,0.06631583720445633,0.11179786920547485,0.4517405331134796
26.0,0.9835723134187552,0.15743343974463642,6.183447215311239,8.76320560161884,0.876320560161884,0.9835723134187552,0.10725175159481856,0.10725175159481856,0.01929234340786934,0.019698459655046463,0.021768856793642044,0.018192192539572716,0.03088783100247383,0.07266697287559509,0.14167147874832153,0.9352893829345703
27.0,0.9437179221556737,0.0560849376488477,5.904944709789618,8.421953513072086,0.8421953513072087,0.9437179221556737,0.10152256144927098,0.10152256144927098,0.01724948361515999,0.01753494329750538,0.01850229501724243,0.016720429062843323,0.025404606014490128,0.0539698600769043,0.09110036492347717,0.20819751918315887
28.0,0.8859211389835064,0.17892189836129546,5.778753010247481,8.080655629818256,0.8080655629818256,0.8859211389835064,0.07785554860646908,0.07785554860646908,0.020517248660326004,0.020992523059248924,0.02339285798370838,0.01943192631006241,0.034166134893894196,0.08200469613075256,0.1623256504535675,1.0685441493988037
29.0,0.8830440846773294,0.06462268345057964,5.7974718992529795,7.729881048202515,0.7729881048202516,0.8830440846773294,0.11005597217724873,0.11005597217724873,0.016875043511390686,0.0171485785394907,0.01806713454425335,0.016335684806108475,0.024212457239627838,0.049814362078905106,0.08290056139230728,0.2916276454925537
30.0,0.813384587948139,0.1787890107370913,5.664179785381277,7.44638285270104,0.7446382852701039,0.813384587948139,0.06874630256341054,0.06874630256341054,0.020562829449772835,0.021041691303253174,0.023471374064683914,0.019509898498654366,0.03427479788661003,0.08203063905239105,0.16275615990161896,1.066664695739746
31.0,0.8261006474494934,0.08043374074622989,5.930786467553281,7.148412741147554,0.7148412741147556,0.8261006474494934,0.11125935671421197,0.11125935671421197,0.017019804567098618,0.01736629009246826,0.01824760250747204,0.016399875283241272,0.02415560372173786,0.05114200711250305,0.08513179421424866,0.41400694847106934
32.0,0.7526721266599802,0.11330294352956116,5.660797046719919,6.793498827860906,0.6793498827860905,0.7526721266599802,0.07332222966047433,0.07332222966047433,0.017463643103837967,0.017773188650608063,0.019369032233953476,0.016463134437799454,0.025580881163477898,0.0563134029507637,0.10262731462717056,0.6508329510688782
33.0,0.7196079653043014,0.09690342424437404,5.314605788685086,6.3656744590172405,0.636567445901724,0.7196079653043014,0.08304049762395713,0.08304049762395713,0.019713787361979485,0.019486529752612114,0.020604539662599564,0.019102605059742928,0.030167939141392708,0.06409867852926254,0.10722869634628296,0.49482461810112
34.0,0.7187778789263505,0.12689337017945945,5.991857843707508,6.2575722841116095,0.625757228411161,0.7187778789263505,0.09302063544209187,0.09302063544209187,0.017858026549220085,0.01818756014108658,0.02004176191985607,0.017147205770015717,0.02709808759391308,0.0608818419277668,0.1192195788025856,0.7347128987312317
35.0,0.6808339861723093,0.0563847147859633,5.6477684931982095,5.834066170912522,0.5834066170912523,0.6808339861723093,0.09742735297634052,0.09742735297634052,0.017320409417152405,0.01743954047560692,0.018483657389879227,0.016981491819024086,0.024893036112189293,0.049050021916627884,0.08116395771503448,0.22574560344219208
36.0,0.6363872381357046,0.1704970879945904,5.746678522850299,5.685948812044584,0.5685948812044584,0.6363872381357046,0.06779235028303586,0.06779235028303586,0.01996200904250145,0.020328056067228317,0.022503433749079704,0.018770840018987656,0.03234301507472992,0.07734273374080658,0.15088950097560883,1.0218371152877808
37.0,0.6316734552383423,0.07513002888299525,5.875777627774442,5.237742442351121,0.5237742442351121,0.6316734552383423,0.10789920762181282,0.10789920762181282,0.016764353960752487,0.017051300033926964,0.01793145202100277,0.01627209596335888,0.023112237453460693,0.04846416041254997,0.07968948781490326,0.38175514340400696
38.0,0.544322343973013,0.0965445137117058,5.358495256930644,4.813652350352361,0.481365235035236,0.544322343973013,0.06295711833697099,0.06295711833697099,0.01773030310869217,0.01789788156747818,0.01943553052842617,0.017377102747559547,0.025544362142682076,0.054236575961112976,0.09714049100875854,0.5229938626289368
39.0,0.5390019783606896,0.09911446459591389,5.419490720937631,4.552302195475652,0.45523021954756504,0.5390019783606896,0.08377175205028974,0.08377175205028974,0.019971458241343498,0.01960514858365059,0.021055541932582855,0.01929364912211895,0.0300578773021698,0.06308159232139587,0.10343413800001144,0.5164163112640381
40.0,0.5334152327134059,0.14492172840982676,6.007190331479534,4.340345859527588,0.4340345859527588,0.5334152327134059,0.09938063845038414,0.09938063845038414,0.018775856122374535,0.019112292677164078,0.021062498912215233,0.017871391028165817,0.029103774577379227,0.0668066218495369,0.1293824166059494,0.8572589755058289
41.0,0.5082866595341609,0.0482028687838465,5.320776070223273,4.183910571611845,0.4183910571611845,0.5082866595341609,0.08989560030973874,0.08989560030973874,0.017839467152953148,0.01772259548306465,0.01903661899268627,0.01747181825339794,0.025513172149658203,0.050560373812913895,0.08448074012994766,0.1529981642961502
42.0,0.4540851414203644,0.17299813241697848,5.670308050618634,3.8637738869740414,0.3863773886974041,0.4540851414203644,0.0677077412032164,0.0677077412032164,0.021154871210455894,0.021785086020827293,0.023912953212857246,0.020707793533802032,0.034463804215192795,0.08201992511749268,0.15565960109233856,1.0242810249328613
43.0,0.46457415360670823,0.06297707580961287,5.802291298980615,3.7854346403708825,0.3785434640370883,0.46457415360670823,0.08603068469808652,0.08603068469808652,0.016936831176280975,0.01718318834900856,0.01816735602915287,0.016761355102062225,0.024100732058286667,0.048652611672878265,0.08329963684082031,0.2787148952484131
44.0,0.41687734654316533,0.07616766891442239,5.413914603259674,3.512205096391531,0.35122050963915313,0.41687734654316533,0.0656568336372192,0.0656568336372192,0.017770076170563698,0.01797584258019924,0.01937752775847912,0.017669130116701126,0.025553710758686066,0.05062947794795036,0.08865170925855637,0.37171387672424316
45.0,0.4258866413281514,0.09459235589019954,4.9721667219390655,3.587975657903231,0.3587975657903231,0.4258866413281514,0.06708906333033855,0.06708906333033855,0.01747926138341427,0.017673229798674583,0.01911439746618271,0.01715276762843132,0.02498464100062847,0.052368104457855225,0.09551473706960678,0.512451708316803
46.0,0.41421174429930174,0.10561441071331501,5.297817099965154,3.304988136658302,0.3304988136658302,0.41421174429930174,0.08371292828367306,0.08371292828367306,0.020212069153785706,0.019799476489424706,0.02164580672979355,0.019583363085985184,0.03074709139764309,0.06566769629716873,0.11216792464256287,0.5550918579101562
47.0,0.4261272091131944,0.1322403985541314,6.101554206834274,3.3162096372017493,0.3316209637201749,0.4261272091131944,0.09450624166772915,0.09450624166772915,0.01817288249731064,0.018552375957369804,0.02042469009757042,0.01749316416680813,0.027330918237566948,0.06110256910324097,0.11761823296546936,0.7772283554077148
48.0,0.44802464888646054,0.04990018904209137,5.725415317567651,3.5064965394827037,0.35064965394827036,0.44802464888646054,0.0973749874302974,0.0973749874302974,0.016714705154299736,0.016895750537514687,0.017841467633843422,0.016490541398525238,0.02322235144674778,0.04385184124112129,0.06651053577661514,0.19767431914806366
49.0,0.48533551280315107,0.16522775893099606,5.59337769893904,4.195079473348764,0.4195079473348764,0.48533551280315107,0.06582755480821316,0.06582755480821316,0.021297238767147064,0.021942054852843285,0.023972919210791588,0.020817270502448082,0.03393238037824631,0.07838153094053268,0.15263044834136963,0.9688482284545898
50.0,0.43599882836525256,0.05778962257318199,5.322789680326306,3.532022558725797,0.3532022558725798,0.43599882836525256,0.08279657679108474,0.08279657679108474,0.01733235828578472,0.017297670245170593,0.018251098692417145,0.016967324540019035,0.02467993088066578,0.049287982285022736,0.08372829109430313,0.23477232456207275
51.0,0.40024455808676207,0.14249124052003026,5.279404733989588,3.2516277111493626,0.3251627711149363,0.40024455808676207,0.07508178943624863,0.07508178943624863,0.019420014694333076,0.019879328086972237,0.02161445841193199,0.01879435032606125,0.02932102605700493,0.06775316596031189,0.13122069835662842,0.8319268822669983
52.0,0.3663311302661896,0.04811368859373033,5.091054122241915,2.950100119297321,0.2950100119297322,0.3663311302661896,0.07132111174555925,0.07132111174555925,0.016693059355020523,0.016779178753495216,0.01765485107898712,0.016532085835933685,0.023608487099409103,0.0454757921397686,0.07473763823509216,0.17342841625213623
53.0,0.3983545738917131,0.16256940551102161,5.39131805336958,3.2308780413407545,0.3230878041340755,0.3983545738917131,0.07526676385448529,0.07526676385448529,0.02042541466653347,0.02098153904080391,0.023155802860856056,0.019785113632678986,0.03197542950510979,0.07520788162946701,0.1473999172449112,0.9616241455078125
54.0,0.36769696840873134,0.04616024997085333,5.451945663054916,2.9374787348967333,0.2937478734896733,0.36769696840873134,0.07394909113645554,0.07394909113645554,0.016620256006717682,0.0168356504291296,0.01772261969745159,0.01641632616519928,0.023018833249807358,0.042996034026145935,0.06465587019920349,0.1710164099931717
55.0,0.3925195508278333,0.15913817612454295,5.423487218662132,3.1805353439771213,0.3180535343977121,0.3925195508278333,0.07446600611393268,0.07446600611393268,0.020436417311429977,0.020964505150914192,0.023006049916148186,0.019841879606246948,0.031802766025066376,0.07434699684381485,0.14572648704051971,0.9369803071022034
56.0,0.36650667740748477,0.05998585489578545,5.514884395647074,2.8736901466663065,0.2873690146666307,0.36650667740748477,0.0791376605629921,0.0791376605629921,0.02015538513660431,0.019925415515899658,0.02165004052221775,0.01961512863636017,0.029227200895547867,0.059387464076280594,0.10356216877698898,0.20636403560638428
57.0,0.42332880198955536,0.17719905567355454,5.650183617895749,3.0650770847613993,0.30650770847613995,0.42332880198955536,0.11682108187904724,0.11682108187904724,0.021301528438925743,0.02193923480808735,0.024274073541164398,0.020566103979945183,0.034093160182237625,0.08098383992910385,0.15867245197296143,1.0557620525360107
58.0,0.36737732818493474,0.05547681637108326,5.299440797001231,2.8419494995704064,0.28419494995704064,0.36737732818493474,0.08318237415873088,0.08318237415873088,0.018550626933574677,0.018557939678430557,0.01971820555627346,0.018130527809262276,0.02660438045859337,0.05357053875923157,0.09726811945438385,0.19141419231891632
59.0,0.38680821657180786,0.16454888763837516,5.541324151806185,3.028413800092844,0.3028413800092844,0.38680821657180786,0.0839668308886198,0.0839668308886198,0.02017398178577423,0.02069774642586708,0.022909123450517654,0.019391993060708046,0.031653981655836105,0.07425741106271744,0.14699040353298187,0.9803164601325989
60.0,0.38273044847525084,0.0491012716665864,5.569389444167777,2.7871390535281253,0.27871390535281254,0.38273044847525084,0.10401653899596287,0.10401653899596287,0.017156392335891724,0.017400730401277542,0.018324004486203194,0.016849208623170853,0.023669404909014702,0.04357849434018135,0.06236348673701286,0.19346845149993896
61.0,0.36433366055671984,0.1906944455113262,5.253858093604806,2.934609138048612,0.2934609138048612,0.36433366055671984,0.07087274497518173,0.07087274497518173,0.021786672994494438,0.022371023893356323,0.025038007646799088,0.020897433161735535,0.036032337695360184,0.08637843281030655,0.17220766842365265,1.1408439874649048
62.0,0.379357438821059,0.07096690614707768,5.350643243301747,2.736600921704219,0.2736600921704219,0.379357438821059,0.10569734613482769,0.10569734613482769,0.01790076494216919,0.01804766058921814,0.019132623448967934,0.01735379546880722,0.024441946297883987,0.04852449521422386,0.07824743539094925,0.34408652782440186
63.0,0.35828730349357313,0.1088123763911426,5.262336897391013,2.9029661325307994,0.2902966132530799,0.35828730349357313,0.06799068473852597,0.06799068473852597,0.018471164628863335,0.018651016056537628,0.02018892765045166,0.017836084589362144,0.025973938405513763,0.05580072104930878,0.10344160348176956,0.610135555267334
64.0,0.35027774480672985,0.10594724887050688,5.4978586329596295,2.681000883762653,0.2681000883762653,0.35027774480672985,0.0821776521893648,0.0821776521893648,0.019914530217647552,0.019664369523525238,0.020888710394501686,0.019326582551002502,0.029549051076173782,0.06170001998543739,0.10459281504154205,0.5719419121742249
65.0,0.38449448690964627,0.13433439726941288,5.652388699589996,2.878879051942092,0.28788790519420915,0.38449448690964627,0.09660657609884556,0.09660657609884556,0.01917225867509842,0.01961289905011654,0.02132483385503292,0.01859099604189396,0.028397396206855774,0.06379453092813492,0.12693138420581818,0.7768508791923523
66.0,0.36049357515115005,0.04550476558506489,5.511997507826625,2.638202020755181,0.2638202020755181,0.36049357515115005,0.09667336998077539,0.09667336998077539,0.01748480275273323,0.017590070143342018,0.018656671047210693,0.017196405678987503,0.024263883009552956,0.044001709669828415,0.06739509850740433,0.15744948387145996
67.0,0.35596490937929887,0.17921454273164272,5.467308359157135,2.816620193994962,0.2816620193994962,0.35596490937929887,0.0743028808098573,0.0743028808098573,0.021197879686951637,0.021762121468782425,0.024273408576846123,0.020387601107358932,0.03429305553436279,0.08156243711709976,0.16310271620750427,1.0671371221542358
68.0,0.36480198685939497,0.0604362259618938,5.53592169214629,2.6026730491564822,0.26026730491564826,0.36480198685939497,0.10453467758802268,0.10453467758802268,0.017663227394223213,0.01778600551187992,0.018881015479564667,0.017137711867690086,0.023879365995526314,0.045770637691020966,0.07084732502698898,0.2715245187282562
69.0,0.3450302699437508,0.1813603355549276,5.367521838132077,2.7795377786342916,0.2779537778634291,0.3450302699437508,0.06707648531748699,0.06707648531748699,0.021271759644150734,0.0217759869992733,0.02424725890159607,0.020328903570771217,0.0343790166079998,0.08163079619407654,0.1625022441148758,1.0847467184066772
70.0,0.36311730398581576,0.05810885806567967,5.628451704671749,2.5632090935340295,0.25632090935340296,0.36311730398581576,0.10679638786957814,0.10679638786957814,0.01764703541994095,0.017741823568940163,0.018843302503228188,0.017081765457987785,0.023628033697605133,0.04450565576553345,0.06769511848688126,0.25772812962532043
71.0,0.33896833199721116,0.19952938426285982,5.391186722545923,2.7184381026488085,0.27184381026488086,0.33896833199721116,0.06712451491218346,0.06712451491218346,0.022381000220775604,0.02294876053929329,0.025781773030757904,0.02140650525689125,0.03736608475446701,0.08999019116163254,0.18110786378383636,1.1952528953552246
72.0,0.3556505533365103,0.07826609304174781,5.556623147838644,2.5198358297348022,0.2519835829734802,0.3556505533365103,0.10366695718123363,0.10366695718123363,0.01829107478260994,0.018374474719166756,0.019571885466575623,0.017575792968273163,0.02474174089729786,0.049794021993875504,0.08128751069307327,0.39649224281311035
73.0,0.3336468098255304,0.11331656924448907,5.417766073347712,2.666384220123291,0.2666384220123291,0.3336468098255304,0.06700838156617604,0.06700838156617604,0.018849361687898636,0.019058745354413986,0.020664090290665627,0.018178395926952362,0.026750832796096802,0.05720685049891472,0.10622638463973999,0.6395978927612305
74.0,0.32685934007167816,0.0930098679382354,5.296673968421184,2.4763171535271864,0.24763171535271866,0.32685934007167816,0.07922761772687618,0.07922761772687618,0.019722705706954002,0.019437840208411217,0.020606139674782753,0.019141830503940582,0.02878411114215851,0.05708662047982216,0.09741411358118057,0.4818855822086334
75.0,0.3589250044180797,0.11925558326765895,5.803578528778669,2.63911379300631,0.263911379300631,0.3589250044180797,0.0950136178961167,0.0950136178961167,0.018573947250843048,0.018950048834085464,0.020430613309144974,0.018007753416895866,0.026791656389832497,0.058831553906202316,0.11445882171392441,0.678000271320343
76.0,0.3424988010754952,0.04006498516537249,5.550236947823165,2.458384087452522,0.24583840874525217,0.3424988010754952,0.0966603856247205,0.0966603856247205,0.017481112852692604,0.017594169825315475,0.018672427162528038,0.01708594523370266,0.023913435637950897,0.04408908635377884,0.06574953347444534,0.11593417078256607
77.0,0.32175556398355043,0.1892891579773277,5.659827684815221,2.468060543903938,0.24680605439039377,0.32175556398355043,0.07494951240145244,0.07494951240145244,0.021809803321957588,0.022371677681803703,0.025117378681898117,0.020809931680560112,0.03606041148304939,0.08634793758392334,0.17388968169689178,1.1279064416885376
78.0,0.3592059211089061,0.06874666037037969,5.650587351762183,2.496332810475276,0.24963328104752763,0.3592059211089061,0.10957263639340034,0.10957263639340034,0.017522048205137253,0.017771193757653236,0.018858646973967552,0.01683541014790535,0.02330555021762848,0.04579676315188408,0.07188846915960312,0.3379952013492584
79.0,0.2990882992744446,0.10445405100472271,4.953024874586548,2.374438524246216,0.2374438524246216,0.2990882992744446,0.061644444385400184,0.061644444385400184,0.018172426149249077,0.01841188594698906,0.019866136834025383,0.017379652708768845,0.025106443092226982,0.05419445037841797,0.10231522470712662,0.5801861882209778
80.0,0.3365085090582187,0.0893022536765784,5.5652045257642335,2.5083631047835717,0.2508363104783572,0.3365085090582187,0.08567219399488889,0.08567219399488889,0.018919410184025764,0.018929405137896538,0.01978265307843685,0.018400268629193306,0.02722938172519207,0.054768554866313934,0.08155334740877151,0.47483500838279724
81.0,0.3286730985228832,0.14630585140548646,5.296065560970756,2.3713638324003954,0.23713638324003955,0.3286730985228832,0.09153670817613602,0.09153670817613602,0.01974753476679325,0.020260445773601532,0.022238735109567642,0.019017713144421577,0.030029578134417534,0.06829129904508591,0.1359175145626068,0.8549439907073975
82.0,0.3227647479910117,0.06488249823451042,5.297359244388132,2.3730394198344302,0.23730394198344307,0.3227647479910117,0.08546080382970664,0.08546080382970664,0.018361495807766914,0.018449533730745316,0.019767357036471367,0.01772751659154892,0.025051452219486237,0.04897913709282875,0.07905233651399612,0.29167115688323975
83.0,0.3340357536306748,0.1763029817957431,5.502358746029746,2.5997171906324534,0.25997171906324534,0.3340357536306748,0.0740640303836419,0.0740640303836419,0.0210980623960495,0.02161627635359764,0.023945402354002,0.020204050466418266,0.03386903181672096,0.07969209551811218,0.15941140055656433,1.05058753490448
84.0,0.3321552929969934,0.045274242758750916,5.464644163038985,2.351088638489063,0.23510886384890634,0.3321552929969934,0.09704642456311446,0.09704642456311446,0.017490331083536148,0.017669111490249634,0.01866675168275833,0.017214464023709297,0.023798992857336998,0.045040104538202286,0.0699402317404747,0.15237395465373993
85.0,0.3331718330199902,0.07581993169151247,5.427690231924989,2.6824154395323534,0.26824154395323535,0.3331718330199902,0.06493028339285117,0.06493028339285117,0.01788146048784256,0.017980584874749184,0.019429579377174377,0.017446551471948624,0.024387050420045853,0.04805399104952812,0.0863737091422081,0.3750065267086029
86.0,0.32734837669592637,0.08760448126122355,5.4007307219825424,2.492663099215581,0.24926630992155807,0.32734837669592637,0.0780820666024318,0.0780820666024318,0.01951502077281475,0.01932847499847412,0.020450491458177567,0.019001565873622894,0.028066011145710945,0.05462109297513962,0.08696002513170242,0.4528931677341461
87.0,0.35017689718649936,0.1355012790299952,5.429591556368018,2.574706100500547,0.25747061005005467,0.35017689718649936,0.09270627739337775,0.09270627739337775,0.019636183977127075,0.020040711387991905,0.021807556971907616,0.0189628005027771,0.029203370213508606,0.06522054225206375,0.12972363829612732,0.7794154286384583
88.0,0.3324860345858794,0.05526302452199161,5.1504259394524565,2.479134981448834,0.24791349814488337,0.3324860345858794,0.0845725298500978,0.0845725298500978,0.01813856139779091,0.018105464056134224,0.019532041624188423,0.017485685646533966,0.024616563692688942,0.04658772423863411,0.07595386356115341,0.2216842919588089
89.0,0.30684324411245495,0.16693291836418211,5.385655915188384,2.3030269971260657,0.23030269971260658,0.30684324411245495,0.07654053803819877,0.07654053803819877,0.020614424720406532,0.02113896608352661,0.02339611016213894,0.01978575997054577,0.0326281376183033,0.07571570575237274,0.1520785540342331,0.9901056885719299
90.0,0.3485889537976338,0.06164374342188239,5.6089939472637225,2.5158302875665517,0.25158302875665517,0.3485889537976338,0.09700591661609136,0.09700591661609136,0.017816124483942986,0.0178894754499197,0.01913081854581833,0.017255179584026337,0.023923717439174652,0.045908667147159576,0.07170235365629196,0.2795236110687256
91.0,0.2958256252683126,0.08529346832074225,5.0941414539053635,2.304675423181974,0.2304675423181974,0.2958256252683126,0.06535807366554554,0.06535807366554554,0.017889419570565224,0.01805982179939747,0.01940644346177578,0.017329996451735497,0.024367408826947212,0.05026203393936157,0.09091778844594955,0.4441148340702057
92.0,0.32204683698140657,0.06169382343068719,5.381579493059671,2.4144347860262942,0.24144347860262944,0.32204683698140657,0.08060335711790965,0.08060335711790965,0.018508749082684517,0.01839222013950348,0.019575277343392372,0.018027309328317642,0.025922872126102448,0.04704808071255684,0.07695478945970535,0.26912128925323486
93.0,0.31780834839894223,0.15329431975260377,5.2039556657000725,2.300606975188622,0.23006069751886218,0.31780834839894223,0.08774764807178424,0.08774764807178424,0.020257994532585144,0.020779311656951904,0.02280106022953987,0.019567646086215973,0.031330667436122894,0.07243749499320984,0.14425699412822723,0.8949233889579773
94.0,0.30672520513717944,0.06307529006153345,5.35022545101621,2.2201101642388563,0.2220110164238856,0.30672520513717944,0.08471418630618316,0.08471418630618316,0.018440794199705124,0.01845555379986763,0.01994871348142624,0.017818041145801544,0.025195855647325516,0.0490180067718029,0.0805889144539833,0.27513644099235535
95.0,0.3133736373140262,0.16218588291667402,5.5832413967536105,2.371571517907656,0.23715715179076563,0.3133736373140262,0.07621648305883774,0.07621648305883774,0.02041875757277012,0.020939385518431664,0.023132972419261932,0.01957791857421398,0.03206147253513336,0.073806531727314,0.1484159231185913,0.9591341018676758
96.0,0.3140354993251654,0.0549826230853796,5.467295757910178,2.17723778119454,0.21772377811945404,0.3140354993251654,0.09631171478674962,0.09631171478674962,0.01775164157152176,0.017731020227074623,0.01899651437997818,0.017085494473576546,0.023728564381599426,0.04468042030930519,0.06965604424476624,0.23023128509521484
97.0,0.2884928641410974,0.17210519569925964,5.066055563915715,2.229350154216473,0.22293501542164731,0.2884928641410974,0.06555784293092214,0.06555784293092214,0.02110162377357483,0.021691899746656418,0.024124469608068466,0.020266538485884666,0.033766523003578186,0.07911957055330276,0.15968014299869537,1.0170907974243164
98.0,0.32161674763147646,0.06784422206692398,5.442519618298974,2.26608760540302,0.226608760540302,0.32161674763147646,0.0950079823915775,0.0950079823915775,0.018032673746347427,0.018065014854073524,0.019420716911554337,0.017366822808980942,0.024219561368227005,0.04781094565987587,0.07645003497600555,0.32138800621032715
99.0,0.27812498349409837,0.07910706498660147,5.1430812568741455,2.1256819550807657,0.2125681955080766,0.27812498349409837,0.06555678093662629,0.06555678093662629,0.017809581011533737,0.017919262871146202,0.019239671528339386,0.01715901307761669,0.023957105353474617,0.048352740705013275,0.08399295806884766,0.4044261872768402
100.0,0.3156110621415652,0.056593192741274834,5.152603896167493,2.4125206608038683,0.24125206608038688,0.3156110621415652,0.07435899729338977,0.07435899729338977,0.01895742677152157,0.018716823309659958,0.020127035677433014,0.01831951178610325,0.026065021753311157,0.04674508050084114,0.08295316249132156,0.22086147964000702
101.0,0.3024438424752309,0.15263252845034003,5.265522005632816,2.1545715148632345,0.2154571514863234,0.3024438424752309,0.08698668560156456,0.08698668560156456,0.020148959010839462,0.02063099667429924,0.022613096982240677,0.019396116957068443,0.031124750152230263,0.07130426168441772,0.1424494832754135,0.8933925628662109
102.0,0.31284804756824786,0.04543842934072018,5.386032123649836,2.284432291984558,0.22844322919845583,0.31284804756824786,0.08440481498837471,0.08440481498837471,0.01794775202870369,0.018056122586131096,0.019370688125491142,0.017681295052170753,0.024879051372408867,0.04756692051887512,0.08095783740282059,0.13704776763916016
103.0,0.2781618403700682,0.070754628861323,4.920569970392952,2.1202123027581434,0.21202123027581438,0.2781618403700682,0.06614059926225589,0.06614059926225589,0.017857538536190987,0.017941290512681007,0.01941945031285286,0.017385156825184822,0.024245217442512512,0.047712452709674835,0.08407945185899734,0.3373964726924896
104.0,0.28571327374531674,0.07884724461473525,5.2414183830816405,2.114839893120986,0.21148398931209858,0.28571327374531674,0.07422928082255217,0.07422928082255217,0.019490374252200127,0.01934760995209217,0.020455796271562576,0.01891985721886158,0.027595803141593933,0.0522826723754406,0.0808359682559967,0.3918498754501343
105.0,0.3164877753991347,0.12654384365305305,5.174855301025777,2.2524656240756693,0.22524656240756696,0.3164877753991347,0.09124121069908142,0.09124121069908142,0.019276095554232597,0.01960388571023941,0.021215612068772316,0.018640976399183273,0.028355833142995834,0.06198844686150551,0.12201221287250519,0.7212576866149902
106.0,0.29386006295681,0.05118762725032866,5.138153544480042,2.141943234663743,0.2141943234663743,0.29386006295681,0.07966573163866997,0.07966573163866997,0.0181913860142231,0.018083389848470688,0.01960662752389908,0.017514517530798912,0.02444620057940483,0.04644663631916046,0.07694319635629654,0.18826906383037567
107.0,0.2922982092087085,0.14520428306423128,5.475636513504425,2.1821424181644735,0.21821424181644733,0.2922982092087085,0.07408396756419769,0.07408396756419769,0.0196896530687809,0.020119931548833847,0.02194739505648613,0.01893155463039875,0.030000902712345123,0.0680757388472557,0.13557302951812744,0.8472960591316223
108.0,0.2998804770983182,0.03403248474933207,5.331816577285907,2.1082068177369924,0.21082068177369928,0.2998804770983182,0.0890597950380582,0.0890597950380582,0.01756470650434494,0.017586873844265938,0.018860485404729843,0.01734267547726631,0.02416696771979332,0.044827573001384735,0.07152946293354034,0.06038113310933113
109.0,0.28570614067407757,0.04261410562321544,5.086724499385261,2.225809001005613,0.2225809001005613,0.28570614067407757,0.0631252435537485,0.0631252435537485,0.017251700162887573,0.017368746921420097,0.018785342574119568,0.01698884554207325,0.02353706955909729,0.04355110600590706,0.0767303928732872,0.12669964134693146
110.0,0.2874888846507439,0.07229759218171239,5.3002940418507825,2.050954676591433,0.2050954676591433,0.2874888846507439,0.0823934139827123,0.0823934139827123,0.01873556710779667,0.018773997202515602,0.020259518176317215,0.018247654661536217,0.026524441316723824,0.05093441531062126,0.08345329016447067,0.34145185351371765
111.0,0.2703346059872554,0.08961030608043075,5.258171824200561,2.058662332021273,0.2058662332021273,0.2703346059872554,0.06446837003414448,0.06446837003414448,0.018284369260072708,0.018413804471492767,0.019900156185030937,0.017745787277817726,0.025361455976963043,0.05231811851263046,0.09790941327810287,0.46694934368133545
112.0,0.3019349787097711,0.055726406164467335,5.419451242286922,2.253444098509275,0.2253444098509275,0.3019349787097711,0.07659056381537364,0.07659056381537364,0.018925301730632782,0.018700722604990005,0.02000184915959835,0.018387584015727043,0.02594512701034546,0.04565192013978958,0.0764155387878418,0.22178320586681366
113.0,0.3065040237628497,0.1265183286741376,5.429321065699788,2.2039683140241184,0.22039683140241184,0.3065040237628497,0.08610718554029098,0.08610718554029098,0.01932096853852272,0.019696243107318878,0.021286670118570328,0.0186837799847126,0.028622116893529892,0.06368643790483475,0.12510067224502563,0.7157497406005859
114.0,0.2963031255281888,0.04961341083981097,5.115398357642468,2.1802568481518674,0.2180256848151867,0.2963031255281888,0.07827744231774257,0.07827744231774257,0.01829536445438862,0.018174009397625923,0.01969662681221962,0.017595769837498665,0.02451489493250847,0.04654918238520622,0.07807652652263641,0.1740049123764038
115.0,0.28105149647364247,0.1311085713095963,5.041334344611676,2.0876621283017673,0.20876621283017668,0.28105149647364247,0.07228527791224994,0.07228527791224994,0.019000254571437836,0.019337741658091545,0.02104937471449375,0.018202584236860275,0.02801894024014473,0.062299903482198715,0.12224199622869492,0.7587177753448486
116.0,0.2815884202718735,0.05574647174216807,5.30542824755314,1.951300744826977,0.19513007448269776,0.2815884202718735,0.08645834057376935,0.08645834057376935,0.017922477796673775,0.01782224327325821,0.019303064793348312,0.017195073887705803,0.023724587634205818,0.04603849723935127,0.07618799060583115,0.22777783870697021
117.0,0.2761018310601895,0.1425332746002823,5.4659214560667335,2.0941074719795814,0.2094107471979581,0.2761018310601895,0.06669108053812614,0.06669108053812614,0.019509319216012955,0.019889894872903824,0.021751172840595245,0.018704595044255257,0.02956452965736389,0.06644390523433685,0.1328776329755783,0.8315251469612122
118.0,0.2951287432358815,0.06788538186810911,5.500512237906297,2.0274455547332764,0.20274455547332762,0.2951287432358815,0.0923841827763961,0.0923841827763961,0.01800559088587761,0.01793845370411873,0.01944679580628872,0.01734754629433155,0.024192428216338158,0.04795689880847931,0.0784195214509964,0.3197758197784424
119.0,0.2727011705820377,0.08042658865451813,5.164722792331775,2.106349092263442,0.2106349092263442,0.2727011705820377,0.06206625241499681,0.06206625241499681,0.01815665327012539,0.018182581290602684,0.019747719168663025,0.01758810319006443,0.024888133630156517,0.04961458221077919,0.08821314573287964,0.40702179074287415
120.0,0.2719030471948477,0.08858190546743572,5.249083486146375,1.9869012924341054,0.19869012924341053,0.2719030471948477,0.07321291101666597,0.07321291101666597,0.0195392444729805,0.019270529970526695,0.020543785765767097,0.019055182114243507,0.028092633932828903,0.05289115011692047,0.09162257611751556,0.457640141248703
121.0,0.29579256016474503,0.08168042032048106,5.455576657355735,2.108219999533433,0.21082199995334333,0.29579256016474503,0.08497055533986825,0.08497055533986825,0.017852280288934708,0.018025467172265053,0.019533056765794754,0.017543232068419456,0.025128595530986786,0.05021737888455391,0.09772191196680069,0.40742143988609314
122.0,0.2742493416254337,0.04198811110109091,5.202348392793284,1.9566494960051317,0.19566494960051314,0.2742493416254337,0.07858438675220196,0.07858438675220196,0.01835177093744278,0.01813114434480667,0.019736574962735176,0.01776937022805214,0.024782845750451088,0.04493758827447891,0.07895117998123169,0.11324441432952881
123.0,0.27862321528104633,0.12161095184274018,5.519089021687076,2.0542441193874064,0.20542441193874061,0.27862321528104633,0.07319879847077224,0.07319879847077224,0.01878381334245205,0.019048402085900307,0.020658310502767563,0.018091250211000443,0.027446018531918526,0.059829868376255035,0.116643026471138,0.6923869252204895
124.0,0.28169260861781925,0.05288164340890944,5.439572974205133,1.9067889589529772,0.19067889589529774,0.28169260861781925,0.09101371438457416,0.09101371438457416,0.017589351162314415,0.017536209896206856,0.018924390897154808,0.01698112301528454,0.023491768166422844,0.04431856423616409,0.07184520363807678,0.21236653625965118
125.0,0.25637813199024934,0.059177844086661935,5.088667942657009,1.9469812604097219,0.1946981260409722,0.25637813199024934,0.06168000314098138,0.06168000314098138,0.017311546951532364,0.017323223873972893,0.018822776153683662,0.01680096797645092,0.023085322231054306,0.04476131871342659,0.07852126657962799,0.25679633021354675
126.0,0.2730055262263005,0.07561220857314765,5.455992409084938,1.9757787447709303,0.19757787447709302,0.2730055262263005,0.0754276506889325,0.0754276506889325,0.01880834251642227,0.01864248514175415,0.019714634865522385,0.018208375200629234,0.02643471211194992,0.04962114617228508,0.07767132669687271,0.3757966458797455
127.0,0.2692241267516063,0.09429264720529318,5.238498292684694,1.8678286442389855,0.18678286442389855,0.2692241267516063,0.08244125831585664,0.08244125831585664,0.01789834164083004,0.018084296956658363,0.019459670409560204,0.017358092591166496,0.02498522773385048,0.052337780594825745,0.09896641969680786,0.5052513480186462
128.0,0.27287509464300597,0.04753190348856151,5.287676586549638,1.9733177285927992,0.19733177285927997,0.27287509464300597,0.07554331794381142,0.07554331794381142,0.018277598544955254,0.018109919503331184,0.019708793610334396,0.01759328320622444,0.024538187310099602,0.046064265072345734,0.07950973510742188,0.1564534455537796
129.0,0.26564671672307527,0.12475397973321378,5.592734694487531,1.9203578646366413,0.19203578646366415,0.26564671672307527,0.07361092676336949,0.07361092676336949,0.01885315217077732,0.019166124984622,0.020766625180840492,0.01813805103302002,0.02767973393201828,0.06135168299078941,0.11974260956048965,0.7123338580131531
130.0,0.30495916306972504,0.038069649366661906,5.466022986885445,2.2046643037062426,0.22046643037062424,0.30495916306972504,0.08449273012005366,0.08449273012005366,0.017801767215132713,0.017761480063199997,0.019101804122328758,0.017608119174838066,0.02471056580543518,0.04578886926174164,0.077475406229496,0.0843091830611229
131.0,0.2673904907244902,0.0886308141052723,5.090333081364536,2.0095647298372707,0.2009564729837271,0.2673904907244902,0.06643401544827682,0.06643401544827682,0.01853499934077263,0.018421264365315437,0.019601745530962944,0.018249066546559334,0.026758646592497826,0.05393699184060097,0.08998819440603256,0.46355560421943665
132.0,0.2801000510270779,0.1848447599913925,5.535315526246421,1.9606828781274648,0.19606828781274654,0.2801000510270779,0.08403176269852199,0.08403176269852199,0.022178836166858673,0.022748669609427452,0.025317132472991943,0.021399743854999542,0.03599982708692551,0.08402952551841736,0.1702185720205307,1.0968657732009888
133.0,0.28412621869490695,0.03711098409257829,5.724182346837528,2.0075388963405905,0.20075388963405902,0.28412621869490695,0.08337232556480628,0.08337232556480628,0.016894755885004997,0.01688998006284237,0.018134592100977898,0.016486773267388344,0.022792307659983635,0.042036022990942,0.06509274989366531,0.09856069087982178
134.0,0.26291327063853925,0.16061658691614866,5.289099381713873,1.9162861521427448,0.1916286152142745,0.26291327063853925,0.07128465118316504,0.07128465118316504,0.020709028467535973,0.021208113059401512,0.0233352929353714,0.01990177482366562,0.03279874846339226,0.07661338895559311,0.15307454764842987,0.9372918009757996
135.0,0.2628876337638268,0.10627736267633736,5.480486963359226,1.8310234317412744,0.1831023431741274,0.2628876337638268,0.07978528881302246,0.07978528881302246,0.019402580335736275,0.01943061128258705,0.021211478859186172,0.01858259178698063,0.027808180078864098,0.05784296244382858,0.10119467228651047,0.5847458243370056
136.0,0.2768657367963057,0.15876654372550547,5.281235918274254,1.8920031877664418,0.1892003187766442,0.2768657367963057,0.08766541658685757,0.08766541658685757,0.020146740600466728,0.020628558471798897,0.022734198719263077,0.019206510856747627,0.031556982547044754,0.0724748894572258,0.1448766142129898,0.9385078549385071
137.0,0.24670346081256866,0.056540810503065586,5.11843997944313,1.7569998319332416,0.1756999831933242,0.24670346081256866,0.07100347114297059,0.07100347114297059,0.017833679914474487,0.017843307927250862,0.01935906894505024,0.01722695864737034,0.02412201650440693,0.04688618332147598,0.07966302335262299,0.22939224541187286
138.0,0.25740583355610186,0.09374709171243012,5.44343638081312,1.8231848799265349,0.18231848799265352,0.25740583355610186,0.0750873418381581,0.0750873418381581,0.017123568803071976,0.01756260171532631,0.018791507929563522,0.016523687168955803,0.023856475949287415,0.05010003596544266,0.0959782749414444,0.5100405812263489
139.0,0.2723929790350107,0.0416588238440454,5.40690171960953,1.875568802540119,0.18755688025401188,0.2723929790350107,0.08483609528495716,0.08483609528495716,0.017166154459118843,0.017125170677900314,0.01843561790883541,0.016558580100536346,0.02271895483136177,0.04249231144785881,0.06816698610782623,0.13060681521892548
140.0,0.24573051585600927,0.12948129489086568,5.0975229288144055,1.8010821846815257,0.1801082184681526,0.24573051585600927,0.06562229016652474,0.06562229016652474,0.018924176692962646,0.01930891163647175,0.021019740030169487,0.01814873516559601,0.028202814981341362,0.06371599435806274,0.12519441545009613,0.7413355708122253
141.0,0.26345508660261446,0.07057904684916139,5.4839356146621006,1.787515557729281,0.1787515557729281,0.26345508660261446,0.08470353168936876,0.08470353168936876,0.017713656648993492,0.017692627385258675,0.01921541802585125,0.017020413652062416,0.023924291133880615,0.047711219638586044,0.07934201508760452,0.3420127332210541
142.0,0.25089238584041595,0.05769725190475583,5.328787825078647,1.8604559577428377,0.18604559577428376,0.25089238584041595,0.06484678487938184,0.06484678487938184,0.016863694414496422,0.016967957839369774,0.018353911116719246,0.01637405902147293,0.02250460721552372,0.042993027716875076,0.07430100440979004,0.25321975350379944
143.0,0.2680645567866472,0.0958293448202312,5.297138275313044,1.9686857874576862,0.1968685787457686,0.2680645567866472,0.0711959765221064,0.0711959765221064,0.01895737275481224,0.018819084390997887,0.019945209845900536,0.018538685515522957,0.02793620340526104,0.05446280911564827,0.09752336144447327,0.5104520320892334
144.0,0.26554059179929584,0.0720481735188514,5.177751672683313,1.865528235068688,0.1865528235068688,0.26554059179929584,0.0789877692094216,0.0789877692094216,0.01740698702633381,0.0176091268658638,0.019016792997717857,0.017153361812233925,0.024395808577537537,0.04857014864683151,0.09436697512865067,0.3378661870956421
145.0,0.2599703279825357,0.050091767217963934,5.1258705459132665,1.8338092840634859,0.1833809284063486,0.2599703279825357,0.07658939608014546,0.07658939608014546,0.01815338060259819,0.018006179481744766,0.019668621942400932,0.017506638541817665,0.02424773946404457,0.046089984476566315,0.08005288988351822,0.1770087033510208
146.0,0.2671867907047272,0.10758333466947079,5.345764918983281,1.9819051394095788,0.19819051394095785,0.2671867907047272,0.0689962706886805,0.0689962706886805,0.018110034987330437,0.018374692648649216,0.019876791164278984,0.01746019348502159,0.02587711438536644,0.05485617369413376,0.10518283396959305,0.6009288430213928
147.0,0.2701051401404234,0.06689218454994261,5.356792546926384,1.8527673528744624,0.1852767352874463,0.2701051401404234,0.08482839940832211,0.08482839940832211,0.01779552735388279,0.017703013494610786,0.01929645612835884,0.017005352303385735,0.023749809712171555,0.04746948182582855,0.07991812378168106,0.3121997117996216
148.0,0.2391835840848776,0.07000568695366383,4.964950604353406,1.7566140110676105,0.1756614011067611,0.2391835840848776,0.06352218154531258,0.06352218154531258,0.01767127960920334,0.017726773396134377,0.019290124997496605,0.017100073397159576,0.023977745324373245,0.046900104731321335,0.08291934430599213,0.33446004986763
149.0,0.2596797851415781,0.05894169397652149,5.433101026951916,1.897868417776548,0.1897868417776548,0.2596797851415781,0.06989294462479077,0.06989294462479077,0.01792452670633793,0.017854055389761925,0.019442206248641014,0.017523491755127907,0.02438325062394142,0.047227416187524796,0.08347826451063156,0.24370034039020538
150.0,0.23987862983575234,0.05386456218548119,5.246294593983181,1.704936444759369,0.17049364447593693,0.23987862983575234,0.06938498066021846,0.06938498066021846,0.016694450750947,0.016937656328082085,0.01824878342449665,0.016474300995469093,0.02278941683471203,0.04287397116422653,0.07537093758583069,0.22152698040008545
151.0,0.25480472239164204,0.05015539936721325,5.200120565784124,1.799420232956226,0.17994202329562262,0.25480472239164204,0.07486269880945866,0.07486269880945866,0.018202848732471466,0.018004408106207848,0.01955864578485489,0.017447354272007942,0.024172909557819366,0.04340346157550812,0.07774454355239868,0.18270902335643768
152.0,0.26396805334549683,0.0946522681042552,5.588839355517722,1.825839597445268,0.18258395974452682,0.26396805334549683,0.08138409457527675,0.08138409457527675,0.017771713435649872,0.018012983724474907,0.0194060318171978,0.01724299229681492,0.025140248239040375,0.05199507996439934,0.10045403987169266,0.5071950554847717
153.0,0.2534400006899467,0.05398472328670323,5.326345243344383,1.7335124428455646,0.17335124428455645,0.2534400006899467,0.08008875812475498,0.08008875812475498,0.01781243272125721,0.01768430508673191,0.019313117489218712,0.017110595479607582,0.023803403601050377,0.04569193720817566,0.0761735662817955,0.21428842842578888
154.0,0.23517052771953437,0.11839723726734519,5.296856425326568,1.6716411113739014,0.16716411113739016,0.23517052771953437,0.06800641549321321,0.06800641549321321,0.018576685339212418,0.018857769668102264,0.02051267772912979,0.017914390191435814,0.027309102937579155,0.058829423040151596,0.11614718288183212,0.6690306663513184
155.0,0.2533696053119806,0.06400570343248546,5.401620047116462,1.6782306753672087,0.16782306753672088,0.2533696053119806,0.08554653966656098,0.08554653966656098,0.01774817518889904,0.01771983876824379,0.01934058777987957,0.01718800887465477,0.024225005879998207,0.04712054133415222,0.07772614061832428,0.2909773290157318
156.0,0.2276974652822201,0.06036609620787203,4.992565723315751,1.632850779936864,0.16328507799368636,0.2276974652822201,0.0644123820731273,0.0644123820731273,0.01744343340396881,0.01741250604391098,0.01903636008501053,0.016950273886322975,0.023481030017137527,0.04579354450106621,0.079857237637043,0.26295438408851624
157.0,0.24161592011268324,0.06520522735081613,5.343226901068544,1.6940072178840637,0.16940072178840637,0.24161592011268324,0.07221519216321982,0.07221519216321982,0.018678518012166023,0.01852216012775898,0.019800931215286255,0.01799975335597992,0.025589877739548683,0.04657448083162308,0.07594122737646103,0.2985348701477051
158.0,0.2552009947024859,0.08203205559402704,5.257967371939573,1.7287432230435884,0.1728743223043589,0.2552009947024859,0.08232667440405259,0.08232667440405259,0.01757935807108879,0.017713038250803947,0.019202785566449165,0.01713733933866024,0.02448577620089054,0.04909495636820793,0.09220433235168457,0.41883885860443115
159.0,0.23461705847428396,0.05362346861511469,5.029875301317746,1.6279937395682702,0.162799373956827,0.23461705847428396,0.0718176791874262,0.0718176791874262,0.018145199865102768,0.017922785133123398,0.01966015063226223,0.01741284690797329,0.02427079528570175,0.04673882946372032,0.08015474677085876,0.204682394862175
160.0,0.23005288896652368,0.11384256766177714,5.279186236476855,1.5621494742540212,0.15621494742540212,0.23005288896652368,0.07383793621109082,0.07383793621109082,0.01837620884180069,0.018636586144566536,0.020268872380256653,0.017756616696715355,0.026813717558979988,0.057297833263874054,0.11264250427484512,0.6389482021331787
161.0,0.24376265475383171,0.061035999562591314,5.366819760432673,1.61542632488104,0.16154263248810402,0.24376265475383171,0.08222001819656445,0.08222001819656445,0.01765286736190319,0.01760142482817173,0.019221415743231773,0.017103474587202072,0.023987697437405586,0.046457402408123016,0.07654616981744766,0.2697175443172455
162.0,0.2350474882584352,0.056210403330624104,5.162693618315728,1.6917477204249456,0.16917477204249456,0.2350474882584352,0.06587271506969745,0.06587271506969745,0.01728692650794983,0.01722157932817936,0.018833154812455177,0.01675889454782009,0.02304599992930889,0.04459363967180252,0.07830693572759628,0.23363609611988068
163.0,0.2414573201766381,0.08384955627843738,5.2883967371637555,1.676591708109929,0.1676591708109929,0.2414573201766381,0.07379814609885216,0.07379814609885216,0.018676992505788803,0.01867765374481678,0.020465875044465065,0.018006177619099617,0.026581594720482826,0.0514548122882843,0.09175863116979599,0.4251747131347656
164.0,0.23225452980169883,0.07599975285120308,5.183438151147576,1.6686129753406231,0.16686129753406234,0.23225452980169883,0.06539322865697053,0.06539322865697053,0.017582012340426445,0.017643937841057777,0.01920458674430847,0.017092591151595116,0.024122029542922974,0.047960590571165085,0.0867462158203125,0.3776460587978363
165.0,0.24183870336184135,0.044182148994877934,5.261462281599173,1.739510490344121,0.1739510490344121,0.24183870336184135,0.06788765280865706,0.06788765280865706,0.018338995054364204,0.01809547282755375,0.019731683656573296,0.017621535807847977,0.024306029081344604,0.044254202395677567,0.07915357500314713,0.13195569813251495
166.0,0.24240809679031372,0.10659373248927295,5.182134073762951,1.5880775910157423,0.15880775910157424,0.24240809679031372,0.0836003371156179,0.0836003371156179,0.01833331398665905,0.01860322616994381,0.0200798436999321,0.01774207316339016,0.026436947286128998,0.0564483217895031,0.11109916865825653,0.5840069651603699
167.0,0.22990813622107872,0.06780346971936524,5.0790345180751535,1.5814800629248986,0.15814800629248985,0.22990813622107872,0.07176012832384843,0.07176012832384843,0.018130436539649963,0.018010150641202927,0.019777894020080566,0.017415326088666916,0.02454918436706066,0.049018848687410355,0.08164812624454498,0.31387779116630554
168.0,0.23096700012683868,0.03384937229566276,5.317422993835862,1.5820645781663747,0.15820645781663747,0.23096700012683868,0.07276053841297443,0.07276053841297443,0.016664627939462662,0.016742072999477386,0.018185820430517197,0.01627562753856182,0.022298544645309448,0.0408821702003479,0.06820838153362274,0.07153773307800293
169.0,0.23528291342350152,0.040474837413057685,5.207415864657373,1.630894266642057,0.1630894266642057,0.23528291342350152,0.0721934801683976,0.0721934801683976,0.017450690269470215,0.01737111434340477,0.0190610159188509,0.017174726352095604,0.023944830521941185,0.043489713221788406,0.0762014165520668,0.1091051921248436
170.0,0.230072476542913,0.04126230557449162,5.197244621795074,1.6707416543593774,0.16707416543593773,0.230072476542913,0.06299830915836188,0.06299830915836188,0.01686733029782772,0.01700199395418167,0.018361283466219902,0.016800930723547935,0.02333439141511917,0.042746350169181824,0.06856483221054077,0.12642133235931396
171.0,0.239853554047071,0.05927063012495637,5.120509508601805,1.6164923401979299,0.161649234019793,0.239853554047071,0.07820431830791327,0.07820431830791327,0.017473014071583748,0.017510324716567993,0.019146233797073364,0.017130376771092415,0.02409476414322853,0.04541489854454994,0.07762978225946426,0.2557656466960907
172.0,0.21194171676268944,0.06183444336056709,4.844107029172175,1.559409233239981,0.1559409233239981,0.21194171676268944,0.05600079392584471,0.05600079392584471,0.017883392050862312,0.017816364765167236,0.019164564087986946,0.017365505918860435,0.02466657944023609,0.045435596257448196,0.07656510174274445,0.2757784426212311
173.0,0.23731329349371102,0.18341888207942247,5.444517336320607,1.565835911494035,0.1565835911494035,0.23731329349371102,0.0807296997652604,0.0807296997652604,0.021978238597512245,0.02247007191181183,0.02495240420103073,0.021055879071354866,0.03586162254214287,0.08367980271577835,0.1698572337627411,1.0874958038330078
174.0,0.23576848896650168,0.03833667701110244,5.389297248724564,1.565031335904048,0.15650313359040482,0.23576848896650168,0.07926535577728198,0.07926535577728198,0.01673947647213936,0.016773400828242302,0.018006104975938797,0.016196802258491516,0.022419380024075508,0.04161227494478226,0.060863081365823746,0.11408289521932602
175.0,0.2323571701462452,0.10617098957300186,4.826266572159867,1.5725193207080548,0.15725193207080548,0.2323571701462452,0.07510523412090081,0.07510523412090081,0.018786804750561714,0.018941441550850868,0.02055898867547512,0.01821836642920971,0.02724670246243477,0.05694478377699852,0.11139656603336334,0.5772742629051208
176.0,0.22870714160112235,0.10314186592586339,5.261755406066607,1.6142461254046514,0.1614246125404651,0.22870714160112235,0.06728252825828698,0.06728252825828698,0.01857731118798256,0.018532119691371918,0.01951810158789158,0.018273018300533295,0.027517959475517273,0.055730920284986496,0.09390775859355927,0.5730777382850647
177.0,0.2461289534201989,0.12092305556870997,5.247564091280195,1.6591129853175237,0.16591129853175238,0.2461289534201989,0.08021765087659542,0.08021765087659542,0.019256852567195892,0.019443463534116745,0.0211485568434,0.018661871552467346,0.028520911931991577,0.06143973395228386,0.1199532076716423,0.678959846496582
178.0,0.2452079550578044,0.05489758285693824,5.221155222037397,1.7674805384415846,0.17674805384415848,0.2452079550578044,0.06845989995277844,0.06845989995277844,0.017369117587804794,0.01732712611556053,0.01870078034698963,0.016886116936802864,0.023778820410370827,0.04346052557229996,0.07090864330530167,0.23074953258037567
179.0,0.24516251797859484,0.11739579238928854,5.225036668594414,1.6970954537391663,0.1697095453739166,0.24516251797859484,0.07545296876476361,0.07545296876476361,0.018782276660203934,0.019124558195471764,0.020712215453386307,0.018231982365250587,0.027822153642773628,0.06099790334701538,0.12116467207670212,0.6523305773735046
180.0,0.23413363786844107,0.04257483477704227,5.35623028151066,1.595607042312622,0.15956070423126217,0.23413363786844107,0.07457293312136944,0.07457293312136944,0.016697652637958527,0.01667991280555725,0.017953630536794662,0.016132239252328873,0.022390073165297508,0.041732724756002426,0.06147664412856102,0.1475358009338379
181.0,0.23579497291491583,0.16592322383075953,4.950676882716029,1.6461996206870446,0.16461996206870447,0.23579497291491583,0.07117500614661437,0.07117500614661437,0.02086271345615387,0.021318884566426277,0.023570677265524864,0.019957304000854492,0.0333649143576622,0.07739541679620743,0.1558992862701416,0.9750165939331055
182.0,0.23314169049263,0.041367202531546354,5.207461312113358,1.5768742102843065,0.15768742102843064,0.23314169049263,0.07545426659859143,0.07545426659859143,0.01639404706656933,0.016528338193893433,0.017811376601457596,0.016015060245990753,0.02239108271896839,0.04077883064746857,0.061862945556640625,0.13915593922138214
183.0,0.2275517565699724,0.15401492943055928,5.000016589538556,1.5528729878939116,0.15528729878939113,0.2275517565699724,0.07226445540212668,0.07226445540212668,0.020085930824279785,0.020450130105018616,0.02253512665629387,0.019248632714152336,0.03127541393041611,0.07155057042837143,0.14313863217830658,0.9038349986076355
184.0,0.22344287312947786,0.04084592033177614,5.005816508130399,1.5394850327418401,0.15394850327418402,0.22344287312947786,0.06949436607269141,0.06949436607269141,0.016682924702763557,0.016639841720461845,0.018172819167375565,0.01603991538286209,0.022252753376960754,0.04023078456521034,0.0690319761633873,0.12771634757518768
185.0,0.22091512038157538,0.07002558279782534,5.0189021237968525,1.4973063056285565,0.14973063056285565,0.22091512038157538,0.0711844890163495,0.0711844890163495,0.01735016144812107,0.017421072348952293,0.018981456756591797,0.017080703750252724,0.023991277441382408,0.046867869794368744,0.08652712404727936,0.3319849967956543
186.0,0.20937524850551897,0.03188841650262475,5.035395185050508,1.4485563039779663,0.14485563039779664,0.20937524850551897,0.06451961541405091,0.06451961541405091,0.01686677522957325,0.01687147282063961,0.018304413184523582,0.016560012474656105,0.023106493055820465,0.04240929335355759,0.0720367282629013,0.048952143639326096
187.0,0.21743413576712975,0.09868729813024402,5.051275275524487,1.4713795139239385,0.14713795139239386,0.21743413576712975,0.0702961809360064,0.0702961809360064,0.01829279027879238,0.01844922825694084,0.020087679848074913,0.01786770485341549,0.026453958824276924,0.05393321439623833,0.10438713431358337,0.5300266742706299
188.0,0.2098316693535218,0.047435267362743616,5.011141501487889,1.4270018935203552,0.14270018935203552,0.2098316693535218,0.0671314770499101,0.0671314770499101,0.016827944666147232,0.017041847109794617,0.01843610405921936,0.016513710841536522,0.023280857130885124,0.04341750219464302,0.07171037048101425,0.1722538024187088
189.0,0.20529305476408738,0.11448749527335167,4.722273982160067,1.4165439972510705,0.14165439972510707,0.20529305476408738,0.06363865360617638,0.06363865360617638,0.019114583730697632,0.019293634220957756,0.021044941619038582,0.018503397703170776,0.0281120166182518,0.058730438351631165,0.11332469433546066,0.637776255607605
190.0,0.2111386897472235,0.05133887752890587,4.807456457971123,1.4313405935580914,0.14313405935580917,0.2111386897472235,0.06800462907323471,0.06800462907323471,0.016822662204504013,0.016970792785286903,0.01840425841510296,0.016291117295622826,0.02293863706290722,0.04341776669025421,0.07184445112943649,0.20402133464813232
191.0,0.21608456510763902,0.08023079810664058,4.935676827376238,1.5171208794300373,0.15171208794300373,0.21608456510763902,0.06437247533064622,0.06437247533064622,0.017513731494545937,0.01772143505513668,0.0192729402333498,0.017239470034837723,0.024794330820441246,0.050182096660137177,0.097658671438694,0.39746370911598206
192.0,0.21443981390732986,0.06168955797329545,5.06442669358555,1.4676396479973426,0.14676396479973425,0.21443981390732986,0.06767584297519463,0.06767584297519463,0.017046267166733742,0.017231222242116928,0.01863928698003292,0.016462363302707672,0.023406237363815308,0.045045457780361176,0.07550973445177078,0.2801758944988251
193.0,0.20649894957359022,0.0836533319670707,4.934050971020335,1.450248544032757,0.1450248544032757,0.20649894957359022,0.06147409287782816,0.06147409287782816,0.017668766900897026,0.01784878969192505,0.019455714151263237,0.01737019792199135,0.025034720078110695,0.05012740194797516,0.0975610613822937,0.4241600036621094
194.0,0.219509417620989,0.03510443028062582,5.097730923375731,1.501843585417821,0.15018435854178208,0.219509417620989,0.06932505707328136,0.06932505707328136,0.016420312225818634,0.016616234555840492,0.01800747588276863,0.016124427318572998,0.022538742050528526,0.04180723801255226,0.06776954233646393,0.08155146986246109
195.0,0.2204055877832266,0.06996474624611437,4.81613006360051,1.5270617787654583,0.15270617787654586,0.2204055877832266,0.06769940529305202,0.06769940529305202,0.018342146649956703,0.01834556832909584,0.02012891136109829,0.017640136182308197,0.025393033400177956,0.04865516349673271,0.08775901794433594,0.32345399260520935
196.0,0.2101812448639136,0.12490642559714615,5.032046375211598,1.420585423707962,0.1420585423707962,0.2101812448639136,0.06812269799411297,0.06812269799411297,0.018731344491243362,0.019066106528043747,0.021135395392775536,0.018269281834363937,0.028461486101150513,0.06079366058111191,0.12115836143493652,0.7116357684135437
197.0,0.24008030616320097,0.06341583444736898,5.197702656714355,1.4515241980552673,0.14515241980552673,0.24008030616320097,0.09492788435174869,0.09492788435174869,0.017804400995373726,0.017920056357979774,0.019494840875267982,0.017225222662091255,0.02474820800125599,0.04745214059948921,0.0784333348274231,0.2842484712600708
198.0,0.20364269155722398,0.04675081092864275,4.934698728752478,1.4408741960158715,0.14408741960158716,0.20364269155722398,0.05955526934793362,0.05955526934793362,0.016659485176205635,0.016821688041090965,0.018370555713772774,0.016360336914658546,0.02271246910095215,0.042866241186857224,0.07341080158948898,0.16680490970611572
199.0,0.20894988740866,0.0783067625015974,4.766553113504345,1.402679402094621,0.14026794020946212,0.20894988740866,0.0686819481735046,0.0686819481735046,0.017999572679400444,0.01801239885389805,0.019787339493632317,0.017516087740659714,0.025170234963297844,0.04964662343263626,0.08659430593252182,0.3917275369167328
200.0,0.20438743726565287,0.07978749414905906,4.711232334643868,1.42208865743417,0.142208865743417,0.20438743726565287,0.06217856647876593,0.06217856647876593,0.017407288774847984,0.017678340896964073,0.019161537289619446,0.01690090447664261,0.02431746944785118,0.04848050698637962,0.0862576812505722,0.40809622406959534
201.0,0.22126972961884278,0.05144408904016018,5.136620007786062,1.4472453823456397,0.144724538234564,0.22126972961884278,0.07654518548112649,0.07654518548112649,0.01802091859281063,0.017895255237817764,0.019274011254310608,0.017345422878861427,0.02458830177783966,0.046040479093790054,0.07628259807825089,0.1921057254076004
202.0,0.21882907243875357,0.08736422099173069,5.067583969682827,1.4474416214686174,0.14474416214686175,0.21882907243875357,0.07408490862983924,0.07408490862983924,0.017290113493800163,0.017550507560372353,0.01904311776161194,0.016994014382362366,0.024708863347768784,0.04958095774054527,0.095211923122406,0.45853427052497864
203.0,0.21988530170459014,0.05520119075663388,4.752101237483928,1.4486211171517005,0.14486211171517005,0.21988530170459014,0.07502318890048908,0.07502318890048908,0.017613066360354424,0.017478525638580322,0.019276833161711693,0.017079129815101624,0.023798862472176552,0.04556066170334816,0.07870731502771378,0.22209513187408447
204.0,0.2065061846604714,0.09855048637837172,4.848405445283567,1.3849239762012775,0.13849239762012774,0.2065061846604714,0.06801378497710595,0.06801378497710595,0.0175134539604187,0.017810778692364693,0.019380217418074608,0.0170611422508955,0.025268180295825005,0.051730040460824966,0.09769885241985321,0.541941225528717
205.0,0.2243818543278254,0.053213026374578476,5.040896702503539,1.4266408681869507,0.14266408681869508,0.2243818543278254,0.08171776309609413,0.08171776309609413,0.017463281750679016,0.017454370856285095,0.019113412126898766,0.016853153705596924,0.023662598803639412,0.044663481414318085,0.07468868792057037,0.21180522441864014
206.0,0.20265253977133676,0.10520650679245591,4.978889109847801,1.3950627056451945,0.13950627056451945,0.20265253977133676,0.06314626565346351,0.06314626565346351,0.017750898376107216,0.018048318102955818,0.019712209701538086,0.01727631501853466,0.025878923013806343,0.053813740611076355,0.10315851122140884,0.58601313829422
207.0,0.22025038817754158,0.059113248251378536,5.03043223104281,1.370335565163539,0.1370335565163539,0.22025038817754158,0.08321683022838372,0.08321683022838372,0.017378177493810654,0.017421726137399673,0.019104739651083946,0.016967030242085457,0.023971792310476303,0.045346859842538834,0.07624965906143188,0.25646600127220154
208.0,0.19837400661065027,0.05245701689273119,4.869417807980569,1.3672483609272883,0.13672483609272884,0.19837400661065027,0.06164916977286339,0.06164916977286339,0.016787651926279068,0.016965165734291077,0.018452269956469536,0.01640809141099453,0.02288203313946724,0.04351523146033287,0.0741320550441742,0.210513636469841
209.0,0.20578588545322418,0.058750525349751115,4.752930264619632,1.3785810929078322,0.13785810929078324,0.20578588545322418,0.06792777475829308,0.06792777475829308,0.01848212629556656,0.01830325834453106,0.019778747111558914,0.017787743359804153,0.02522164210677147,0.04638729244470596,0.07840792834758759,0.24563546478748322
210.0,0.21725736558437347,0.06860933918505907,5.158522254284907,1.3517305942682118,0.1351730594268212,0.21725736558437347,0.08208430243226197,0.08208430243226197,0.01678641512989998,0.017064444720745087,0.018519297242164612,0.0165613554418087,0.023438680917024612,0.04551192745566368,0.0811414122581482,0.3298511803150177
211.0,0.2110454743871322,0.0339521742425859,4.967366236770269,1.3799971158687885,0.13799971158687885,0.2110454743871322,0.07304575724097398,0.07304575724097398,0.017317747697234154,0.01730322279036045,0.01889236457645893,0.01689285598695278,0.02330111339688301,0.0424656942486763,0.07186853140592575,0.0635758638381958
212.0,0.2034391096005073,0.10734813357703388,4.702998603525443,1.3394971833779261,0.13394971833779262,0.2034391096005073,0.06948939195046058,0.06948939195046058,0.017984796315431595,0.018273362889885902,0.019839659333229065,0.01754623092710972,0.026204219087958336,0.05604290962219238,0.10934755951166153,0.5935463309288025
213.0,0.2136766773003798,0.06329875928349793,4.916008284807789,1.3668852494313166,0.13668852494313166,0.2136766773003798,0.07698815401930076,0.07698815401930076,0.017501605674624443,0.01747206039726734,0.019242502748966217,0.01701699197292328,0.023929929360747337,0.04619874432682991,0.0786854699254036,0.2863427698612213
214.0,0.19694130409222382,0.05278474627994001,4.840408724894845,1.3347652921309838,0.13347652921309835,0.19694130409222382,0.0634647745352525,0.0634647745352525,0.01676465943455696,0.01691611483693123,0.01839367114007473,0.016307415440678596,0.0226887334138155,0.043097566813230515,0.07339833676815033,0.21471147239208221
215.0,0.2008578765850801,0.04021010757423937,4.892357722748861,1.3612588552328257,0.13612588552328256,0.2008578765850801,0.0647319841843385,0.0647319841843385,0.017086397856473923,0.01708982139825821,0.018723884597420692,0.01693224161863327,0.023633461445569992,0.04331386089324951,0.07361872494220734,0.11128246784210205
216.0,0.20018062052818444,0.03938680235296488,4.946762560959657,1.343038036273076,0.13430380362730762,0.20018062052818444,0.06587681403526893,0.06587681403526893,0.01633882150053978,0.016616472974419594,0.018045691773295403,0.01628749631345272,0.022658759728074074,0.04264111444354057,0.07126094400882721,0.11124511808156967
217.0,0.20531802681776193,0.050958519568666816,4.749538250119491,1.3560104278417735,0.13560104278417734,0.20531802681776193,0.06971697996442135,0.06971697996442135,0.01816832460463047,0.018016478046774864,0.019465239718556404,0.01751122437417507,0.024479473009705544,0.04440296068787575,0.07685885578393936,0.18876560032367706
218.0,0.21496880914156252,0.07232777215540409,5.0650221228014365,1.378284413080949,0.1378284413080949,0.21496880914156252,0.0771403659421664,0.0771403659421664,0.016900265589356422,0.0171806700527668,0.018645653501152992,0.016664104536175728,0.02373475767672062,0.04627896472811699,0.0832047313451767,0.3560130298137665
219.0,0.20491242981874025,0.04067023051902652,4.920256429617913,1.306407284278136,0.1306407284278136,0.20491242981874025,0.07427169697789046,0.07427169697789046,0.017382830381393433,0.0174478217959404,0.019037704914808273,0.016990430653095245,0.023629751056432724,0.04315534606575966,0.07239878922700882,0.11531917005777359
220.0,0.2002607463644101,0.10385436238721013,4.796191551397151,1.3189163712354808,0.13189163712354807,0.2002607463644101,0.06836910660450275,0.06836910660450275,0.017888862639665604,0.018155494704842567,0.01974024623632431,0.017466792836785316,0.02593674138188362,0.0545743852853775,0.10629311203956604,0.5707792639732361
221.0,0.2082581537274214,0.06890443875454366,4.81978216622717,1.3201239773860345,0.13201239773860346,0.2082581537274214,0.07624575151846959,0.07624575151846959,0.017946293577551842,0.017875559628009796,0.01971307396888733,0.017310425639152527,0.02446865662932396,0.04784348979592323,0.08347654342651367,0.32260146737098694
222.0,0.20055346878675315,0.11095472611486912,4.959239372214477,1.3462710563953106,0.13462710563953106,0.20055346878675315,0.06592636354840718,0.06592636354840718,0.0179635901004076,0.01823953166604042,0.019975906237959862,0.01750132441520691,0.026311252266168594,0.055518344044685364,0.10841424763202667,0.6237136125564575
223.0,0.2124412925197528,0.06359829683788121,4.980701876767702,1.3192293300078466,0.13192293300078467,0.2124412925197528,0.08051835917509519,0.08051835917509519,0.017469292506575584,0.017521051689982414,0.019246529787778854,0.017019737511873245,0.024119460955262184,0.04590645805001259,0.07779990881681442,0.28970393538475037
224.0,0.1984670769709807,0.050570127787068486,4.773961430273947,1.3616801041823168,0.13616801041823165,0.1984670769709807,0.06229906357251681,0.06229906357251681,0.016732607036828995,0.016895389184355736,0.018431946635246277,0.016363516449928284,0.02271454408764839,0.04300132766366005,0.07395286113023758,0.19646883010864258
225.0,0.20524092477101546,0.08759379689581692,4.788268852530508,1.3562984764575958,0.13562984764575958,0.20524092477101546,0.06961107755509707,0.06961107755509707,0.0183562058955431,0.01843121461570263,0.02029343508183956,0.017791150137782097,0.026172896847128868,0.05138346552848816,0.09369952976703644,0.4546224772930145
226.0,0.19073782975857073,0.06100751692429185,4.847651520540115,1.301722499040457,0.1301722499040457,0.19073782975857073,0.06056557910946699,0.06056557910946699,0.017635811120271683,0.01751597598195076,0.018841659650206566,0.017093978822231293,0.024130305275321007,0.04630202800035477,0.07858125865459442,0.2679591178894043
227.0,0.20428177886284316,0.1419848504010588,4.760317362087701,1.3268362810978522,0.13268362810978523,0.20428177886284316,0.0715981458242123,0.0715981458242123,0.019837211817502975,0.02012738026678562,0.022173473611474037,0.01923150010406971,0.03045123815536499,0.06853261590003967,0.1371639221906662,0.8183614611625671
228.0,0.2054438327367489,0.03846988664008677,4.733012474540799,1.3511258363723755,0.13511258363723752,0.2054438327367489,0.0703312511054369,0.0703312511054369,0.01692400872707367,0.016860900446772575,0.01834891177713871,0.016401764005422592,0.02259148098528385,0.04095538333058357,0.06930702924728394,0.10636961460113525
229.0,0.19822286699826902,0.07093995925970376,4.453188611311813,1.306847414145103,0.1306847414145103,0.19822286699826902,0.06753812429423516,0.06753812429423516,0.017439140006899834,0.01746692880988121,0.019191652536392212,0.017203235998749733,0.02445257641375065,0.0476556159555912,0.08561708778142929,0.3384934365749359
230.0,0.1878465568790069,0.04041317664086819,4.598876187233291,1.2855412707878993,0.12855412707878994,0.1878465568790069,0.05929242733579416,0.05929242733579416,0.017092833295464516,0.01704140566289425,0.018432192504405975,0.016601771116256714,0.023237071931362152,0.044314198195934296,0.07426456362009048,0.11232137680053711
231.0,0.20136296577178514,0.08036008919589221,4.833592927227898,1.2896571319836836,0.1289657131983684,0.20136296577178514,0.07239725039555477,0.07239725039555477,0.017505867406725883,0.0176030695438385,0.0192364901304245,0.017216186970472336,0.024736113846302032,0.048733990639448166,0.08710072189569473,0.41074827313423157
232.0,0.19068637031775254,0.11317329644225538,4.768023051477662,1.3082348154141352,0.13082348154141354,0.19068637031775254,0.05986288777337624,0.05986288777337624,0.019032185897231102,0.019098106771707535,0.020329123362898827,0.018752533942461014,0.029150465503335,0.06010029464960098,0.10525684803724289,0.6336668133735657
233.0,0.2098766857614884,0.08743046247400343,4.740273713137612,1.2757762257869427,0.12757762257869426,0.2098766857614884,0.08229906283892117,0.08229906283892117,0.017636839300394058,0.017850825563073158,0.01942645199596882,0.017433160915970802,0.025423560291528702,0.05247696861624718,0.10299543291330338,0.4462004601955414
234.0,0.1919641116490731,0.07354685850441456,4.721949641889624,1.2678156953591566,0.12678156953591568,0.1919641116490731,0.06518253984932716,0.06518253984932716,0.017214655876159668,0.017506245523691177,0.019048338755965233,0.016592418774962425,0.024101678282022476,0.04719286784529686,0.08385711908340454,0.3628615438938141
235.0,0.19753857186207405,0.05802130978554487,4.798250834555536,1.28688246011734,0.128688246011734,0.19753857186207405,0.06885032155192815,0.06885032155192815,0.017208464443683624,0.01731063798069954,0.018936116248369217,0.016895564272999763,0.023851854726672173,0.0446082204580307,0.07621005922555923,0.24914956092834473
236.0,0.1901894326393421,0.05449354602023959,4.72451662582898,1.269202979711386,0.12692029797113857,0.1901894326393421,0.06326913461089134,0.06326913461089134,0.01642521470785141,0.01678483746945858,0.018180690705776215,0.016333959996700287,0.022933246567845345,0.04391808435320854,0.07571220397949219,0.22566013038158417
237.0,0.19505250855134085,0.0506529847625643,4.4842676223525935,1.2653115254182081,0.12653115254182085,0.19505250855134085,0.06852135320122425,0.06852135320122425,0.018044302240014076,0.017894543707370758,0.019425978884100914,0.01740770973265171,0.024206683039665222,0.0442785918712616,0.07801109552383423,0.1859549731016159
238.0,0.2109870841869941,0.07307225442491472,5.007147223087781,1.3216980970822847,0.13216980970822848,0.2109870841869941,0.0788172732752103,0.0788172732752103,0.016873963177204132,0.01718498207628727,0.018632754683494568,0.016621356830000877,0.023740222677588463,0.04670892655849457,0.08158896863460541,0.36322686076164246
239.0,0.19884388206096795,0.04117106576450169,4.776716148120544,1.2616222363251905,0.12616222363251905,0.19884388206096795,0.07268165453122212,0.07268165453122212,0.01749172993004322,0.017538316547870636,0.019100110977888107,0.017050502821803093,0.02365204505622387,0.043629877269268036,0.07308695465326309,0.11781898885965347
240.0,0.19362807560425538,0.1017186229582876,4.570065823955707,1.2561613802726452,0.1256161380272645,0.19362807560425538,0.06801193436750999,0.06801193436750999,0.01772848702967167,0.018002111464738846,0.019620511680841446,0.01735597848892212,0.02567894756793976,0.0536557100713253,0.10311843454837799,0.5585888028144836
241.0,0.19757294482909715,0.05519385333172977,4.733243623936563,1.2250510224929223,0.12250510224929222,0.19757294482909715,0.07506784051656723,0.07506784051656723,0.017454514279961586,0.017519455403089523,0.019184373319149017,0.016979701817035675,0.023786578327417374,0.04462723061442375,0.07560110092163086,0.22639787197113037
242.0,0.18513591988728598,0.10371574992313981,4.663355357311722,1.225121979530041,0.1225121979530041,0.18513591988728598,0.06262371861017667,0.06262371861017667,0.017706135287880898,0.01798287034034729,0.019673405215144157,0.017309807240962982,0.025705937296152115,0.05339153856039047,0.10261168330907822,0.5753446221351624
243.0,0.19771692328728163,0.06615625321865082,4.514520583120948,1.2164046145402467,0.12164046145402467,0.19771692328728163,0.07607646343799737,0.07607646343799737,0.017786595970392227,0.017802109941840172,0.0195978581905365,0.01724868267774582,0.02433195523917675,0.04656553268432617,0.08272717893123627,0.30319011211395264
244.0,0.18349960159796935,0.0981335120741278,4.711595966229901,1.213831631036905,0.12138316310369054,0.18349960159796935,0.06211643465436422,0.06211643465436422,0.01750706508755684,0.017820894718170166,0.01951054111123085,0.01710771769285202,0.025240181013941765,0.05159581080079079,0.09574072062969208,0.5405451655387878
245.0,0.20089150564028666,0.05553673394024372,4.807745296120225,1.2140007064892695,0.12140007064892695,0.20089150564028666,0.07949143103682078,0.07949143103682078,0.017334317788481712,0.01744767464697361,0.019094005227088928,0.016931157559156418,0.02375970408320427,0.04462169110774994,0.07542931288480759,0.2296760082244873
246.0,0.1841327605339197,0.10867277067154646,4.591317843957212,1.2405669368230379,0.12405669368230382,0.1841327605339197,0.06007606278245266,0.06007606278245266,0.017906714230775833,0.018206041306257248,0.01992115005850792,0.017528902739286423,0.026246938854455948,0.05559003725647926,0.1088402047753334,0.6051421761512756
247.0,0.20623084558890417,0.06369869667105377,4.952563878868242,1.2642027345987468,0.12642027345987467,0.20623084558890417,0.07981057035235259,0.07981057035235259,0.017466705292463303,0.017617257311940193,0.019288791343569756,0.017075182870030403,0.024230442941188812,0.045984961092472076,0.07736780494451523,0.29055842757225037
248.0,0.18653710874227378,0.04612144618295133,4.697233815098024,1.2662888398537269,0.1266288839853727,0.18653710874227378,0.05990822154742021,0.05990822154742021,0.016670122742652893,0.01688283495604992,0.01827380433678627,0.01630197837948799,0.022739846259355545,0.0428839735686779,0.07194706052541733,0.1632719486951828
249.0,0.18686873007279176,0.06711826357059181,4.463457892195789,1.2187347366259649,0.12187347366259647,0.18686873007279176,0.06499525345861912,0.06499525345861912,0.01762276329100132,0.017606085166335106,0.019504358991980553,0.017278527840971947,0.024292686954140663,0.047024331986904144,0.08146210759878159,0.31215524673461914
250.0,0.18830845447687003,0.06010794616304338,4.496407175505621,1.2627751712615674,0.12627751712615673,0.18830845447687003,0.062030935946565405,0.062030935946565405,0.016689270734786987,0.016966337338089943,0.018413027748465538,0.016261909157037735,0.0228335652500391,0.043981581926345825,0.07544273138046265,0.27027514576911926
251.0,0.19959114549251702,0.050081608118489385,4.308317703251053,1.3178418920590327,0.13178418920590326,0.19959114549251702,0.06780694897931355,0.06780694897931355,0.017431683838367462,0.017442846670746803,0.01908441074192524,0.016866091638803482,0.023424824699759483,0.043485235422849655,0.0740925669670105,0.18882520496845245
252.0,0.18906313295547778,0.11308714933693409,4.581367197224441,1.2561717560658088,0.1256171756065809,0.18906313295547778,0.06344595350898229,0.06344595350898229,0.01790505088865757,0.01821962371468544,0.0200155321508646,0.017489280551671982,0.026350270956754684,0.05628582835197449,0.11066602170467377,0.6377655863761902
253.0,0.2001978371005792,0.07400723290629685,4.663916968689586,1.23311424943117,0.12331142494311702,0.2001978371005792,0.07688640688474362,0.07688640688474362,0.017670506611466408,0.01775367185473442,0.019518190994858742,0.01716252975165844,0.024447046220302582,0.047537531703710556,0.0855432078242302,0.36242517828941345
254.0,0.18434770978414095,0.038593055913224816,4.834696501311556,1.2469819875863881,0.12469819875863884,0.18434770978414095,0.059649511598623715,0.059649511598623715,0.016519080847501755,0.016652358695864677,0.017989398911595345,0.016091682016849518,0.022343413904309273,0.041600365191698074,0.0674908310174942,0.11005731672048569
255.0,0.19882358037508452,0.030587547924369574,4.702704877400354,1.280134113935324,0.1280134113935324,0.19882358037508452,0.07081016998451489,0.07081016998451489,0.01663045398890972,0.016712350770831108,0.018133874982595444,0.016278374940156937,0.02253398671746254,0.04092390835285187,0.07151094079017639,0.04197649285197258
256.0,0.18629795255569312,0.09984945971518755,4.589413890036267,1.2903834994022663,0.12903834994022664,0.18629795255569312,0.05725960017969975,0.05725960017969975,0.01908736489713192,0.019277002662420273,0.020952440798282623,0.018860286101698875,0.028313923627138138,0.058988746255636215,0.11760669201612473,0.5157092213630676
257.0,0.20434127404139593,0.03606321522966027,4.817594437938967,1.240259899542882,0.12402598995428817,0.20434127404139593,0.080315279846008,0.080315279846008,0.016411559656262398,0.016608508303761482,0.017997460439801216,0.016182666644454002,0.02256375551223755,0.04085633158683777,0.07141268998384476,0.08647274971008301
258.0,0.1838397509776629,0.1882622290868312,4.745976885585932,1.2387713698240428,0.12387713698240427,0.1838397509776629,0.05996261135889934,0.05996261135889934,0.021985378116369247,0.022435029968619347,0.02527558244764805,0.02128094993531704,0.03604453057050705,0.08505457639694214,0.1724492907524109,1.121572494506836
259.0,0.19502384960651398,0.046156520023941994,4.744957368251691,1.1657716906987703,0.11657716906987704,0.19502384960651398,0.07844667681134664,0.07844667681134664,0.016645638272166252,0.016777869313955307,0.018171878531575203,0.016139740124344826,0.022565895691514015,0.04242181032896042,0.06857039779424667,0.16795893013477325
260.0,0.18281167057844308,0.14133352739736438,4.516599466014656,1.1814207824376912,0.11814207824376916,0.18281167057844308,0.06466958757776481,0.06466958757776481,0.019378121942281723,0.019755959510803223,0.021650368347764015,0.0188385471701622,0.02994740568101406,0.06928686052560806,0.1372910737991333,0.8145198822021484
261.0,0.18917048493256935,0.05276721972040832,4.684739598341073,1.1621985229162068,0.1162198522916207,0.18917048493256935,0.07295063138008118,0.07295063138008118,0.016950007528066635,0.017027657479047775,0.01843228191137314,0.01635928824543953,0.02296583168208599,0.04390702769160271,0.07033071666955948,0.2161649465560913
262.0,0.19630330915634447,0.12483831495046616,4.802955786075936,1.2777252013866718,0.1277725201386672,0.19630330915634447,0.06853078878842868,0.06853078878842868,0.01859242282807827,0.01886758953332901,0.02077045664191246,0.01811138540506363,0.027919365093111992,0.06188981235027313,0.12228156626224518,0.7102739214897156
263.0,0.19914174538392287,0.04695702064782381,4.924699033751933,1.2697021823662977,0.12697021823662977,0.19914174538392287,0.07217152359393927,0.07217152359393927,0.017204297706484795,0.017174221575260162,0.01847861148416996,0.016673987731337547,0.023645849898457527,0.04588240385055542,0.07188662886619568,0.1647101640701294
264.0,0.19985293195797846,0.13982511195354164,4.674432994080087,1.3011030417222242,0.13011030417222244,0.19985293195797846,0.06974262428971437,0.06974262428971437,0.01931324042379856,0.019657162949442863,0.021679401397705078,0.01880662515759468,0.02971048094332218,0.0671972781419754,0.13452886044979095,0.8077078461647034
265.0,0.19197962089226797,0.061277888249605894,4.859431555930477,1.2163811257252326,0.12163811257252329,0.19197962089226797,0.07034150281777748,0.07034150281777748,0.016889303922653198,0.016885746270418167,0.018167071044445038,0.016481228172779083,0.023403361439704895,0.045649684965610504,0.07573272287845612,0.27701398730278015
266.0,0.20043754634948877,0.12524334248155355,4.711924284615228,1.2861475165073688,0.12861475165073688,0.20043754634948877,0.07182279315132362,0.07182279315132362,0.018626632168889046,0.018894735723733902,0.020969921723008156,0.018194910138845444,0.028068579733371735,0.060520242899656296,0.11992395669221878,0.7167477607727051
267.0,0.1876243410202173,0.048801104770973325,4.521395563394256,1.2399031542814696,0.12399031542814695,0.1876243410202173,0.06363402450313935,0.06363402450313935,0.017215875908732414,0.017112689092755318,0.01855454593896866,0.016599541530013084,0.02334475889801979,0.04410676658153534,0.07298862189054489,0.1804860383272171
268.0,0.19981215091852042,0.1316051355097443,4.770945030602599,1.2669252111361577,0.12669252111361579,0.19981215091852042,0.07311963032071407,0.07311963032071407,0.018832214176654816,0.01910967193543911,0.021336328238248825,0.018403030931949615,0.02864375337958336,0.062047820538282394,0.12278193980455399,0.7616863250732422
269.0,0.18527197723205274,0.03923405637033284,4.695106786873362,1.2054338363500743,0.1205433836350074,0.18527197723205274,0.06472859130455898,0.06472859130455898,0.016716839745640755,0.016701502725481987,0.018100274726748466,0.016275126487016678,0.022726863622665405,0.042054757475852966,0.06785458326339722,0.11344250291585922
270.0,0.1966969519853592,0.11380367004312575,4.516777348623468,1.2856155175429125,0.12856155175429124,0.1966969519853592,0.06813539564609528,0.06813539564609528,0.018296606838703156,0.018574487417936325,0.020282704383134842,0.017912326380610466,0.02717001363635063,0.058941133320331573,0.11581820994615555,0.6334338784217834
271.0,0.19204685894342569,0.048416292294859886,4.5566802720767425,1.2627304563155541,0.1262730456315554,0.19204685894342569,0.06577380947195567,0.06577380947195567,0.01685453951358795,0.016855228692293167,0.01831153966486454,0.016293194144964218,0.022730441763997078,0.04274372383952141,0.06768501549959183,0.1858566552400589
272.0,0.1888551815198018,0.12308694398961961,4.585686754307611,1.2156160175800323,0.12156160175800325,0.1888551815198018,0.06729357603650826,0.06729357603650826,0.018400881439447403,0.018687695264816284,0.020573224872350693,0.017962725833058357,0.02761496976017952,0.06056107580661774,0.1193716749548912,0.7015233039855957
273.0,0.18257456788649926,0.03615257213823497,4.542936615362609,1.1825248553202703,0.11825248553202702,0.18257456788649926,0.06432208132285339,0.06432208132285339,0.01635175384581089,0.016321256756782532,0.017749527469277382,0.015979263931512833,0.02199382148683071,0.03997550904750824,0.06690151989459991,0.09394792467355728
274.0,0.1930879411789087,0.09205590421333909,4.4441986898931205,1.246890175801057,0.12468901758010573,0.1930879411789087,0.06839891652075145,0.06839891652075145,0.017971841618418694,0.0180803369730711,0.019956815987825394,0.01747765950858593,0.02583615668118,0.05205104872584343,0.09464388340711594,0.49042949080467224
275.0,0.1854111277140104,0.042771744541823864,4.52956500217304,1.2419741382965674,0.12419741382965674,0.1854111277140104,0.06121371027368765,0.06121371027368765,0.016835546121001244,0.016856860369443893,0.018291926011443138,0.01633021980524063,0.022946126759052277,0.04348762333393097,0.07092665135860443,0.13649900257587433
276.0,0.18183702058517015,0.0720944395288825,4.3503729067334636,1.1503322239105518,0.11503322239105519,0.18183702058517015,0.06680379636012591,0.06680379636012591,0.016960855573415756,0.017137274146080017,0.0187806598842144,0.016906553879380226,0.02412590943276882,0.04656952619552612,0.0853613018989563,0.3509134352207184
277.0,0.17485928019652,0.04739349405281246,4.510653215624701,1.1423280262030089,0.11423280262030087,0.17485928019652,0.060626476716536745,0.060626476716536745,0.016746344044804573,0.016946563497185707,0.018375687301158905,0.016275906935334206,0.023149002343416214,0.044020283967256546,0.073100745677948,0.1705334186553955
278.0,0.17892402811692312,0.08171521127223969,4.500591826067361,1.151325326699477,0.1151325326699477,0.17892402811692312,0.06379149567622405,0.06379149567622405,0.017253685742616653,0.017381124198436737,0.019056620076298714,0.017102649435400963,0.02456839382648468,0.04876619949936867,0.0891043022274971,0.42048871517181396
279.0,0.18018936537779295,0.030315346783027053,4.522798270982784,1.1830262220822847,0.11830262220822847,0.18018936537779295,0.061886738412655316,0.061886738412655316,0.016055278480052948,0.016206955537199974,0.01763906516134739,0.015801377594470978,0.021927347406744957,0.040494173765182495,0.0692351832985878,0.04516339302062988
280.0,0.1773661392239424,0.05376419797539711,4.264477831910503,1.146296086219641,0.1146296086219641,0.1773661392239424,0.06273653200612618,0.06273653200612618,0.017468897625803947,0.01745905727148056,0.019209057092666626,0.01716070994734764,0.023885836824774742,0.04435775429010391,0.07697159051895142,0.21360068023204803
281.0,0.18461993852486977,0.11483388626947999,4.668281554461411,1.138331406391584,0.11383314063915839,0.18461993852486977,0.0707867996623883,0.0707867996623883,0.01772253029048443,0.018059462308883667,0.01990141160786152,0.01736086793243885,0.02635781653225422,0.05679035186767578,0.11170768737792969,0.6507709622383118
282.0,0.19133657732835183,0.07950507826171815,4.6957329889903185,1.1510933683468745,0.11510933683468748,0.19133657732835183,0.07622723567944306,0.07622723567944306,0.017746519297361374,0.01788426749408245,0.019639382138848305,0.0173577219247818,0.025217169895768166,0.0490584596991539,0.08731343597173691,0.40182366967201233
283.0,0.17943207976909784,0.057260474655777216,4.591350581280779,1.1883607460902288,0.11883607460902287,0.17943207976909784,0.06059600326877374,0.06059600326877374,0.016503307968378067,0.016779787838459015,0.01819828525185585,0.016135621815919876,0.022684045135974884,0.04357212781906128,0.07480721920728683,0.24940340220928192
284.0,0.17716680696377388,0.07316011353395879,4.321031023962596,1.1413557414825146,0.11413557414825148,0.17716680696377388,0.0630312327008981,0.0630312327008981,0.017518987879157066,0.01756484992802143,0.01941577158868313,0.01725057326257229,0.024578621610999107,0.0475349985063076,0.08313430100679398,0.35828280448913574
285.0,0.1762813960130398,0.06043809186667204,4.374009957468481,1.135717687698511,0.1135717687698511,0.1762813960130398,0.06270962466414158,0.06270962466414158,0.016438160091638565,0.016749657690525055,0.018179824575781822,0.0160782840102911,0.022677641361951828,0.04358036443591118,0.07515165954828262,0.27464914321899414
286.0,0.17761749373032495,0.0752476118505001,4.441948189746013,1.132903889967845,0.11329038899678451,0.17761749373032495,0.06432710244105412,0.06432710244105412,0.017622336745262146,0.017703952267766,0.019510388374328613,0.017239324748516083,0.024698616936802864,0.04778749868273735,0.08689139038324356,0.37052738666534424
287.0,0.17962278597629988,0.06587145780213177,4.717916587076501,1.169031675045307,0.11690316750453067,0.17962278597629988,0.0627196181852084,0.0627196181852084,0.016418149694800377,0.016770346090197563,0.018197564408183098,0.01610356755554676,0.022858059033751488,0.044360361993312836,0.07473503798246384,0.3175285756587982
288.0,0.18693755337825188,0.053635685704648495,4.634584780711742,1.1776761297996228,0.11776761297996229,0.18693755337825188,0.06916993885086133,0.06916993885086133,0.017617302015423775,0.01760726608335972,0.018999965861439705,0.017075009644031525,0.024011583998799324,0.04569552093744278,0.07248423248529434,0.2155946046113968
289.0,0.19725302836069694,0.0662775884848088,4.669983399735312,1.2588094151937044,0.12588094151937043,0.19725302836069694,0.07137208202710518,0.07137208202710518,0.01637904718518257,0.016703864559531212,0.018160931766033173,0.016103846952319145,0.02267494611442089,0.044608235359191895,0.07720879465341568,0.31838104128837585
290.0,0.18702144806201643,0.04635155480355024,4.74738086337238,1.1794639298549066,0.11794639298549064,0.18702144806201643,0.06907505112198684,0.06907505112198684,0.01722584292292595,0.017288923263549805,0.018833894282579422,0.016815805807709694,0.02345792017877102,0.04326946288347244,0.0716901421546936,0.1622304469347
291.0,0.17479473180495775,0.09429427632130682,4.64375998957676,1.0873103164709532,0.1087310316470953,0.17479473180495775,0.06606369637525998,0.06606369637525998,0.01709555648267269,0.0174314696341753,0.01909973844885826,0.01683177426457405,0.0246188472956419,0.05037091299891472,0.09490734338760376,0.5139985680580139
292.0,0.18550338882666367,0.06218678620643914,4.45751319540253,1.1327082675236921,0.11327082675236923,0.18550338882666367,0.07223256075611481,0.07223256075611481,0.017512982711195946,0.01759687438607216,0.019226832315325737,0.016946110874414444,0.024091003462672234,0.04486364126205444,0.08272583782672882,0.2745310068130493
293.0,0.17697612253519204,0.09223719453439116,4.536329211878197,1.1484261086353889,0.11484261086353889,0.17697612253519204,0.06213350680011969,0.06213350680011969,0.017070133239030838,0.017429212108254433,0.019128400832414627,0.01667957752943039,0.02455449290573597,0.050168946385383606,0.09100253880023956,0.5018642544746399
294.0,0.1930385254896604,0.058729295153170824,4.707872175237713,1.1834627825480242,0.1183462782548024,0.1930385254896604,0.07469224471312302,0.07469224471312302,0.017513573169708252,0.017619872465729713,0.01923341117799282,0.017072519287467003,0.02418179251253605,0.044780682772397995,0.07867269963026047,0.2507598102092743
295.0,0.17453189079578108,0.09810372581705451,4.473222313589907,1.1339846620192895,0.11339846620192892,0.17453189079578108,0.061133423103736,0.061133423103736,0.01728755235671997,0.017602283507585526,0.01932898350059986,0.01694033481180668,0.024956587702035904,0.051782310009002686,0.09891567379236221,0.5380160808563232
296.0,0.19161586406139228,0.07247080560773611,4.835850418263214,1.1561264304014354,0.11561264304014353,0.19161586406139228,0.07600321878607456,0.07600321878607456,0.017525026574730873,0.017706742510199547,0.019374236464500427,0.01709587685763836,0.02475270815193653,0.047239020466804504,0.08301738649606705,0.3530554473400116
297.0,0.17612552986695215,0.04358700499869883,4.532389671090665,1.155941408414107,0.11559414084141072,0.17612552986695215,0.06053138724886454,0.06053138724886454,0.01647253893315792,0.01665818691253662,0.01801658421754837,0.016079295426607132,0.02225726842880249,0.04182330518960953,0.07043547183275223,0.14695338904857635
298.0,0.18128918054012153,0.06758790300227702,4.411010377292916,1.1457354816106649,0.11457354816106649,0.18128918054012153,0.06671562575950073,0.06671562575950073,0.017442859709262848,0.017644215375185013,0.019342582672834396,0.016919881105422974,0.02436799369752407,0.04612657055258751,0.0857212021946907,0.3131379187107086
299.0,0.1631513902774224,0.04094912018626928,4.05353111168602,1.0763494693315947,0.10763494693315948,0.1631513902774224,0.055516442857109584,0.055516442857109584,0.01669486053287983,0.016728771850466728,0.0181204192340374,0.0161850955337286,0.022497309371829033,0.04325443506240845,0.07066600024700165,0.12344606965780258
300.0,0.17915753962901923,0.11408530618064106,4.524992464614929,1.117742508649826,0.11177425086498262,0.17915753962901923,0.06738328618498948,0.06738328618498948,0.01852663792669773,0.018613282591104507,0.020919527858495712,0.018166616559028625,0.02744768187403679,0.056576572358608246,0.10908784717321396,0.6433442831039429
301.0,0.17104598364004722,0.04688706970773637,4.426164673714188,1.0885367026695838,0.1088536702669584,0.17104598364004722,0.06219230993435933,0.06219230993435933,0.01665573939681053,0.016849970445036888,0.018299827352166176,0.016199760138988495,0.02260647527873516,0.04283176735043526,0.07357189804315567,0.1680811196565628
302.0,0.1746917922909443,0.05560762854292989,4.762338070377308,1.0862006132419293,0.10862006132419293,0.1746917922909443,0.06607172939066704,0.06607172939066704,0.017598837614059448,0.017670052126049995,0.019296759739518166,0.01718701235949993,0.024289751425385475,0.045250654220581055,0.0764470100402832,0.22712095081806183
303.0,0.17112620174884796,0.10145314806140959,4.619211922171956,1.0586990484824548,0.10586990484824549,0.17112620174884796,0.06525629243025413,0.06525629243025413,0.01733003742992878,0.017700858414173126,0.019564097747206688,0.017085818573832512,0.025465521961450577,0.052313849329948425,0.10005052387714386,0.5621144771575928
304.0,0.18502952101138923,0.06213296391069889,4.616446317890513,1.0911055367726545,0.10911055367726546,0.18502952101138923,0.07591896819380614,0.07591896819380614,0.017604662105441093,0.01770872436463833,0.01937185227870941,0.017132006585597992,0.02435365319252014,0.0452621690928936,0.08256081491708755,0.273069828748703
305.0,0.1688139490210093,0.09186888905242085,4.573282969926575,1.1063091731988466,0.11063091731988466,0.1688139490210093,0.05818303129993952,0.05818303129993952,0.017084691673517227,0.01745167002081871,0.01923835277557373,0.016733253374695778,0.024694615975022316,0.05045890808105469,0.09151194989681244,0.49777767062187195
306.0,0.19270276736754638,0.060922494158148766,4.707317338792016,1.1535191535949707,0.11535191535949708,0.19270276736754638,0.07735084914244138,0.07735084914244138,0.017541462555527687,0.017698297277092934,0.01928853802382946,0.016985274851322174,0.024381430819630623,0.04563729837536812,0.08173005282878876,0.26411759853363037
307.0,0.16874974908737037,0.09871700359508395,4.753840337939841,1.1086916442100818,0.11086916442100819,0.16874974908737037,0.05788058300430958,0.05788058300430958,0.017269717529416084,0.01762465573847294,0.019512178376317024,0.01692860573530197,0.025245780125260353,0.05181589350104332,0.0962870866060257,0.5450521111488342
308.0,0.18910687072918966,0.07184681668877602,4.803474316865446,1.096325654249925,0.10963256542499253,0.18910687072918966,0.07947430415795399,0.07947430415795399,0.017824629321694374,0.01796739362180233,0.019668642431497574,0.01735599897801876,0.025150788947939873,0.04772646725177765,0.08599904924631119,0.3430815637111664
309.0,0.16509998532441947,0.08365119551308453,4.324492730303135,1.0752172332543593,0.10752172332543591,0.16509998532441947,0.05757826194167137,0.05757826194167137,0.01801237277686596,0.018137486651539803,0.01963033527135849,0.01760888658463955,0.026730738580226898,0.054273571819067,0.09726665169000626,0.4175495207309723
310.0,0.18390699476003647,0.13897287682630122,4.640927136015336,1.0615168030445392,0.10615168030445392,0.18390699476003647,0.07775531508601628,0.07775531508601628,0.01900242455303669,0.019322678446769714,0.021890779957175255,0.018588745966553688,0.029331155121326447,0.06420844048261642,0.12764862179756165,0.8117901682853699
311.0,0.1764373045701247,0.05112905101850629,4.748021549029222,1.1113836100468268,0.11113836100468269,0.1764373045701247,0.06529894213263805,0.06529894213263805,0.017272962257266045,0.017303012311458588,0.018674321472644806,0.016726873815059662,0.02398487739264965,0.047352612018585205,0.07717171311378479,0.19054603576660156
312.0,0.17993353479183638,0.1228439249098301,4.860923890872848,1.0843441280034871,0.10843441280034873,0.17993353479183638,0.07149912015749858,0.07149912015749858,0.01828806847333908,0.018615808337926865,0.020602785050868988,0.017949042841792107,0.027482332661747932,0.06008586660027504,0.1189618855714798,0.7007656097412109
313.0,0.19010909933310288,0.06327601801604033,4.871775986608063,1.154930550318498,0.11549305503184978,0.19010909933310288,0.07461604304038562,0.07461604304038562,0.018227674067020416,0.018420226871967316,0.01968291960656643,0.01769001968204975,0.02614011988043785,0.05227940157055855,0.08516496419906616,0.26860281825065613
314.0,0.18452720229442304,0.12556486786343157,4.644604773399278,1.1250320558364575,0.11250320558364575,0.18452720229442304,0.0720239937878572,0.0720239937878572,0.018305392935872078,0.01863776333630085,0.02069213055074215,0.017862413078546524,0.027737118303775787,0.061567869037389755,0.12333017587661743,0.716386079788208
315.0,0.18634310536659682,0.0670222311746329,4.865373097175688,1.1863952302015746,0.11863952302015743,0.18634310536659682,0.06770358205987857,0.06770358205987857,0.016963275149464607,0.01701265014708042,0.018279733136296272,0.016483981162309647,0.02401542291045189,0.04821871966123581,0.08212852478027344,0.31307554244995117
316.0,0.18732439841215426,0.15075104753486812,4.761213253953122,1.1228401477520282,0.11228401477520283,0.18732439841215426,0.0750403802555341,0.0750403802555341,0.019616764038801193,0.019965002313256264,0.022448016330599785,0.01911158114671707,0.030457207933068275,0.06856796145439148,0.13740964233875275,0.8884322047233582
317.0,0.1859424618574289,0.05567002622410655,4.267766367749237,1.2125612107607036,0.12125612107607034,0.1859424618574289,0.06468633820231144,0.06468633820231144,0.017121920362114906,0.017080003395676613,0.018573077395558357,0.016561903059482574,0.023385128006339073,0.04543133080005646,0.07496931403875351,0.2322375327348709
318.0,0.18801543747003263,0.11916801519691944,4.8008268434260195,1.1429035571905284,0.11429035571905283,0.18801543747003263,0.07372508226678921,0.07372508226678921,0.0179911982268095,0.01830822415649891,0.020365484058856964,0.017697971314191818,0.027054406702518463,0.05818638578057289,0.11440849304199219,0.6793319582939148
319.0,0.18072835699870035,0.058571526082232594,4.783756449553909,1.1500535767811995,0.11500535767811995,0.18072835699870035,0.06572299966445336,0.06572299966445336,0.016972407698631287,0.017001261934638023,0.018309837207198143,0.01655617170035839,0.02370552346110344,0.046627167612314224,0.07798503339290619,0.25141480565071106
320.0,0.181498324068693,0.14241237030364573,4.632588687087025,1.0938384716327374,0.10938384716327373,0.181498324068693,0.07211447392518704,0.07211447392518704,0.019214309751987457,0.019560685381293297,0.02187713235616684,0.018691234290599823,0.02961122617125511,0.06611769646406174,0.13272662460803986,0.8315000534057617
321.0,0.18046592462521333,0.05795047804713249,4.763232055453159,1.161161115536323,0.1161161115536323,0.18046592462521333,0.06434981181071354,0.06434981181071354,0.01689319685101509,0.016876883804798126,0.018197685480117798,0.016449443995952606,0.023488041013479233,0.04598267376422882,0.07644064724445343,0.24927525222301483
322.0,0.18895766654839882,0.10801839642226696,4.66522364426376,1.1501707182480738,0.11501707182480739,0.18895766654839882,0.0739405957552103,0.0739405957552103,0.01778586581349373,0.01803407073020935,0.01992829702794552,0.017564132809638977,0.026323234662413597,0.05603479593992233,0.11042170971632004,0.5980550646781921
323.0,0.17813459783792496,0.05718894372694194,4.641592573034962,1.1375491756659288,0.11375491756659291,0.17813459783792496,0.06437967717647552,0.06437967717647552,0.017246313393115997,0.01726367697119713,0.018720827996730804,0.016664516180753708,0.023526346310973167,0.045058272778987885,0.07291705906391144,0.24611453711986542
324.0,0.18306140773571455,0.11726445821113884,4.794281314421254,1.083900735928462,0.10839007359284623,0.18306140773571455,0.07467133408555618,0.07467133408555618,0.017993682995438576,0.018281131982803345,0.020289072766900063,0.01769345812499523,0.026874389499425888,0.05787745490670204,0.11359021812677383,0.6655162572860718
325.0,0.18088999963723695,0.05222555296495557,4.795105640797143,1.1636845079752116,0.11636845079752114,0.18088999963723695,0.06452154626066868,0.06452154626066868,0.016848638653755188,0.016854410991072655,0.018170351162552834,0.016477853059768677,0.02324778214097023,0.04478611797094345,0.07397424429655075,0.20744502544403076
326.0,0.18567478427520165,0.13056466565467417,4.663590917618457,1.149729242691627,0.1149729242691627,0.18567478427520165,0.07070185989141464,0.07070185989141464,0.018604956567287445,0.018892813473939896,0.021046670153737068,0.018163520842790604,0.028270624577999115,0.06201775372028351,0.12350190430879593,0.7540190815925598
327.0,0.1800208057348545,0.03908228687942028,4.763961168855829,1.1781090910618122,0.11781090910618125,0.1800208057348545,0.06220989473737203,0.06220989473737203,0.016445325687527657,0.016484906896948814,0.01780960150063038,0.01606348715722561,0.02230602130293846,0.04180547222495079,0.06732887029647827,0.11441460996866226
328.0,0.17922768684533927,0.06087739462964237,4.64550683909579,1.1166838728464568,0.11166838728464566,0.17922768684533927,0.06755929884429161,0.06755929884429161,0.01668168418109417,0.016896450892090797,0.018498115241527557,0.016597647219896317,0.02349722571671009,0.0445341020822525,0.07573789358139038,0.2745760381221771
329.0,0.1706168852173365,0.05088963848538697,4.375374649916402,1.1368267375689287,0.11368267375689287,0.1706168852173365,0.05693420853752356,0.05693420853752356,0.017027562484145164,0.017144957557320595,0.018499834463000298,0.0164350438863039,0.02343670465052128,0.04594641178846359,0.07544050365686417,0.19318608939647675
330.0,0.18517102186496442,0.11655436037108302,4.771296497392624,1.1349492921279027,0.11349492921279027,0.18517102186496442,0.07167609293873493,0.07167609293873493,0.018923355266451836,0.019039349630475044,0.02143491990864277,0.018477842211723328,0.028097139671444893,0.05907834321260452,0.10639292001724243,0.6609910130500793
331.0,0.1700518005169355,0.043270898750051856,4.619535159395043,1.0875236667119539,0.1087523666711954,0.1700518005169355,0.061299434218269125,0.061299434218269125,0.016401106491684914,0.01656726375222206,0.017950652167201042,0.015971198678016663,0.022346625104546547,0.04271984100341797,0.07091573625802994,0.14329476654529572
332.0,0.17214603435534698,0.07461655559018254,4.702314558464132,1.0741116587932293,0.10741116587932294,0.17214603435534698,0.06473486727246872,0.06473486727246872,0.016632357612252235,0.016858374699950218,0.018344907090067863,0.016555113717913628,0.02366224303841591,0.04607172682881355,0.08206678926944733,0.3767409324645996
333.0,0.172128320313417,0.04810500820167363,4.7836699914551355,1.1002042454022627,0.11002042454022629,0.172128320313417,0.06210789485619618,0.06210789485619618,0.01657710038125515,0.01680104061961174,0.018213020637631416,0.01616390235722065,0.022915173321962357,0.04437292367219925,0.07203876227140427,0.1777581423521042
334.0,0.1757138864352153,0.07755207596346736,4.398993399822652,1.12765011879114,0.11276501187911402,0.1757138864352153,0.06294887154721297,0.06294887154721297,0.01682136207818985,0.017006436362862587,0.018669353798031807,0.016693027690052986,0.02368740551173687,0.04738233983516693,0.08511926978826523,0.3950374126434326
335.0,0.16827064924515212,0.029364525922574103,4.749338395517494,1.082151057628485,0.10821510576284848,0.16827064924515212,0.060055541877563186,0.060055541877563186,0.015841210260987282,0.015970846638083458,0.01731724478304386,0.015568681992590427,0.02152094803750515,0.040355879813432693,0.06746143102645874,0.04087996482849121
336.0,0.1718531743838237,0.0909253980498761,4.579741333011393,1.0655734470257392,0.10655734470257393,0.1718531743838237,0.06529582778994854,0.06529582778994854,0.017580736428499222,0.0176899041980505,0.019596653059124947,0.01738128252327442,0.025358859449625015,0.05105416849255562,0.08962956070899963,0.4891120195388794
337.0,0.17076674848794937,0.041400616988539696,4.378085483850045,1.0852941091244037,0.10852941091244037,0.17076674848794937,0.06223733493914971,0.06223733493914971,0.0163436159491539,0.01647014543414116,0.017869656905531883,0.01594226062297821,0.02205360122025013,0.04169842228293419,0.06958598643541336,0.13124124705791473
338.0,0.17419493886140677,0.10626123822294176,4.400425992749506,1.0940281336124127,0.10940281336124127,0.17419493886140677,0.06479212297843052,0.06479212297843052,0.017993349581956863,0.018278442323207855,0.020377319306135178,0.017551956698298454,0.026557806879281998,0.0554940365254879,0.10213393718004227,0.5917030572891235
339.0,0.16191929177596018,0.049887418281286955,4.427690588878833,1.0647406967786641,0.10647406967786642,0.16191929177596018,0.05544521974829527,0.05544521974829527,0.0165428277105093,0.016689183190464973,0.018129419535398483,0.01607864536345005,0.022504644468426704,0.04337147995829582,0.07203808426856995,0.19374506175518036
340.0,0.17254208372189447,0.12446887767873704,4.7848034569902795,1.0369271819408123,0.10369271819408123,0.17254208372189447,0.06884936271951748,0.06884936271951748,0.01799148879945278,0.01835525780916214,0.02030107006430626,0.01766851171851158,0.027213431894779205,0.060682930052280426,0.12042567878961563,0.7131126523017883
341.0,0.17928585066245153,0.11591086955741048,4.883266505997242,1.0505093588278844,0.10505093588278844,0.17928585066245153,0.07423491116899711,0.07423491116899711,0.01945709064602852,0.019414614886045456,0.021859314292669296,0.01916777528822422,0.02929958887398243,0.059665780514478683,0.1044648289680481,0.6539579629898071
342.0,0.19167184027341697,0.05606498778797686,4.7184202375359074,1.0911937218445997,0.10911937218445997,0.19167184027341697,0.08255246711465028,0.08255246711465028,0.01605074293911457,0.016375647857785225,0.017674000933766365,0.01589035987854004,0.02224043384194374,0.042801059782505035,0.07692426443099976,0.24056339263916016
343.0,0.16654359090786713,0.07962867897003889,4.553359343440837,1.0856683116692762,0.10856683116692761,0.16654359090786713,0.057976759397066556,0.057976759397066556,0.01757645793259144,0.01772136613726616,0.019365977495908737,0.017215244472026825,0.024942005053162575,0.04900034889578819,0.08897574245929718,0.40223228931427
344.0,0.17572384958083814,0.10780731099657714,4.539941568624038,1.0698473086723914,0.10698473086723916,0.17572384958083814,0.06873911848435035,0.06873911848435035,0.01701347343623638,0.017413023859262466,0.01916404813528061,0.016677910462021828,0.025031330063939095,0.05447246879339218,0.1060103103518486,0.606675922870636
345.0,0.1821983032501661,0.07846265751868486,4.5808242606191865,1.0986287570916689,0.10986287570916688,0.1821983032501661,0.07233542662400466,0.07233542662400466,0.017530690878629684,0.017663253471255302,0.019360240548849106,0.017098981887102127,0.024735482409596443,0.04865563288331032,0.08963873237371445,0.3930182456970215
346.0,0.17202588342703307,0.10768891056068242,4.491963907220037,1.0892015259999495,0.10892015259999493,0.17202588342703307,0.06310572819067882,0.06310572819067882,0.017241820693016052,0.017592519521713257,0.01941571570932865,0.016948983073234558,0.025522470474243164,0.05431583523750305,0.1043950766324997,0.6060788631439209
347.0,0.17579590529203415,0.08749066921882331,4.573282016821097,1.0309841816241925,0.10309841816241924,0.17579590529203415,0.07269748558218662,0.07269748558218662,0.01785903424024582,0.01801866479218006,0.019847583025693893,0.01746712438762188,0.025580277666449547,0.05076374486088753,0.0931326374411583,0.4572562873363495
348.0,0.16291668036809334,0.048173060873523355,4.6904464708152505,1.0173466343146105,0.10173466343146102,0.16291668036809334,0.06118201521726755,0.06118201521726755,0.01622866466641426,0.016490686684846878,0.017799267545342445,0.015904884785413742,0.02212347835302353,0.0422714464366436,0.07226735353469849,0.1822987049818039
349.0,0.16537948296620295,0.08635223656892776,4.585322012186331,1.0287397641402025,0.10287397641402023,0.16537948296620295,0.06250550683874351,0.06250550683874351,0.01798400841653347,0.01803041622042656,0.02002464048564434,0.01772274076938629,0.02598586678504944,0.05098743736743927,0.09029704332351685,0.4497857391834259
350.0,0.17112879970898995,0.058029774809256196,4.405829230266731,1.0620194627688482,0.10620194627688483,0.17112879970898995,0.06492685039456074,0.06492685039456074,0.016108397394418716,0.016431061550974846,0.017826005816459656,0.01588461548089981,0.02226574346423149,0.043226730078458786,0.07651107013225555,0.2559845745563507
351.0,0.16949973312708047,0.05814359709620476,4.635954546786478,1.0333384963182302,0.10333384963182303,0.16949973312708047,0.06616588108814679,0.06616588108814679,0.01761079765856266,0.01767219789326191,0.01911320723593235,0.017182059586048126,0.02438296563923359,0.046673983335494995,0.07331369817256927,0.24919986724853516
352.0,0.1710787541591204,0.06857567396946251,4.584675211277783,1.0217885695970976,0.10217885695970974,0.1710787541591204,0.06889989456305137,0.06889989456305137,0.016211260110139847,0.016569554805755615,0.018023928627371788,0.01598476618528366,0.022724062204360962,0.04499339312314987,0.0784912258386612,0.3356072008609772
353.0,0.17011790264111298,0.058997965417802334,4.36303368189707,1.044792876793788,0.10447928767937881,0.17011790264111298,0.06563861410205181,0.06563861410205181,0.017318183556199074,0.01740938611328602,0.01898568496108055,0.01697421446442604,0.02401384338736534,0.044672489166259766,0.08058255910873413,0.25202736258506775
354.0,0.1697643387776155,0.08724040910601616,4.455527088351435,1.0589717213924115,0.10589717213924116,0.1697643387776155,0.06386716119371928,0.06386716119371928,0.016651520505547523,0.017029937356710434,0.018687771633267403,0.01638275571167469,0.023963266983628273,0.04893823340535164,0.08857061713933945,0.46769917011260986
355.0,0.1744427033341848,0.06593161565251648,4.650890007879717,1.0390993356704712,0.10390993356704713,0.1744427033341848,0.07053276581259874,0.07053276581259874,0.017363805323839188,0.017507117241621017,0.019030021503567696,0.016986606642603874,0.02425474487245083,0.04595337435603142,0.08403442054986954,0.3023228347301483
356.0,0.16294718361817873,0.09070526761934161,4.7281802118498,1.013097467330786,0.1013097467330786,0.16294718361817873,0.06163743310249769,0.06163743310249769,0.01679662987589836,0.017164476215839386,0.018859820440411568,0.016542965546250343,0.0243166945874691,0.04970794916152954,0.09085291624069214,0.49140068888664246
357.0,0.17762542573305276,0.07378425216302276,4.785001263863533,1.0403092228449309,0.10403092228449308,0.17762542573305276,0.07359450167188278,0.07359450167188278,0.0175507552921772,0.017676420509815216,0.019391853362321854,0.017237108200788498,0.025000661611557007,0.04770161956548691,0.08367636054754257,0.3620392382144928
358.0,0.16310204622837213,0.033648471580818295,4.471748249564157,1.025750240454307,0.1025750240454307,0.16310204622837213,0.06052702378768187,0.06052702378768187,0.016083452850580215,0.01615312695503235,0.017504757270216942,0.015743780881166458,0.021696999669075012,0.04081399366259575,0.06955534219741821,0.07163631916046143
359.0,0.16656115708442834,0.07927156216464937,4.38979116666067,1.0281506341237288,0.10281506341237287,0.16656115708442834,0.06374609441711353,0.06374609441711353,0.017609162256121635,0.017731737345457077,0.01956474781036377,0.01731155812740326,0.025218255817890167,0.04878133162856102,0.08703915774822235,0.40091654658317566
360.0,0.15891481305544192,0.0482899306807667,4.257718654475413,0.9990951533500965,0.09990951533500966,0.15891481305544192,0.05900529628762832,0.05900529628762832,0.01615183800458908,0.016418199986219406,0.017769435420632362,0.015756575390696526,0.02201937325298786,0.04184681549668312,0.07460054755210876,0.1817566603422165
361.0,0.16703175524106392,0.09686300903558731,4.609569265671429,1.0150696062124693,0.10150696062124694,0.16703175524106392,0.06552479358819815,0.06552479358819815,0.01818588376045227,0.018301652744412422,0.020382391288876534,0.017835086211562157,0.026359429582953453,0.05267651379108429,0.09551142156124115,0.5256516933441162
362.0,0.15904861516677415,0.055250213015824556,4.557377116082749,0.9948309316084936,0.09948309316084937,0.15904861516677415,0.05956551948418984,0.05956551948418984,0.016807405278086662,0.016873754560947418,0.01822488196194172,0.01640193536877632,0.02336057648062706,0.04667286202311516,0.08065113425254822,0.2230091542005539
363.0,0.17571891385775346,0.09835161501541734,4.858974138313136,1.0362814985788786,0.10362814985788786,0.17571891385775346,0.07209076130619416,0.07209076130619416,0.016943171620368958,0.017402300611138344,0.01915040612220764,0.01682237908244133,0.025130903348326683,0.0514204278588295,0.09696587920188904,0.5429774522781372
364.0,0.17405208028279817,0.10074267257004976,4.806840702602129,1.025420028429765,0.10254200284297649,0.17405208028279817,0.07151007509002319,0.07151007509002319,0.018493037670850754,0.018613455817103386,0.020684242248535156,0.01824006997048855,0.027312930673360825,0.05448676273226738,0.09362252056598663,0.5544883608818054
365.0,0.17877856126198402,0.046652599005028605,4.62475120096695,1.0427057834771962,0.10427057834771963,0.17877856126198402,0.074507980965651,0.074507980965651,0.016199959442019463,0.01642526127398014,0.017651410773396492,0.01584610901772976,0.02210092730820179,0.042178865522146225,0.07334703952074051,0.16947121918201447
366.0,0.1600778142993267,0.1821297046262771,4.670960355401958,0.9962015289526719,0.09962015289526717,0.1600778142993267,0.060457661318091244,0.060457661318091244,0.02093302644789219,0.021443704143166542,0.024221595376729965,0.020295945927500725,0.03418956324458122,0.08156397938728333,0.16401904821395874,1.090370774269104
367.0,0.180768323632387,0.0486940098926425,4.923043187015254,1.0476949650507708,0.10476949650507707,0.180768323632387,0.07599882408976555,0.07599882408976555,0.016457125544548035,0.016603967174887657,0.017925523221492767,0.01609337516129017,0.022375620901584625,0.043365269899368286,0.0704190731048584,0.18631212413311005
368.0,0.16938064419306242,0.1400039999280125,4.386053795029881,1.0559722643632155,0.10559722643632158,0.16938064419306242,0.06378341810061382,0.06378341810061382,0.019021769985556602,0.01938936486840248,0.021373091265559196,0.01864517852663994,0.029391689226031303,0.06743846833705902,0.13363738358020782,0.8111350536346436
369.0,0.17597472266508982,0.05963578331284225,4.660404093422423,1.0380047032466302,0.10380047032466302,0.17597472266508982,0.07217425136612012,0.07217425136612012,0.01706341840326786,0.01730845868587494,0.018613114953041077,0.016592347994446754,0.023719439283013344,0.04656647890806198,0.07797472178936005,0.259248286485672
370.0,0.16817180353861588,0.1362855222541839,4.84921585895267,0.9804361325043899,0.09804361325043896,0.16817180353861588,0.07012818925655805,0.07012818925655805,0.018542706966400146,0.01896081678569317,0.02110588550567627,0.018104547634720802,0.02857726253569126,0.06467930227518082,0.13026845455169678,0.7900452017784119
371.0,0.1766506450680586,0.07260334328748286,4.868814375187325,1.0492145533745105,0.10492145533745106,0.1766506450680586,0.07172918806855495,0.07172918806855495,0.017113639041781425,0.017217030748724937,0.018707232549786568,0.01684325747191906,0.024880295619368553,0.05039762705564499,0.09017235040664673,0.3454953134059906
372.0,0.17501606906835848,0.17779086390510201,4.605751719317035,1.030415422641314,0.1030415422641314,0.17501606906835848,0.07197452537142314,0.07197452537142314,0.02088358625769615,0.021404331550002098,0.02403530664741993,0.020390909165143967,0.03413832560181618,0.08032026886940002,0.16198202967643738,1.0591721534729004
373.0,0.17439427627966955,0.07177001144737005,4.8612969194037206,1.0160957185121684,0.10160957185121683,0.17439427627966955,0.07278470150553264,0.07278470150553264,0.017492931336164474,0.01763288863003254,0.018841201439499855,0.017113087698817253,0.025102542713284492,0.050556689500808716,0.08785749971866608,0.339563250541687
374.0,0.17592530812208468,0.1651346853468567,4.760333486910232,0.9997344681849847,0.09997344681849846,0.17592530812208468,0.07595186050121601,0.07595186050121601,0.020364759489893913,0.020840033888816833,0.0235651433467865,0.0199420303106308,0.032369378954172134,0.07397784292697906,0.14917904138565063,0.9808392524719238
375.0,0.17259571643976065,0.07134281168691814,4.888603675508385,1.0284005013796,0.10284005013795999,0.17259571643976065,0.06975566395200215,0.06975566395200215,0.01730009913444519,0.017420727759599686,0.018942957744002342,0.017042972147464752,0.02535075694322586,0.051299210637807846,0.09149020910263062,0.3318955600261688
376.0,0.17335438613708204,0.1296991086564958,4.711657884509871,0.9999025166034698,0.09999025166034697,0.17335438613708204,0.07336413344511619,0.07336413344511619,0.018597187474370003,0.01892870105803013,0.021165993064641953,0.018351905047893524,0.028317831456661224,0.061505939811468124,0.12056729942560196,0.7501580119132996
377.0,0.16287577668061623,0.056398742366582155,4.5952506997993385,1.0062022965687971,0.10062022965687974,0.16287577668061623,0.06225554616405414,0.06225554616405414,0.017400545999407768,0.01744227670133114,0.018901601433753967,0.016931507736444473,0.024038124829530716,0.04715330898761749,0.08044105023145676,0.22888152301311493
378.0,0.17525020012488732,0.1621238940861076,4.895547044769166,0.9982889157075149,0.09982889157075149,0.17525020012488732,0.07542130838219936,0.07542130838219936,0.020304949954152107,0.020774319767951965,0.02357815019786358,0.019980071112513542,0.0320441871881485,0.07265259325504303,0.1420886367559433,0.9655682444572449
379.0,0.16325876403313416,0.04927796730771661,4.792372627588901,0.967538065635241,0.09675380656352411,0.16325876403313416,0.06650495471862647,0.06650495471862647,0.016600413247942924,0.016717540100216866,0.017921891063451767,0.016203248873353004,0.02298801951110363,0.04495888948440552,0.07573072612285614,0.18310301005840302
380.0,0.1725610030385164,0.10912882210686803,4.9113620047527595,0.9977528750896454,0.09977528750896453,0.1725610030385164,0.07278571564417619,0.07278571564417619,0.01755097135901451,0.01790652796626091,0.01970537006855011,0.017387613654136658,0.026053041219711304,0.05581251159310341,0.10904862731695175,0.6095659136772156
381.0,0.1712720554608565,0.05300588859245181,4.6533410512846505,0.9962660074234009,0.09962660074234009,0.1712720554608565,0.071645455291638,0.071645455291638,0.017381099984049797,0.017587115988135338,0.01890595257282257,0.0168145801872015,0.024039873853325844,0.047608256340026855,0.07657571882009506,0.20513451099395752
382.0,0.16020955718480623,0.11988962115719914,4.517284163858464,0.9593478510012994,0.09593478510012993,0.16020955718480623,0.06427476984950212,0.06427476984950212,0.01785128377377987,0.018191464245319366,0.020182045176625252,0.017502136528491974,0.02672426402568817,0.05835321918129921,0.11541006714105606,0.6849024891853333
383.0,0.15754418361645478,0.05736720049753785,4.423229044422944,0.9414391953211564,0.09414391953211565,0.15754418361645478,0.06340026597564037,0.06340026597564037,0.016737695783376694,0.016986088827252388,0.018336212262511253,0.01621325872838497,0.02312563918530941,0.044900666922330856,0.07733484357595444,0.2453031986951828
384.0,0.16191578771059328,0.12248618179000914,4.739164131054965,0.9633399500296667,0.09633399500296669,0.16191578771059328,0.06558178780743709,0.06558178780743709,0.01799967885017395,0.018320148810744286,0.020438896492123604,0.017731819301843643,0.0270767193287611,0.058013707399368286,0.11367378383874893,0.7066347002983093
385.0,0.16201767038840514,0.03654471761547029,4.691677442019534,1.003474861383438,0.1003474861383438,0.16201767038840514,0.06167018384887622,0.06167018384887622,0.016014339402318,0.016190193593502045,0.017317846417427063,0.015713490545749664,0.021788213402032852,0.04173064976930618,0.06942683458328247,0.09417617321014404
386.0,0.16623337681476885,0.07749475073069334,4.500316780245837,1.0167368054389954,0.10167368054389957,0.16623337681476885,0.06455969309004453,0.06455969309004453,0.017101170495152473,0.017344500869512558,0.019042376428842545,0.016711760312318802,0.024237247183918953,0.04726191610097885,0.08716294914484024,0.3910960853099823
387.0,0.15939243309772932,0.06329280347563326,4.4929239726241255,1.0167041306312268,0.10167041306312267,0.15939243309772932,0.05772201645259674,0.05772201645259674,0.01634090766310692,0.0167049802839756,0.018230460584163666,0.01589982584118843,0.022867990657687187,0.045363910496234894,0.07931311428546906,0.29162123799324036
388.0,0.1806899865086262,0.05662956740707159,4.793704143615883,1.0563079393826997,0.10563079393826999,0.1806899865086262,0.07505918609408233,0.07505918609408233,0.0180953498929739,0.018214989453554153,0.019542189314961433,0.017509527504444122,0.025454934686422348,0.049945250153541565,0.0787549540400505,0.2255193442106247
389.0,0.1745678954399549,0.052411770215258,4.469401343944819,1.0841049185165992,0.10841049185165993,0.1745678954399549,0.06615740318710987,0.06615740318710987,0.015971248969435692,0.01628318428993225,0.017661361023783684,0.015705736353993416,0.021946243941783905,0.04246462136507034,0.07446827739477158,0.21479348838329315
390.0,0.16821693514402097,0.06073138699866831,4.505353813510581,1.0032462156735933,0.10032462156735932,0.16821693514402097,0.06789231472290479,0.06789231472290479,0.01756189949810505,0.01763022691011429,0.019177235662937164,0.017127078026533127,0.024581428617239,0.046309977769851685,0.07955268770456314,0.26391056180000305
391.0,0.15902745895660841,0.07079372531734407,4.614398535751441,0.9462904013120211,0.09462904013120209,0.15902745895660841,0.06439842054477105,0.06439842054477105,0.016265522688627243,0.016679368913173676,0.018178997561335564,0.015990762040019035,0.022991551086306572,0.04537881910800934,0.07970675826072693,0.3511580228805542
392.0,0.1700399758724066,0.06409271876327693,4.6966729532057565,0.9672357485844538,0.09672357485844539,0.1700399758724066,0.07331639814835328,0.07331639814835328,0.017413156107068062,0.017608389258384705,0.01910577155649662,0.017026998102664948,0.02444430999457836,0.04630037769675255,0.07945915311574936,0.2913835942745209
393.0,0.15362606197595596,0.07710961508564651,4.46577142775667,0.9592178326386672,0.09592178326386672,0.15362606197595596,0.05770427733659744,0.05770427733659744,0.016248222440481186,0.016695650294423103,0.018199263140559196,0.015982000157237053,0.02318159118294716,0.046703554689884186,0.0855412632226944,0.3943253755569458
394.0,0.17570209560485986,0.07581492932513356,4.47492612269094,1.021862534376291,0.10218625343762912,0.17570209560485986,0.07351583987474442,0.07351583987474442,0.017455309629440308,0.01764894463121891,0.019266460090875626,0.017036542296409607,0.02448037452995777,0.04734138771891594,0.08939515799283981,0.3738952577114105
395.0,0.1522009217968354,0.04298210749402642,4.260983964048498,0.9788566277577326,0.09788566277577328,0.1522009217968354,0.054315257960787185,0.054315257960787185,0.016402387991547585,0.016628330573439598,0.017962858080863953,0.015990739688277245,0.02223254181444645,0.04293922707438469,0.07335839420557022,0.13834238052368164
396.0,0.16237341211392328,0.09034403460100293,4.556360014858324,1.0052467836783483,0.10052467836783484,0.16237341211392328,0.06184873085182447,0.06184873085182447,0.01811426505446434,0.0182771198451519,0.020238712430000305,0.017788145691156387,0.026153970509767532,0.05056435987353325,0.09245003014802933,0.4791656732559204
397.0,0.15627323606839547,0.047011754708364606,4.502355577603673,0.9551857916208414,0.09551857916208414,0.15627323606839547,0.06075465449920067,0.06075465449920067,0.016143014654517174,0.016389820724725723,0.017781458795070648,0.015844233334064484,0.022008854895830154,0.04191317781805992,0.07236893475055695,0.1736445426940918
398.0,0.16110063802737457,0.05870265397243202,4.5328716700326535,0.9881908572637118,0.0988190857263712,0.16110063802737457,0.06228155069626295,0.06228155069626295,0.01756294257938862,0.017652172595262527,0.019232338294386864,0.01721542328596115,0.02439175359904766,0.04664423689246178,0.07508323341608047,0.25183913111686707
399.0,0.16524129246289915,0.059460886754095554,4.6539695670554035,0.9630375344019669,0.0963037534401967,0.16524129246289915,0.06893753862151733,0.06893753862151733,0.016227470710873604,0.016509799286723137,0.017967589199543,0.016028227284550667,0.022572694346308708,0.043091535568237305,0.07381798326969147,0.26947179436683655
400.0,0.16558345808432653,0.05119434371590614,4.765762994160512,0.9766993453869453,0.09766993453869453,0.16558345808432653,0.06791352165433076,0.06791352165433076,0.017578255385160446,0.01769806072115898,0.01904185116291046,0.01723041571676731,0.024309800937771797,0.04579438641667366,0.07373622804880142,0.19416575133800507
401.0,0.15835121961740348,0.0570256900973618,4.65056097216427,0.9351818836652316,0.09351818836652318,0.15835121961740348,0.06483302953151557,0.06483302953151557,0.01582576520740986,0.016214674338698387,0.017509883269667625,0.01563645340502262,0.021952316164970398,0.04213808849453926,0.07492809742689133,0.25200024247169495
402.0,0.16346176197895637,0.06098873866721988,4.465011517518989,0.9405391972798568,0.09405391972798569,0.16346176197895637,0.06940784190709774,0.06940784190709774,0.017325207591056824,0.017528576776385307,0.01892600953578949,0.016876844689249992,0.024024341255426407,0.04601980373263359,0.08000200986862183,0.2672071158885956
403.0,0.1529107099542251,0.08017082489095628,4.424979196788713,0.954565398968183,0.09545653989681833,0.1529107099542251,0.05745416736373535,0.05745416736373535,0.016551710665225983,0.016971085220575333,0.018560316413640976,0.0162440687417984,0.023648468777537346,0.04681934416294098,0.08505835384130478,0.41751325130462646
404.0,0.1645584570673796,0.05968149797990918,4.6250384480621385,0.9499901166329017,0.09499901166329018,0.1645584570673796,0.06955944316891524,0.06955944316891524,0.017193857580423355,0.017386192455887794,0.018834836781024933,0.016782479360699654,0.02386980503797531,0.04450777545571327,0.08010075986385345,0.2587762773036957
405.0,0.1516587080863806,0.08242963114753366,4.678527987381542,0.9402661782044631,0.09402661782044631,0.1516587080863806,0.05763208837463306,0.05763208837463306,0.016596969217061996,0.017038468271493912,0.01864807866513729,0.016328278928995132,0.02385740540921688,0.04735035076737404,0.08422383666038513,0.43539366126060486
406.0,0.1675863374884312,0.07031803810968995,4.752440553803497,0.9312732448944678,0.09312732448944681,0.1675863374884312,0.07445901173811692,0.07445901173811692,0.01760019361972809,0.017794739454984665,0.019393792375922203,0.017193203791975975,0.024718821048736572,0.0467473529279232,0.08218979835510254,0.33690640330314636
407.0,0.14993925851124984,0.04249175521545112,4.2586800962634825,0.9424124612258031,0.09424124612258034,0.14993925851124984,0.05569801021080751,0.05569801021080751,0.01606541872024536,0.016288353130221367,0.017431259155273438,0.015629801899194717,0.021939240396022797,0.042937252670526505,0.07387537509202957,0.13576734066009521
408.0,0.16440180918345085,0.05777248158119619,4.607953461325753,0.9788167637128097,0.09788167637128095,0.16440180918345085,0.06652013069162002,0.06652013069162002,0.01695297472178936,0.017169080674648285,0.01863640360534191,0.01655808463692665,0.023395897820591927,0.04397520050406456,0.07666599005460739,0.24882622063159943
409.0,0.16167703442848647,0.04120837547816336,4.586083066029094,1.0417656417076404,0.10417656417076407,0.16167703442848647,0.0575004664178078,0.0575004664178078,0.016316846013069153,0.01649930141866207,0.017748484387993813,0.015858665108680725,0.022045550867915154,0.0437781922519207,0.0717649832367897,0.12565498054027557
410.0,0.16488954826043203,0.06613101111724973,4.317981469354244,1.0317842410160944,0.10317842410160946,0.16488954826043203,0.06171112435941513,0.06171112435941513,0.017128055915236473,0.01732197403907776,0.018898215144872665,0.01674378477036953,0.02394990250468254,0.04523937404155731,0.08319908380508423,0.3065676987171173
411.0,0.15961200801225808,0.04654808482155204,4.309211796427844,1.0425576177927165,0.10425576177927165,0.15961200801225808,0.055356244914806806,0.055356244914806806,0.016132693737745285,0.01637042872607708,0.017694765701889992,0.015662651509046555,0.02189841866493225,0.04260549321770668,0.07260964065790176,0.1694105863571167
412.0,0.16613033070014074,0.07483064662665129,4.464639755680822,1.036081469975985,0.10360814699759849,0.16613033070014074,0.06252218252764298,0.06252218252764298,0.01721949502825737,0.01746796816587448,0.019113458693027496,0.016849340870976448,0.024117326363921165,0.04617646709084511,0.08472281694412231,0.3729782998561859
413.0,0.15499155223369598,0.042839058325625956,4.482165583502292,0.9877673937724187,0.09877673937724184,0.15499155223369598,0.05621481171021095,0.05621481171021095,0.015971163287758827,0.01621227152645588,0.017522266134619713,0.015559681691229343,0.0216971468180418,0.041575174778699875,0.07156378030776978,0.14261098206043243
414.0,0.1581790086168509,0.0803212495520711,4.546970538555668,0.9519071212181678,0.09519071212181676,0.1581790086168509,0.06298829486163762,0.06298829486163762,0.017505284398794174,0.017710311338305473,0.019487231969833374,0.01716843619942665,0.024755647405982018,0.047691505402326584,0.08767449110746384,0.41057708859443665
415.0,0.15686417371034622,0.07233156636357307,4.580082703261341,0.9891131887069116,0.09891131887069116,0.15686417371034622,0.057952855355464496,0.057952855355464496,0.017432548105716705,0.017617102712392807,0.019038701429963112,0.01715259626507759,0.02540137805044651,0.05172647908329964,0.09498971700668335,0.3352940082550049
416.0,0.1750326781318738,0.09410050651058555,4.797887908034471,1.0253452085531676,0.10253452085531675,0.1750326781318738,0.07249815647418682,0.07249815647418682,0.01665153168141842,0.01716458424925804,0.018821226432919502,0.01659243553876877,0.024701181799173355,0.049928341060876846,0.09191534668207169,0.5170294046401978
417.0,0.17375197089635408,0.09891920210793614,4.798043387772262,1.0317448469308705,0.10317448469308708,0.17375197089635408,0.07057748391078068,0.07057748391078068,0.01836494728922844,0.018506109714508057,0.020621147006750107,0.018175434321165085,0.027247469872236252,0.05295047536492348,0.09091693162918091,0.5445711016654968
418.0,0.17688610232793367,0.04271176178008318,4.556659608674144,1.034704109797111,0.10347041097971109,0.17688610232793367,0.07341569031660374,0.07341569031660374,0.01604771986603737,0.01618633233010769,0.017383694648742676,0.015748094767332077,0.022036945447325706,0.042196664959192276,0.07267127186059952,0.13942337036132812
419.0,0.1622025055380968,0.1478884001262486,4.763369671427844,1.0033495861750383,0.10033495861750381,0.1622025055380968,0.06186754643343962,0.06186754643343962,0.018849091604351997,0.01928347907960415,0.021490706130862236,0.018524568527936935,0.02959665097296238,0.06836768239736557,0.13685595989227295,0.8701390624046326
420.0,0.17241786878842574,0.04191848426125944,4.783548453059396,0.980996812765415,0.09809968127654149,0.17241786878842574,0.07431818458896416,0.07431818458896416,0.016436463221907616,0.016677893698215485,0.01778845302760601,0.016177194193005562,0.022609982639551163,0.04478396847844124,0.07466406375169754,0.12620985507965088
421.0,0.16903293304718459,0.16717905271798372,4.599824895340856,1.039953080507425,0.10399530805074252,0.16903293304718459,0.06503762075534233,0.06503762075534233,0.02015061117708683,0.02070474810898304,0.023147106170654297,0.0196998193860054,0.032106418162584305,0.07436543703079224,0.14863473176956177,0.9986235499382019
422.0,0.17277839722541663,0.05273456103168428,4.663671646420565,1.0530950381205633,0.10530950381205634,0.17277839722541663,0.06746888848451468,0.06746888848451468,0.01684293895959854,0.017026666551828384,0.018257351592183113,0.016550622880458832,0.023762285709381104,0.047838322818279266,0.08310398459434509,0.1984943151473999
423.0,0.17088038073136255,0.1468144403770566,4.6688580247336295,1.0101786439235394,0.10101786439235395,0.17088038073136255,0.06986251416114661,0.06986251416114661,0.01905941776931286,0.019447118043899536,0.02179778181016445,0.018793843686580658,0.029548127204179764,0.06620671600103378,0.1321340799331665,0.8675284385681152
424.0,0.15831971111205909,0.060314268339425325,4.424247857304964,0.9364779247687414,0.09364779247687413,0.15831971111205909,0.06467191789012688,0.06467191789012688,0.016972066834568977,0.01711329072713852,0.01860729418694973,0.016670508310198784,0.02400798536837101,0.04799804463982582,0.08555520325899124,0.2555897533893585
425.0,0.1704944148659706,0.13715726300142705,4.610777906239829,0.9532940869147961,0.09532940869147963,0.1704944148659706,0.07516500325157092,0.07516500325157092,0.0186008308082819,0.01907724142074585,0.02117958664894104,0.018408797681331635,0.028730269521474838,0.06359216570854187,0.12651096284389496,0.8011582493782043
426.0,0.1650631124010453,0.058111116755753756,4.598108532578386,0.9818414678940406,0.09818414678940408,0.1650631124010453,0.0668789638349643,0.0668789638349643,0.017249390482902527,0.017424525693058968,0.01881289854645729,0.016903525218367577,0.024192575365304947,0.04781036451458931,0.07916155457496643,0.243334099650383
427.0,0.1668514872972782,0.10616042860783637,4.451196522726313,0.9737285283895639,0.09737285283895641,0.1668514872972782,0.06947863187927467,0.06947863187927467,0.017214596271514893,0.017530428245663643,0.019361630082130432,0.01696302928030491,0.02552204392850399,0.05395900458097458,0.10298480838537216,0.5957478880882263
428.0,0.15128331860670677,0.052042516181245446,4.469718107178282,0.9300468266010284,0.09300468266010285,0.15128331860670677,0.05827863342486895,0.05827863342486895,0.01639007031917572,0.01653387024998665,0.01772606372833252,0.0160653255879879,0.02268528752028942,0.044759247452020645,0.07763838768005371,0.204541876912117
429.0,0.16096665480962166,0.1295564891770482,4.5648025072531,0.9447745680809021,0.09447745680809022,0.16096665480962166,0.0664891955944208,0.0664891955944208,0.018457848578691483,0.018778661265969276,0.020983073860406876,0.018231451511383057,0.027805915102362633,0.05948310345411301,0.1163501963019371,0.7563616633415222
430.0,0.15555709715072924,0.11553405248560011,4.428650039065875,0.9497101169366103,0.09497101169366107,0.15555709715072924,0.06058608439679329,0.06058608439679329,0.018271949142217636,0.01847584918141365,0.02060128189623356,0.017991818487644196,0.02742360159754753,0.056730661541223526,0.10714389383792877,0.657633364200592
431.0,0.15880876836868432,0.04999621142633259,4.640327081903138,0.9481172676269825,0.09481172676269824,0.15880876836868432,0.06399704157733001,0.06399704157733001,0.01704883575439453,0.017368944361805916,0.018532663583755493,0.016735326498746872,0.024190425872802734,0.05002329871058464,0.08807612955570221,0.16799406707286835
432.0,0.15981960812440285,0.09488554927520454,4.691596942811504,0.9154708752265344,0.09154708752265345,0.15981960812440285,0.06827252042981294,0.06827252042981294,0.017475690692663193,0.017739741131663322,0.01952406018972397,0.017206279560923576,0.025455472990870476,0.05058837682008743,0.09164786338806152,0.5194469094276428
433.0,0.15229832552946532,0.045113141881302,4.300509331785491,0.9093324840068817,0.09093324840068819,0.15229832552946532,0.06136507813173991,0.06136507813173991,0.016334425657987595,0.016602851450443268,0.017722029238939285,0.015926755964756012,0.02251495234668255,0.045207638293504715,0.07719553261995316,0.14940094947814941
434.0,0.15410198672459677,0.09069602680392563,4.512575052617164,0.9241042526868674,0.09241042526868674,0.15410198672459677,0.06169155899148721,0.06169155899148721,0.017415570095181465,0.01770332269370556,0.01943853870034218,0.017123138532042503,0.025062229484319687,0.04921405389904976,0.09026819467544556,0.48934316635131836
435.0,0.15370280123673952,0.06284308119211346,4.554018978368831,0.9507725559748136,0.09507725559748136,0.15370280123673952,0.058625542773650244,0.058625542773650244,0.015793314203619957,0.016250353306531906,0.017589297145605087,0.015525097958743572,0.02204502373933792,0.0431668646633625,0.07882444560527802,0.2935502529144287
