epoch,train_loss,val_window_mae_kwh,grad_norm,l_state,w_state,w_boundary,w_prior,w_dynamics,dynamics_residual_mae,loss,l_window,l_boundary,dynamics_residual_rmse,w_window,l_prior,l_dynamics,val_mae_soc_event_0.1,val_mae_soc_event_0.2,val_mae_soc_event_0.5,val_mae_time_60s,val_mae_time_120s,val_mae_time_300s,val_mae_time_600s,val_mae_full_trip
0.0,1.9866474316670344,0.08684344810899347,0.7459972607820664,18.491737365722656,1.8491737365722654,0.0,0.00013133314976305254,0.0003853151608312216,0.014853642465403447,1.9866474316670344,0.1369570201406112,0.0,0.01920726580115465,0.1369570201406112,0.0013133314976305254,0.0003853151608312216,0.013989635743200779,0.01434373389929533,0.01594952866435051,0.014443510212004185,0.022348733618855476,0.04962795227766037,0.07773791253566742,0.4863065779209137
1.0,1.8909933337798486,0.12583347503095865,0.8926022881330746,18.101305411412167,1.8101305411412165,0.0,0.002691069388618836,0.0011163305249423361,0.020623328020939462,1.8909933337798486,0.0770553510922652,0.0,0.031183572844243966,0.0770553510922652,0.02691069388618836,0.0011163305249423361,0.01464682538062334,0.014893788844347,0.017580021172761917,0.014283985830843449,0.024611348286271095,0.05523184686899185,0.10126954317092896,0.7641504406929016
2.0,1.7790108552345862,0.06574116658885032,1.1580420428301479,16.815828433403603,1.6815828433403601,0.0,0.005696497083856509,0.015355415713901702,0.0489143505692482,1.7790108552345862,0.0763761134674916,0.0,0.11695475819019172,0.0763761134674916,0.056964970838565096,0.015355415713901702,0.013037264347076416,0.013303406536579132,0.015229255892336369,0.013493981212377548,0.02059156447649002,0.04432304576039314,0.07083803415298462,0.3351127803325653
3.0,1.6640207263139577,0.057347018737345934,1.0177567322201921,15.401315469008226,1.5401315469008223,0.0,0.0038347038655326916,0.06034078678259483,0.09019079345923203,1.6640207263139577,0.05971366826158304,0.0,0.24405289842532232,0.05971366826158304,0.03834703865532692,0.06034078678259483,0.01251433789730072,0.012754454277455807,0.014714325778186321,0.012808941304683685,0.019836662337183952,0.043340202420949936,0.06818433851003647,0.2746228873729706
4.0,1.5884490379920373,0.06803740444593132,1.1003653898557508,14.607409917391264,1.4607409917391267,0.0,0.004410242103040219,0.06549680046737194,0.09530264024551098,1.5884490379920373,0.05780096495380768,0.0,0.2500697706754391,0.05780096495380768,0.044102421030402184,0.06549680046737194,0.01265010703355074,0.012936925515532494,0.015110531821846962,0.012775163166224957,0.020334461703896523,0.04378988966345787,0.07143746316432953,0.35526469349861145
5.0,1.516392143873068,0.06403108907397836,1.1396935127903238,13.931141926692082,1.3931141926692083,0.0,0.0038112068978639747,0.06535659128656754,0.09932459031160061,1.516392143873068,0.05411011754320218,0.0,0.2508322321451627,0.05411011754320218,0.03811206897863975,0.06535659128656754,0.012690274976193905,0.012980826199054718,0.015085053630173206,0.012828732840716839,0.020130787044763565,0.04322327673435211,0.06951336562633514,0.3257963955402374
6.0,1.4607305801831758,0.10623333847615868,1.2533540009489017,13.344369704906757,1.334436970490676,0.0,0.004498480045451568,0.07064432851397075,0.10285690828011586,1.4607305801831758,0.05115079879760742,0.0,0.26161298843530506,0.05115079879760742,0.04498480045451568,0.07064432851397075,0.013824965804815292,0.014112291857600212,0.016755791381001472,0.013703827746212482,0.022890254855155945,0.05017450824379921,0.09221422672271729,0.6261908411979675
7.0,1.42824786901474,0.04690350336022675,1.428979595286602,12.84556220127986,1.2845562201279863,0.0,0.00373755434814554,0.07133505292809926,0.09958883776114537,1.42824786901474,0.06861900867751011,0.0,0.2644905276023425,0.06861900867751011,0.0373755434814554,0.07133505292809926,0.012708899565041065,0.012996749021112919,0.014904062263667583,0.01302343886345625,0.019527768716216087,0.04295841604471207,0.06340022385120392,0.1957084685564041
8.0,1.3768309950828552,0.10871108830906451,1.3934377432886789,12.50492734175462,1.250492734175462,0.0,0.004025939995279679,0.06687442614481999,0.09915808301705581,1.3768309950828552,0.05543788321889364,0.0,0.25449504531346834,0.05543788321889364,0.04025939995279679,0.06687442614481999,0.01422359049320221,0.01460759062319994,0.017350733280181885,0.014108565635979176,0.023569274693727493,0.05228150263428688,0.09528613090515137,0.6382613182067871
9.0,1.36614767404703,0.06406258244533092,1.4782535676101,12.258077217982365,1.2258077217982366,0.0,0.0039046929289515207,0.07231825332228954,0.10067432517042527,1.36614767404703,0.06411699592494048,0.0,0.2648821541896233,0.06411699592494048,0.039046929289515205,0.07231825332228954,0.012908766977488995,0.013211723417043686,0.015207844786345959,0.013129816390573978,0.020235339179635048,0.043419238179922104,0.06572064757347107,0.3286672830581665
10.0,1.3219988667047942,0.09522182832006365,1.4258611748602188,11.924476513495812,1.1924476513495814,0.0,0.0038496740019092197,0.07195478964310426,0.10101759204497704,1.3219988667047942,0.05374671676411079,0.0,0.2618894840662296,0.05374671676411079,0.038496740019092195,0.07195478964310426,0.013635548762977123,0.014019232243299484,0.016589416190981865,0.01362050324678421,0.022312097251415253,0.04873468726873398,0.08616475015878677,0.5466983914375305
11.0,1.317521448318775,0.054489376372657716,1.5247726165007656,11.803075570326586,1.1803075570326587,0.0,0.004042208309356982,0.07251183058206852,0.09856111814196293,1.317521448318775,0.060659826088410154,0.0,0.2642430468247487,0.060659826088410154,0.04042208309356983,0.07251183058206852,0.012753122486174107,0.013032043352723122,0.014873949810862541,0.013135923072695732,0.01985510066151619,0.04275863617658615,0.06423825770616531,0.2552679777145386
12.0,1.281063749239995,0.08339286327827722,1.446757788124906,11.45804555599506,1.145804555599506,0.0,0.004313176397520763,0.07577363372995304,0.09937707162820376,1.281063749239995,0.05517237719434958,0.0,0.2675657788148293,0.05517237719434958,0.04313176397520762,0.07577363372995304,0.013177416287362576,0.013521150685846806,0.015941906720399857,0.013201992027461529,0.021453479304909706,0.04670199751853943,0.08080296963453293,0.4623419940471649
13.0,1.2643733437244709,0.057348207919858396,1.5250727338328738,11.303080191979042,1.1303080191979042,0.0,0.004558234633161472,0.07468156631176288,0.09681398020340846,1.2643733437244709,0.05482549535540434,0.0,0.26685431370368373,0.05482549535540434,0.04558234633161472,0.07468156631176288,0.012616696767508984,0.0129097206518054,0.014775967225432396,0.012911499477922916,0.0197759959846735,0.042654719203710556,0.06626023352146149,0.27688083052635193
14.0,1.2337316412192125,0.058050298830494285,1.5007577245259758,10.988632605626034,1.0988632605626034,0.0,0.00426410108518142,0.07756752463487479,0.09601520517697701,1.2337316412192125,0.053036742772047334,0.0,0.27076575045402235,0.053036742772047334,0.042641010851814196,0.07756752463487479,0.012469561770558357,0.012794177047908306,0.014755312353372574,0.01271629799157381,0.0198240727186203,0.042333900928497314,0.0671863928437233,0.2823226749897003
15.0,1.209713509449592,0.06783536053262651,1.5014196772941222,10.770880992595966,1.0770880992595966,0.0,0.0048107469454407685,0.07582034113315436,0.09338873137648289,1.209713509449592,0.051994290202856064,0.0,0.2675420022927798,0.051994290202856064,0.04810746945440769,0.07582034113315436,0.012570543214678764,0.01289177592843771,0.015012937597930431,0.012701228260993958,0.020256655290722847,0.04327535256743431,0.07151811569929123,0.3544562757015228
16.0,1.178674748310676,0.04703358968254179,1.5161370428146812,10.479312970088078,1.047931297008808,0.0,0.0045048396461285075,0.07675402238965034,0.09182894115264599,1.178674748310676,0.04948458820581436,0.0,0.2683940999783002,0.04948458820581436,0.04504839646128508,0.07675402238965034,0.012341166846454144,0.012607764452695847,0.014412022195756435,0.012679423205554485,0.019376909360289574,0.04165026172995567,0.0659240260720253,0.19727714359760284
17.0,1.1522872310418348,0.05583637428935617,1.5059313875489917,10.213164659646841,1.021316465964684,0.0,0.004905244851341616,0.07356303127912375,0.0886229697901469,1.1522872310418348,0.05250246708209698,0.0,0.2623400069200076,0.05250246708209698,0.04905244851341614,0.07356303127912375,0.012268470600247383,0.012507796287536621,0.014391873963177204,0.012518415227532387,0.019418062642216682,0.04150079935789108,0.06722947210073471,0.2668561041355133
18.0,1.1182822424631853,0.06504743313416839,1.4745259378043765,9.896674834764921,0.9896674834764921,0.0,0.005139662740895381,0.07155288741565667,0.08624497571816811,1.1182822424631853,0.051922186062886164,0.0,0.2582678072727643,0.051922186062886164,0.051396627408953816,0.07155288741565667,0.012333075515925884,0.01261293888092041,0.014608928002417088,0.01251889392733574,0.019734852015972137,0.04200981929898262,0.06991985440254211,0.3366411030292511
19.0,1.0803579619297614,0.04462828137911856,1.4868504824325786,9.575626611709595,0.9575626611709596,0.0,0.004249360827872388,0.06712236226751254,0.08320081979036331,1.0803579619297614,0.051423548649136834,0.0,0.2504557267977641,0.051423548649136834,0.042493608278723866,0.06712236226751254,0.012556958012282848,0.012811587192118168,0.014561677351593971,0.013064663857221603,0.01945354789495468,0.0414728969335556,0.0657002329826355,0.17740468680858612
20.0,1.0414641728767982,0.09310729103162885,1.4236174895130358,9.233342445813692,0.9233342445813693,0.0,0.00573433992954401,0.060548118100716516,0.0799039863049984,1.0414641728767982,0.05184744885907723,0.0,0.23787964651217827,0.05184744885907723,0.057343399295440085,0.060548118100716516,0.012913640588521957,0.013128485530614853,0.01558736152946949,0.012864826247096062,0.021302811801433563,0.0462334118783474,0.0835312232375145,0.539296567440033
21.0,1.007677362515376,0.046907929121516645,1.4844816729013068,8.867557012117826,0.8867557012117826,0.0,0.0059650480460662104,0.05462373764469074,0.07728511582200344,1.007677362515376,0.060332848475529596,0.0,0.2274722858117177,0.060332848475529596,0.05965048046066211,0.05462373764469074,0.012402107939124107,0.012659905478358269,0.014415772631764412,0.01283156406134367,0.019305041059851646,0.04127880558371544,0.06545615941286087,0.19691407680511475
22.0,0.9544404584627885,0.05087366793304682,1.4474328538047638,8.46072950729957,0.8460729507299569,0.0,0.004252210560326392,0.05134884869823089,0.0754577316916906,0.9544404584627885,0.05276642152323173,0.0,0.22021576647575086,0.05276642152323173,0.04252210560326393,0.05134884869823089,0.01247162465006113,0.012747790664434433,0.014514966867864132,0.012909883633255959,0.01933041773736477,0.04139620438218117,0.065306156873703,0.22831229865550995
23.0,0.906098865545713,0.06810507259797305,1.4174063394896368,8.057973348177397,0.8057973348177399,0.0,0.004905139382642049,0.04480787151708053,0.07274682218065628,0.906098865545713,0.050588521819848284,0.0,0.2067679063631938,0.050588521819848284,0.04905139382642049,0.04480787151708053,0.012232686392962933,0.012444084510207176,0.014438849873840809,0.012436768971383572,0.019561542198061943,0.041617486625909805,0.07192207872867584,0.3601870834827423
24.0,0.8640940624933976,0.04418994393199682,1.484731346928828,7.6510552076193,0.76510552076193,0.0,0.005081858271016524,0.04071324003430513,0.06964036879631189,0.8640940624933976,0.05319345040390125,0.0,0.19765735016419336,0.05319345040390125,0.05081858271016525,0.04071324003430513,0.01219057198613882,0.012395991012454033,0.01413566805422306,0.012582899071276188,0.01884433627128601,0.03997412323951721,0.06436356157064438,0.17903240025043488
25.0,0.8170633568213537,0.05921835754998028,1.4890177003217744,7.2265847829672,0.72265847829672,0.0,0.004830235987901688,0.03730776891685449,0.06718573776575235,0.8170633568213537,0.05226684576616837,0.0,0.18931510356756356,0.05226684576616837,0.048302359879016876,0.03730776891685449,0.01222300436347723,0.01248905062675476,0.014390463940799236,0.012485908344388008,0.019420409575104713,0.041168395429849625,0.06825660169124603,0.29331302642822266
26.0,0.7663166775153234,0.07117407023906708,1.4639886139409595,6.770973480664766,0.6770973480664767,0.0,0.005107809173373076,0.03346060245082928,0.06540334797822513,0.7663166775153234,0.050650907966953054,0.0,0.17996760056569025,0.050650907966953054,0.051078091733730756,0.03346060245082928,0.012455885298550129,0.01267616543918848,0.014828958548605442,0.012542719952762127,0.019949914887547493,0.04276664927601814,0.07284365594387054,0.38132861256599426
27.0,0.7182837403737582,0.06059841939713806,1.4863402667216081,6.32413310271043,0.632413310271043,0.0,0.004611789248883724,0.03181037543198237,0.0645284830377652,0.7182837403737582,0.049448272929741785,0.0,0.17527594016148493,0.049448272929741785,0.04611789248883724,0.03181037543198237,0.012183834798634052,0.012405004352331161,0.014279781840741634,0.012444269843399525,0.019249984994530678,0.04099508002400398,0.06885038316249847,0.30437901616096497
28.0,0.6786138002689068,0.07023882202338427,1.535862288162837,5.924973928011381,0.592497392801138,0.0,0.005260800083096211,0.03004068823961111,0.06446904029983741,0.6786138002689068,0.05081490928737017,0.0,0.16991600680809754,0.05081490928737017,0.05260800083096211,0.03004068823961111,0.012306460179388523,0.012508797459304333,0.014564301818609238,0.012454123236238956,0.01969245634973049,0.041647739708423615,0.07230997085571289,0.37642672657966614
29.0,0.644144750558413,0.04887540440540761,1.652174538153311,5.566686584399297,0.5566686584399296,0.0,0.0040474667285497375,0.029520184804613773,0.06474318355321884,0.644144750558413,0.053908407115019284,0.0,0.16753714359723604,0.053908407115019284,0.040474667285497375,0.029520184804613773,0.012510871514678001,0.01277721393853426,0.014534415677189827,0.012951280921697617,0.01927184872329235,0.0413016602396965,0.06436119973659515,0.21329474449157715
30.0,0.5980261197456946,0.11418641055934131,1.5402258658735037,5.1657604437607985,0.5165760443760798,0.0,0.005845938708919745,0.024619581965872876,0.05955936243900886,0.5980261197456946,0.05098453464989479,0.0,0.1525943445471617,0.05098453464989479,0.05845938708919745,0.024619581965872876,0.013739973306655884,0.014016886241734028,0.016652042046189308,0.013584987260401249,0.022984446957707405,0.0509929396212101,0.09686833620071411,0.6846516728401184
31.0,0.5839569213298651,0.05709939973894507,1.6939267744885145,4.882323732742896,0.48823237327428964,0.0,0.0059159241903286724,0.021775905007066634,0.05607061833143234,0.5839569213298651,0.06803269712970807,0.0,0.14408028297699416,0.06803269712970807,0.05915924190328671,0.021775905007066634,0.01257301401346922,0.01286182552576065,0.0146866450086236,0.012918264605104923,0.01969282329082489,0.04224676638841629,0.06670016050338745,0.2751156985759735
32.0,0.5388734363592588,0.06481397652532905,1.6182259455694128,4.563634496468764,0.4563634496468766,0.0,0.004416957254020067,0.0260479966035256,0.05990563877500021,0.5388734363592588,0.05204500902730685,0.0,0.15855646133422852,0.05204500902730685,0.04416957254020067,0.0260479966035256,0.012291007675230503,0.012536327354609966,0.014485840685665607,0.012511754408478737,0.019680432975292206,0.04205808788537979,0.07146231085062027,0.33348605036735535
33.0,0.5000560111724414,0.04365962604060769,1.7655297380229866,4.180777687292832,0.41807776872928326,0.0,0.004276254658515637,0.024158977473584507,0.05990928182235131,0.5000560111724414,0.05354300112678455,0.0,0.1504914995569449,0.05354300112678455,0.042762546585156366,0.024158977473584507,0.012606373988091946,0.012822109274566174,0.014555507339537144,0.013093710877001286,0.01940634846687317,0.041711948812007904,0.06516969949007034,0.16991131007671356
34.0,0.5196544619706961,0.0778877988923341,2.0377793727884064,4.32249351648184,0.432249351648184,0.0,0.005074358989412968,0.02991320497284715,0.06433136503283794,0.5196544619706961,0.05241753633778829,0.0,0.16521533120136994,0.05241753633778829,0.05074358989412968,0.02991320497284715,0.012580416165292263,0.012823078781366348,0.014975227415561676,0.01265373919159174,0.020423753187060356,0.04381345212459564,0.07628180831670761,0.4295509159564972
35.0,0.4870543984266428,0.07122463290579617,1.6649196420533885,4.051506280899048,0.40515062808990476,0.0,0.0039075137904057144,0.021265998840905152,0.05544396833731578,0.4870543984266428,0.056730255914422184,0.0,0.14277153404859397,0.056730255914422184,0.03907513790405714,0.021265998840905152,0.013727952726185322,0.013937052339315414,0.015827206894755363,0.014258231036365032,0.0215371735394001,0.045795004814863205,0.07206754386425018,0.37264689803123474
36.0,0.4131262508722452,0.09079430717974901,1.5318766170978646,3.3327408937307506,0.33327408937307507,0.0,0.004507187732423728,0.013643982784392742,0.04621441261126445,0.4131262508722452,0.06170099257276608,0.0,0.11345526346793541,0.06170099257276608,0.04507187732423727,0.013643982784392742,0.01298996340483427,0.013209848664700985,0.015603495761752129,0.012926135212182999,0.021267171949148178,0.04683393985033035,0.08247452229261398,0.5210493803024292
37.0,0.4064824225810858,0.05778031295631081,1.6182595542522453,3.2849935384897084,0.32849935384897083,0.0,0.004972948793035287,0.0129880471728169,0.04535576973396998,0.4064824225810858,0.06002206613238041,0.0,0.11150152694720489,0.06002206613238041,0.049729487930352874,0.0129880471728169,0.013065018691122532,0.013316958211362362,0.015154946595430374,0.013519794680178165,0.020306844264268875,0.04387019947171211,0.06960855424404144,0.2734001874923706
38.0,0.3716268287255214,0.06460500415414572,1.4707814091636864,2.976040583390456,0.29760405833904563,0.0,0.0042787271193586865,0.014863736354387723,0.047502388461278036,0.3716268287255214,0.054880304978444025,0.0,0.11957179353787349,0.054880304978444025,0.042787271193586864,0.014863736354387723,0.012489738874137402,0.012715041637420654,0.014692003838717937,0.012689338997006416,0.02007557824254036,0.04297884926199913,0.07223599404096603,0.3289634883403778
39.0,0.36008709783737475,0.05329816788434982,1.5422026401191278,2.8707388731149526,0.28707388731149525,0.0,0.004896803529789814,0.014649185316207318,0.04488217572753246,0.36008709783737475,0.05346721253142907,0.0,0.11855062383871812,0.05346721253142907,0.048968035297898144,0.014649185316207318,0.012516623362898827,0.012770168483257294,0.014653436839580536,0.012781964614987373,0.019714027643203735,0.04257971793413162,0.06857126951217651,0.24279813468456268
40.0,0.3584311100152823,0.05801136791706085,1.6076295861152408,2.889379593042227,0.2889379593042227,0.0,0.004204687261237549,0.013254660539902173,0.042461393401026726,0.3584311100152823,0.05203379661991046,0.0,0.11265675035806802,0.05203379661991046,0.04204687261237548,0.013254660539902173,0.0125664584338665,0.012846456840634346,0.01479941327124834,0.012784251011908054,0.01991000398993492,0.042920030653476715,0.06959637254476547,0.27866795659065247
41.0,0.33653628482268405,0.06342552311252803,1.5032025535007292,2.6827907791504493,0.2682790779150449,0.0,0.0043330350460914465,0.012874107127292799,0.04016348533332348,0.33653628482268405,0.051050057634711266,0.0,0.11122811528352591,0.051050057634711266,0.04333035046091446,0.012874107127292799,0.012541107833385468,0.012822628952562809,0.014879067428410053,0.012707634828984737,0.02008538506925106,0.04286325350403786,0.07133390009403229,0.32017120718955994
42.0,0.33208141877101016,0.07086758967489004,1.5974702426187493,2.6522453473164487,0.26522453473164487,0.0,0.004615819081664086,0.012007656292273449,0.042736802966548845,0.33208141877101016,0.050233402934211954,0.0,0.10755532464155784,0.050233402934211954,0.046158190816640854,0.012007656292273449,0.012652100063860416,0.012895663268864155,0.015115190297365189,0.012728890404105186,0.02041902393102646,0.04358665645122528,0.07397209107875824,0.3755711019039154
43.0,0.34402643602627975,0.05727142689283937,1.6275073173155012,2.7158191479169407,0.271581914791694,0.0,0.004124092296338999,0.01651453459635377,0.044521645857737616,0.34402643602627975,0.051805893962199874,0.0,0.12186695004885013,0.051805893962199874,0.041240922963389985,0.01651453459635377,0.012525880709290504,0.012780497781932354,0.014744558371603489,0.012734235264360905,0.019810397177934647,0.04263190180063248,0.06955937296152115,0.27338457107543945
44.0,0.32423530289760005,0.06369962729513645,1.5238999724587943,2.596667904120225,0.2596667904120225,0.0,0.004550234600901605,0.009455339195063481,0.03714573469299536,0.32423530289760005,0.050562937099200025,0.0,0.095627561211586,0.050562937099200025,0.04550234600901604,0.009455339195063481,0.012480294331908226,0.01272983942180872,0.014754999428987503,0.012667805887758732,0.019972216337919235,0.04264340549707413,0.07160161435604095,0.3227468430995941
45.0,0.32259480082071745,0.05871156242210418,1.5752776841585958,2.5272787992770853,0.25272787992770857,0.0,0.0036545130352561295,0.013708007235366564,0.042166282494480796,0.32259480082071745,0.05250439062141455,0.0,0.11276511905285028,0.05250439062141455,0.03654513035256129,0.013708007235366564,0.013170246966183186,0.013375361450016499,0.015190986916422844,0.01373931672424078,0.02040131203830242,0.04376748576760292,0.06834801286458969,0.2816997766494751
46.0,0.324600905753099,0.09649284032639116,1.4946124806362127,2.5293525640781107,0.2529352564078111,0.0,0.00511940151023177,0.010525286054381957,0.0384328392549203,0.324600905753099,0.05602096422360493,0.0,0.10067034971255523,0.05602096422360493,0.0511940151023177,0.010525286054381957,0.013171348720788956,0.013372682966291904,0.015836795791983604,0.01304335705935955,0.02158576063811779,0.04776189103722572,0.08635316789150238,0.5608177185058594
47.0,0.32666187446850997,0.05828385381028056,1.5447179860006892,2.479613482952118,0.24796134829521177,0.0,0.0053648885626059305,0.012789073758400403,0.03934963778234445,0.32666187446850997,0.06054656451138166,0.0,0.10893132996100646,0.06054656451138166,0.05364888562605931,0.012789073758400403,0.013140288181602955,0.01336317602545023,0.015186428092420101,0.013649682514369488,0.020416490733623505,0.04396027699112892,0.06945201754570007,0.2771024703979492
48.0,0.31423043230405223,0.08608758542686701,1.4290079741977464,2.461002001395592,0.24610020013955924,0.0,0.005131323076784612,0.010031311987684323,0.03805956101188293,0.31423043230405223,0.05296759379024689,0.0,0.09858547609585983,0.05296759379024689,0.05131323076784611,0.010031311987684323,0.012857481837272644,0.013058912009000778,0.015355117619037628,0.012814011424779892,0.021036803722381592,0.04556630551815033,0.08104988187551498,0.4869621694087982
49.0,0.321356407724894,0.059081718674860895,1.5312010694141986,2.448487799901229,0.2448487799901229,0.0,0.005143799948004576,0.012685353939349834,0.0383018904293959,0.321356407724894,0.05867846596699495,0.0,0.10825251386715816,0.05867846596699495,0.05143799948004576,0.012685353939349834,0.013212846592068672,0.013413118198513985,0.01524052582681179,0.013800579123198986,0.020462488755583763,0.04386688023805618,0.0692121610045433,0.2834451496601105
50.0,0.3096528580555549,0.08325061528012156,1.4550147708413115,2.4086057360355673,0.24086057360355673,0.0,0.005319334480624932,0.010044569436174173,0.03735168321201435,0.3096528580555549,0.05342837766959117,0.0,0.09848933896193138,0.05342837766959117,0.05319334480624933,0.010044569436174173,0.012819536961615086,0.01302661094814539,0.015304157510399818,0.01281852088868618,0.020999761298298836,0.04562026262283325,0.08027659356594086,0.4651394784450531
51.0,0.3157825659100826,0.06534556183032691,1.5158222334021403,2.420123563363002,0.24201235633630022,0.0,0.005330353846343664,0.011549260216550184,0.03663546978854216,0.3157825659100826,0.056890589399979666,0.0,0.10403105501945202,0.056890589399979666,0.05330353846343664,0.011549260216550184,0.013480894267559052,0.013682331889867783,0.01554836519062519,0.014065120369195938,0.020999792963266373,0.04469689726829529,0.07069779187440872,0.329593300819397
52.0,0.30705757439136505,0.08278470858931541,1.4210725581539225,2.368594160446754,0.23685941604467542,0.0,0.0054249686977038015,0.010289602268200655,0.036634014202998236,0.30705757439136505,0.05448358219403487,0.0,0.09931564388366845,0.05448358219403487,0.05424968697703802,0.010289602268200655,0.012811286374926567,0.013020745478570461,0.015289192087948322,0.012824557721614838,0.0209734495729208,0.045611754059791565,0.08009142428636551,0.46165525913238525
53.0,0.3108134034734506,0.06162422429770231,1.50435312170375,2.382011578633235,0.23820115786332352,0.0,0.0054350873598685645,0.010334029399718229,0.03489709874758354,0.3108134034734506,0.056843118025706366,0.0,0.09896923257754399,0.056843118025706366,0.05435087359868563,0.010334029399718229,0.013335230760276318,0.013545566238462925,0.015382582321763039,0.013928836211562157,0.020716432482004166,0.044253721833229065,0.07023156434297562,0.3015998601913452
54.0,0.30526882524673754,0.062374738859944046,1.4249628654806676,2.3456674951773424,0.2345667495177342,0.0,0.004925675768978321,0.011276412970171524,0.0361672376210873,0.30526882524673754,0.05449998249801306,0.0,0.10264667983238514,0.05449998249801306,0.04925675768978321,0.011276412970171524,0.012727098539471626,0.013015221804380417,0.015018853358924389,0.013030940666794777,0.020351752638816833,0.044384393841028214,0.07288682460784912,0.307582825422287
55.0,0.3014361004416759,0.0706978680100292,1.4419718643052295,2.3466535944205065,0.23466535944205064,0.0,0.00570636665305266,0.009711535575871285,0.034520464877669625,0.3014361004416759,0.051352825588904895,0.0,0.09657600350104846,0.051352825588904895,0.0570636665305266,0.009711535575871285,0.012797546572983265,0.013076094910502434,0.015277263708412647,0.012922406196594238,0.02072061412036419,0.04489196091890335,0.0758967250585556,0.37000033259391785
56.0,0.29688934752574336,0.060623670811764896,1.4390841764028355,2.30371741606639,0.23037174160663904,0.0,0.0047376146969886936,0.011820133273991255,0.03568131562608939,0.29688934752574336,0.04995986145849411,0.0,0.10437318109549008,0.04995986145849411,0.04737614696988693,0.011820133273991255,0.013141733594238758,0.013385186903178692,0.015222062356770039,0.013659130781888962,0.020440438762307167,0.04383702948689461,0.06956976652145386,0.2957340180873871
57.0,0.29956611131246275,0.09122648509219289,1.397718034453991,2.315614856206454,0.2315614856206454,0.0,0.005356465337368158,0.009855290946479026,0.034685591665598065,0.29956611131246275,0.052792862917368226,0.0,0.09699473530054092,0.052792862917368226,0.05356465337368158,0.009855290946479026,0.01300019770860672,0.01319048460572958,0.015588929876685143,0.012908625416457653,0.021259747445583344,0.04626172408461571,0.08273624628782272,0.5248659253120422
58.0,0.3035751999570773,0.05023770604748279,1.4961097036148523,2.2870314625593333,0.2287031462559333,0.0,0.005541135370731355,0.011145803540085372,0.03576070729356546,0.3035751999570773,0.05818510642991616,0.0,0.10236346836273487,0.05818510642991616,0.05541135370731354,0.011145803540085372,0.012947258539497852,0.013165939599275589,0.014939974062144756,0.013479347340762615,0.01996535249054432,0.042910411953926086,0.06812261790037155,0.21637074649333954
59.0,0.2929133314352769,0.0839342400431633,1.4356825770570543,2.266204838569348,0.22662048385693476,0.0,0.005521978781773494,0.009651316079096152,0.03537130828660268,0.2929133314352769,0.051119547623854414,0.0,0.09640468828953229,0.051119547623854414,0.05521978781773494,0.009651316079096152,0.01282506063580513,0.013031340204179287,0.015323307365179062,0.01281846035271883,0.02095864713191986,0.045315470546483994,0.07989808171987534,0.4713035523891449
60.0,0.2986314113323505,0.060157004510983825,1.5144955376410396,2.260986103461339,0.22609861034613393,0.0,0.0054872384438147915,0.011656113721143741,0.03603922016918659,0.2986314113323505,0.055389443412423134,0.0,0.10440587137754147,0.055389443412423134,0.05487238443814791,0.011656113721143741,0.013255625031888485,0.01347651518881321,0.015300202183425426,0.013867273926734924,0.02056409977376461,0.043826740235090256,0.06965896487236023,0.29130661487579346
61.0,0.29247673887472886,0.08140391856431961,1.3724490132627847,2.238601579115941,0.22386015791159414,0.0,0.005556547104452665,0.009638112754775928,0.03607623536999409,0.29247673887472886,0.0534219230310275,0.0,0.09642200171947479,0.0534219230310275,0.05556547104452665,0.009638112754775928,0.012793158181011677,0.013006370514631271,0.015258611179888248,0.01282227598130703,0.02089674398303032,0.045244354754686356,0.0792391374707222,0.4519706964492798
62.0,0.2928924239598788,0.060623498749919236,1.498867600418674,2.2102707532735972,0.22102707532735974,0.0,0.005728459745072401,0.011549235142480869,0.03530671533483725,0.2928924239598788,0.05458765491270102,0.0,0.10405532614542888,0.05458765491270102,0.05728459745072401,0.011549235142480869,0.013277350924909115,0.013495237566530704,0.015315421856939793,0.013888739049434662,0.020605020225048065,0.04383155703544617,0.06987055391073227,0.2947041094303131
63.0,0.2884001141557327,0.07132095459382981,1.4144978083736883,2.2058956027030945,0.22058956027030946,0.0,0.0054557332625755905,0.009656290702808362,0.03600448971757522,0.2884001141557327,0.05269852438225196,0.0,0.09637211836301364,0.05269852438225196,0.0545573326257559,0.009656290702808362,0.012571646831929684,0.01277557760477066,0.014837617985904217,0.012726976536214352,0.020303217694163322,0.04373005032539368,0.07538890838623047,0.3782336413860321
64.0,0.2900357607465524,0.06793063983786851,1.5264428534294094,2.197933953541976,0.21979339535419756,0.0,0.005327288090036466,0.011867486621038271,0.03606807225598739,0.2900357607465524,0.053047587092106156,0.0,0.10572673093814117,0.053047587092106156,0.05327288090036465,0.011867486621038271,0.013374504633247852,0.013578764162957668,0.015400676988065243,0.014022471383213997,0.020727988332509995,0.04384204000234604,0.06865489482879639,0.3538437783718109
65.0,0.28625800059391904,0.06037819036282599,1.2803628889674032,2.170024023606227,0.2170024023606227,0.0,0.005150658400872579,0.009350280993832992,0.03638045131587065,0.28625800059391904,0.054754653229163244,0.0,0.09501374570223,0.054754653229163244,0.05150658400872579,0.009350280993832992,0.01257612369954586,0.012817359529435635,0.014777368865907192,0.012850450351834297,0.020063918083906174,0.04339025169610977,0.07208641618490219,0.2944636344909668
66.0,0.2853371844841884,0.05809250904712826,1.4730664242972316,2.1477676767569323,0.21477676767569326,0.0,0.005709919820611295,0.013233716026521646,0.03675943870957081,0.2853371844841884,0.05161678232252598,0.0,0.11059898883104324,0.05161678232252598,0.057099198206112936,0.013233716026521646,0.012646935880184174,0.012921526096761227,0.014849691651761532,0.012980527244508266,0.01990913227200508,0.043097931891679764,0.0693722814321518,0.27896204590797424
67.0,0.2829248051230724,0.0625546167138964,1.480566831582049,2.188354588471926,0.21883545884719263,0.0,0.004985918520161739,0.008698226973557701,0.035555606707930565,0.2829248051230724,0.05040519641569027,0.0,0.0908032306111776,0.05040519641569027,0.04985918520161739,0.008698226973557701,0.01272372156381607,0.01299870852380991,0.014952000230550766,0.01303557027131319,0.020046960562467575,0.043260958045721054,0.06957990676164627,0.3138391077518463
68.0,0.2820664873489967,0.07835345296189189,1.5462504675365263,2.146687374665187,0.21466873746651866,0.0,0.005080764755033529,0.013112048296114573,0.03633652441203594,0.2820664873489967,0.04920492693781853,0.0,0.11005164854801618,0.04920492693781853,0.050807647550335296,0.013112048296114573,0.01271748635917902,0.012886803597211838,0.015152894891798496,0.012735569849610329,0.020451221615076065,0.04394247382879257,0.07626426219940186,0.43267691135406494
69.0,0.28837899004037565,0.06882016838062555,1.5977344457523075,2.205194124808678,0.22051941248086784,0.0,0.0046518718393949365,0.009651693372199168,0.037125517829106405,0.28837899004037565,0.05355601027034796,0.0,0.09502190380142285,0.05355601027034796,0.04651871839394936,0.009651693372199168,0.013399915769696236,0.013611665926873684,0.015404661186039448,0.013970854692161083,0.020695406943559647,0.04415208473801613,0.0679333359003067,0.36139342188835144
70.0,0.2926228057879668,0.07576560718007386,1.5820319776438976,2.1557543873786926,0.2155754387378693,0.0,0.0048925100324245605,0.01419802769445456,0.03907831070514826,0.2926228057879668,0.057956827947726615,0.0,0.11516151749170743,0.057956827947726615,0.0489251003242456,0.01419802769445456,0.012664181180298328,0.01286351028829813,0.015077680349349976,0.012747146189212799,0.020446550101041794,0.044117800891399384,0.07616647332906723,0.4120415151119232
71.0,0.2992903899687987,0.059225466568022966,1.6532339285643294,2.304707545500535,0.23047075455005353,0.0,0.005418243545752307,0.010840722413447041,0.03593650388603027,0.2992903899687987,0.05256066657602787,0.0,0.09973912342236592,0.05256066657602787,0.054182435457523055,0.010840722413447041,0.01317697111517191,0.013383095152676105,0.01520150899887085,0.01372002623975277,0.02033207193017006,0.04359813407063484,0.06807541102170944,0.28631651401519775
72.0,0.2785151159534088,0.08172188838943839,1.4659242401379975,2.065791217180399,0.20657912171803988,0.0,0.00558309845196513,0.01369140504931028,0.041161683173133776,0.2785151159534088,0.05266148138504762,0.0,0.11495648611050385,0.05266148138504762,0.0558309845196513,0.01369140504931028,0.012786723673343658,0.012974940240383148,0.015288377180695534,0.012836111709475517,0.020712006837129593,0.04494083672761917,0.07858813554048538,0.4556479752063751
73.0,0.28656135957974654,0.052528656902723014,1.5014066085351512,2.159598919061514,0.21595989190615142,0.0,0.005657259131280276,0.009805168920698075,0.034278394940953985,0.28656135957974654,0.05513903842522548,0.0,0.09575848396007831,0.05513903842522548,0.056572591312802754,0.009805168920698075,0.012966890819370747,0.013175580650568008,0.014956064522266388,0.013497445732355118,0.019991183653473854,0.042798981070518494,0.06733109056949615,0.23551201820373535
74.0,0.2672287237185698,0.06308083096519113,1.3584411297697452,1.9862548800615163,0.19862548800615165,0.0,0.005204300310176153,0.01161776751709672,0.035755606511464484,0.2672287237185698,0.05178116591503987,0.0,0.10458167327138093,0.05178116591503987,0.05204300310176153,0.01161776751709672,0.012638702057301998,0.012940981425344944,0.015008819289505482,0.012908571399748325,0.020238379016518593,0.04364752396941185,0.07173667848110199,0.3155269920825958
75.0,0.26900369502030885,0.06697451160289347,1.3470529868330792,2.0455245834130507,0.2045524583413051,0.0,0.005677085670714195,0.009456399004333295,0.03317352040455891,0.26900369502030885,0.04931775537820963,0.0,0.09499812355408302,0.04931775537820963,0.05677085670714195,0.009456399004333295,0.012759821489453316,0.013058758340775967,0.015253078192472458,0.01293183583766222,0.02054295316338539,0.04410682991147041,0.07310817390680313,0.3440346419811249
76.0,0.27004453941033435,0.07035641639959067,1.4894894575637518,2.0410745098040652,0.20410745098040653,0.0,0.005340554636831468,0.012295187289754931,0.03459408263174387,0.27004453941033435,0.04830134187180262,0.0,0.10707517942556968,0.04830134187180262,0.05340554636831467,0.012295187289754931,0.012825078330934048,0.01310753170400858,0.015387219376862049,0.012939652428030968,0.02063414454460144,0.044370416551828384,0.07355810701847076,0.37002918124198914
77.0,0.260934516787529,0.052856018650345504,1.4203885614089218,1.973383481685932,0.1973383481685932,0.0,0.004811914222171674,0.009646717727614136,0.03425671246189337,0.260934516787529,0.049137534716954596,0.0,0.09580627055122302,0.049137534716954596,0.04811914222171673,0.009646717727614136,0.012538187205791473,0.012807577848434448,0.014713235199451447,0.012887307442724705,0.01960832066833973,0.04234791174530983,0.06724338233470917,0.24070222675800323
78.0,0.2636515566935906,0.06558332010172307,1.4833465542860944,1.9764821483538701,0.19764821483538703,0.0,0.005268584793576827,0.012205859574560936,0.03595227189362049,0.2636515566935906,0.04852889535518793,0.0,0.10758229517019711,0.04852889535518793,0.052685847935768276,0.012205859574560936,0.012593170627951622,0.012840439565479755,0.014928135089576244,0.012791400775313377,0.020087016746401787,0.04319165274500847,0.07176798582077026,0.3364667594432831
79.0,0.2685016536941895,0.0472246395656839,1.4789215827510738,2.0588862208219676,0.20588862208219674,0.0,0.004997463595981781,0.010545391231202163,0.03341374933146513,0.2685016536941895,0.047070180710691675,0.0,0.09825980004209739,0.047070180710691675,0.04997463595981781,0.010545391231202163,0.012572896666824818,0.012828544713556767,0.014636099338531494,0.013017396442592144,0.019367843866348267,0.04186544194817543,0.0651337131857872,0.1983751803636551
80.0,0.2609957938010876,0.05518770101480186,1.408551499570189,1.9350780707139235,0.1935078070713924,0.0,0.005138966555778797,0.013130447970559964,0.03735582258265752,0.2609957938010876,0.04921856608528357,0.0,0.11151707688203225,0.04921856608528357,0.05138966555778797,0.013130447970559964,0.012533596716821194,0.012795541435480118,0.014742582105100155,0.012866588309407234,0.019711947068572044,0.04244391247630119,0.0681224837899208,0.25828495621681213
81.0,0.2599318933028441,0.06480263965204358,1.5160241767524245,1.969559793288891,0.1969559793288891,0.0,0.005264586812028517,0.009584243624256207,0.03503964941662092,0.2599318933028441,0.048127079812379986,0.0,0.09482088570411389,0.048127079812379986,0.05264586812028518,0.009584243624256207,0.012631255201995373,0.0128928292542696,0.015008260495960712,0.012840602546930313,0.020151412114501,0.04322203993797302,0.0712934136390686,0.33038130402565
82.0,0.26826870154875976,0.04784303484484553,1.5963112031063247,2.021529958798335,0.20215299587983349,0.0,0.004898088497038071,0.012966602825774597,0.036426397040486336,0.26826870154875976,0.04825101105066446,0.0,0.10954060749365734,0.04825101105066446,0.04898088497038071,0.012966602825774597,0.012433486059308052,0.012640751898288727,0.014462405815720558,0.01283351518213749,0.019158517941832542,0.041443802416324615,0.06553700566291809,0.2042347937822342
83.0,0.26106696403943574,0.0662491109687835,1.5352576947026213,1.9667620475475605,0.19667620475475606,0.0,0.005402413855951567,0.009938918913786229,0.033642359221210845,0.26106696403943574,0.04904942587018013,0.0,0.09573486533302528,0.04904942587018013,0.05402413855951566,0.009938918913786229,0.012559591792523861,0.012742459774017334,0.014778509736061096,0.012744520790874958,0.019825318828225136,0.04297386482357979,0.07201945036649704,0.34234917163848877
84.0,0.25691793056634754,0.05556846992112696,1.5042829548541676,1.9066266784301171,0.1906626678430117,0.0,0.004992299612898094,0.013108715020979825,0.03792086859735159,0.25691793056634754,0.04815424606204033,0.0,0.11166244687942359,0.04815424606204033,0.04992299612898093,0.013108715020979825,0.012904343195259571,0.013152062892913818,0.014969537034630775,0.01338945422321558,0.019842060282826424,0.04254639148712158,0.06615187972784042,0.2615920305252075
85.0,0.268404344526621,0.10806294938083738,1.4218562281850744,2.0188649480159464,0.20188649480159468,0.0,0.006022889955112566,0.010209311301318498,0.034360602211493715,0.268404344526621,0.050285643683030054,0.0,0.09731448212495217,0.050285643683030054,0.060228899551125675,0.010209311301318498,0.013654978014528751,0.013880443759262562,0.01659773290157318,0.013560044579207897,0.022619331255555153,0.049923092126846313,0.09185060113668442,0.6424173712730408
86.0,0.2606123393544784,0.055712207802571356,1.5261168805094683,1.8261406192412744,0.18261406192412746,0.0,0.0064732105972675185,0.011147265447876774,0.03557652320999365,0.2606123393544784,0.0603777994043552,0.0,0.10250765772966239,0.0603777994043552,0.06473210597267517,0.011147265447876774,0.012799594551324844,0.013059183023869991,0.014934703707695007,0.01323738507926464,0.019798729568719864,0.04287896305322647,0.0671311467885971,0.2618579566478729
87.0,0.2523116073929347,0.05801951640751213,1.3829617905136438,1.8636887807112474,0.18636887807112476,0.0,0.005136735020921782,0.010295950019588837,0.034163808736663595,0.2523116073929347,0.05051003840680306,0.0,0.09842834736292179,0.05051003840680306,0.0513673502092178,0.010295950019588837,0.0125160226598382,0.01267477497458458,0.014580297283828259,0.012788732536137104,0.019567837938666344,0.042475685477256775,0.0697525143623352,0.27980026602745056
88.0,0.25339238804120284,0.05320430686697364,1.4716961943157612,1.8704427022200365,0.18704427022200365,0.0,0.005576409127276678,0.01178645659596301,0.03321799635887146,0.25339238804120284,0.04898524900468496,0.0,0.10468957687799747,0.04898524900468496,0.055764091272766776,0.01178645659596301,0.012572091072797775,0.012819669209420681,0.014753530733287334,0.012909596785902977,0.019678466022014618,0.042518943548202515,0.06777587532997131,0.2426062822341919
89.0,0.23841631068633154,0.0667644051136449,1.403775794595421,1.7579167255988488,0.1757916725598849,0.0,0.00527259764763025,0.010055615333840251,0.03373705739012131,0.23841631068633154,0.04729642547093905,0.0,0.09700635763315055,0.04729642547093905,0.05272597647630251,0.010055615333840251,0.012767757289111614,0.013056949712336063,0.015258405357599258,0.012965294532477856,0.02045544795691967,0.04391010105609894,0.07213498651981354,0.34356629848480225
90.0,0.2435126556799962,0.04888902697712183,1.404170539522596,1.7917794860326326,0.17917794860326325,0.0,0.004924032908792679,0.010267333682769766,0.032922830719214216,0.2435126556799962,0.049143331268659,0.0,0.09739510629039544,0.049143331268659,0.04924032908792679,0.010267333682769766,0.012537986971437931,0.012773050926625729,0.014646271243691444,0.012919731438159943,0.019448185339570045,0.04207337275147438,0.0663079097867012,0.21040570735931396
91.0,0.2379613805275697,0.09630370873492211,1.3564323568892631,1.74194041123757,0.174194041123757,0.0,0.006149342813743995,0.010360432726044495,0.033949452094160594,0.2379613805275697,0.04725756209630232,0.0,0.09839298919989513,0.04725756209630232,0.06149342813743995,0.010360432726044495,0.013272090815007687,0.013482868671417236,0.016060130670666695,0.013221105560660362,0.021679256111383438,0.04790199175477028,0.08553272485733032,0.5592795014381409
92.0,0.24703810535944426,0.06777832843363285,1.5216074816147693,1.7719128086016729,0.17719128086016728,0.0,0.005520440423144744,0.009710328599724632,0.03248235841210072,0.24703810535944426,0.05461605036487946,0.0,0.0953422375023365,0.05461605036487946,0.05520440423144744,0.009710328599724632,0.013358904980123043,0.013593746349215508,0.015492086298763752,0.013824719935655594,0.02066708169877529,0.0446198470890522,0.0694240927696228,0.3512461483478546
93.0,0.2592147651773233,0.09297997027169913,1.6168430831182927,1.8431187776418834,0.18431187776418836,0.0,0.0054150986126982265,0.013041322764295798,0.034068306908011436,0.2592147651773233,0.0564464615801206,0.0,0.10913428234366271,0.0564464615801206,0.05415098612698225,0.013041322764295798,0.013239742256700993,0.013456995598971844,0.01597859337925911,0.013187638483941555,0.021518375724554062,0.047793712466955185,0.08404430001974106,0.5346204042434692
94.0,0.24317979354124802,0.06321120844222605,1.5538356405737876,1.728737276334029,0.1728737276334029,0.0,0.005727114542745627,0.010933509481569322,0.03632265658905873,0.24317979354124802,0.053645433141635016,0.0,0.10018824298794453,0.053645433141635016,0.05727114542745627,0.010933509481569322,0.013169575482606888,0.01340337935835123,0.01530873216688633,0.013629156164824963,0.020443707704544067,0.04418829083442688,0.06841444224119186,0.3171323835849762
95.0,0.2476763868561158,0.09288519830442965,1.544584120758575,1.7814851449086115,0.17814851449086117,0.0,0.005735194711731031,0.011701156922544424,0.035370733159092754,0.2476763868561158,0.05209151698419681,0.0,0.10427796955292042,0.05209151698419681,0.0573519471173103,0.011701156922544424,0.01317637786269188,0.01335849892348051,0.015883605927228928,0.013142491690814495,0.02150752767920494,0.046994030475616455,0.08321686834096909,0.5358021855354309
96.0,0.25419341830106884,0.054165796493180096,1.5212935724567667,1.80549149788343,0.180549149788343,0.0,0.005834290428230395,0.012108194211927744,0.03507115032810431,0.25419341830106884,0.055701782497075886,0.0,0.10517085200318924,0.055701782497075886,0.05834290428230396,0.012108194211927744,0.012933232821524143,0.013171721249818802,0.015004236251115799,0.013391686603426933,0.019962070509791374,0.043144386261701584,0.06702111661434174,0.2486979216337204
97.0,0.23922161012887955,0.091050561866723,1.4747350909445278,1.7297132106927724,0.17297132106927723,0.0,0.005767700376992043,0.011560715770778747,0.03641362488269806,0.23922161012887955,0.048921866628986135,0.0,0.1037943337399226,0.048921866628986135,0.057677003769920424,0.011560715770778747,0.013106821104884148,0.01327716838568449,0.015743538737297058,0.013118347153067589,0.021447785198688507,0.046570803970098495,0.08256638050079346,0.5225736498832703
98.0,0.2593458117200778,0.05213640700094402,1.5974097684365915,1.8601464262375464,0.18601464262375464,0.0,0.005943428194866731,0.011264744268443722,0.03413058788730548,0.2593458117200778,0.05612299247429921,0.0,0.10164549430975547,0.05612299247429921,0.0594342819486673,0.011264744268443722,0.012999167665839195,0.013225906528532505,0.01505524292588234,0.01346664223819971,0.020103568211197853,0.04371984302997589,0.06799253076314926,0.2305283546447754
99.0,0.2308411277257479,0.0626983589027077,1.4069266466388461,1.645312717327705,0.16453127173277052,0.0,0.005258206636286699,0.01042573193822486,0.03387153958185361,0.2308411277257479,0.05062591671370543,0.0,0.09746417675453883,0.05062591671370543,0.05258206636286699,0.01042573193822486,0.012682963162660599,0.012808398343622684,0.01479415874928236,0.01288435235619545,0.020007846876978874,0.04366527497768402,0.07263270765542984,0.31211116909980774
100.0,0.22546390558664614,0.0597543204203248,1.3860105972672192,1.6142666248174815,0.16142666248174817,0.0,0.00588959611665744,0.00939054329557201,0.031767646280618816,0.22546390558664614,0.04875710148077745,0.0,0.09284758625122216,0.04875710148077745,0.058895961166574404,0.00939054329557201,0.012711061164736748,0.012931888923048973,0.014969207346439362,0.012971671298146248,0.020167523995041847,0.0440005287528038,0.071895532310009,0.28838714957237244
101.0,0.22860792393867785,0.07060066889971495,1.443587164454893,1.6605896445421071,0.16605896445421073,0.0,0.005572712980210782,0.010479372496215196,0.03193240096935859,0.22860792393867785,0.04649686927978809,0.0,0.09805703478363845,0.04649686927978809,0.05572712980210781,0.010479372496215196,0.012966198846697807,0.013233121484518051,0.015550907701253891,0.013084609061479568,0.020931998267769814,0.045469749718904495,0.07558229565620422,0.3679864704608917
102.0,0.2223377376794815,0.0549388014478609,1.4644369773722172,1.58350231555792,0.158350231555792,0.0,0.005106754027880156,0.00914499279147444,0.032485751721721426,0.2223377376794815,0.04973575587456043,0.0,0.09106925445107314,0.04973575587456043,0.05106754027880155,0.00914499279147444,0.012657072395086288,0.012839456088840961,0.014801274985074997,0.012939773499965668,0.01983075775206089,0.04314567893743515,0.06952637434005737,0.25377002358436584
103.0,0.23088105481404525,0.07329794229008257,1.5981447717843469,1.6773040340496943,0.16773040340496942,0.0,0.00550811504228757,0.010915314223474035,0.03214315410989981,0.23088105481404525,0.04672722045618754,0.0,0.09922830044076993,0.04672722045618754,0.055081150422875695,0.010915314223474035,0.012782841920852661,0.01297076977789402,0.015200934372842312,0.012883828021585941,0.020540788769721985,0.044760189950466156,0.07615674287080765,0.39108744263648987
104.0,0.2230880380823062,0.05832929676398635,1.493054061133321,1.6121695866951575,0.16121695866951577,0.0,0.0055259122584874806,0.009345889113879262,0.03315440436395315,0.2230880380823062,0.046999273678431146,0.0,0.09161708303369008,0.046999273678431146,0.055259122584874816,0.009345889113879262,0.012689103372395039,0.012863448821008205,0.01485707052052021,0.012945234775543213,0.019969267770648003,0.04353863745927811,0.07101824134588242,0.2787533700466156
105.0,0.22163880215241358,0.07388010469730943,1.4205365004392916,1.5924589863190284,0.15924589863190283,0.0,0.0058404435761846025,0.010824601398780942,0.03305959730194165,0.22163880215241358,0.04572785488114907,0.0,0.09915520021548638,0.04572785488114907,0.05840443576184603,0.010824601398780942,0.012871604412794113,0.01309111900627613,0.015364262275397778,0.012986568734049797,0.02075021341443062,0.04526323080062866,0.07666350901126862,0.39405032992362976
106.0,0.22655272082640573,0.06019341154024005,1.4430784172189282,1.621004017499777,0.1621004017499777,0.0,0.005616603060983694,0.0110873190077165,0.03190760378940748,0.22655272082640573,0.04774839072846449,0.0,0.10001624748110771,0.04774839072846449,0.056166030609836944,0.0110873190077165,0.01266841497272253,0.012789683416485786,0.014758957549929619,0.01290010567754507,0.01990034244954586,0.04342605918645859,0.0717257633805275,0.29337796568870544
107.0,0.21869504795624659,0.07454573339782655,1.515381375869891,1.56626073213724,0.15662607321372402,0.0,0.005985260310654457,0.009553964473665334,0.033588195649477154,0.21869504795624659,0.04652975041132707,0.0,0.09285229157942992,0.04652975041132707,0.05985260310654457,0.009553964473665334,0.012811705470085144,0.012974707409739494,0.015216379426419735,0.01290940586477518,0.020588688552379608,0.044998228549957275,0.07705157995223999,0.399815171957016
108.0,0.22443236009432718,0.06138673587702215,1.4992485036752599,1.60957997578841,0.16095799757884105,0.0,0.005747001990675927,0.011228920694870444,0.031887622048648506,0.22443236009432718,0.046498438343405724,0.0,0.1006202193406912,0.046498438343405724,0.05747001990675926,0.011228920694870444,0.012722931802272797,0.012860272079706192,0.014865550212562084,0.012944069691002369,0.020090876147150993,0.04389622434973717,0.07257821410894394,0.30113574862480164
109.0,0.21754882541986612,0.07216369872912765,1.4270382392667655,1.5526963059718792,0.15526963059718793,0.0,0.006059532626890219,0.010030452300830243,0.031133435021799345,0.21754882541986612,0.04618920801350704,0.0,0.09464240847871853,0.04618920801350704,0.06059532626890219,0.010030452300830243,0.01284070685505867,0.013041706755757332,0.015263322740793228,0.012972105294466019,0.020616060122847557,0.04510407894849777,0.0760241448879242,0.3814474642276764
110.0,0.22381775081157684,0.06565086566843092,1.4977635623523549,1.6209307954861567,0.16209307954861568,0.0,0.0055719097216541955,0.009371798825808443,0.030380467454401348,0.22381775081157684,0.04678095948810761,0.0,0.09195626784975712,0.04678095948810761,0.05571909721654195,0.009371798825808443,0.01272713765501976,0.012868998572230339,0.014891954138875008,0.012921471148729324,0.02011931873857975,0.044042445719242096,0.07353547215461731,0.3341001272201538
111.0,0.23389039360559905,0.04613134800456464,1.6083223714833856,1.6896908970979543,0.1689690897097954,0.0,0.00522217913888968,0.012197208304244738,0.03260089406886926,0.23389039360559905,0.04750191363004538,0.0,0.10482577750316033,0.04750191363004538,0.05222179138889679,0.012197208304244738,0.01290403213351965,0.013145114295184612,0.014983437955379486,0.013380495831370354,0.01987156830728054,0.043080754578113556,0.0660957545042038,0.18558962643146515
112.0,0.23472541685287768,0.11326182424090803,1.5529971180744193,1.7083940368432264,0.17083940368432268,0.0,0.00606817127420352,0.008627305881908307,0.03152617855140796,0.23472541685287768,0.04919053399218963,0.0,0.08908359448497112,0.04919053399218963,0.0606817127420352,0.008627305881908307,0.013960404321551323,0.014166421256959438,0.016795800998806953,0.01377700362354517,0.023302460089325905,0.05078382417559624,0.09372685849666595,0.6795818209648132
113.0,0.2379740052498304,0.04891940241213888,1.5402426009090697,1.573670038810143,0.1573670038810143,0.0,0.006518106148220026,0.010850028188612599,0.03290413706921614,0.2379740052498304,0.06323887092562822,0.0,0.09903224213765217,0.06323887092562822,0.06518106148220025,0.010850028188612599,0.01284849178045988,0.013054625131189823,0.014937689527869225,0.013173957355320454,0.019821949303150177,0.04348313435912132,0.06694146245718002,0.20709390938282013
114.0,0.21284473687410355,0.10275776463095099,1.4016051559364848,1.5233341317910414,0.15233341317910415,0.0,0.005945032820678675,0.009138346103449853,0.028842593256670695,0.21284473687410355,0.04542793820683773,0.0,0.09029349054281528,0.04542793820683773,0.059450328206786744,0.009138346103449853,0.013591142371296883,0.013768322765827179,0.016328278928995132,0.01348125096410513,0.022482536733150482,0.048459433019161224,0.0871715173125267,0.6067796349525452
115.0,0.23008674956285036,0.049054546165280044,1.468026807861423,1.5558863098804767,0.15558863098804768,0.0,0.006018803555231828,0.00907617084717808,0.030097288366120595,0.23008674956285036,0.059403141817221276,0.0,0.09020305138367873,0.059403141817221276,0.06018803555231828,0.00907617084717808,0.01297807227820158,0.013200909830629826,0.015043945983052254,0.013343472965061665,0.020027343183755875,0.04395490139722824,0.0670570582151413,0.20683066546916962
116.0,0.20519522290963393,0.09696602518670261,1.3170938156027552,1.4229769018980174,0.14229769018980176,0.0,0.005775622923213702,0.009481413218264397,0.029130798263045456,0.20519522290963393,0.047640495432110935,0.0,0.09141530067874835,0.047640495432110935,0.05775622923213702,0.009481413218264397,0.013407676480710506,0.013571699149906635,0.01606922224164009,0.013342909514904022,0.022093920037150383,0.047739528119564056,0.0849953442811966,0.5645079016685486
117.0,0.2209032831283716,0.04824423196259886,1.429826786522478,1.4900897924716656,0.14900897924716658,0.0,0.005933634793529144,0.008042822994936544,0.027293102600826666,0.2209032831283716,0.05791784163851004,0.0,0.08471921000343102,0.05791784163851004,0.05933634793529144,0.008042822994936544,0.013004533015191555,0.013224627822637558,0.015073975548148155,0.013397743925452232,0.020124072209000587,0.044083621352910995,0.06733264774084091,0.1997126340866089
118.0,0.2032747222827031,0.09273018315434456,1.284460058761641,1.4007066855063806,0.14007066855063804,0.0,0.005832756554278044,0.009387412909955647,0.0298195811561667,0.2032747222827031,0.047983876787699185,0.0,0.09172537664954479,0.047983876787699185,0.05832756554278044,0.009387412909955647,0.013298465870320797,0.01344659086316824,0.01589510403573513,0.013270461931824684,0.021821403875947,0.047354184091091156,0.08368171006441116,0.5330735445022583
119.0,0.21627305963864693,0.04687657952308655,1.5014932257983462,1.4524253285848177,0.14524253285848177,0.0,0.005873396204641233,0.008207711982182585,0.02792127000597807,0.21627305963864693,0.05694941574564347,0.0,0.08541975156045876,0.05694941574564347,0.05873396204641232,0.008207711982182585,0.013019655831158161,0.013247663155198097,0.01511142123490572,0.013455349951982498,0.020199015736579895,0.044023677706718445,0.06736103445291519,0.18859481811523438
120.0,0.2091462193773343,0.09336162160616368,1.406196641063674,1.4511741629013648,0.1451174162901365,0.0,0.005810682547207063,0.00948579154478816,0.029581437818706036,0.2091462193773343,0.04873232772717109,0.0,0.0925361247589955,0.04873232772717109,0.05810682547207062,0.00948579154478816,0.013331682421267033,0.013479373417794704,0.015925562009215355,0.013291754759848118,0.02189106121659279,0.04743347689509392,0.08379130810499191,0.5377487540245056
121.0,0.21475038390893203,0.056396843516267836,1.6049280528835022,1.4425401183275075,0.14425401183275077,0.0,0.005887777286653336,0.008265715029735405,0.02859461809007021,0.21475038390893203,0.05634287902368949,0.0,0.08602759328026038,0.05634287902368949,0.058877772866533354,0.008265715029735405,0.013110263273119926,0.013350915163755417,0.015239416621625423,0.013495396822690964,0.02048303931951523,0.04459630697965622,0.06875207275152206,0.26214733719825745
122.0,0.21922478710229582,0.07348592102061957,1.526989237953542,1.524775037398705,0.15247750373987054,0.0,0.005238973865142236,0.009829678715994725,0.029176703439309046,0.21922478710229582,0.051678628159257084,0.0,0.09391489567664954,0.051678628159257084,0.05238973865142235,0.009829678715994725,0.012964262627065182,0.013095960952341557,0.01527623925358057,0.01303783804178238,0.02072710357606411,0.04556155204772949,0.07675691694021225,0.39046749472618103
123.0,0.20891161320301202,0.05074557603802532,1.4495892955022727,1.4587383224413946,0.14587383224413947,0.0,0.005576672190083907,0.009248148096958175,0.029149170248554304,0.20891161320301202,0.048212954917779334,0.0,0.08968378818378998,0.048212954917779334,0.055766721900839075,0.009248148096958175,0.01289150957018137,0.013100975193083286,0.015010363422334194,0.01320059597492218,0.020022021606564522,0.04398085176944733,0.06809903681278229,0.2196592539548874
124.0,0.213008901820733,0.08759420248679817,1.319588684389129,1.52867630811838,0.152867630811838,0.0,0.005801991731501543,0.007937809855390627,0.026997215401094694,0.213008901820733,0.04640147089958191,0.0,0.08429616059248264,0.04640147089958191,0.05801991731501543,0.007937809855390627,0.013154217973351479,0.013278070837259293,0.015601719729602337,0.013122920878231525,0.021480195224285126,0.04646069556474686,0.08197537809610367,0.49568042159080505
125.0,0.20206388200704867,0.05086218880023807,1.4187918580192949,1.3310595567409809,0.13310595567409808,0.0,0.005699068164596191,0.008917072138641603,0.028331569610879972,0.20206388200704867,0.054341784750039764,0.0,0.08932889582445988,0.054341784750039764,0.05699068164596191,0.008917072138641603,0.013108608312904835,0.013339455239474773,0.015207013115286827,0.013587993569672108,0.020370744168758392,0.04413925111293793,0.06800796836614609,0.21913647651672363
126.0,0.19910667550105315,0.09000476577784866,1.3843246269548894,1.3218600062223582,0.13218600062223584,0.0,0.005694987868460326,0.007927299656260472,0.027506279974029615,0.19910667550105315,0.05329838194526159,0.0,0.08385840774728702,0.05329838194526159,0.05694987868460325,0.007927299656260472,0.013184018433094025,0.013348325155675411,0.015722228214144707,0.013132885098457336,0.02162587083876133,0.047231901437044144,0.08305276185274124,0.5127401351928711
127.0,0.20434789244945234,0.049907220527529716,1.4515497704192983,1.3601770401000977,0.1360177040100098,0.0,0.005513118737592146,0.00837069156114012,0.028109000924115,0.20434789244945234,0.054446375427337795,0.0,0.085825915233447,0.054446375427337795,0.05513118737592147,0.00837069156114012,0.013046840205788612,0.01327942032366991,0.01513991691172123,0.013519777916371822,0.02020895853638649,0.04370589926838875,0.0671079084277153,0.21324904263019562
128.0,0.21062493725464895,0.09034592506941408,1.4908038759265305,1.4313538120343134,0.14313538120343136,0.0,0.005384097592188762,0.008325870515993582,0.027480070407573994,0.21062493725464895,0.05377958428401213,0.0,0.08611678819243725,0.05377958428401213,0.05384097592188762,0.008325870515993582,0.013182095251977444,0.013349650427699089,0.015736399218440056,0.013133924454450607,0.02161535993218422,0.047107547521591187,0.08278746902942657,0.5158549547195435
129.0,0.21530409386524788,0.04755448130890727,1.5728676397093126,1.462355558688824,0.1462355558688824,0.0,0.00567433460114094,0.00938913643431778,0.02917094757923713,0.21530409386524788,0.05400506894175823,0.0,0.09173395627966294,0.05400506894175823,0.056743346011409394,0.00938913643431778,0.013002604246139526,0.013231001794338226,0.01508229598402977,0.013426296412944794,0.020077724009752274,0.04371737316250801,0.0672045573592186,0.19469399750232697
130.0,0.20909874771650022,0.09279804234392941,1.6031393991040706,1.434827332313244,0.1434827332313244,0.0,0.0055004508019639905,0.008576553753720453,0.02968238566357356,0.20909874771650022,0.05153900685791786,0.0,0.08871499449014664,0.05153900685791786,0.055004508019639894,0.008576553753720453,0.013294046744704247,0.013463514856994152,0.015890108421444893,0.013247418217360973,0.021824512630701065,0.047359906136989594,0.08344784379005432,0.533856987953186
131.0,0.21288948678053343,0.045391923864372075,1.6109867284824726,1.4275711958224957,0.14275711958224957,0.0,0.005742149857374338,0.009099615898986276,0.029132765001402453,0.21288948678053343,0.05529059756260652,0.0,0.09060134795995858,0.05529059756260652,0.05742149857374338,0.009099615898986276,0.013013244606554508,0.013216073624789715,0.01508346013724804,0.013376074843108654,0.020083677023649216,0.04405372589826584,0.06739332526922226,0.17691580951213837
132.0,0.1968363168147894,0.0894079189747572,1.4370944985016956,1.3446911023213313,0.13446911023213315,0.0,0.005660099263947745,0.007700462230087186,0.0277721186956534,0.1968363168147894,0.049006641627504274,0.0,0.08215558629196423,0.049006641627504274,0.05660099263947744,0.007700462230087186,0.01325953844934702,0.013400796800851822,0.015759294852614403,0.013222561217844486,0.021687719970941544,0.04725638031959534,0.0828414335846901,0.5078356266021729
133.0,0.20664051518990442,0.04337062663398683,1.4236367260583929,1.3791137337684631,0.13791137337684634,0.0,0.005808775370510726,0.007976073091133283,0.027768696944874067,0.20664051518990442,0.054944283400590606,0.0,0.08457264404457349,0.054944283400590606,0.05808775370510725,0.007976073091133283,0.013055817224085331,0.013248736038804054,0.015149259939789772,0.013411846943199635,0.020212993025779724,0.04440939798951149,0.06802447885274887,0.15945248305797577
134.0,0.19050600437017587,0.09054321562871337,1.3835397615835086,1.2774015344106233,0.12774015344106235,0.0,0.005710581073967311,0.008672963362187147,0.027405157756920043,0.19050600437017587,0.048382305611784644,0.0,0.08685191663411948,0.048382305611784644,0.0571058107396731,0.008672963362187147,0.013286491855978966,0.013425194658339024,0.01581381820142269,0.013236821629106998,0.02175741456449032,0.04727158695459366,0.08293334394693375,0.5166210532188416
135.0,0.19914623808402282,0.05554914067033678,1.4309084364938927,1.315476500071012,0.13154765000710122,0.0,0.005898294425927676,0.007481091709520955,0.02578337139521654,0.19914623808402282,0.054219197625151046,0.0,0.0817877991268268,0.054219197625151046,0.058982944259276755,0.007481091709520955,0.013071605004370213,0.013286967761814594,0.015270324423909187,0.013338162563741207,0.020495979115366936,0.04512963443994522,0.06982747465372086,0.25397297739982605
136.0,0.18742307963279578,0.07026728393975645,1.3418004385894227,1.235341796508202,0.12353417965082023,0.0,0.005282948108819814,0.008220535452262713,0.028176257458443824,0.18742307963279578,0.05038541927933693,0.0,0.08527443801554349,0.05038541927933693,0.05282948108819815,0.008220535452262713,0.012948510237038136,0.013053061440587044,0.015181268565356731,0.013034283183515072,0.02056436985731125,0.04520057514309883,0.07523883134126663,0.36691737174987793
137.0,0.1903860941529274,0.05817812401801348,1.4454252104454144,1.2945164717160738,0.12945164717160737,0.0,0.005484213436452242,0.007950017645131223,0.02680211901091612,0.1903860941529274,0.04750021432454769,0.0,0.08389155466396075,0.04750021432454769,0.05484213436452242,0.007950017645131223,0.01289220992475748,0.013047951273620129,0.015014402568340302,0.013102564960718155,0.02018728107213974,0.044337816536426544,0.07051101326942444,0.27633175253868103
138.0,0.1994147180364682,0.07724428595975041,1.499559912071207,1.3874620015804584,0.13874620015804584,0.0,0.005576404298727329,0.008714172398098387,0.028024843105903037,0.1994147180364682,0.04637793652140177,0.0,0.08783743129326747,0.04637793652140177,0.05576404298727329,0.008714172398098387,0.013069065287709236,0.013303243555128574,0.015598881058394909,0.013100631535053253,0.02115745283663273,0.04617464914917946,0.07740825414657593,0.4181421101093292
139.0,0.2043260708451271,0.06310294009745121,1.681961589544896,1.4001735402987554,0.14001735402987553,0.0,0.0050414190412713935,0.00887299502769915,0.029136289842426777,0.2043260708451271,0.05039429578643579,0.0,0.09053622644681197,0.05039429578643579,0.05041419041271393,0.00887299502769915,0.012936648912727833,0.0129948565736413,0.014950831420719624,0.013094973750412464,0.02016598731279373,0.04377166926860809,0.07220762223005295,0.3147009313106537
140.0,0.20030806557490274,0.0856553396442905,1.5853370402797489,1.3812398589574373,0.13812398589574373,0.0,0.005952508289080399,0.009163212908718448,0.02887105468947154,0.20030806557490274,0.047068353599080674,0.0,0.09021835372998165,0.047068353599080674,0.059525082890804,0.009163212908718448,0.013188928365707397,0.013384885154664516,0.015767840668559074,0.013142179697751999,0.02148161083459854,0.04707738384604454,0.0806497186422348,0.4805501699447632
141.0,0.19752825166170412,0.05089416785631329,1.5946099355536192,1.3304551839828491,0.13304551839828493,0.0,0.004975494878509871,0.007553107615631933,0.027301495536588706,0.19752825166170412,0.05195412842126993,0.0,0.08222367385259041,0.05195412842126993,0.0497549487850987,0.007553107615631933,0.012974098324775696,0.013185611926019192,0.015059397555887699,0.013389644213020802,0.01997072994709015,0.043567679822444916,0.06703538447618484,0.221970796585083
142.0,0.18942706286907196,0.08518933458253741,1.35805691332159,1.2233177423477173,0.12233177423477175,0.0,0.005670955504935521,0.00870300520462199,0.029051219543012288,0.18942706286907196,0.05272132889009439,0.0,0.08824238138130078,0.05272132889009439,0.056709555049355216,0.00870300520462199,0.013187507167458534,0.013372219167649746,0.015732737258076668,0.013162248767912388,0.02145516127347946,0.04724763333797455,0.08095154911279678,0.47640562057495117
143.0,0.1872106440938436,0.055048154084943235,1.5189201972039341,1.2444606515077443,0.12444606515077444,0.0,0.005072968238248274,0.007646370188852485,0.026138085657014296,0.1872106440938436,0.05004524024060139,0.0,0.08203203660937455,0.05004524024060139,0.05072968238248275,0.007646370188852485,0.013251042924821377,0.013487071730196476,0.015371391549706459,0.013700193725526333,0.020688502117991447,0.04459628090262413,0.06889965385198593,0.2503910958766937
144.0,0.19101829597583184,0.09498049039393663,1.4241842784667338,1.2135017926876361,0.12135017926876362,0.0,0.005504119553818154,0.007620356591919867,0.026625443464861467,0.19101829597583184,0.056543637067079544,0.0,0.0825342907068821,0.056543637067079544,0.05504119553818153,0.007620356591919867,0.013391532935202122,0.013579183258116245,0.016018325462937355,0.013298466801643372,0.02205687388777733,0.04825907200574875,0.08490503579378128,0.5483354330062866
145.0,0.18979266113959825,0.04917435743845999,1.4807635367379688,1.2271357683035045,0.12271357683035045,0.0,0.0057195170710866265,0.00787090892957237,0.027403842013042707,0.18979266113959825,0.05348865630534979,0.0,0.08246201348419373,0.05348865630534979,0.057195170710866265,0.00787090892957237,0.013027631677687168,0.013251922093331814,0.01511479914188385,0.013400962576270103,0.02013925462961197,0.04404187574982643,0.06766913831233978,0.20674927532672882
146.0,0.20047886325762823,0.09417606564238667,1.4402789519523398,1.3503443277799165,0.13503443277799165,0.0,0.005674310744954989,0.007135800130736942,0.02460947410704998,0.20047886325762823,0.05263431886067757,0.0,0.07957587104577285,0.05263431886067757,0.0567431074495499,0.007135800130736942,0.013330330140888691,0.01351217832416296,0.015931246802210808,0.013239642605185509,0.0219525508582592,0.04767710715532303,0.08408480137586594,0.5436806678771973
147.0,0.18370364147883195,0.04383184725884348,1.4796501812544778,1.1657305589089026,0.11657305589089026,0.0,0.005467303426792988,0.007749255379446997,0.027153273184712116,0.18370364147883195,0.05391402513935016,0.0,0.08289479578916843,0.05391402513935016,0.05467303426792988,0.007749255379446997,0.012969429604709148,0.013183877803385258,0.015036523342132568,0.013363565318286419,0.019946416839957237,0.043528251349925995,0.0669320747256279,0.16569463908672333
148.0,0.1849856124474452,0.09268285217694938,1.5476938311954163,1.1898651123046875,0.11898651123046876,0.0,0.005393271578045991,0.007772717298044322,0.027400907415610094,0.1849856124474452,0.05283311209999598,0.0,0.08293447528894131,0.05283311209999598,0.05393271578045992,0.007772717298044322,0.013296403922140598,0.013475239276885986,0.01587687060236931,0.01322868000715971,0.02186347357928753,0.047382280230522156,0.08340997248888016,0.5329298973083496
149.0,0.19567188563255164,0.04482450510840863,1.5991062445835555,1.2853423311160161,0.12853423311160161,0.0,0.005579183594538615,0.007958904043054925,0.026558851178448934,0.19567188563255164,0.05359956650779797,0.0,0.08409930708316657,0.05359956650779797,0.055791835945386156,0.007958904043054925,0.012985503301024437,0.013194183818995953,0.015054457820951939,0.013345341198146343,0.02001204527914524,0.043694183230400085,0.06714889407157898,0.17316143214702606
150.0,0.18664774012107116,0.0933777546742931,1.5310926082680796,1.2144772823040302,0.12144772823040302,0.0,0.005417392746760295,0.008197755866254179,0.02897264937368723,0.18664774012107116,0.051584857874191724,0.0,0.08645167316381748,0.051584857874191724,0.05417392746760295,0.008197755866254179,0.013364668004214764,0.013539901934564114,0.01596781611442566,0.013306950218975544,0.021960129961371422,0.0475698783993721,0.0835200697183609,0.5377926230430603
151.0,0.1882104713183183,0.04456486366689205,1.526835913033362,1.2050622609945445,0.12050622609945448,0.0,0.005559325117904407,0.00792606773141485,0.028016601259318683,0.1882104713183183,0.05421884859410616,0.0,0.08515088088237323,0.05421884859410616,0.05559325117904406,0.00792606773141485,0.013025958091020584,0.013221689499914646,0.015090294182300568,0.013359208591282368,0.020100606605410576,0.04402223229408264,0.06758149713277817,0.17011742293834686
152.0,0.17824080013311827,0.08865736168809235,1.3950340265653223,1.1518482978527362,0.11518482978527363,0.0,0.005512509337411478,0.007276722344193751,0.02665077508069002,0.17824080013311827,0.05026673367963387,0.0,0.07912171503099111,0.05026673367963387,0.05512509337411477,0.007276722344193751,0.013279068283736706,0.01341844629496336,0.015803644433617592,0.013241603970527649,0.02168635092675686,0.04723147675395012,0.08223754167556763,0.5023607611656189
153.0,0.18931893775096306,0.046537684509530663,1.4630404442782765,1.2378088281704829,0.12378088281704828,0.0,0.0056461973545643,0.007099169476602513,0.02500407347598901,0.18931893775096306,0.052792687685443804,0.0,0.07943515766125459,0.052792687685443804,0.056461973545643,0.007099169476602513,0.013050132431089878,0.0132400868460536,0.015140049159526825,0.013362476602196693,0.020224429666996002,0.04447917267680168,0.06801511347293854,0.1847900152206421
154.0,0.1744344039605214,0.09146535920444876,1.4315867171924526,1.1148260831832886,0.11148260831832887,0.0,0.005757075247283166,0.007540004623409074,0.02645665514641083,0.1744344039605214,0.04965471433332333,0.0,0.08094344302438773,0.04965471433332333,0.05757075247283165,0.007540004623409074,0.013349014334380627,0.01350401435047388,0.015931488946080208,0.01329017523676157,0.02188861183822155,0.047625429928302765,0.08326121419668198,0.5228729248046875
155.0,0.18772628272955233,0.046127853565849364,1.6570403549164163,1.2026292223196764,0.12026292223196765,0.0,0.005434384576689739,0.007771144706146935,0.026403813264690913,0.18772628272955233,0.05425783060491085,0.0,0.08267885274611987,0.05425783060491085,0.05434384576689739,0.007771144706146935,0.012995654717087746,0.013182641938328743,0.015057004988193512,0.013321143575012684,0.020056013017892838,0.044034071266651154,0.0674968957901001,0.18287940323352814
156.0,0.18502949808652586,0.09535261045675725,1.4966603224809523,1.218069681754479,0.12180696817544791,0.0,0.0056478657258244675,0.00808122494401267,0.026608833613303993,0.18502949808652586,0.0494934362001144,0.0,0.08461390120478776,0.0494934362001144,0.05647865725824466,0.00808122494401267,0.01347311120480299,0.013647723011672497,0.016121061518788338,0.01338119525462389,0.02218353934586048,0.048364534974098206,0.08481702953577042,0.5508326888084412
157.0,0.1864868700504303,0.04650157073047012,1.6452911786674325,1.1824523072976332,0.11824523072976335,0.0,0.005558446780420266,0.007738881601163974,0.02695273357228591,0.1864868700504303,0.05494430589561279,0.0,0.08382146633588351,0.05494430589561279,0.05558446780420267,0.007738881601163974,0.013060882687568665,0.013249815441668034,0.015137523412704468,0.013380244374275208,0.020169759169220924,0.044346146285533905,0.06753597408533096,0.1851322203874588
158.0,0.17516203167346808,0.09667836327571422,1.443112805974484,1.1208908236943758,0.1120890823694376,0.0,0.005667140521109103,0.007872609090274917,0.02715410614529481,0.17516203167346808,0.049533198945797406,0.0,0.08438029455450866,0.049533198945797406,0.05667140521109104,0.007872609090274917,0.013538598082959652,0.013722426258027554,0.01620764099061489,0.013444262556731701,0.02227894403040409,0.04839690029621124,0.08473580330610275,0.5611023306846619
159.0,0.1798156941166291,0.04313376860227436,1.5401428176435727,1.1167133725606477,0.11167133725606479,0.0,0.0053235569968819625,0.006821701321034477,0.025405892099325474,0.1798156941166291,0.05599909519346861,0.0,0.07725738246853535,0.05599909519346861,0.05323556996881962,0.006821701321034477,0.013021647930145264,0.013222097419202328,0.015070480294525623,0.013391499407589436,0.019990915432572365,0.04405095428228378,0.06694502383470535,0.15937753021717072
160.0,0.1715973151417879,0.09505456883925945,1.3583893876946431,1.0859953623551588,0.10859953623551588,0.0,0.00545752035597196,0.007120411372922648,0.02550468543687692,0.1715973151417879,0.05041984640634977,0.0,0.07959978182155353,0.05041984640634977,0.0545752035597196,0.007120411372922648,0.013486946001648903,0.013657431118190289,0.016121795400977135,0.0134100541472435,0.022178450599312782,0.048221077769994736,0.08448635786771774,0.5488744378089905
161.0,0.17860369613537422,0.045489751384593546,1.5059399233662847,1.1069073126866267,0.11069073126866266,0.0,0.005593695162007441,0.007168397822309858,0.026366660084861975,0.17860369613537422,0.05515087266954092,0.0,0.07858829357876228,0.05515087266954092,0.05593695162007442,0.007168397822309858,0.01303662545979023,0.013247551396489143,0.01511291228234768,0.013396364636719227,0.020091218873858452,0.04404826462268829,0.06717170774936676,0.1778133660554886
162.0,0.1940205039886328,0.09428824740462005,1.6675838989458405,1.3006640443435082,0.1300664044343508,0.0,0.00543417430554445,0.007638302139149835,0.02520785452081607,0.1940205039886328,0.05088162379196057,0.0,0.08229016412336093,0.05088162379196057,0.054341743055444494,0.007638302139149835,0.01344829797744751,0.013622594997286797,0.016078045591711998,0.013372937217354774,0.022088147699832916,0.04785650968551636,0.08359569311141968,0.5442437529563904
163.0,0.19130866000285515,0.045927193481475115,1.7135541322781205,1.228098791379195,0.12280987913791952,0.0,0.005238761745679838,0.00797492847777903,0.02696606029684727,0.19130866000285515,0.05528509287306896,0.0,0.08453048049257351,0.05528509287306896,0.05238761745679837,0.00797492847777903,0.012979852966964245,0.013189860619604588,0.015003755688667297,0.013344218954443932,0.019899209961295128,0.04397686943411827,0.06760114431381226,0.1814226359128952
164.0,0.18569629123577705,0.09681862965226173,1.5819534532054287,1.2322345605263343,0.12322345605263343,0.0,0.005352114742765061,0.007117502709241727,0.026113126068734206,0.18569629123577705,0.05000321638698761,0.0,0.08009763391545185,0.05000321638698761,0.0535211474276506,0.007117502709241727,0.013560964725911617,0.013751051388680935,0.01622103899717331,0.013493973761796951,0.022324519231915474,0.04834173992276192,0.08462176471948624,0.5622339844703674
165.0,0.18253808239331612,0.047934858594089746,1.599477959035948,1.1296384151165302,0.11296384151165302,0.0,0.0055401923421483775,0.00824533780821814,0.02722428538478338,0.18253808239331612,0.05578870655825505,0.0,0.08637143184359257,0.05578870655825505,0.05540192342148377,0.00824533780821814,0.013028190471231937,0.01323317177593708,0.015077936463057995,0.013375736773014069,0.020037153735756874,0.0442928709089756,0.06796104460954666,0.19647276401519775
166.0,0.18625968981247681,0.0726469000801444,1.5766679375566535,1.2218399277100196,0.12218399277100195,0.0,0.0048312257832059495,0.007170910803744426,0.025195550460081834,0.18625968981247681,0.05207355735966793,0.0,0.07964437211362216,0.05207355735966793,0.048312257832059495,0.007170910803744426,0.013152171857655048,0.013207267969846725,0.015381175093352795,0.013219734653830528,0.020855112001299858,0.04546668380498886,0.07553023844957352,0.3843628168106079
167.0,0.17693965251629168,0.07357515033800155,1.5272643177762217,1.1480947732925415,0.11480947732925414,0.0,0.005747593466479044,0.0075653561462576575,0.026921791311066885,0.17693965251629168,0.04881722021561403,0.0,0.0825807827596481,0.04881722021561403,0.057475934664790444,0.0075653561462576575,0.013123936951160431,0.013298033736646175,0.015539692714810371,0.013199621811509132,0.020930161699652672,0.046244584023952484,0.07630997896194458,0.38995519280433655
168.0,0.17702434383905852,0.06223772861994803,1.584546964731832,1.1691644787788391,0.1169164478778839,0.0,0.0050370897667912345,0.006225443172017829,0.024106463918892238,0.17702434383905852,0.04884536177493059,0.0,0.07391699790381469,0.04884536177493059,0.050370897667912334,0.006225443172017829,0.013013841584324837,0.013076988980174065,0.015132010914385319,0.01315570343285799,0.020317628979682922,0.044794995337724686,0.07264205068349838,0.30576860904693604
169.0,0.16976650632344759,0.07908343081362545,1.5676036066539925,1.0902508451388433,0.10902508451388432,0.0,0.005620565824210643,0.0071031291467639115,0.026044279480209716,0.16976650632344759,0.04801772663799616,0.0,0.07952620060398029,0.04801772663799616,0.05620565824210644,0.0071031291467639115,0.013176747597754002,0.013340355828404427,0.015672670677304268,0.013191566802561283,0.02112570032477379,0.0464383140206337,0.07817564159631729,0.4315464496612549
170.0,0.17334343722233406,0.07263716007582843,1.587739730159567,1.1308898283885076,0.11308898283885076,0.0,0.00512542434466573,0.006583878071978688,0.024041300997711144,0.17334343722233406,0.04854515137580725,0.0,0.07626790066178028,0.04854515137580725,0.05125424344665729,0.006583878071978688,0.013104883953928947,0.013157373294234276,0.015347962267696857,0.013178701512515545,0.02075587771832943,0.04509245976805687,0.0752258151769638,0.38523420691490173
171.0,0.1671944071467106,0.09031810238957405,1.481989295601586,1.0833792732312129,0.1083379273231213,0.0,0.00581215867915979,0.006722617858590988,0.025243376238414876,0.1671944071467106,0.046321699682336584,0.0,0.07775075504413018,0.046321699682336584,0.05812158679159788,0.006722617858590988,0.013388101942837238,0.01355491392314434,0.016010023653507233,0.013322724960744381,0.021799271926283836,0.047327205538749695,0.08217829465866089,0.5149642825126648
172.0,0.1643805532501294,0.05673758976627141,1.5049770001096965,1.0192649181072528,0.10192649181072529,0.0,0.005162339249195962,0.006903163426054211,0.02481974768810547,0.1643805532501294,0.05038855797969378,0.0,0.07845376747158858,0.05038855797969378,0.05162339249195961,0.006903163426054211,0.012948891147971153,0.013020419515669346,0.014978708699345589,0.013158107176423073,0.01998676173388958,0.04409287869930267,0.07073952257633209,0.2649754285812378
173.0,0.16350779797022158,0.10159156378358603,1.3961497952041912,1.0140086779227624,0.10140086779227622,0.0,0.0059554539907437105,0.006559772466201908,0.02504733971391733,0.16350779797022158,0.04959170205088762,0.0,0.0766128828892341,0.04959170205088762,0.0595545399074371,0.006559772466201908,0.013767453841865063,0.013989074155688286,0.0165826715528965,0.013613301329314709,0.022624783217906952,0.049974940717220306,0.08768457174301147,0.5944957137107849
174.0,0.16893275597920784,0.056970523786731064,1.4839475759041365,1.0250991330696986,0.10250991330696986,0.0,0.005310538389648382,0.007237388756878387,0.02615518581408721,0.16893275597920784,0.05387491202698304,0.0,0.07947757023458298,0.05387491202698304,0.053105383896483824,0.007237388756878387,0.01295015960931778,0.012998538091778755,0.014941846020519733,0.01317683607339859,0.019979747012257576,0.04383927583694458,0.07074765115976334,0.26713013648986816
175.0,0.17692556232213974,0.09942836104892194,1.538161139350584,1.1424844723481398,0.11424844723481399,0.0,0.00576360675577934,0.007007736927614762,0.02424683192601571,0.17692556232213974,0.049905767234472126,0.0,0.07832995902460355,0.049905767234472126,0.057636067557793394,0.007007736927614762,0.013677727431058884,0.01389464084059,0.016456669196486473,0.013535288162529469,0.022436728700995445,0.04942964017391205,0.08647888898849487,0.5795173048973083
176.0,0.17759285809902045,0.059894337435252964,1.6621188071011401,1.1164703323290899,0.11164703323290898,0.0,0.005437887316712967,0.007147540763701097,0.02614411203047404,0.17759285809902045,0.053360393843971766,0.0,0.07932991534471512,0.053360393843971766,0.054378873167129665,0.007147540763701097,0.012963538058102131,0.01301927212625742,0.015031576156616211,0.013166840188205242,0.02007698267698288,0.04401934891939163,0.07149456441402435,0.28938257694244385
177.0,0.18828243704942557,0.09828038793057203,1.7277870051559177,1.278902292251587,0.12789022922515872,0.0,0.005738528961172471,0.006351293028833775,0.02419785173753133,0.18828243704942557,0.04830238495308619,0.0,0.07597906772906964,0.04830238495308619,0.057385289611724705,0.006351293028833775,0.013650705106556416,0.013865796849131584,0.01641150936484337,0.013537843711674213,0.022363044321537018,0.04874825105071068,0.0850597470998764,0.5726062059402466
178.0,0.1744227117070785,0.057802160386927426,1.621157810672158,1.0802714549578154,0.10802714549578155,0.0,0.005078241508454085,0.007072543438810568,0.025733155986437432,0.1744227117070785,0.05424478205923851,0.0,0.08101925855645767,0.05424478205923851,0.050782415084540844,0.007072543438810568,0.013019099831581116,0.013089497573673725,0.015031051822006702,0.013259031809866428,0.02005879394710064,0.04404608905315399,0.07081787288188934,0.27309584617614746
179.0,0.1767925052688672,0.09859474934637547,1.5384356073542476,1.1659088180615351,0.11659088180615354,0.0,0.00564437829531156,0.005856947230103497,0.02349428266573411,0.1767925052688672,0.04870029667822214,0.0,0.0720734427181574,0.04870029667822214,0.05644378295311561,0.005856947230103497,0.013661003671586514,0.013877450488507748,0.01641814038157463,0.013539785519242287,0.022423595190048218,0.04887794330716133,0.0851205438375473,0.5748395323753357
180.0,0.17120119012319124,0.059666572604328394,1.5410369441006777,1.0535224630282476,0.10535224630282475,0.0,0.005385321178115332,0.0072345288219646765,0.026070437895563934,0.17120119012319124,0.053229090972588614,0.0,0.08051836576599342,0.053229090972588614,0.053853211781153314,0.0072345288219646765,0.013033714145421982,0.01309744268655777,0.015075054951012135,0.013245460577309132,0.020148510113358498,0.04430147632956505,0.07157081365585327,0.2868601083755493
181.0,0.16711679846048355,0.09603697794955224,1.591514419425119,1.0732133159270654,0.10732133159270653,0.0,0.005815469058087238,0.0060887035528699365,0.023777710345502082,0.16711679846048355,0.04789129071510755,0.0,0.0730332240748864,0.04789129071510755,0.05815469058087239,0.0060887035528699365,0.013574277050793171,0.013780422508716583,0.016282901167869568,0.013469982892274857,0.022215956822037697,0.048247259110212326,0.08359593898057938,0.5571290850639343
182.0,0.16705880256799552,0.05807326745707542,1.6124950527421829,1.0225959832851703,0.10225959832851703,0.0,0.0052030937316326,0.006359640217851847,0.025040825757269677,0.16705880256799552,0.053236469912987486,0.0,0.07478032905894977,0.053236469912987486,0.05203093731632599,0.006359640217851847,0.01302911713719368,0.013110869564116001,0.015052915550768375,0.013271731324493885,0.020066676661372185,0.04418358951807022,0.0709107518196106,0.2749604880809784
183.0,0.17118266511421937,0.09608575294259936,1.6228703965635818,1.1136581530937781,0.11136581530937781,0.0,0.005658498435066296,0.006173665245744185,0.023681166080328133,0.17118266511421937,0.04798468102056246,0.0,0.07401148330133694,0.04798468102056246,0.05658498435066296,0.006173665245744185,0.013592838309705257,0.013810690492391586,0.01631387695670128,0.01349647343158722,0.022239943966269493,0.04838962107896805,0.08367558568716049,0.5571669936180115
184.0,0.1672418386890338,0.05952676327433437,1.5699461929551157,1.0231089958777795,0.10231089958777796,0.0,0.00539492188164821,0.0063919783928073366,0.024815489108172748,0.1672418386890338,0.053144034857933335,0.0,0.07595853335582294,0.053144034857933335,0.053949218816482104,0.0063919783928073366,0.0130428122356534,0.013129325583577156,0.015104259364306927,0.013265945948660374,0.020151980221271515,0.044402770698070526,0.07134608924388885,0.2857709228992462
185.0,0.16981423703523782,0.07589197903871536,1.514040557829742,1.0889739531737108,0.10889739531737108,0.0,0.005074785836040974,0.005719580938323186,0.023292647746319953,0.16981423703523782,0.050122471956106335,0.0,0.07150785395732293,0.050122471956106335,0.05074785836040974,0.005719580938323186,0.01316310279071331,0.013253802433609962,0.015486556105315685,0.013205685652792454,0.020868521183729172,0.045595258474349976,0.07579447329044342,0.4097684323787689
186.0,0.15927067112464172,0.07916322653181851,1.4636928307640507,1.0123377809157739,0.10123377809157738,0.0,0.005461756526850737,0.006432420323387935,0.025006762634103116,0.15927067112464172,0.0461427176801058,0.0,0.07584178533691627,0.0461427176801058,0.05461756526850737,0.006432420323387935,0.01323320809751749,0.013452700339257717,0.01579427532851696,0.013236111029982567,0.02127181924879551,0.046446364372968674,0.07716113328933716,0.432710200548172
187.0,0.16843085564099824,0.06878565542865545,1.5398793448870838,1.0713392450259283,0.10713392450259279,0.0,0.004875631637584705,0.005886871658731252,0.02288065105676651,0.16843085564099824,0.05053442988831263,0.0,0.07261530137979068,0.05053442988831263,0.04875631637584705,0.005886871658731252,0.013028754852712154,0.013133875094354153,0.015268641524016857,0.013119490817189217,0.02043098397552967,0.045012813061475754,0.07378219068050385,0.3565084934234619
188.0,0.15903935122948426,0.08626762428320944,1.577843522696311,1.0109113775766814,0.10109113775766812,0.0,0.005512062259591543,0.006465694589468722,0.025191044291624658,0.15903935122948426,0.04597045337924591,0.0,0.07561912387609482,0.04597045337924591,0.05512062259591543,0.006465694589468722,0.013299456797540188,0.013461049646139145,0.015869060531258583,0.013232634402811527,0.02145344763994217,0.04646297171711922,0.07954313606023788,0.48681923747062683
189.0,0.16919842075843078,0.07796646561473608,1.5804980092795513,1.0976998485051668,0.10976998485051669,0.0,0.005111386827551402,0.005616761229108446,0.022841373100303687,0.16919842075843078,0.04870028664859442,0.0,0.07057948338870819,0.04870028664859442,0.051113868275514014,0.005616761229108446,0.013179165311157703,0.013255821540951729,0.015486979857087135,0.01320302952080965,0.02095543034374714,0.045239321887493134,0.07632790505886078,0.42608407139778137
190.0,0.15848120875083482,0.0702603617683053,1.5914424874168687,1.0101475853186388,0.10101475853186387,0.0,0.0053004181872193645,0.006414925545239105,0.024803935621793453,0.15848120875083482,0.04575110556414494,0.0,0.07560906272668105,0.04575110556414494,0.05300418187219363,0.006414925545239105,0.013052830472588539,0.013227471150457859,0.015402440913021564,0.013144057244062424,0.020600710064172745,0.045361533761024475,0.07348857820034027,0.36780527234077454
191.0,0.1649108093518477,0.12898334173951298,1.5689226853751508,1.0627733148061311,0.10627733148061312,0.0,0.0063263086315531,0.0055363401143740006,0.023259985762146804,0.1649108093518477,0.046770829850664504,0.0,0.07027016164591679,0.046770829850664504,0.063263086315531,0.0055363401143740006,0.014801009558141232,0.015089224092662334,0.0178424920886755,0.014541788958013058,0.024886036291718483,0.05580015853047371,0.10423728078603745,0.7846687436103821
192.0,0.1707186819269107,0.070916956407018,1.596614072981274,0.9757258066764245,0.09757258066764246,0.0,0.006185025707460366,0.006204397238504428,0.024433457507536963,0.1707186819269107,0.06075667618558957,0.0,0.07448879486093155,0.06075667618558957,0.06185025707460367,0.006204397238504428,0.01304380688816309,0.013175366446375847,0.015359329991042614,0.013125377707183361,0.020465150475502014,0.04506075009703636,0.07369734346866608,0.3734085261821747
193.0,0.1584025019636521,0.11338458920363337,1.4117832425802777,1.010876403405116,0.10108764034051163,0.0,0.00561943855136633,0.005919639312196523,0.023263734836991016,0.1584025019636521,0.045775782890044726,0.0,0.0727206447090094,0.045775782890044726,0.05619438551366329,0.005919639312196523,0.014176025055348873,0.014385447837412357,0.0169945377856493,0.013973562978208065,0.02355280891060829,0.050949081778526306,0.09285993129014969,0.6801853179931641
194.0,0.16452711190168673,0.06251781212631613,1.594945353316321,0.9635761105097257,0.09635761105097258,0.0,0.005568484575129472,0.00622897305024358,0.024659881010078467,0.16452711190168673,0.05637204188566942,0.0,0.07430968347650307,0.05637204188566942,0.055684845751294725,0.00622897305024358,0.013007234781980515,0.013185138814151287,0.015216734260320663,0.013204369693994522,0.020202254876494408,0.04467286914587021,0.07129944115877151,0.3093544542789459
195.0,0.16467550339607093,0.10717014723923057,1.5708262860531284,1.049816975226769,0.10498169752267691,0.0,0.005570785729930952,0.005786032106978103,0.023053872757233106,0.16467550339607093,0.04833698458969593,0.0,0.07161958458331916,0.04833698458969593,0.05570785729930951,0.005786032106978103,0.013935888186097145,0.014132123440504074,0.01668197102844715,0.013774576596915722,0.023058701306581497,0.04946442320942879,0.08868273347616196,0.6376307606697083
196.0,0.16498237160535958,0.0587805206887424,1.6661490041812923,0.9819682378035325,0.09819682378035327,0.0,0.005437702864695054,0.006284883827902377,0.024605178990616247,0.16498237160535958,0.0550629565348992,0.0,0.07468990838298431,0.0550629565348992,0.054377028646950536,0.006284883827902377,0.012981155887246132,0.013157098554074764,0.015123460441827774,0.013231554068624973,0.02006467990577221,0.044368572533130646,0.07028913497924805,0.28102850914001465
197.0,0.1631004036619113,0.10494976758491248,1.5872094994796733,1.0332309420292194,0.10332309420292195,0.0,0.005478301629997216,0.005487780861305789,0.023039100620035943,0.1631004036619113,0.0488112260802434,0.0,0.06988145912495944,0.0488112260802434,0.05478301629997217,0.005487780861305789,0.013869266025722027,0.014059525914490223,0.01656966656446457,0.013736127875745296,0.022903557866811752,0.048831257969141006,0.08740989118814468,0.6222188472747803
198.0,0.16053268141471422,0.05776400992181152,1.615666618105107,0.9406368365654578,0.09406368365654581,0.0,0.005418382728329072,0.006013492328258088,0.024197292442505177,0.16053268141471422,0.05503712078699699,0.0,0.07352847835192314,0.05503712078699699,0.054183827283290714,0.006013492328258088,0.012982924468815327,0.013148347847163677,0.01508427131921053,0.013249114155769348,0.020005667582154274,0.044285114854574203,0.07003608345985413,0.2733205556869507
199.0,0.15590481460094452,0.10546153655741364,1.4741275551355648,0.9621060215509855,0.09621060215509855,0.0,0.005507026254557646,0.005752446380658791,0.02329134690360381,0.15590481460094452,0.04843473592056678,0.0,0.07170051594193165,0.04843473592056678,0.05507026254557646,0.005752446380658791,0.013886919245123863,0.014081204310059547,0.01659964956343174,0.013762920163571835,0.022945929318666458,0.049060478806495667,0.08747792989015579,0.6258772611618042
200.0,0.15872070307915026,0.05920009396504611,1.5861773142478224,0.9238620010706095,0.09238620010706095,0.0,0.005610481076515638,0.006062231483296133,0.024316923334621467,0.15872070307915026,0.05466178561059328,0.0,0.07336851395666599,0.05466178561059328,0.05610481076515638,0.006062231483296133,0.013016290962696075,0.013198090717196465,0.015148809179663658,0.013274232856929302,0.020137377083301544,0.04455175995826721,0.07037035375833511,0.2839038372039795
201.0,0.1618100399008164,0.08014735241886228,1.5760173268567461,0.9996673281376178,0.0999667328137618,0.0,0.004868240711780695,0.005759865735084391,0.02312876470386982,0.1618100399008164,0.05121519617163218,0.0,0.07145505857009155,0.05121519617163218,0.04868240711780695,0.005759865735084391,0.013288930058479309,0.013364833779633045,0.015605232678353786,0.013313612900674343,0.021179523319005966,0.04566905274987221,0.07726534456014633,0.4414922893047333
202.0,0.15560642916422623,0.08248296461533755,1.64379251137375,0.9616641769042382,0.09616641769042383,0.0,0.005727544541542346,0.006080250318448704,0.024194475621558152,0.15560642916422623,0.047632211819291115,0.0,0.073678092028086,0.047632211819291115,0.05727544541542347,0.006080250318448704,0.01327062863856554,0.013418159447610378,0.01577647402882576,0.013236326165497303,0.02124711312353611,0.046297937631607056,0.07778526097536087,0.4588318169116974
203.0,0.16208895238546225,0.06740650278516114,1.6459251474301537,1.0326528205321386,0.10326528205321385,0.0,0.004673734593849916,0.005278783156357419,0.02236497072646251,0.16208895238546225,0.04887114723141377,0.0,0.06867272263536087,0.04887114723141377,0.04673734593849916,0.005278783156357419,0.013065892271697521,0.013129635713994503,0.01525435596704483,0.013207875192165375,0.020383507013320923,0.0445261150598526,0.07358624786138535,0.346098393201828
204.0,0.15496733039617538,0.11668375099543482,1.5854800235773838,0.9518559896028959,0.09518559896028958,0.0,0.006152488377231818,0.0059163565926540354,0.023934067155306157,0.15496733039617538,0.047712887135835796,0.0,0.07313839432138663,0.047712887135835796,0.06152488377231818,0.0059163565926540354,0.0143459876999259,0.014631932601332664,0.017386719584465027,0.01416853815317154,0.023875858634710312,0.05311417952179909,0.09633375704288483,0.6996130347251892
205.0,0.16725905067645586,0.07783713238313794,1.5935676083146424,1.0054318790252392,0.10054318790252391,0.0,0.005602778300929528,0.005171057933834023,0.021916009199160796,0.16725905067645586,0.055942027614666864,0.0,0.06791787422620334,0.055942027614666864,0.05602778300929528,0.005171057933834023,0.013220618478953838,0.013313387520611286,0.015576153062283993,0.013255984522402287,0.02093358337879181,0.045582521706819534,0.07590021193027496,0.4249145984649658
206.0,0.1483565912796901,0.08601896010804921,1.4953609143280038,0.9169210699888376,0.09169210699888376,0.0,0.0052733772219373636,0.005967750249860378,0.023927194639467277,0.1483565912796901,0.045423353950564675,0.0,0.07302348802869137,0.045423353950564675,0.05273377221937363,0.005967750249860378,0.013370332308113575,0.013524141162633896,0.0159375611692667,0.01331096701323986,0.021468453109264374,0.04651334136724472,0.07852628082036972,0.48550060391426086
207.0,0.15332960394712594,0.07902545027900487,1.5325617646197984,0.9541354614954728,0.09541354614954728,0.0,0.004939550949403874,0.005532402581033798,0.022673742559093695,0.15332960394712594,0.04744410357223107,0.0,0.07040715360870728,0.04744410357223107,0.04939550949403873,0.005532402581033798,0.013266228139400482,0.013340357691049576,0.015605251304805279,0.013292260468006134,0.02102942205965519,0.04549400508403778,0.0763683170080185,0.43380776047706604
208.0,0.1481421303290587,0.09613991167861968,1.5446477770255218,0.9139026816074665,0.09139026816074666,0.0,0.005927801619355496,0.006030372890213935,0.02376884386803095,0.1481421303290587,0.04479368417882002,0.0,0.07336912619379851,0.04479368417882002,0.05927801619355495,0.006030372890213935,0.013685072772204876,0.0139369061216712,0.016460569575428963,0.013578728772699833,0.022296734154224396,0.0489826537668705,0.08423555642366409,0.5559430718421936
209.0,0.15897265879007486,0.08107965195085853,1.5738270492091233,0.9896920873568609,0.0989692087356861,0.0,0.005232311369707952,0.005456203447045902,0.0221862463423839,0.15897265879007486,0.04931493347080854,0.0,0.06961977395873803,0.04931493347080854,0.05232311369707951,0.005456203447045902,0.013293088413774967,0.013387415558099747,0.01566346175968647,0.013303915038704872,0.02112843282520771,0.045672304928302765,0.07664225995540619,0.44954633712768555
210.0,0.1484869638314614,0.0723850098438561,1.5734181681449506,0.9189638724693885,0.09189638724693885,0.0,0.00520104103936599,0.005753052689564915,0.023472494875582364,0.1484869638314614,0.045636482250231966,0.0,0.07166081122480907,0.045636482250231966,0.05201041039365988,0.005753052689564915,0.01311841793358326,0.013291583396494389,0.015499211847782135,0.01319997850805521,0.02066253498196602,0.0454665832221508,0.07374025881290436,0.3841015100479126
211.0,0.15384354098485067,0.13147326395846903,1.5504159643742168,0.9590360751518836,0.09590360751518838,0.0,0.0062192201041258305,0.005258564613401317,0.022271082521631166,0.15384354098485067,0.04646214713843969,0.0,0.06900316505477978,0.04646214713843969,0.0621922010412583,0.005258564613401317,0.014961842447519302,0.015244490467011929,0.018020711839199066,0.014705476351082325,0.025186019018292427,0.05661214143037796,0.10560285300016403,0.8014525771141052
212.0,0.1627608434512065,0.07546106027439237,1.5707535235985064,0.9113855820435744,0.09113855820435744,0.0,0.00614543529943778,0.005645532116222267,0.023251505210422553,0.1627608434512065,0.05983131608137718,0.0,0.07123964222577903,0.05983131608137718,0.0614543529943778,0.005645532116222267,0.013159520924091339,0.01331417914479971,0.015574365854263306,0.013203627429902554,0.02078893966972828,0.04558614268898964,0.0745844766497612,0.4074772298336029
213.0,0.15108083818967527,0.11744127597194165,1.5218197959754272,0.9474679690140945,0.09474679690140944,0.0,0.005732135517665974,0.005570965926521099,0.022913543794017572,0.15108083818967527,0.045030937171899356,0.0,0.07102854435260479,0.045030937171899356,0.05732135517665973,0.005570965926521099,0.014382017776370049,0.014606251381337643,0.017240019515156746,0.014166122302412987,0.023929515853524208,0.05207722634077072,0.09511242061853409,0.7080166339874268
214.0,0.15825610951735422,0.06809828255791217,1.62639486242284,0.9044785728821387,0.09044785728821389,0.0,0.005426120614776245,0.005512715290443828,0.02305904532281252,0.15825610951735422,0.05686941714240955,0.0,0.07028461161714333,0.05686941714240955,0.05426120614776245,0.005512715290443828,0.013060999102890491,0.013209407217800617,0.01534777507185936,0.013206847943365574,0.020341550931334496,0.04474683478474617,0.07243174314498901,0.35244110226631165
215.0,0.15367942246106955,0.11415142007172108,1.4876637656231906,0.9589739808669457,0.09589739808669456,0.0,0.005579624568613675,0.005432607023976743,0.02232253809387867,0.15367942246106955,0.04676978891858688,0.0,0.0699661119052997,0.04676978891858688,0.05579624568613676,0.005432607023976743,0.014238836243748665,0.014457929879426956,0.017060091719031334,0.014058740809559822,0.02361886389553547,0.05120459198951721,0.09271524846553802,0.6858570575714111
216.0,0.15641091534724602,0.06493193900678307,1.5918599481466618,0.8980424725092374,0.08980424725092374,0.0,0.005710359189945918,0.0056116726840488036,0.022827031162495796,0.15641091534724602,0.05528463322955828,0.0,0.07094757832013644,0.05528463322955828,0.057103591899459176,0.0056116726840488036,0.013057989999651909,0.013241237960755825,0.015297501347959042,0.013249724172055721,0.020327961072325706,0.04490957781672478,0.07166366279125214,0.32770785689353943
217.0,0.1506571420110189,0.10764885076787323,1.5452997666435808,0.9193516144385705,0.09193516144385705,0.0,0.005587495720157257,0.0052542997470412115,0.022619218135682437,0.1506571420110189,0.04788018404864348,0.0,0.0689930494588155,0.04788018404864348,0.05587495720157257,0.0052542997470412115,0.01400249544531107,0.014201229438185692,0.0167409498244524,0.01385558396577835,0.023086639121174812,0.049599789083004,0.08845726400613785,0.6412468552589417
218.0,0.1506878475730236,0.06147048051934689,1.5835162006778787,0.8581532881810114,0.08581532881810117,0.0,0.005356829692251407,0.005389470651817436,0.022895273394309558,0.1506878475730236,0.05412621409274065,0.0,0.0697998063495526,0.05412621409274065,0.05356829692251407,0.005389470651817436,0.01302146352827549,0.013185692019760609,0.015196082182228565,0.013257640413939953,0.02010495960712433,0.04446741193532944,0.07064475119113922,0.30188584327697754
219.0,0.1490416400707685,0.1078447443433106,1.4949968433135103,0.9021897934950315,0.09021897934950317,0.0,0.0055090118056306476,0.005370985367335379,0.022246190848258827,0.1490416400707685,0.04794266103551938,0.0,0.06951787867225133,0.04794266103551938,0.055090118056306474,0.005370985367335379,0.014002857729792595,0.014202087186276913,0.016733217984437943,0.013866298831999302,0.023100966587662697,0.04958687722682953,0.08863632380962372,0.6426293253898621
220.0,0.15229228138923645,0.06442649033851922,1.549834079830032,0.8727517769886897,0.08727517769886897,0.0,0.005680909237036338,0.005364247884314794,0.02259008987591817,0.15229228138923645,0.053971948531957775,0.0,0.06940748370610751,0.053971948531957775,0.056809092370363384,0.005364247884314794,0.01304616779088974,0.013200009241700172,0.015242364257574081,0.013249736279249191,0.020233843475580215,0.044634293764829636,0.0715932846069336,0.3242122232913971
221.0,0.1501500388750663,0.08530369587242603,1.5532521759596494,0.9144669725344732,0.09144669725344733,0.0,0.004949385522363277,0.005026076857645351,0.022188829258084297,0.1501500388750663,0.048727878297750764,0.0,0.06747147985375844,0.048727878297750764,0.049493855223632775,0.005026076857645351,0.013447137549519539,0.013530436903238297,0.01580336131155491,0.01345594972372055,0.021542556583881378,0.04607825726270676,0.07901980727910995,0.4795520603656769
222.0,0.1447171259384889,0.07093988312408328,1.5754600611574345,0.8725080879834982,0.08725080879834984,0.0,0.005372291717391748,0.005392254509318333,0.022980145178735256,0.1447171259384889,0.04670176869974686,0.0,0.0699833889420216,0.04670176869974686,0.05372291717391748,0.005392254509318333,0.013102041557431221,0.013253781944513321,0.01536178681999445,0.013254988007247448,0.020466839894652367,0.04479507729411125,0.07329565286636353,0.37398889660835266
223.0,0.1490093721793248,0.09919328056275845,1.542221693915722,0.931355357170105,0.09313553571701051,0.0,0.005467080023999398,0.004994116002657952,0.021548598933105286,0.1490093721793248,0.04541264087534868,0.0,0.06703827974314873,0.04541264087534868,0.054670800239993975,0.004994116002657952,0.013799890875816345,0.013934784568846226,0.016331849619746208,0.013705086894333363,0.022498518228530884,0.04803398624062538,0.08517139405012131,0.5800707340240479
224.0,0.14800764047182524,0.056952022248879075,1.6370910270234975,0.866915959578294,0.0866915959578294,0.0,0.0053482052798454575,0.005448690929020254,0.022734728211966846,0.14800764047182524,0.05051914487893765,0.0,0.07031184119673875,0.05051914487893765,0.053482052798454575,0.005448690929020254,0.012971920892596245,0.013157431967556477,0.01507361326366663,0.013268046081066132,0.019895410165190697,0.04407335817813873,0.06916816532611847,0.2680082321166992
225.0,0.15177559909912255,0.10594616050366312,1.5746150833623958,0.8889178243967203,0.08889178243967201,0.0,0.005619603725006948,0.005032539170665236,0.021788727348813645,0.15177559909912255,0.052231675443740994,0.0,0.06739636481954502,0.052231675443740994,0.05619603725006947,0.005032539170665236,0.013938668183982372,0.014143142849206924,0.01668449491262436,0.013814384117722511,0.02290153130888939,0.04919860512018204,0.08685573935508728,0.6300327181816101
226.0,0.14806849853350565,0.06145130784716457,1.6109577418166312,0.8502826851147872,0.08502826851147871,0.0,0.005437681874117027,0.005860517222362642,0.023482841511185352,0.14806849853350565,0.05174202715548185,0.0,0.07296584460597771,0.05174202715548185,0.05437681874117026,0.005860517222362642,0.012987173162400723,0.013132292777299881,0.015116612426936626,0.013247746042907238,0.019931981340050697,0.043858423829078674,0.07032040506601334,0.3030158281326294
227.0,0.148771512393768,0.10778463142924011,1.4972057085348571,0.8964021022503192,0.08964021022503194,0.0,0.005317972887020845,0.004984384236964756,0.021588937307779606,0.148771512393768,0.04882894155497734,0.0,0.066661023033353,0.04882894155497734,0.05317972887020845,0.004984384236964756,0.014029644429683685,0.014200727455317974,0.016703885048627853,0.013867863453924656,0.023082496598362923,0.04944424703717232,0.0890289917588234,0.6419191956520081
228.0,0.1488083881827501,0.06268307287245989,1.635678480422159,0.8456749961926386,0.08456749961926387,0.0,0.005458927842286918,0.005523782214508033,0.022856302057894375,0.1488083881827501,0.05325817947204296,0.0,0.07071843456763488,0.05325817947204296,0.05458927842286917,0.005523782214508033,0.013010258786380291,0.013180340640246868,0.015187527984380722,0.013255171477794647,0.02005128376185894,0.04420804977416992,0.07051597535610199,0.3120559751987457
229.0,0.14723152781908327,0.10667380562517792,1.5773806158352752,0.8822690752836374,0.08822690752836376,0.0,0.005493970086368232,0.004955117519085224,0.021671495543649562,0.14723152781908327,0.04855553175394352,0.0,0.06677844948493518,0.04855553175394352,0.05493970086368231,0.004955117519085224,0.01398143544793129,0.014170150272548199,0.016672739759087563,0.013853004202246666,0.022972019389271736,0.049121107906103134,0.08781961351633072,0.634800374507904
230.0,0.14687176564565071,0.06101295119151473,1.597240279841975,0.8340451442278348,0.0834045144227835,0.0,0.005366668921823686,0.005256245700785747,0.02251116816814129,0.14687176564565071,0.052844336829506434,0.0,0.06883127872760479,0.052844336829506434,0.05366668921823685,0.005256245700785747,0.0130164148285985,0.013201708905398846,0.015180805698037148,0.013284297659993172,0.020013052970170975,0.044219691306352615,0.06992439925670624,0.29926323890686035
231.0,0.14517777814314917,0.10512496554292738,1.5384808822512732,0.8573320622627552,0.08573320622627552,0.0,0.0054159590401328525,0.005168167865262008,0.021943519536692362,0.14517777814314917,0.04886044117693718,0.0,0.06833674328831527,0.04886044117693718,0.054159590401328526,0.005168167865262008,0.013939937576651573,0.01412371825426817,0.016618316993117332,0.013825210742652416,0.022860299795866013,0.04883018508553505,0.08668956905603409,0.6241124868392944
232.0,0.14632977774510017,0.06144592072814703,1.6004502300372832,0.8348999894582309,0.08348999894582308,0.0,0.0054128245665476865,0.0051340624385585,0.022328995526410066,0.14632977774510017,0.05229288898408413,0.0,0.06790369290571946,0.05229288898408413,0.05412824566547687,0.0051340624385585,0.013033983297646046,0.013229142874479294,0.015214869752526283,0.013299361802637577,0.02007729932665825,0.04438711702823639,0.07001044601202011,0.3023151457309723
233.0,0.14522387775091025,0.10400209377985448,1.578038154382143,0.860559541445512,0.08605595414455122,0.0,0.00546244067641405,0.005077335213382657,0.021915995229322176,0.14522387775091025,0.04862814697508629,0.0,0.06787060057887664,0.04862814697508629,0.054624406764140494,0.005077335213382657,0.013910573907196522,0.014089544303715229,0.016574550420045853,0.01380580198019743,0.022787069901823997,0.048623450100421906,0.08594109117984772,0.6162846684455872
234.0,0.14648892558537996,0.061661106650717556,1.5711248553272172,0.8359406567536868,0.08359406567536867,0.0,0.005347063306432504,0.0050670115921932915,0.022245626753339402,0.14648892558537996,0.05248078517615795,0.0,0.06761632372553532,0.05248078517615795,0.05347063306432504,0.0050670115921932915,0.013050633482635021,0.013227187097072601,0.015201875939965248,0.013319848105311394,0.020073695108294487,0.0442572683095932,0.07022710889577866,0.30393123626708984
235.0,0.14421003713057592,0.10588159703183919,1.4859309429332355,0.8595916674687312,0.08595916674687312,0.0,0.0055211544896547615,0.005137357708568184,0.02179352530779747,0.14421003713057592,0.04759235278918193,0.0,0.06839364451857713,0.04759235278918193,0.05521154489654761,0.005137357708568184,0.013965330086648464,0.014149505645036697,0.01665099337697029,0.013861492276191711,0.02294311486184597,0.04907279089093208,0.08721379935741425,0.6291957497596741
236.0,0.14622523463689363,0.0662151254946366,1.5043990308928745,0.82645877966514,0.08264587796651401,0.0,0.005688910845380563,0.005023604939476802,0.022109587820103534,0.14622523463689363,0.05286683887243271,0.0,0.06739235955935258,0.05286683887243271,0.05688910845380563,0.005023604939476802,0.013097723945975304,0.013255198486149311,0.015269703231751919,0.013330847956240177,0.02027895115315914,0.04443907365202904,0.0717974379658699,0.33825206756591797
237.0,0.14335760187644225,0.08494185225572437,1.5298513434563596,0.8514280044115506,0.08514280044115509,0.0,0.005052784722871507,0.005133192878789627,0.021808937693444583,0.14335760187644225,0.048028819836103,0.0,0.0684440923997989,0.048028819836103,0.050527847228715055,0.005133192878789627,0.013510623946785927,0.013603431172668934,0.015802064910531044,0.0135586466640234,0.021590054035186768,0.0463004969060421,0.08005885034799576,0.47511065006256104
238.0,0.14349717990710184,0.09107693145051599,1.5689874877093937,0.8446475634208093,0.08446475634208093,0.0,0.005916908526649842,0.005211330932350113,0.022323759845816173,0.14349717990710184,0.047904182512026564,0.0,0.0687947439459654,0.047904182512026564,0.05916908526649842,0.005211330932350113,0.013493415899574757,0.013624091632664204,0.016041718423366547,0.013423282653093338,0.021756088361144066,0.046459510922431946,0.0800674557685852,0.5237498879432678
239.0,0.1473767556823217,0.08788780798204243,1.6263396622300084,0.9117719164261451,0.09117719164261452,0.0,0.0055794359113161395,0.004686426863862345,0.021025964703697424,0.1473767556823217,0.04593369851891811,0.0,0.06526770500036386,0.04593369851891811,0.05579435911316138,0.004686426863862345,0.013563495129346848,0.013850190676748753,0.01627541333436966,0.013546382077038288,0.021905306726694107,0.04835965856909752,0.07981403917074203,0.49578797817230225
240.0,0.14574470485632235,0.08903673966415226,1.5612794845313247,0.848520638851019,0.0848520638851019,0.0,0.005254138490328422,0.005036423403698091,0.0221266714282907,0.14574470485632235,0.05060207972732874,0.0,0.06792701408267021,0.05060207972732874,0.05254138490328422,0.005036423403698091,0.013426500372588634,0.013538439758121967,0.015915438532829285,0.013356184586882591,0.021586347371339798,0.04595158249139786,0.07847800850868225,0.5100414156913757
241.0,0.14431055291340902,0.08300198707729578,1.5857435765867363,0.8933150699505439,0.0893315069950544,0.0,0.005444192614119787,0.004873978305393114,0.02099360726200617,0.14431055291340902,0.04466087328126797,0.0,0.0664079925761773,0.04466087328126797,0.05444192614119787,0.004873978305393114,0.013362474739551544,0.013600068166851997,0.015936920419335365,0.01334502175450325,0.02143833413720131,0.046746764332056046,0.07608333975076675,0.4635029733181
242.0,0.14270415329016173,0.08545550215058029,1.5404055137010106,0.8314835475041316,0.08314835475041317,0.0,0.005405564448581293,0.005256006852365457,0.022128573905390043,0.14270415329016173,0.04889422554809313,0.0,0.0691677821943393,0.04889422554809313,0.05405564448581292,0.005256006852365457,0.013388206250965595,0.01348615251481533,0.01580800861120224,0.013391890563070774,0.02142759971320629,0.04590914025902748,0.0777011439204216,0.482531875371933
243.0,0.14091596752405167,0.08326133049558848,1.4892590062875908,0.8630836422626789,0.08630836422626789,0.0,0.005661068570155364,0.00478698939192467,0.02089078803188526,0.14091596752405167,0.04415954520496038,0.0,0.06585973042708176,0.04415954520496038,0.056610685701553635,0.00478698939192467,0.01332466397434473,0.01353258267045021,0.015823913738131523,0.013321664184331894,0.02130948007106781,0.046182043850421906,0.07593949139118195,0.46665680408477783
244.0,0.1372908456967427,0.08337134693283588,1.5096031744282266,0.7930480241775513,0.07930480241775514,0.0,0.005547421232152443,0.005575438549455542,0.022612341679632664,0.1372908456967427,0.046863179510602586,0.0,0.07157423863044152,0.046863179510602586,0.055474212321524434,0.005575438549455542,0.013435238040983677,0.01351291686296463,0.015754813328385353,0.013484174385666847,0.021443579345941544,0.04584292322397232,0.07858885824680328,0.46490827202796936
245.0,0.14247878526265806,0.07565832475665957,1.6118097703730565,0.8628242955758021,0.08628242955758023,0.0,0.005628215091732832,0.004935849668422284,0.020843093999876425,0.14247878526265806,0.045632291155365795,0.0,0.06619373780603592,0.045632291155365795,0.05628215091732832,0.004935849668422284,0.013197489082813263,0.013416900299489498,0.01560678519308567,0.01329880952835083,0.020819339901208878,0.04556332528591156,0.07386969774961472,0.4094942510128021
246.0,0.14198355204783952,0.0772171908756718,1.5780319306032062,0.8366682735773233,0.08366682735773233,0.0,0.005123909484021939,0.0052131496441478915,0.022253993182228163,0.14198355204783952,0.04797966634997955,0.0,0.0690043717622757,0.04797966634997955,0.051239094840219386,0.0052131496441478915,0.01334470883011818,0.013414318673312664,0.015579176135361195,0.013443971984088421,0.02105163037776947,0.04509648308157921,0.07646922022104263,0.41933801770210266
247.0,0.14591738123160142,0.08993819437455386,1.645710364470129,0.8872012816942655,0.08872012816942654,0.0,0.005842033458443789,0.005070938666064579,0.020884614796019517,0.14591738123160142,0.046284278424886555,0.0,0.0671482001646207,0.046284278424886555,0.058420334584437884,0.005070938666064579,0.013512992300093174,0.013732191175222397,0.0161919966340065,0.013456378132104874,0.02182089351117611,0.04728143662214279,0.0800023004412651,0.5135073661804199
248.0,0.14106298238039017,0.07518309832084924,1.5670875083889406,0.8377351600390214,0.08377351600390215,0.0,0.005095869897363278,0.004867417334865492,0.021958536540086452,0.14106298238039017,0.047326174349739,0.0,0.06641674185028443,0.047326174349739,0.050958698973632775,0.004867417334865492,0.013288031332194805,0.013345164246857166,0.015518371015787125,0.013390609063208103,0.0208839513361454,0.04489744454622269,0.07554139941930771,0.4045998156070709
249.0,0.14290487880890185,0.0876766110304743,1.5605281860908906,0.8635276716489059,0.08635276716489058,0.0,0.005685485397967009,0.004769341563447737,0.02076163959617798,0.14290487880890185,0.04609728389634536,0.0,0.06605309591843532,0.04609728389634536,0.056854853979670085,0.004769341563447737,0.013468453660607338,0.013690834864974022,0.01612982526421547,0.013438740745186806,0.021713417023420334,0.04714439809322357,0.07895190268754959,0.4968753159046173
250.0,0.13628298330765504,0.07363892323337495,1.5097825180915396,0.7989298632511725,0.07989298632511727,0.0,0.005304785072803498,0.004711567316777431,0.021204908091861468,0.13628298330765504,0.04637364140496804,0.0,0.06539782423239487,0.04637364140496804,0.05304785072803497,0.004711567316777431,0.013261638581752777,0.013328436762094498,0.015503556467592716,0.013376598246395588,0.020765885710716248,0.04503687098622322,0.07475873082876205,0.3930796682834625
251.0,0.13747659956033415,0.10490033368114382,1.4765061605401344,0.8109888571959275,0.08109888571959274,0.0,0.006127789215399669,0.004878166498831258,0.02121802340619839,0.13747659956033415,0.04537175739040741,0.0,0.0671677692578389,0.04537175739040741,0.06127789215399669,0.004878166498831258,0.013964617624878883,0.014180012978613377,0.016725128516554832,0.013846194371581078,0.022893762215971947,0.049122072756290436,0.08619660139083862,0.6222742795944214
252.0,0.14134773554710242,0.05984208604786545,1.6096021056165988,0.8007440406542558,0.0800744040654256,0.0,0.005015171677447283,0.004860167463238423,0.021248038929815475,0.14134773554710242,0.051397993587530576,0.0,0.0664997765651116,0.051397993587530576,0.050151716774472825,0.004860167463238423,0.01301044225692749,0.013257558457553387,0.015226953662931919,0.013303638435900211,0.020000770688056946,0.044281989336013794,0.06894965469837189,0.29070568084716797
253.0,0.1461450566466038,0.10702012025285512,1.5404495487289638,0.8482822111019721,0.08482822111019722,0.0,0.005318638145063932,0.005102579858010778,0.021503181841510993,0.1461450566466038,0.0508956194210511,0.0,0.06824028205413085,0.0508956194210511,0.05318638145063932,0.005102579858010778,0.013988466933369637,0.014200178906321526,0.01672658510506153,0.013877448625862598,0.02299649827182293,0.04927331581711769,0.08782420307397842,0.6372742652893066
254.0,0.1411127270414279,0.06363650492858142,1.599689070099471,0.7990476053494674,0.07990476053494672,0.0,0.005564460473564955,0.004536318512131961,0.020863204119870297,0.1411127270414279,0.05110718496143818,0.0,0.0639810125128581,0.05110718496143818,0.05564460473564955,0.004536318512131961,0.01302831619977951,0.01324305310845375,0.015267793089151382,0.01327251736074686,0.020178692415356636,0.04457975551486015,0.07054398953914642,0.3189779222011566
255.0,0.13841423736168787,0.08321899990551174,1.5251927788931967,0.7818995553713578,0.0781899555371358,0.0,0.0049664821762305045,0.005145501425991265,0.021734416628113158,0.13841423736168787,0.050112299191264004,0.0,0.06880815814320858,0.050112299191264004,0.049664821762305036,0.005145501425991265,0.013373698107898235,0.013464843854308128,0.01574450172483921,0.013427860103547573,0.021353982388973236,0.04580047354102135,0.07748709619045258,0.4650995433330536
256.0,0.13030698608893615,0.07253917620982975,1.525057077670998,0.7720887248332684,0.07720887248332685,0.0,0.005669049316873917,0.004718134528957307,0.021336551397465743,0.13030698608893615,0.04271092667029454,0.0,0.06568569059555347,0.04271092667029454,0.05669049316873917,0.004718134528957307,0.013107762672007084,0.01332231517881155,0.01545315608382225,0.013248265720903873,0.020560799166560173,0.0451078936457634,0.07287698984146118,0.38663622736930847
257.0,0.1428944508616741,0.08671737683471292,1.5292321403449154,0.8463055376823132,0.08463055376823132,0.0,0.005251513364223335,0.00494705847142121,0.021140465656152137,0.1428944508616741,0.048065326104943566,0.0,0.06723022317657104,0.048065326104943566,0.052515133642233335,0.00494705847142121,0.013537426479160786,0.013631469570100307,0.015862466767430305,0.013575983233749866,0.021684642881155014,0.04647871479392052,0.08057801425457001,0.4883902966976166
258.0,0.13623133359047082,0.07262936641927809,1.551080085921512,0.8153391044873458,0.08153391044873458,0.0,0.005808234071502319,0.004589861787210863,0.021268780558155134,0.13623133359047082,0.04429932425801571,0.0,0.06495914235711098,0.04429932425801571,0.05808234071502319,0.004589861787210863,0.013140346854925156,0.01337681245058775,0.015494922176003456,0.013285910710692406,0.020647089928388596,0.045319169759750366,0.07271170616149902,0.38705897331237793
259.0,0.14221323453463042,0.08583978563547134,1.56465955947362,0.8348167790816381,0.08348167790816381,0.0,0.005460278919109931,0.00461759830180269,0.020748121234086845,0.14221323453463042,0.048653680114791945,0.0,0.06529581747376002,0.048653680114791945,0.054602789191099316,0.00461759830180269,0.013499505817890167,0.013607160188257694,0.015832137316465378,0.013560171239078045,0.021568112075328827,0.04613872617483139,0.07936356961727142,0.4831489026546478
