epoch,train_loss,val_window_mae_kwh,grad_norm,l_state,w_state,w_boundary,w_prior,w_dynamics,dynamics_residual_mae,loss,l_window,l_boundary,dynamics_residual_rmse,w_window,l_prior,l_dynamics,val_mae_soc_event_0.1,val_mae_soc_event_0.2,val_mae_soc_event_0.5,val_mae_time_60s,val_mae_time_120s,val_mae_time_300s,val_mae_time_600s,val_mae_full_trip
0.0,2.152258423658518,0.11518400197383016,0.8466807580950056,20.216629835275505,2.02166298352755,0.0,0.00012457857708516083,0.0003813863418494853,0.014317181534492053,2.152258423658518,0.13008943715920815,0.0,0.01903671592187423,0.13008943715920815,0.0012457857708516084,0.0003813863418494853,0.01471620798110962,0.014949865639209747,0.016397392377257347,0.015008791349828243,0.02663770131766796,0.060103245079517365,0.10278421640396118,0.6708745956420898
1.0,2.045883449224325,0.0649237692123279,1.023349877240523,19.768979696127083,1.9768979696127085,0.0,0.00207247742666648,0.001619518824064961,0.0218082509505061,2.045883449224325,0.06529347784817219,0.0,0.03728102147579193,0.06529347784817219,0.0207247742666648,0.001619518824064961,0.012528355233371258,0.012711390852928162,0.014225814491510391,0.01201041042804718,0.021532509475946426,0.046858422458171844,0.08410956710577011,0.3154136836528778
2.0,1.9450376263031592,0.08461095846723765,1.2203241620166803,18.498300038851223,1.849830003885122,0.0,0.0038230926514818122,0.021099640128131095,0.05423630458804277,1.9450376263031592,0.07028486221455611,0.0,0.13892583549022675,0.07028486221455611,0.03823092651481812,0.021099640128131095,0.013092420995235443,0.013223123736679554,0.014627383090555668,0.013114617206156254,0.023676197975873947,0.05268636718392372,0.09146560728549957,0.45500195026397705
3.0,1.8588676406786993,0.07540709374006838,1.050404642258908,17.321578209216778,1.7321578209216781,0.0,0.0037849161988840656,0.06854200821656448,0.09631429727260883,1.8588676406786993,0.05438284289378386,0.0,0.2588676397617047,0.05438284289378386,0.037849161988840654,0.06854200821656448,0.012015034444630146,0.012265551835298538,0.013816097751259804,0.011764399707317352,0.021017510443925858,0.04493245854973793,0.0843101292848587,0.4031355679035187
4.0,1.7935574880013099,0.06674728787038475,1.2119816075318501,16.63237241598276,1.663237241598276,0.0,0.003990511768139326,0.06648946467500466,0.09766373754693912,1.7935574880013099,0.05984021823566694,0.0,0.25256033814870393,0.05984021823566694,0.03990511768139326,0.06648946467500466,0.012120465748012066,0.012292832136154175,0.013836278580129147,0.011925690807402134,0.02134775184094906,0.045684222131967545,0.08011380583047867,0.33665725588798523
5.0,1.729807436466217,0.06507785024587065,1.2314657561030715,16.006266080416164,1.6006266080416163,0.0,0.0029954908272394765,0.0710487811324688,0.10223490400956227,1.729807436466217,0.055136553943157196,0.0,0.262129545211792,0.055136553943157196,0.02995490827239477,0.0710487811324688,0.012024538591504097,0.012219236232340336,0.013763497583568096,0.011937051080167294,0.021353282034397125,0.04535139352083206,0.07831703126430511,0.3256567716598511
6.0,1.6713411991412823,0.0593456847127527,1.363859467305925,15.327816082881046,1.5327816082881047,0.0,0.0031236996229451436,0.08450309015237369,0.11080403855213752,1.6713411991412823,0.050932816587961637,0.0,0.286515752856548,0.050932816587961637,0.031236996229451437,0.08450309015237369,0.011813747696578503,0.012029862962663174,0.013524211011826992,0.011667461134493351,0.020883265882730484,0.044321395456790924,0.07539083063602448,0.2851347029209137
7.0,1.6318431771718538,0.06321497913450003,1.5252105639541031,14.869505038628212,1.486950503862821,0.0,0.002687701339331957,0.08531657061897792,0.1085125798216233,1.6318431771718538,0.05688837729394436,0.0,0.2892962121046506,0.05688837729394436,0.02687701339331957,0.08531657061897792,0.01240549422800541,0.012593446299433708,0.014092196710407734,0.012297275476157665,0.02196482941508293,0.04723745211958885,0.08056800067424774,0.30456113815307617
8.0,1.588889818925124,0.060653957654722035,1.5931627620258548,14.540034991044264,1.4540034991044268,0.0,0.0032955794953382937,0.08472279803111003,0.10833205340000299,1.588889818925124,0.04686791807986223,0.0,0.28827709647325367,0.04686791807986223,0.03295579495338293,0.08472279803111003,0.011759279295802116,0.011970902793109417,0.013475689105689526,0.011555247940123081,0.020670711994171143,0.04395313933491707,0.07625459134578705,0.2955920994281769
9.0,1.5754605073195238,0.0785019249888137,1.7534685382599744,14.275294854090763,1.427529485409076,0.0,0.0032694566851625075,0.08736495415751751,0.1091467165029966,1.5754605073195238,0.05729660320167358,0.0,0.29212899849965024,0.05729660320167358,0.03269456685162508,0.08736495415751751,0.013187223114073277,0.013342863880097866,0.014793256297707558,0.013157824985682964,0.023390475660562515,0.05136212706565857,0.09193272143602371,0.4068489074707031
10.0,1.5358136067023644,0.08400144835468382,1.6517338001920607,14.003840629871075,1.4003840629871076,0.0,0.004535660004386535,0.08263508144479531,0.1079013399206675,1.5358136067023644,0.04825877083035616,0.0,0.28357453873524296,0.04825877083035616,0.04535660004386535,0.08263508144479531,0.012137817218899727,0.012398247607052326,0.013885702937841415,0.011722058057785034,0.02102821320295334,0.04761399328708649,0.08935315161943436,0.46387240290641785
11.0,1.54408964743981,0.07035139482468367,1.8852331202638501,13.78269914480356,1.3782699144803559,0.0,0.004872934921429709,0.08703425354682483,0.10923591485390297,1.54408964743981,0.07391252511968979,0.0,0.29117780236097485,0.07391252511968979,0.04872934921429707,0.08703425354682483,0.01259512361139059,0.012763758189976215,0.014263004995882511,0.012475243769586086,0.02233770117163658,0.04841286689043045,0.08556416630744934,0.35439929366111755
12.0,1.4832733961252065,0.06245226180180907,1.702406795013381,13.479325037736158,1.3479325037736163,0.0,0.003735073183018428,0.08263940278154153,0.10758147446008828,1.4832733961252065,0.048966374104985826,0.0,0.2802470601522006,0.048966374104985826,0.037350731830184274,0.08263940278154153,0.011785686947405338,0.01201280765235424,0.01352460216730833,0.01144849881529808,0.020528962835669518,0.04429761320352554,0.07959315925836563,0.3064267635345459
13.0,1.4818571485005891,0.08085863385349512,1.9217756324272375,13.31445363851694,1.3314453638516939,0.0,0.0037564615074258583,0.08706357186803451,0.10829238822826973,1.4818571485005891,0.05959174925318131,0.0,0.29021650552749634,0.05959174925318131,0.03756461507425858,0.08706357186803451,0.013224910013377666,0.013385072350502014,0.0147990882396698,0.013232230208814144,0.023491336032748222,0.05195240676403046,0.09322760999202728,0.4235564172267914
14.0,1.43283722950862,0.06387971283402294,1.745894535615741,12.947977726276104,1.2947977726276105,0.0,0.004104744843565502,0.08218097113645993,0.10590592657144253,1.43283722950862,0.05175370622712832,0.0,0.2778338549228815,0.05175370622712832,0.041047448435655005,0.08218097113645993,0.011849957518279552,0.012061742134392262,0.013598144985735416,0.011463334783911705,0.0206075981259346,0.044679027050733566,0.08164048194885254,0.31513741612434387
15.0,1.4254050529920137,0.07231281406711787,1.942069016085875,12.735347931201641,1.2735347931201642,0.0,0.004237877964400328,0.08629478628818806,0.10638959533893146,1.4254050529920137,0.06133756643304458,0.0,0.28758360330875105,0.06133756643304458,0.04237877964400328,0.08629478628818806,0.012895245105028152,0.013056127354502678,0.014500009827315807,0.01284121349453926,0.022904155775904655,0.04998950660228729,0.08972975611686707,0.36258649826049805
16.0,1.3716960641054006,0.06449308816809207,1.7493863230784117,12.358012199401855,1.2358012199401855,0.0,0.004395804683176371,0.08213724554158174,0.10294506870783292,1.3716960641054006,0.049361760226579815,0.0,0.2758685705753473,0.049361760226579815,0.04395804683176371,0.08213724554158174,0.011877652257680893,0.012079215608537197,0.01363882701843977,0.01149491686373949,0.02067054621875286,0.04486191272735596,0.0821995884180069,0.3191220462322235
17.0,1.3559304108986487,0.07214986439794302,1.929693418836628,12.061151027679443,1.2061151027679444,0.0,0.004365661310461851,0.08513497317639682,0.10381489247083664,1.3559304108986487,0.06031465387115112,0.0,0.28381510881277233,0.06031465387115112,0.04365661310461851,0.08513497317639682,0.012711216695606709,0.012875193729996681,0.014344125054776669,0.012630125507712364,0.022577952593564987,0.04893321543931961,0.08748117089271545,0.3656459152698517
18.0,1.3015315463909736,0.06468108540866524,1.7536056308411074,11.700422543745775,1.1700422543745774,0.0,0.0045171077793034215,0.07840813796680707,0.09861325300656833,1.3015315463909736,0.04856400707593331,0.0,0.2682921324784939,0.04856400707593331,0.045171077793034226,0.07840813796680707,0.011884198524057865,0.012076552025973797,0.013648280873894691,0.011517119593918324,0.02069271169602871,0.044890958815813065,0.08241751044988632,0.32032135128974915
19.0,1.2750266790390015,0.07161955279298127,1.9051796364725866,11.312347613848173,1.1312347613848173,0.0,0.004352338941624532,0.08003323912047423,0.10003377267947564,1.2750266790390015,0.05940633668349339,0.0,0.2738776745704504,0.05940633668349339,0.04352338941624531,0.08003323912047423,0.012581211514770985,0.012740958482027054,0.01423779409378767,0.012500271201133728,0.022331280633807182,0.048292867839336395,0.0853532999753952,0.3649187386035919
20.0,1.2213514470137083,0.06491766695398837,1.7407597287264938,10.975031797702496,1.0975031797702497,0.0,0.004506616315876063,0.07103629868764144,0.09412012421167813,1.2213514470137083,0.04830533996797525,0.0,0.25521715787740856,0.04830533996797525,0.04506616315876062,0.07103629868764144,0.011873275972902775,0.012056385166943073,0.013648082502186298,0.011524803936481476,0.020682616159319878,0.04486241936683655,0.08235728740692139,0.32233646512031555
21.0,1.1840157623474414,0.07065067475195974,1.8801010758873657,10.516326225720919,1.0516326225720918,0.0,0.004258023274059479,0.069401947924724,0.09497602341266778,1.1840157623474414,0.05872314136761885,0.0,0.25478468720729536,0.05872314136761885,0.04258023274059479,0.069401947924724,0.012506287544965744,0.0126597099006176,0.014177007600665092,0.012453143484890461,0.022169258445501328,0.047863785177469254,0.08392303436994553,0.3594531714916229
22.0,1.1309952896374922,0.06453169207088649,1.736176096041576,10.177575844984789,1.017757584498479,0.0,0.004440078490342086,0.06061085069981905,0.08939532305185612,1.1309952896374922,0.048186734318733215,0.0,0.23666436626360968,0.048186734318733215,0.04440078490342085,0.06061085069981905,0.011857551522552967,0.012033997103571892,0.013640506193041801,0.011524601839482784,0.020656833425164223,0.04485670104622841,0.08213631808757782,0.31954702734947205
23.0,1.0881273608941298,0.06946482753846794,1.8881218593391214,9.67179613846999,0.967179613846999,0.0,0.004164121916087774,0.05807060963259293,0.08955829590559006,1.0881273608941298,0.058712991957481094,0.0,0.23346547438548163,0.058712991957481094,0.04164121916087774,0.05807060963259293,0.012481425888836384,0.012627254240214825,0.014167307876050472,0.012460006400942802,0.022106576710939407,0.0476633720099926,0.08323856443166733,0.35097411274909973
24.0,1.0320923695197473,0.0650855100248009,1.7420853472140547,9.281225479566134,0.9281225479566134,0.0,0.004363308675014056,0.05171609655595743,0.0855638410609502,1.0320923695197473,0.0478903788786668,0.0,0.22008904126974252,0.0478903788786668,0.043633086750140555,0.05171609655595743,0.01184046734124422,0.012012527324259281,0.01362267229706049,0.011507445015013218,0.02062603272497654,0.044846974313259125,0.08200453221797943,0.32422342896461487
25.0,0.991919396015314,0.06848292471840978,1.9264690790104262,8.79966425895691,0.879966425895691,0.0,0.004104125069884154,0.04843967565550254,0.08352983513703713,0.991919396015314,0.05940916790412022,0.0,0.21374493722732252,0.05940916790412022,0.041041250698841535,0.04843967565550254,0.012495224364101887,0.012632126919925213,0.014186091721057892,0.012508794665336609,0.022109992802143097,0.047755781561136246,0.08302822709083557,0.3431471586227417
26.0,0.9306292854822599,0.06473278335761279,1.7609028796375084,8.337898070995625,0.8337898070995624,0.0,0.004288230571322716,0.044831426527637705,0.08125899990017597,0.9306292854822599,0.047719792677805975,0.0,0.20578876710855043,0.047719792677805975,0.04288230571322716,0.044831426527637705,0.011806200258433819,0.011976012028753757,0.01358635164797306,0.01148201059550047,0.020561380311846733,0.04467814415693283,0.08159687370061874,0.3221752941608429
27.0,0.8929500052562127,0.06774457113351673,1.9574221240268552,7.882015044872578,0.7882015044872577,0.0,0.004064003564417363,0.041032510451399364,0.07772398654084939,0.8929500052562127,0.05965198232577397,0.0,0.19721771776676178,0.05965198232577397,0.04064003564417362,0.041032510451399364,0.012521892786026001,0.012652281671762466,0.014209572225809097,0.012564641423523426,0.022138657048344612,0.048029642552137375,0.0830535814166069,0.33678629994392395
28.0,0.8290629043028905,0.06338209530804306,1.7818735785696362,7.384254061258757,0.7384254061258757,0.0,0.004232447186055092,0.03880911334775961,0.07634558700598203,0.8290629043028905,0.047595918751679935,0.0,0.19160758073513323,0.047595918751679935,0.04232447186055092,0.03880911334775961,0.011750750243663788,0.011924589052796364,0.01352748367935419,0.011447377502918243,0.020455552265048027,0.04434187337756157,0.08089876174926758,0.31271037459373474
29.0,0.792756505883657,0.06787323171738535,1.9752831554245538,6.940228187120878,0.6940228187120877,0.0,0.004039176969000926,0.035115287925761476,0.07211096097643559,0.792756505883657,0.05957921135884065,0.0,0.1821927141684752,0.05957921135884065,0.040391769690009266,0.035115287925761476,0.012552203610539436,0.01267793495208025,0.014228219166398048,0.012621350586414337,0.022182919085025787,0.04832858219742775,0.08323775231838226,0.33715689182281494
30.0,0.7303565912521802,0.06220182031393051,1.8082393132712902,6.4512923680819,0.64512923680819,0.0,0.004220193438231946,0.03363305323112469,0.07093189398829754,0.7303565912521802,0.04737410149895228,0.0,0.17867149183383355,0.04737410149895228,0.04220193438231945,0.03363305323112469,0.011696813628077507,0.01187758706510067,0.013470219448208809,0.011414144188165665,0.02035449631512165,0.044056687504053116,0.08025240898132324,0.30449220538139343
31.0,0.7028762331375709,0.06830910430289805,1.9988365214261061,6.075847809131329,0.607584780913133,0.0,0.004080302970340619,0.03164406801359011,0.06800792280298013,0.7028762331375709,0.05956705344411043,0.0,0.17400316722117937,0.05956705344411043,0.040803029703406185,0.03164406801359011,0.012547784484922886,0.012671924196183681,0.01421436294913292,0.012633228674530983,0.022177811712026596,0.048380233347415924,0.0832391306757927,0.3406083583831787
32.0,0.6411722738009232,0.06106276891659945,1.7864669731355955,5.60946944126716,0.5609469441267161,0.0,0.004264890108830654,0.028895805804775312,0.06691954485498942,0.6411722738009232,0.04706461441058379,0.0,0.16642306573115861,0.04706461441058379,0.04264890108830654,0.028895805804775312,0.01165021676570177,0.011830097995698452,0.013419079594314098,0.01139029860496521,0.02027134597301483,0.04380393028259277,0.07959510385990143,0.29654207825660706
33.0,0.6123274289644681,0.06976972776465118,1.925356618231645,5.226498888089107,0.5226498888089106,0.0,0.004114558017597749,0.02621163298877386,0.06475208011957315,0.6123274289644681,0.059351357989586316,0.0,0.15850315758815178,0.059351357989586316,0.041145580175977484,0.02621163298877386,0.01258003618568182,0.012702655978500843,0.014232042245566845,0.012690444476902485,0.02223982848227024,0.048631615936756134,0.08353875577449799,0.3515424430370331
34.0,0.556795311661867,0.05883446300867945,1.7424032475797575,4.816192736992469,0.48161927369924695,0.0,0.004240375026487387,0.023730563429685738,0.06279831093091232,0.556795311661867,0.04720508292890512,0.0,0.15090941064632857,0.04720508292890512,0.04240375026487387,0.023730563429685738,0.011621411889791489,0.011802316643297672,0.013387518934905529,0.011397368274629116,0.02019301988184452,0.04351023957133293,0.078729048371315,0.28003478050231934
35.0,0.5347056354467685,0.07141026516910642,1.9222276980703263,4.511379333642813,0.4511379333642814,0.0,0.00410989671945572,0.020707100414885923,0.058645034925295755,0.5347056354467685,0.058750699345882125,0.0,0.14080746987691292,0.058750699345882125,0.04109896719455719,0.020707100414885923,0.012631729245185852,0.012764841318130493,0.01427176222205162,0.012765920720994473,0.02234070748090744,0.04896613955497742,0.08418285101652145,0.36335816979408264
36.0,0.4862567644852858,0.05782409699168056,1.7717623994341536,4.146028307768015,0.4146028307768015,0.0,0.004232598647761803,0.020107184035273697,0.05779305100440979,0.4862567644852858,0.04731413765022388,0.0,0.138855442404747,0.04731413765022388,0.04232598647761803,0.020107184035273697,0.011606900952756405,0.011787328869104385,0.013373741880059242,0.011418603360652924,0.020165754482150078,0.0432824045419693,0.07808228582143784,0.27287575602531433
37.0,0.4774419149527183,0.07168193079996854,2.0244489319662597,3.9528061793400693,0.39528061793400693,0.0,0.0041049295176680285,0.01951408081759627,0.05581286234351305,0.4774419149527183,0.05854228626076992,0.0,0.13582225888967514,0.05854228626076992,0.041049295176680274,0.01951408081759627,0.012641703709959984,0.012781050987541676,0.014275802299380302,0.01278330385684967,0.02236921712756157,0.04906700924038887,0.0844569131731987,0.36508044600486755
38.0,0.4425718027811784,0.058136807405389845,1.800195993488817,3.6993067356256337,0.36993067356256343,0.0,0.004285653143261488,0.02146336121054796,0.05755945724936632,0.4425718027811784,0.046892110974742815,0.0,0.14384784721411192,0.046892110974742815,0.04285653143261488,0.02146336121054796,0.011609221808612347,0.011783694848418236,0.01338099129498005,0.01141730323433876,0.02016242779791355,0.04331115260720253,0.0781954750418663,0.275234192609787
39.0,0.4568314002110408,0.07113433314953,2.1218939863150506,3.7051723416034994,0.37051723416034993,0.0,0.004232416774791021,0.022450760329285495,0.06047325753248655,0.4568314002110408,0.059630974840659365,0.0,0.14645983278751373,0.059630974840659365,0.04232416774791021,0.022450760329285495,0.012618442066013813,0.012756249867379665,0.014249770902097225,0.012763815000653267,0.02233414724469185,0.04898534342646599,0.08423403650522232,0.3611328601837158
40.0,0.426341522198457,0.05920703324954957,1.9246596486400536,3.5113741021889906,0.3511374102188991,0.0,0.004297126535899365,0.024463829405319232,0.06492788545214213,0.426341522198457,0.04644314830119793,0.0,0.15319348929020074,0.04644314830119793,0.04297126535899364,0.024463829405319232,0.011612415313720703,0.011789296753704548,0.013376815244555473,0.011402793228626251,0.020174209028482437,0.04340434819459915,0.07830926030874252,0.28358712792396545
41.0,0.4311933609155508,0.06928236479870975,2.0963527619166675,3.434036979308495,0.34340369793084946,0.0,0.004417198753127686,0.023655331514489192,0.06802241504192352,0.4311933609155508,0.05971712045944654,0.0,0.14897266832681802,0.05971712045944654,0.04417198753127685,0.023655331514489192,0.01257692463696003,0.012705032713711262,0.014220276847481728,0.01270259078592062,0.022262243553996086,0.04867302626371384,0.08423364907503128,0.34688517451286316
42.0,0.39479789023215955,0.06147655891254544,1.7716513794699595,3.265918043943552,0.3265918043943552,0.0,0.004478888278110669,0.018370851014669124,0.05848600772710947,0.39479789023215955,0.045356330676720694,0.0,0.1319668831733557,0.045356330676720694,0.044788882781106695,0.018370851014669124,0.011669407598674297,0.011846264824271202,0.013433154672384262,0.011426850222051144,0.020258117467164993,0.04383613541722298,0.07914997637271881,0.30019256472587585
43.0,0.3890944088880832,0.06937346188351512,1.8995304762623184,3.0831246376037598,0.308312463760376,0.0,0.004530310888703053,0.016758732211131316,0.05265696088855083,0.3890944088880832,0.059492895379662514,0.0,0.12652138334054214,0.059492895379662514,0.04530310888703053,0.016758732211131316,0.012599083594977856,0.012719769962131977,0.014249705709517002,0.012714751996099949,0.022292079403996468,0.04862973839044571,0.08476229757070541,0.3470202684402466
44.0,0.36891596707013935,0.059627806302160025,1.7993570555363287,2.992278768466069,0.29922787684660695,0.0,0.003816842560011607,0.01687828515871213,0.050190270806734376,0.36891596707013935,0.048992951902059406,0.0,0.12617928018936744,0.048992951902059406,0.03816842560011607,0.01687828515871213,0.011710228398442268,0.011871861293911934,0.013472839258611202,0.01163747813552618,0.020430827513337135,0.04372000694274902,0.07746182382106781,0.28671738505363464
45.0,0.3715339658352045,0.06699157890398055,1.9516406063852672,3.0009508499732385,0.30009508499732385,0.0,0.004102190025150776,0.014946138199705344,0.04638233967125416,0.3715339658352045,0.05239054976174465,0.0,0.11850097890083607,0.05239054976174465,0.04102190025150776,0.014946138199705344,0.01224787998944521,0.012372942641377449,0.01397315040230751,0.012282466515898705,0.02164854109287262,0.04631120711565018,0.08211366087198257,0.3349827826023102
46.0,0.3863000806707602,0.05863787163980305,2.0669469736824864,3.1893887794934788,0.31893887794934783,0.0,0.004018057195039896,0.017307599970641043,0.04662683720772083,0.3863000806707602,0.0460355427975838,0.0,0.12687499018815848,0.0460355427975838,0.04018057195039896,0.017307599970641043,0.011714329943060875,0.01188712939620018,0.013451509177684784,0.011522816494107246,0.020366551354527473,0.04391227290034294,0.0779806524515152,0.2782677114009857
47.0,0.3986463271654569,0.06838159577455372,2.04871029242412,3.2212144411527195,0.322121444115272,0.0,0.0040609787863034475,0.018682287737297323,0.04785525297316221,0.3986463271654569,0.053781611271775685,0.0,0.13159631823117918,0.053781611271775685,0.04060978786303447,0.018682287737297323,0.012384714558720589,0.012501421384513378,0.014108757488429546,0.012402129359543324,0.021885013207793236,0.046980299055576324,0.0826856940984726,0.34410473704338074
48.0,0.34937897668435025,0.058793081319890916,1.7467079466720266,2.815641247309171,0.28156412473091713,0.0,0.003908525672383033,0.016748223238839552,0.04905775246711878,0.34937897668435025,0.04715808710226646,0.0,0.1254520954994055,0.04715808710226646,0.039085256723830335,0.016748223238839552,0.01174634788185358,0.011921239085495472,0.013487076386809349,0.01151809561997652,0.02036726288497448,0.0440722294151783,0.07856450229883194,0.2786678969860077
49.0,0.36099862593870896,0.07460391370113939,1.9270101947957934,2.881459341599391,0.2881459341599391,0.0,0.0036980211591491337,0.01414090831978963,0.04420793959154533,0.36099862593870896,0.05501375734232939,0.0,0.1140819309422603,0.05501375734232939,0.036980211591491334,0.01414090831978963,0.012860706076025963,0.012963672168552876,0.014533944427967072,0.01295536570250988,0.022796178236603737,0.04991322010755539,0.0865066796541214,0.3843015432357788
50.0,0.3727364969941286,0.06126922613475472,1.9560363975003876,3.0193417989290676,0.3019341798929068,0.0,0.003804278753411313,0.01601725503300818,0.0431424448123345,0.3727364969941286,0.050980776691666015,0.0,0.12133384094788478,0.050980776691666015,0.038042787534113116,0.01601725503300818,0.011856661178171635,0.012029442004859447,0.01360007468611002,0.011542875319719315,0.020496796816587448,0.04458468407392502,0.08030419051647186,0.295739084482193
51.0,0.3596948625949713,0.0744824648136273,1.9573351454613663,2.8634770879378686,0.2863477087937869,0.0,0.004086105582805781,0.014224702993837686,0.04445063996200378,0.3596948625949713,0.055036346499736495,0.0,0.11644294112920761,0.055036346499736495,0.0408610558280578,0.014224702993837686,0.012725570239126682,0.01282444316893816,0.014425903558731079,0.012762297876179218,0.022524753585457802,0.04881361126899719,0.08539433032274246,0.3863888084888458
52.0,0.3462487780130826,0.06664045620709658,1.7514660115361933,2.785576719504136,0.27855767195041364,0.0,0.004207292055854431,0.01503401966049121,0.0446936756085891,0.3462487780130826,0.048449788242578506,0.0,0.11650899396492885,0.048449788242578506,0.04207292055854431,0.01503401966049121,0.011929831467568874,0.012091387063264847,0.013698928989470005,0.011588586494326591,0.02063547633588314,0.04529464244842529,0.08217847347259521,0.33570632338523865
53.0,0.3673650301419772,0.07532535830978304,1.9610904406564689,2.9206324311403127,0.29206324311403126,0.0,0.004418205240598092,0.014529918123466464,0.04356438093460523,0.3673650301419772,0.05635365557212096,0.0,0.1157073315519553,0.05635365557212096,0.044182052405980915,0.014529918123466464,0.01263223122805357,0.012731561437249184,0.014352838508784771,0.012627608142793179,0.02233448438346386,0.04808146506547928,0.08463351428508759,0.3952091634273529
54.0,0.3389340375478451,0.06594086927361786,1.7423218082921872,2.674652493917025,0.2674652493917025,0.0,0.003721014173844686,0.01644938621813288,0.044385547104936376,0.3389340375478451,0.05129838419648317,0.0,0.12145721969696191,0.05129838419648317,0.03721014173844686,0.01644938621813288,0.011917117983102798,0.012080778367817402,0.013690882362425327,0.011729590594768524,0.02068747580051422,0.0444854199886322,0.07982321083545685,0.3331124782562256
55.0,0.343699523462699,0.0731382523663342,1.807179695649278,2.7641392854543834,0.27641392854543834,0.0,0.004328411545317907,0.01420479749615949,0.04316932149231434,0.343699523462699,0.0487523849766988,0.0,0.11333808532127967,0.0487523849766988,0.04328411545317907,0.01420479749615949,0.012317968532443047,0.01244011614471674,0.014123468659818172,0.012316418811678886,0.021679110825061798,0.04611518979072571,0.08109584450721741,0.38501790165901184
56.0,0.34317915026958173,0.06518657272681594,1.7675244242190498,2.764187950354356,0.27641879503543554,0.0,0.004173755058302329,0.015188610897614406,0.04098256935293858,0.34317915026958173,0.047397979033681065,0.0,0.11752163590146945,0.047397979033681065,0.041737550583023295,0.015188610897614406,0.011918196454644203,0.01208651252090931,0.013680517673492432,0.011650767177343369,0.02059606835246086,0.044581927359104156,0.07983256876468658,0.3271460235118866
57.0,0.3343159510539128,0.07278963073622435,1.7659533793427482,2.6538586066319394,0.265385860663194,0.0,0.004178195984031146,0.014439582538146239,0.04266226048079821,0.3343159510539128,0.05031230458273338,0.0,0.11457180575682567,0.05031230458273338,0.04178195984031145,0.014439582538146239,0.012279326096177101,0.012416177429258823,0.014092286117374897,0.012265409342944622,0.021624337881803513,0.04603687673807144,0.08028227090835571,0.3833203613758087
58.0,0.33110960859518784,0.06453158752992749,1.7430002614630782,2.678896725177765,0.2678896725177765,0.0,0.004160277660076436,0.01431205003665617,0.04190971387120394,0.33110960859518784,0.04474760377063201,0.0,0.11345814626950484,0.04474760377063201,0.04160277660076435,0.01431205003665617,0.011914131231606007,0.012084328569471836,0.013668875209987164,0.011591692455112934,0.020547451451420784,0.04488333687186241,0.08045156300067902,0.3211113214492798
59.0,0.33842818095133853,0.07718497421592474,1.8165551872657204,2.64379469706462,0.26437946970646203,0.0,0.0038308282955907863,0.0158990473450663,0.04227255943876047,0.33842818095133853,0.05431883954084837,0.0,0.11896942212031437,0.05431883954084837,0.03830828295590786,0.0158990473450663,0.012820089235901833,0.012864822521805763,0.014567561447620392,0.012894583866000175,0.022682281211018562,0.0491371788084507,0.08472240716218948,0.407790869474411
60.0,0.3256292429107886,0.06559574336279184,1.6730968042952372,2.591482024926406,0.25914820249264053,0.0,0.004198187553825287,0.01397690549492836,0.04275487678555342,0.3256292429107886,0.04830593773378776,0.0,0.11282236587542754,0.04830593773378776,0.04198187553825287,0.01397690549492836,0.011929021216928959,0.012116797268390656,0.013696501031517982,0.01160254143178463,0.0205126591026783,0.04519883915781975,0.0812712162733078,0.3284383714199066
61.0,0.3347147313448099,0.07618191465735435,1.8180920766895734,2.5932889855824985,0.2593288985582498,0.0,0.004509244672954083,0.01434857896170937,0.0407213604507538,0.3347147313448099,0.05652799743872423,0.0,0.11346073219409356,0.05652799743872423,0.045092446729540825,0.01434857896170937,0.012491890229284763,0.012591195292770863,0.01429305225610733,0.01250929944217205,0.02197912335395813,0.046812500804662704,0.08174102753400803,0.40703722834587097
62.0,0.3268102825834201,0.06671254336833954,1.729269817368519,2.5825622356854954,0.2582562235685495,0.0,0.00397831046094115,0.016304140247834418,0.04250448942184448,0.3268102825834201,0.04827160101670485,0.0,0.11993248903980622,0.04827160101670485,0.03978310460941149,0.016304140247834418,0.011929002590477467,0.012103761546313763,0.013718103989958763,0.011690990999341011,0.020692244172096252,0.044666074216365814,0.0785398855805397,0.34036028385162354
63.0,0.32288714612905794,0.07295801304280758,1.7596368143238474,2.5420531126169057,0.2542053112616906,0.0,0.004266133639388359,0.014471740139505038,0.04252962481517058,0.32288714612905794,0.04994395876733156,0.0,0.11383841014825381,0.04994395876733156,0.042661336393883593,0.014471740139505038,0.012170008383691311,0.01232651062309742,0.013999310322105885,0.012106366455554962,0.021428419277071953,0.04558334872126579,0.07920678704977036,0.38684335350990295
64.0,0.31902657735806245,0.0774643262848258,1.685670583226908,2.518062256849729,0.2518062256849729,0.0,0.004089125775947022,0.016034160561573047,0.041952841700269625,0.31902657735806245,0.047097061975644186,0.0,0.11865362811547059,0.047097061975644186,0.04089125775947021,0.016034160561573047,0.012203143909573555,0.012372979894280434,0.01405518688261509,0.012108901515603065,0.02147233858704567,0.04577726498246193,0.0807478278875351,0.4209769666194916
65.0,0.31367697624059826,0.07194185594562441,1.7395545449535053,2.489603015092703,0.24896030150927032,0.0,0.00430297780638704,0.01350396631572109,0.04075242965840376,0.31367697624059826,0.04690971755637573,0.0,0.11007761324827488,0.04690971755637573,0.04302977806387039,0.01350396631572109,0.012039956636726856,0.012208075262606144,0.013873442076146603,0.011963041499257088,0.021141638979315758,0.04489589482545853,0.07836328446865082,0.3810495138168335
66.0,0.317745685004271,0.07919086760375649,1.8344669806474734,2.49634856902636,0.249634856902636,0.0,0.0039133833148158525,0.015032405033707619,0.04182813001366762,0.317745685004271,0.04916503294729269,0.0,0.11617059891040508,0.04916503294729269,0.03913383314815851,0.015032405033707619,0.012639481574296951,0.012703675776720047,0.014447430148720741,0.012691506184637547,0.02227507345378399,0.04758947715163231,0.08321870863437653,0.4279615879058838
67.0,0.31348259632404035,0.06672370166052133,1.6875920413540373,2.445560038089752,0.2445560038089752,0.0,0.004118423579403988,0.015569159510330511,0.04208797288055603,0.31348259632404035,0.0492390007353746,0.0,0.11793141926710422,0.0492390007353746,0.041184235794039875,0.015569159510330511,0.011881357058882713,0.012061870656907558,0.013662125915288925,0.01161162182688713,0.0205661840736866,0.04475175589323044,0.0788458064198494,0.34040889143943787
68.0,0.3120448818573585,0.07462381850928068,1.8554343143045418,2.4392995146604686,0.24392995146604685,0.0,0.004421089188410687,0.013609664299740242,0.04189245503109235,0.3120448818573585,0.05008417339279102,0.0,0.11072852061345027,0.05008417339279102,0.04421089188410686,0.013609664299740242,0.012192311696708202,0.012349395081400871,0.014026187360286713,0.012144302017986774,0.02147907204926014,0.045653022825717926,0.07936696708202362,0.3997792899608612
69.0,0.31039244452348125,0.06533101934473962,1.7043901520860856,2.4276414696986857,0.24276414696986862,0.0,0.004338034958793567,0.016223932795513134,0.042139288754417345,0.31039244452348125,0.04706632431883078,0.0,0.11967528267548634,0.04706632431883078,0.04338034958793567,0.016223932795513134,0.011897123418748379,0.012085088528692722,0.013669050298631191,0.011572210118174553,0.020503217354416847,0.04504510015249252,0.08026041835546494,0.3276159465312958
70.0,0.3091825991868973,0.0780014042975381,1.8011713595765948,2.3958328045331516,0.23958328045331514,0.0,0.004171300335572316,0.012904474475922493,0.04064227010195072,0.3091825991868973,0.052523538613548644,0.0,0.10816299628752929,0.052523538613548644,0.04171300335572316,0.012904474475922493,0.012695647776126862,0.012724380940198898,0.014518039301037788,0.012824936769902706,0.02236858755350113,0.04828124865889549,0.08316465467214584,0.4174337387084961
71.0,0.3097062294299786,0.06612935021985322,1.8391088854990074,2.393579602241516,0.23935796022415165,0.0,0.0038085301478321737,0.014778820117219137,0.042585343982164674,0.3097062294299786,0.051760912084808715,0.0,0.11567112459586217,0.051760912084808715,0.03808530147832174,0.014778820117219137,0.011893699876964092,0.012070623226463795,0.013685464859008789,0.011686124838888645,0.02068905159831047,0.04442973807454109,0.0773034319281578,0.3372766673564911
72.0,0.30087887610380465,0.07222972193267196,1.7111198544584738,2.317928263774285,0.23179282637742854,0.0,0.004401846487934773,0.015080331609799312,0.04264724856385818,0.30087887610380465,0.04960387386381626,0.0,0.11682405322790146,0.04960387386381626,0.04401846487934773,0.015080331609799312,0.012087424285709858,0.012248944491147995,0.01392555795609951,0.012045854702591896,0.021243924275040627,0.04493855684995651,0.07768496125936508,0.38366255164146423
73.0,0.29787492408202243,0.07829936617054045,1.8288169350570487,2.335681681449597,0.2335681681449597,0.0,0.004321404245610421,0.013302372678971061,0.0425682278493276,0.29787492408202243,0.04668297260426558,0.0,0.10968842070836288,0.04668297260426558,0.043214042456104204,0.013302372678971061,0.012180091813206673,0.012351046316325665,0.014019900932908058,0.012059650383889675,0.021410685032606125,0.04572392255067825,0.08090271055698395,0.4277469217777252
74.0,0.30511908347790057,0.07212857250124216,1.83618091115662,2.3419944689824033,0.23419944689824032,0.0,0.0040819457803781215,0.015820613596588373,0.0420081434914699,0.30511908347790057,0.05101707921578334,0.0,0.11855833461651435,0.05101707921578334,0.04081945780378122,0.015820613596588373,0.012057186104357243,0.012226914055645466,0.01387796550989151,0.011961912736296654,0.02117045596241951,0.04493855684995651,0.07798735052347183,0.38280823826789856
75.0,0.2943660576756184,0.0820498060202226,1.808150455710931,2.3064977572514462,0.23064977572514467,0.0,0.004052562345392429,0.013117185417706003,0.042220949123685174,0.2943660576756184,0.04654652983523332,0.0,0.11020024264088044,0.04654652983523332,0.04052562345392429,0.013117185417706003,0.012782620266079903,0.012777618132531643,0.014637726359069347,0.012925113551318645,0.02253967523574829,0.04859989508986473,0.08480803668498993,0.44732776284217834
76.0,0.29145781925091374,0.06344446225557476,1.8364056477990638,2.204791165315188,0.22047911653151878,0.0,0.0043102164824421595,0.014157461271119805,0.041464548701277144,0.29145781925091374,0.052511017912855514,0.0,0.11313924737847768,0.052511017912855514,0.04310216482442159,0.014157461271119805,0.011834319680929184,0.012018894776701927,0.0136061180382967,0.011565576307475567,0.020417289808392525,0.04464390501379967,0.07822491973638535,0.3152446746826172
77.0,0.30580047174141956,0.0751448362134397,1.9645893456940544,2.3406177025574904,0.23406177025574904,0.0,0.004044976063932364,0.013762918211376438,0.04096417386944477,0.30580047174141956,0.05393080785870552,0.0,0.11105048943024415,0.05393080785870552,0.04044976063932364,0.013762918211376438,0.012648722156882286,0.012698324397206306,0.014446878805756569,0.012798754498362541,0.0223206989467144,0.048272937536239624,0.08230908215045929,0.3956632912158966
78.0,0.29218510079842347,0.061504380661062896,1.9867732871038926,2.2408663676335263,0.22408663676335264,0.0,0.003608383116527246,0.013613558177334758,0.040922316221090466,0.29218510079842347,0.05087651355335346,0.0,0.11068955063819885,0.05087651355335346,0.03608383116527246,0.013613558177334758,0.011822489090263844,0.012001062743365765,0.013613862916827202,0.011625518091022968,0.02051883190870285,0.044034045189619064,0.07556469738483429,0.3028545379638672
79.0,0.303140856898748,0.07144334074109793,2.014115161478424,2.3096316089996924,0.23096316089996927,0.0,0.004109655789887676,0.014673066880697241,0.04343121656431602,0.303140856898748,0.05339496582746506,0.0,0.11487846907514793,0.05339496582746506,0.04109655789887676,0.014673066880697241,0.012214847840368748,0.01234185416251421,0.014042045921087265,0.012238379567861557,0.021456481888890266,0.0455571711063385,0.0778614804148674,0.37583446502685547
80.0,0.2876306330928436,0.07870020135305822,1.8771965406347477,2.2120447204663205,0.22120447204663204,0.0,0.004051250126212836,0.016028135280626323,0.04606894346383902,0.2876306330928436,0.04634676630107256,0.0,0.11915046664384696,0.04634676630107256,0.04051250126212835,0.016028135280626323,0.012323395349085331,0.012436140328645706,0.014163835905492306,0.012326778843998909,0.021621517837047577,0.04606024920940399,0.0793212503194809,0.43134844303131104
81.0,0.3043471167867,0.08799071726389229,2.013235206603224,2.3635106407679043,0.2363510640767904,0.0,0.004616565787448333,0.016132062050299004,0.04964623757852958,0.3043471167867,0.0472474148353705,0.0,0.1202410041139676,0.0472474148353705,0.04616565787448333,0.016132062050299004,0.01250163372606039,0.012646094895899296,0.014351243153214455,0.012365870177745819,0.021858394145965576,0.04727903753519058,0.08552350848913193,0.4973999559879303
82.0,0.2864125193311618,0.07364542130380869,1.8076089163729891,2.1219400075765757,0.2121940007576576,0.0,0.00430473884424338,0.017152190799466692,0.049359198802938827,0.2864125193311618,0.05276158151145165,0.0,0.12367247188320526,0.05276158151145165,0.0430473884424338,0.017152190799466692,0.012104506604373455,0.012267759069800377,0.013923543505370617,0.011992448940873146,0.021195126697421074,0.04518885537981987,0.0785413533449173,0.3939497768878937
83.0,0.28165798405042064,0.08333418553229421,1.9279215895151856,2.144066714323484,0.2144066714323484,0.0,0.003924545724518024,0.016071502002887428,0.05406453431798862,0.28165798405042064,0.04725526330562738,0.0,0.12039612262294842,0.04725526330562738,0.03924545724518024,0.016071502002887428,0.012655425816774368,0.012730691581964493,0.014491650275886059,0.01266564428806305,0.0222693532705307,0.04762706905603409,0.08288261294364929,0.46135103702545166
84.0,0.29288594883221847,0.0631356876110658,1.8962316536675385,2.1940136964504537,0.21940136964504534,0.0,0.004162812189987073,0.018196714522603612,0.051929648679036364,0.29288594883221847,0.051125041710642666,0.0,0.12727931170509413,0.051125041710642666,0.041628121899870724,0.018196714522603612,0.011853009462356567,0.012030113488435745,0.013604581356048584,0.011571967042982578,0.02039388380944729,0.04472467303276062,0.07878206670284271,0.31212520599365234
85.0,0.277494856944451,0.07762350130360574,1.8428820789531508,2.0342634274409366,0.20342634274409369,0.0,0.004384865869696324,0.015655318678070147,0.050144632132007524,0.277494856944451,0.054028328794699446,0.0,0.1189225917825332,0.054028328794699446,0.043848658696963236,0.015655318678070147,0.012682470493018627,0.012713311240077019,0.014520308002829552,0.012848418205976486,0.02232307940721512,0.04820384457707405,0.08268481492996216,0.41501176357269287
86.0,0.27953269332647324,0.06059460900723934,1.8857348065831276,2.0929701970173764,0.2092970197017376,0.0,0.0039729254821745255,0.01311838447761077,0.043365043587982655,0.27953269332647324,0.05314436053427366,0.0,0.10860592699967898,0.05314436053427366,0.03972925482174525,0.01311838447761077,0.01180332899093628,0.011978103779256344,0.013603230938315392,0.011610261164605618,0.020405005663633347,0.04408860206604004,0.0754878893494606,0.2957804501056671
87.0,0.2725875618366095,0.0751056611770764,1.8769534171884612,2.0287196911298313,0.2028719691129831,0.0,0.0043757611169264864,0.014185543449667212,0.04383426302900681,0.2725875618366095,0.05115427807546579,0.0,0.11244657263159752,0.05115427807546579,0.04375761116926487,0.014185543449667212,0.012355822138488293,0.012454033829271793,0.014203180558979511,0.012415839359164238,0.021678345277905464,0.04620473459362984,0.07900016009807587,0.4025331735610962
88.0,0.26628139271185947,0.06825635966379195,1.9348489380591642,2.026903381714454,0.2026903381714454,0.0,0.004330728052613827,0.012745663675909432,0.04126738527646431,0.26628139271185947,0.04651465954688879,0.0,0.10607290411224732,0.04651465954688879,0.04330728052613827,0.012745663675909432,0.011859897524118423,0.012057308107614517,0.013610068708658218,0.011562858708202839,0.020421456545591354,0.045010294765233994,0.07999903708696365,0.35152995586395264
89.0,0.280149414562262,0.0825106743723154,2.091032608572788,2.048042865899893,0.2048042865899893,0.0,0.004249456274108244,0.01307898150004733,0.04177754186093807,0.280149414562262,0.05801669436578567,0.0,0.10629337137708297,0.05801669436578567,0.042494562741082445,0.01307898150004733,0.012831104919314384,0.012863402254879475,0.014690849930047989,0.01292791124433279,0.022672822698950768,0.0485469214618206,0.08448109030723572,0.45107129216194153
90.0,0.2869935998549828,0.06189914350397885,1.951067111328456,2.15401992889551,0.21540199288955103,0.0,0.0036166551809471387,0.014060204902377266,0.03948330585486614,0.2869935998549828,0.0539147462695837,0.0,0.11177847333825551,0.0539147462695837,0.036166551809471384,0.014060204902377266,0.011914275586605072,0.012101884931325912,0.01376106683164835,0.011875691823661327,0.020792366936802864,0.04450584203004837,0.07438772916793823,0.30585429072380066
91.0,0.2629328519105911,0.06551710364874452,1.9200167762288156,1.9442283052664537,0.19442283052664536,0.0,0.004613420109336193,0.013233860336745588,0.04065592171481022,0.2629328519105911,0.05066273619349186,0.0,0.10770360151162514,0.05066273619349186,0.04613420109336193,0.013233860336745588,0.011963014490902424,0.012139610946178436,0.013737092725932598,0.011671296320855618,0.02060125768184662,0.04511729255318642,0.0794408917427063,0.3294663727283478
92.0,0.2871157137247232,0.08522292540874332,2.0169746274810096,2.179360513503735,0.21793605135037347,0.0,0.004259658877093059,0.012802280593090333,0.03969315933780028,0.2871157137247232,0.0521177239716053,0.0,0.10641531417003045,0.0521177239716053,0.04259658877093058,0.012802280593090333,0.012679138220846653,0.012752517126500607,0.014562958851456642,0.012699698098003864,0.022304896265268326,0.04772954434156418,0.08252779394388199,0.4765268564224243
93.0,0.2682586553005072,0.06067466828972101,1.8592308149771928,1.9994475062076862,0.1999447506207686,0.0,0.004156597868467753,0.013661428068119746,0.040371714947888486,0.2682586553005072,0.05049587843509821,0.0,0.11011833382340577,0.05049587843509821,0.041565978684677526,0.013661428068119746,0.011863457970321178,0.01204274594783783,0.013670931570231915,0.011685501784086227,0.020479654893279076,0.044514529407024384,0.07557941973209381,0.2955611050128937
94.0,0.26632197774373567,0.07274625811260194,1.8974836938495128,1.9534009924301734,0.19534009924301735,0.0,0.004314493459577743,0.012571933733012814,0.03977658040821552,0.26632197774373567,0.05409545164841872,0.0,0.10400952799962117,0.05409545164841872,0.04314493459577744,0.012571933733012814,0.012180520221590996,0.012337910011410713,0.014009329490363598,0.012098968029022217,0.021311193704605103,0.04538826271891594,0.07789911329746246,0.38674476742744446
95.0,0.2643551706121518,0.08226368762552738,1.9449602779826116,2.0099496795580936,0.20099496795580937,0.0,0.00410207393220984,0.01229134142004813,0.0404688988167506,0.2643551706121518,0.04696678269941073,0.0,0.10339555316246472,0.04696678269941073,0.041020739322098404,0.01229134142004813,0.01241899561136961,0.012551655061542988,0.014254163019359112,0.012303818948566914,0.021690744906663895,0.04669183865189552,0.08145918697118759,0.4567390978336334
96.0,0.25525053762472594,0.08535100636072457,1.8674308762370198,1.9433859999363239,0.1943385999936324,0.0,0.004464688316847269,0.010827516689180182,0.03709555195214657,0.25525053762472594,0.045619731912246116,0.0,0.09816272098284501,0.045619731912246116,0.04464688316847269,0.010827516689180182,0.012486569583415985,0.012645065784454346,0.014314373955130577,0.012306278571486473,0.021728811785578728,0.04719743877649307,0.0843188613653183,0.47781065106391907
97.0,0.2617906698813805,0.06749784550629556,1.9146485704085439,1.952501993912917,0.19525019939129173,0.0,0.004200403614399525,0.011519520042034296,0.03571626443702441,0.2617906698813805,0.05082054407550739,0.0,0.10164249974947709,0.05082054407550739,0.04200403614399525,0.011519520042034296,0.011990068480372429,0.012158406898379326,0.013794520869851112,0.011802533641457558,0.020822783932089806,0.04481077939271927,0.07799750566482544,0.34660616517066956
98.0,0.26252017800624555,0.07685957988724113,1.8824452351001892,1.9603448647719164,0.1960344864771916,0.0,0.003929823945061519,0.012406374811409758,0.03781566217255134,0.26252017800624555,0.050149496214894146,0.0,0.10562951089097904,0.050149496214894146,0.03929823945061518,0.012406374811409758,0.012580502778291702,0.01266390085220337,0.014430747367441654,0.012685543857514858,0.02212975174188614,0.04751847684383392,0.08074197918176651,0.41212573647499084
99.0,0.25460221561101765,0.0685231399256736,1.918945408250385,1.919065493803758,0.1919065493803758,0.0,0.004010139656468079,0.00984765430733275,0.035283686593174934,0.25460221561101765,0.0488378696430188,0.0,0.09246344893024518,0.0488378696430188,0.0401013965646808,0.00984765430733275,0.011843299493193626,0.012053138576447964,0.013593110255897045,0.011576032266020775,0.020440135151147842,0.04498535394668579,0.07961876690387726,0.35407528281211853
100.0,0.2716256936009114,0.07648307760246098,1.9761421657720117,1.9568171730408301,0.19568171730408299,0.0,0.004159116694846978,0.01063613528206658,0.035649917661570586,0.2716256936009114,0.06114871914570148,0.0,0.09837531441679367,0.06114871914570148,0.04159116694846979,0.01063613528206658,0.01273245457559824,0.012809141539037228,0.014549395069479942,0.012864841148257256,0.02247966267168522,0.04830164089798927,0.08238588273525238,0.4057416021823883
101.0,0.247021479675403,0.058186343871057034,1.8976653948335167,1.8133439146555388,0.18133439146555383,0.0,0.0034284523688256747,0.01055925192597967,0.0356177484903198,0.247021479675403,0.05169938261119219,0.0,0.09737246827437328,0.05169938261119219,0.03428452368825674,0.01055925192597967,0.011860967613756657,0.012018815614283085,0.013635963201522827,0.01164516806602478,0.02039763145148754,0.044257864356040955,0.07596602290868759,0.27570831775665283
102.0,0.2542364987043234,0.06858811457641423,1.8577290074473871,1.85229315666052,0.18522931566605202,0.0,0.004052422589694078,0.01073578275883427,0.035817440026081525,0.2542364987043234,0.05421897640021948,0.0,0.09869258879468991,0.05421897640021948,0.04052422589694078,0.01073578275883427,0.012186594307422638,0.012342449277639389,0.014009620994329453,0.012204397469758987,0.021403146907687187,0.04568345099687576,0.07743929326534271,0.3534359633922577
103.0,0.25217341115841496,0.0758486445993185,1.8675181699964807,1.8936131871663606,0.18936131871663606,0.0,0.003854853889116875,0.012101879549356034,0.03810525878977317,0.25217341115841496,0.046855358263620965,0.0,0.10418943029183608,0.046855358263620965,0.03854853889116874,0.012101879549356034,0.01236154418438673,0.012481994926929474,0.014213012531399727,0.012384063564240932,0.02164677157998085,0.046208545565605164,0.07899228483438492,0.40850093960762024
104.0,0.2447700546338008,0.08566406078170985,1.8774121263957022,1.8388559176371648,0.18388559176371647,0.0,0.004350984992029575,0.009397491776885895,0.034954932446663194,0.2447700546338008,0.04713598180275697,0.0,0.08999770879745483,0.04713598180275697,0.04350984992029575,0.009397491776885895,0.01246892474591732,0.012655062600970268,0.014301014132797718,0.012228483334183693,0.02165921777486801,0.04726481810212135,0.08743917942047119,0.47729578614234924
105.0,0.25650569739250034,0.06658017926383764,1.8489632405868983,1.900779086809892,0.19007790868098917,0.0,0.0044366808679814525,0.01032913822788172,0.034919795365287706,0.25650569739250034,0.05166196321638731,0.0,0.096920313170323,0.05166196321638731,0.044366808679814525,0.01032913822788172,0.0120080029591918,0.012167972512543201,0.013819849118590355,0.011872959323227406,0.02086768113076687,0.04466922953724861,0.07778004556894302,0.3394556939601898
106.0,0.23918659870441145,0.07931084046140313,1.8933661737653082,1.7639328562296355,0.17639328562296355,0.0,0.003916082330621206,0.009878224764878932,0.03429154120385647,0.23918659870441145,0.04899900105710213,0.0,0.09411669307603286,0.04899900105710213,0.03916082330621206,0.009878224764878932,0.012518229894340038,0.012636740691959858,0.014379633590579033,0.012529859319329262,0.021942798048257828,0.047021880745887756,0.08151872456073761,0.43193885684013367
107.0,0.24573577997776178,0.05883483507204801,1.7490394855939648,1.8324041687525237,0.18324041687525236,0.0,0.004122396494047,0.009731687963582002,0.03409592520732146,0.24573577997776178,0.04864127547121965,0.0,0.09472102614549491,0.04864127547121965,0.041223964940469995,0.009731687963582002,0.011808525770902634,0.0119691863656044,0.01356801763176918,0.011568070389330387,0.020281951874494553,0.04414176568388939,0.07744672149419785,0.2798944413661957
108.0,0.2485225825355603,0.08263023756444454,1.8766383509720357,1.793186591221736,0.17931865912217362,0.0,0.004128519631922246,0.011554081906349612,0.03632339648902416,0.2485225825355603,0.0535213162119572,0.0,0.10216523334383965,0.0535213162119572,0.04128519631922245,0.011554081906349612,0.013079086318612099,0.013090938329696655,0.014908337034285069,0.013261406682431698,0.0232380460947752,0.05028323829174042,0.08667038381099701,0.4465104639530182
109.0,0.2471618904517247,0.0601319195702672,1.9700385062619397,1.7655343275803785,0.17655343275803786,0.0,0.0035779297781678345,0.009285919019021094,0.03447008118606531,0.2471618904517247,0.05774460518016265,0.0,0.09083608709848844,0.05774460518016265,0.03577929778167835,0.009285919019021094,0.01187619473785162,0.012038351967930794,0.013666093349456787,0.011706759221851826,0.020484110340476036,0.04422647878527641,0.07600168883800507,0.29105567932128906
110.0,0.2458228090634713,0.07580555428285152,1.8992687019230337,1.8057317596215468,0.1805731759621547,0.0,0.00411581861285063,0.010634072590619326,0.035272787898205794,0.2458228090634713,0.05049973296431395,0.0,0.09888390996135198,0.05049973296431395,0.041158186128506295,0.010634072590619326,0.012490039691329002,0.012597447261214256,0.014331391081213951,0.012554761953651905,0.02192884124815464,0.04691273719072342,0.08033286035060883,0.40529635548591614
111.0,0.235231495820559,0.06342869636137038,1.8888419269426746,1.7330193748840919,0.1733019374884092,0.0,0.003993059343730028,0.009484939653283129,0.034231844859627575,0.235231495820559,0.04845155360033879,0.0,0.09248602404617347,0.04845155360033879,0.03993059343730028,0.009484939653283129,0.011819782666862011,0.011991281062364578,0.013552473857998848,0.011540152132511139,0.020324625074863434,0.04435326159000397,0.07799860090017319,0.3158493936061859
112.0,0.2535741008245028,0.07410948793403804,1.8900665403767596,1.8113263891293452,0.18113263891293452,0.0,0.003954600349355203,0.00969308006684654,0.03356027101668028,0.2535741008245028,0.05879377860289354,0.0,0.09501014220026824,0.05879377860289354,0.03954600349355202,0.00969308006684654,0.012706868350505829,0.012794089503586292,0.014483406208455563,0.012836746871471405,0.022401152178645134,0.04821087047457695,0.08214296400547028,0.3872998058795929
113.0,0.23364217235491827,0.06808285776060075,1.7678036422404977,1.703525891670814,0.17035258916708138,0.0,0.004037318142274251,0.011298335443895597,0.03554793361287851,0.23364217235491827,0.04795392402089559,0.0,0.10106580532514133,0.04795392402089559,0.040373181422742516,0.011298335443895597,0.011935928836464882,0.012101266533136368,0.013667097315192223,0.011594672687351704,0.02054753340780735,0.04502635821700096,0.08039702475070953,0.34939298033714294
114.0,0.2453233181284024,0.08038563828449696,1.9858222064171802,1.7269406777161818,0.1726940677716182,0.0,0.004431072959246544,0.009059329767926382,0.03312646325391073,0.2453233181284024,0.05913885052387531,0.0,0.08999431362518898,0.05913885052387531,0.04431072959246544,0.009059329767926382,0.01262843981385231,0.012718817219138145,0.014492159709334373,0.012668871320784092,0.022179188206791878,0.04738781228661537,0.08176074922084808,0.43924906849861145
115.0,0.24147328906334364,0.06172432343009859,1.9135878685242687,1.760133220599248,0.17601332205992476,0.0,0.0038419671929799592,0.010435621916817931,0.0343262620556813,0.24147328906334364,0.0511823775103459,0.0,0.09737508400128438,0.0511823775103459,0.038419671929799594,0.010435621916817931,0.011968463659286499,0.012108881026506424,0.013709976337850094,0.011698901653289795,0.02053440548479557,0.04446285963058472,0.07815147936344147,0.3011596202850342
116.0,0.2410052905862148,0.07406027114484459,1.9697020472090876,1.7414631935266347,0.17414631935266348,0.0,0.004092331338100708,0.008876027857275823,0.032164560487637155,0.2410052905862148,0.05389061183310472,0.0,0.08901141053782059,0.05389061183310472,0.04092331338100708,0.008876027857275823,0.012368632480502129,0.012507621198892593,0.01420617662370205,0.012340976856648922,0.02165715955197811,0.0462268590927124,0.07940330356359482,0.3937714397907257
117.0,0.24358875476397002,0.06477459112647921,1.8083756448649924,1.845866010739253,0.18458660107392535,0.0,0.004182960150333552,0.009511362653798781,0.03219545517976467,0.24358875476397002,0.04530782367174442,0.0,0.09373862726184037,0.04530782367174442,0.04182960150333551,0.009511362653798781,0.012003762647509575,0.012155779637396336,0.013731674291193485,0.011634035967290401,0.02061593346297741,0.04507524520158768,0.08042806386947632,0.32255223393440247
118.0,0.23372223858649915,0.08409181924071163,1.861225092130105,1.6173575566365168,0.16173575566365167,0.0,0.004148701796881282,0.010185667009164508,0.0329886948546538,0.23372223858649915,0.05765211539199719,0.0,0.0959149245172739,0.05765211539199719,0.041487017968812816,0.010185667009164508,0.012891900725662708,0.012963286601006985,0.014764531515538692,0.012940781190991402,0.022776255384087563,0.04859296604990959,0.08431956171989441,0.4634852707386017
119.0,0.22444168822123453,0.05600085691548884,1.7978218108568642,1.5815757375497084,0.15815757375497086,0.0,0.0033637099827711395,0.00877407311837977,0.032734665661477126,0.22444168822123453,0.05414632822458561,0.0,0.08927259336297329,0.05414632822458561,0.033637099827711396,0.00877407311837977,0.011987568810582161,0.012153142131865025,0.013739321380853653,0.011973184533417225,0.020916571840643883,0.04489418864250183,0.07554279267787933,0.2568000853061676
120.0,0.22708062426402018,0.059122861828655005,1.8461740639271673,1.6057294607162476,0.16057294607162476,0.0,0.0043221388728572775,0.009488372347102715,0.0324302466872793,0.22708062426402018,0.05269716250208708,0.0,0.09256196451874879,0.05269716250208708,0.04322138872857277,0.009488372347102715,0.01193553488701582,0.012080071493983269,0.013683786615729332,0.011680125258862972,0.02045656181871891,0.04441061243414879,0.0771225243806839,0.28161367774009705
121.0,0.22870461356181365,0.08155028033070266,1.89522129544337,1.6446050451352046,0.16446050451352046,0.0,0.003945145111244459,0.008580704237549351,0.03198633543573893,0.22870461356181365,0.05171825579152657,0.0,0.08868371093502411,0.05171825579152657,0.03945145111244459,0.008580704237549351,0.012654474005103111,0.012752821668982506,0.014519318006932735,0.012660677544772625,0.022199004888534546,0.04746634513139725,0.082101009786129,0.44804859161376953
122.0,0.2216999324468466,0.06147445400711149,1.820549077185749,1.586391086761768,0.1586391086761768,0.0,0.004013397523130362,0.009966051501508515,0.03361156869393129,0.2216999324468466,0.04908137138073261,0.0,0.09547596969283544,0.04908137138073261,0.04013397523130362,0.009966051501508515,0.011936373077332973,0.012084634974598885,0.013657030649483204,0.011600376106798649,0.020488422363996506,0.044570066034793854,0.0793713703751564,0.29808735847473145
123.0,0.22701026728520027,0.08338277414441109,1.9684012291026702,1.5753351679215064,0.15753351679215066,0.0,0.00406268101472121,0.008306121677518465,0.032198017033246845,0.22701026728520027,0.05710794303852778,0.0,0.08709142529047452,0.05710794303852778,0.0406268101472121,0.008306121677518465,0.012813101522624493,0.012905316427350044,0.014686401933431625,0.012843902222812176,0.022591404616832733,0.048243600875139236,0.08342370390892029,0.4595547616481781
124.0,0.23108784338602653,0.06887156318407506,1.8493257701810333,1.6591421228188734,0.16591421228188738,0.0,0.0036372023276411564,0.009542276061928043,0.032273612486628384,0.23108784338602653,0.051994151364152245,0.0,0.09363475814461708,0.051994151364152245,0.03637202327641157,0.009542276061928043,0.012102820910513401,0.012247768230736256,0.013851575553417206,0.011831202544271946,0.020857810974121094,0.04479885846376419,0.08059120178222656,0.3546912670135498
125.0,0.22335774795367166,0.07818328158464283,1.8701404023385715,1.5751741161713233,0.1575174116171323,0.0,0.004118622839450837,0.009812470982209422,0.03308515021434197,0.22335774795367166,0.05190923408820079,0.0,0.09449043726691833,0.05190923408820079,0.04118622839450836,0.009812470982209422,0.012454102747142315,0.012589238584041595,0.014298716560006142,0.012399338185787201,0.02177647314965725,0.046548157930374146,0.0810881108045578,0.42431211471557617
126.0,0.2427997445830932,0.05360713566187769,1.9259716730756682,1.812817789041079,0.18128177890410793,0.0,0.003943211004997675,0.009809811232396616,0.031720286091932885,0.2427997445830932,0.04776494119029779,0.0,0.0945765791604152,0.04776494119029779,0.03943211004997675,0.009809811232396616,0.011800870299339294,0.011967496946454048,0.013531816191971302,0.011653423309326172,0.020257970318198204,0.044358350336551666,0.07436800003051758,0.24091915786266327
127.0,0.24159460457471701,0.07509251544252038,2.0385853651206833,1.6980620530935435,0.16980620530935436,0.0,0.004367227694736077,0.011119151962562822,0.03398877296310205,0.24159460457471701,0.05630202089937834,0.0,0.1006937284882252,0.05630202089937834,0.04367227694736077,0.011119151962562822,0.012357411906123161,0.012496684677898884,0.014183285646140575,0.012264274060726166,0.02156895585358143,0.045988958328962326,0.07997027784585953,0.40191027522087097
128.0,0.23728617338033822,0.08343681576661766,2.0204262457853903,1.7844244287564204,0.17844244287564207,0.0,0.003737365332647012,0.00786773251512876,0.02994625886472372,0.23728617338033822,0.04723862945460356,0.0,0.08495679755623524,0.04723862945460356,0.03737365332647012,0.00786773251512876,0.012592807412147522,0.012723267078399658,0.014440765604376793,0.012471450492739677,0.021927615627646446,0.047095973044633865,0.08363839238882065,0.46260425448417664
129.0,0.21853223557655627,0.07103741622995585,1.828499460123512,1.5951002423579876,0.15951002423579874,0.0,0.004516445952825822,0.009386538290597785,0.033400954177173287,0.21853223557655627,0.045119224259486564,0.0,0.09312466703928433,0.045119224259486564,0.04516445952825821,0.009386538290597785,0.012148212641477585,0.012301497161388397,0.01389024592936039,0.011740309186279774,0.020871080458164215,0.046191293746232986,0.0836065262556076,0.36755016446113586
130.0,0.2278072604766259,0.08946404652670026,1.9362883163029176,1.557032007437486,0.1557032007437486,0.0,0.004329032522554581,0.008398255297484307,0.029630788888495702,0.2278072604766259,0.05937676647534737,0.0,0.08754509888016261,0.05937676647534737,0.04329032522554581,0.008398255297484307,0.01297256350517273,0.013057287782430649,0.014854577369987965,0.012908597476780415,0.022770436480641365,0.04885212704539299,0.08585760742425919,0.5044391751289368
131.0,0.22285189021092194,0.07381785509642214,1.7718560349601424,1.5826882123947144,0.15826882123947145,0.0,0.0037013862711878925,0.00831080248239092,0.029836899386002466,0.22285189021092194,0.05257087559081041,0.0,0.08727469223623092,0.05257087559081041,0.037013862711878925,0.00831080248239092,0.012284171767532825,0.012438124977052212,0.014047264121472836,0.011974213644862175,0.021162455901503563,0.04558364674448967,0.08296944200992584,0.39008352160453796
132.0,0.2110281105224903,0.08195568493101746,1.8397984096505835,1.474082731283628,0.14740827312836283,0.0,0.0040422941486422835,0.008311691434265902,0.030011919255440053,0.2110281105224903,0.05126584478868888,0.0,0.08721563993738247,0.05126584478868888,0.04042294148642283,0.008311691434265902,0.012604920193552971,0.01272827573120594,0.014450332149863243,0.012505139224231243,0.02197444811463356,0.04714027792215347,0.08313756436109543,0.4511045217514038
133.0,0.21868947205635217,0.05405346455518156,1.831783464108561,1.583287083185636,0.15832870831856363,0.0,0.0038903190396153008,0.008607572078919755,0.028874896538372222,0.21868947205635217,0.04786286875605583,0.0,0.08878983987065461,0.04786286875605583,0.03890319039615301,0.008607572078919755,0.011832167394459248,0.01199811976402998,0.013554884120821953,0.011682734824717045,0.020291874185204506,0.044562872499227524,0.07440513372421265,0.2440999299287796
134.0,0.22179249903330436,0.08717814739793539,1.8906481827049693,1.5058919879106374,0.15058919879106378,0.0,0.0041247434197710115,0.009588939764608558,0.032106905029370233,0.22179249903330436,0.057489617369495906,0.0,0.0940684346625438,0.057489617369495906,0.04124743419771011,0.009588939764608558,0.012853902764618397,0.012946492992341518,0.01473323255777359,0.012806322425603867,0.022524815052747726,0.048251669853925705,0.08444619923830032,0.488862544298172
135.0,0.22638797473448974,0.05936115654185414,2.0218864964009264,1.6181472906699548,0.16181472906699548,0.0,0.0035601038915606654,0.008711594049460612,0.029776505266244594,0.22638797473448974,0.052301545412494585,0.0,0.09006873976725799,0.052301545412494585,0.03560103891560665,0.008711594049460612,0.01197581272572279,0.012122110463678837,0.013734946958720684,0.011777126230299473,0.020607832819223404,0.04447039216756821,0.07615721225738525,0.2840438187122345
136.0,0.21939937082620767,0.08540266822092235,1.982549047428076,1.5355031398626475,0.15355031398626476,0.0,0.004117676601386988,0.009883340072030058,0.03251437771205719,0.21939937082620767,0.05184804032055231,0.0,0.095669275866105,0.05184804032055231,0.041176766013869874,0.009883340072030058,0.012672695331275463,0.012796139344573021,0.014521610923111439,0.012555550783872604,0.02208082005381584,0.04731326550245285,0.08435255289077759,0.4769287109375
137.0,0.21456626573434243,0.05730967444833368,1.880038452237591,1.527441102724809,0.1527441102724809,0.0,0.003795026471981636,0.007595067413953634,0.028664242332944505,0.21456626573434243,0.05043205934075209,0.0,0.0835153113764066,0.05043205934075209,0.03795026471981636,0.007595067413953634,0.011851465329527855,0.012002382427453995,0.01357051357626915,0.01160204317420721,0.020298412069678307,0.044241078197956085,0.07606078684329987,0.268850713968277
138.0,0.225278795338594,0.08724211622029543,1.935907530608412,1.5808620911378126,0.1580862091137813,0.0,0.0038510995558821244,0.009052373567381157,0.03021010011434555,0.225278795338594,0.05428910556320961,0.0,0.09170092584995124,0.05428910556320961,0.03851099555882124,0.009052373567381157,0.012960940599441528,0.013049755245447159,0.014825304038822651,0.012933549471199512,0.022852906957268715,0.04873325675725937,0.08467645943164825,0.48790475726127625
139.0,0.21067736527094474,0.0590544946026057,1.7878622829628925,1.4406355252632728,0.1440635525263273,0.0,0.003730052093473765,0.008578941002129935,0.029850792569609787,0.21067736527094474,0.05430481496911783,0.0,0.08873197092459752,0.05430481496911783,0.037300520934737645,0.008578941002129935,0.011874708347022533,0.012013736180961132,0.013581948354840279,0.011595739051699638,0.020312104374170303,0.044185083359479904,0.07714243233203888,0.28173020482063293
140.0,0.22140977932856634,0.08175695990212262,1.926785814424469,1.5470573260233953,0.15470573260233955,0.0,0.004152881683638463,0.008320540180788018,0.02852573489340452,0.22140977932856634,0.05423062395017881,0.0,0.08782778365107682,0.05423062395017881,0.041528816836384624,0.008320540180788018,0.01265475433319807,0.012775090523064137,0.014498744159936905,0.012591633945703506,0.022152362391352654,0.047314565628767014,0.08293537050485611,0.44913315773010254
141.0,0.2087349696801259,0.05144481104798615,1.83080114417841,1.435453910094041,0.1435453910094041,0.0,0.003542922136302178,0.009251729200164286,0.030993973979583152,0.2087349696801259,0.05239492382567663,0.0,0.09270660865765351,0.05239492382567663,0.035429221363021776,0.009251729200164286,0.011882453225553036,0.01201992854475975,0.01358971931040287,0.011759280227124691,0.020538942888379097,0.04443692788481712,0.07407655566930771,0.22325468063354492
142.0,0.222034973020737,0.07793290179688483,2.0817679157579345,1.5874903064507704,0.1587490306450771,0.0,0.0038438660092651846,0.008626238819068441,0.02880957994896632,0.222034973020737,0.050815836168252505,0.0,0.08975139919381875,0.050815836168252505,0.038438660092651844,0.008626238819068441,0.012455287389457226,0.012593450024724007,0.014277267269790173,0.012350753881037235,0.02173043042421341,0.04644942283630371,0.0818149596452713,0.4217916429042816
143.0,0.20940194107018983,0.051383694633841515,1.9716531493264777,1.466985014768747,0.14669850147687474,0.0,0.0038341584973610363,0.008978195103386847,0.030477619873216517,0.20940194107018983,0.04989108042075084,0.0,0.09149418054864956,0.04989108042075084,0.038341584973610364,0.008978195103386847,0.011849087662994862,0.011993720196187496,0.01357163954526186,0.0116486931219697,0.020399263128638268,0.04426604509353638,0.07453770935535431,0.22280339896678925
144.0,0.22056917215769106,0.06868057011161,2.067576183620013,1.5690634709138136,0.15690634709138135,0.0,0.00374197458418516,0.007606685895902606,0.02784146569096125,0.22056917215769106,0.0523141621110531,0.0,0.08502669976307796,0.0523141621110531,0.0374197458418516,0.007606685895902606,0.012512009590864182,0.012637020088732243,0.014273581095039845,0.012573068030178547,0.021972881630063057,0.04686086252331734,0.07943804562091827,0.3491770923137665
145.0,0.20338433579756662,0.08582390798255801,1.8643987048852604,1.381990529023684,0.13819905290236842,0.0,0.0036426315943782145,0.00913430496942825,0.031235025335962955,0.20338433579756662,0.05240834618990238,0.0,0.09147030029159325,0.05240834618990238,0.036426315943782143,0.00913430496942825,0.012678921222686768,0.012813529931008816,0.014539917930960655,0.01253074686974287,0.022051002830266953,0.04744347929954529,0.08534415066242218,0.47918951511383057
146.0,0.19964730682281348,0.05983635352458805,1.8863984603672888,1.4031523420260503,0.14031523420260503,0.0,0.0041559232685428405,0.0072088379663630174,0.02729393857029768,0.19964730682281348,0.04796731257094787,0.0,0.08197719145279664,0.04796731257094787,0.041559232685428396,0.0072088379663630174,0.011866721324622631,0.012016412802040577,0.013578301295638084,0.01159012969583273,0.020273933187127113,0.04425657168030739,0.07739651203155518,0.2877122461795807
147.0,0.20144358048072228,0.09681753849145025,1.8810617222008412,1.3283242491575389,0.1328324249157539,0.0,0.004209476293852696,0.008202939285323597,0.029395954826703437,0.20144358048072228,0.05619873564976912,0.0,0.08721973775671078,0.05619873564976912,0.04209476293852696,0.008202939285323597,0.01323135755956173,0.013313349336385727,0.015125744976103306,0.013116598129272461,0.023248154670000076,0.04983493313193321,0.0893104150891304,0.5573597550392151
148.0,0.19822216435120657,0.06319547118619084,1.765965296694378,1.3275152100966527,0.13275152100966525,0.0,0.003986643569973799,0.007810743337568755,0.027771586982103493,0.19822216435120657,0.05367325504238789,0.0,0.08479601517319679,0.05367325504238789,0.03986643569973799,0.007810743337568755,0.012031281366944313,0.012171131558716297,0.013751286081969738,0.011667165905237198,0.02055049128830433,0.04485953226685524,0.08011329174041748,0.31041958928108215
149.0,0.21212692386828935,0.08926848589908332,1.9209074958184844,1.4531776584111726,0.1453177658411173,0.0,0.004391831295708052,0.008063721542174999,0.027517196937249258,0.21212692386828935,0.05435360223054886,0.0,0.08710836275265767,0.05435360223054886,0.04391831295708051,0.008063721542174999,0.012870021164417267,0.01297944225370884,0.014741873368620872,0.012750114314258099,0.02248043194413185,0.048137642443180084,0.08645830303430557,0.503730058670044
150.0,0.20304758617511162,0.05367934377864003,1.8851353464984564,1.3759767550688524,0.13759767550688526,0.0,0.003637021751357959,0.008861844338333378,0.03011571544294174,0.20304758617511162,0.05295104748354508,0.0,0.09120575481882462,0.05295104748354508,0.03637021751357959,0.008861844338333378,0.011915559880435467,0.012053030543029308,0.013633300550282001,0.011768448166549206,0.0205733310431242,0.04433257132768631,0.07448150962591171,0.24067699909210205
151.0,0.2246199261683684,0.07858814380597323,2.101991920742257,1.603857242144071,0.16038572421440714,0.0,0.003955844374230275,0.009164030090547524,0.028596193028184082,0.2246199261683684,0.05111432963838944,0.0,0.09252973216084334,0.05111432963838944,0.039558443742302746,0.009164030090547524,0.012461264617741108,0.012603113427758217,0.014281176961958408,0.01232424471527338,0.021693343296647072,0.046431515365839005,0.08246074616909027,0.4264497458934784
152.0,0.20361698418855667,0.050511900219134986,1.969138923192987,1.4198664518503041,0.14198664518503043,0.0,0.0038776516341246093,0.00846970857729992,0.02989343052300123,0.20361698418855667,0.04928297836046953,0.0,0.08926051654494725,0.04928297836046953,0.03877651634124609,0.00846970857729992,0.011834826320409775,0.011974997818470001,0.01355651393532753,0.01163900550454855,0.020384855568408966,0.04412529617547989,0.07445274293422699,0.2161269634962082
153.0,0.2135681899694296,0.08147409150842577,2.0789138371408242,1.496963056234213,0.14969630562342132,0.0,0.0040483979723201355,0.008263540293018404,0.0276479424478916,0.2135681899694296,0.0515599472878071,0.0,0.08861093423687495,0.0515599472878071,0.04048397972320135,0.008263540293018404,0.012546485289931297,0.012688654474914074,0.014382414519786835,0.012379037216305733,0.021811721846461296,0.04683510586619377,0.08396847546100616,0.447180837392807
154.0,0.19590269888822848,0.053424989338964224,1.8693582267847748,1.3379233112702003,0.13379233112702005,0.0,0.0038918578065931797,0.008190568563385079,0.02897164333038605,0.19590269888822848,0.050027945007269196,0.0,0.08748775577315918,0.050027945007269196,0.0389185780659318,0.008190568563385079,0.011887810193002224,0.012029800564050674,0.013615675270557404,0.011643989942967892,0.020417114719748497,0.04423932358622551,0.07590607553720474,0.23766012489795685
155.0,0.2069889370065469,0.07307264127302915,1.9629154206565584,1.435058084818033,0.14350580848180333,0.0,0.003592636593832419,0.00741383616024485,0.02696600155188487,0.2069889370065469,0.05247665368593656,0.0,0.0841478556394577,0.05247665368593656,0.0359263659383242,0.00741383616024485,0.012964663095772266,0.01303220633417368,0.014691328629851341,0.013136698864400387,0.0228362325578928,0.04965903237462044,0.08342702686786652,0.37483394145965576
156.0,0.19898061740856904,0.06440614932216704,1.8811677965979687,1.3186248219930208,0.13186248219930208,0.0,0.003943067631469324,0.008942980086430907,0.029291219364565153,0.19898061740856904,0.054232088275826894,0.0,0.09041010502439278,0.054232088275826894,0.03943067631469323,0.008942980086430907,0.01188173983246088,0.01204223558306694,0.013597557321190834,0.011587952263653278,0.020249368622899055,0.04441403970122337,0.07795826345682144,0.3235180377960205
157.0,0.211767543393832,0.09530449833255261,2.03612416283456,1.4325314530959496,0.143253145309595,0.0,0.0048282654669422375,0.0072257473993186765,0.0263327076458014,0.211767543393832,0.056460378834834464,0.0,0.08267763572243544,0.056460378834834464,0.04828265466942237,0.0072257473993186765,0.012970658019185066,0.013133151456713676,0.014874136075377464,0.012758965604007244,0.02252967096865177,0.04914263263344765,0.09066514670848846,0.5463616251945496
158.0,0.19928515072052294,0.06139258702751249,1.8730030742371737,1.3159070702699514,0.13159070702699516,0.0,0.0038982239122001025,0.008501863886172382,0.029490867128165867,0.19928515072052294,0.055294351365703806,0.0,0.08922038743129143,0.055294351365703806,0.03898223912200102,0.008501863886172382,0.012047836557030678,0.012175092473626137,0.013771388679742813,0.011773987673223019,0.020658820867538452,0.04454915598034859,0.0781993642449379,0.29796504974365234
159.0,0.20898224642643562,0.06319808471016586,2.030401796467581,1.4535028796929579,0.1453502879692958,0.0,0.003631371517594045,0.0077081326789294295,0.02627650576715286,0.20898224642643562,0.052292450689352475,0.0,0.08538512283792862,0.052292450689352475,0.03631371517594044,0.0077081326789294295,0.01243472658097744,0.012568384408950806,0.014143976382911205,0.012479684315621853,0.021796083077788353,0.0466541051864624,0.07847271859645844,0.30703499913215637
160.0,0.19211637801848924,0.07930539571680129,1.8917258935249264,1.2830582765432506,0.12830582765432505,0.0,0.003534141161407416,0.00811910535244701,0.02865876443684101,0.19211637801848924,0.05215730116917537,0.0,0.08718810115869229,0.05215730116917537,0.035341411614074156,0.00811910535244701,0.012519174255430698,0.012655735947191715,0.014347103424370289,0.01237699668854475,0.021742109209299088,0.0466618575155735,0.08283737301826477,0.4313028156757355
161.0,0.20064672713096326,0.061498446273617446,1.8952139075977252,1.4242575191534483,0.14242575191534484,0.0,0.004222502272862655,0.007919797476810904,0.026546001004484985,0.20064672713096326,0.04607866991024751,0.0,0.08644761259739216,0.04607866991024751,0.04222502272862654,0.007919797476810904,0.011807002127170563,0.011972349137067795,0.013521701097488403,0.011543129570782185,0.020176691934466362,0.04420021176338196,0.07716218382120132,0.301604300737381
162.0,0.19958481135276648,0.09712660883087665,1.9490218858755988,1.2914705757911389,0.1291470575791139,0.0,0.0044943935022904325,0.00822028439814368,0.028727315939389743,0.19958481135276648,0.057723075724565066,0.0,0.08790034743455741,0.057723075724565066,0.04494393502290432,0.00822028439814368,0.013151407241821289,0.013268894515931606,0.015056991949677467,0.012994823977351189,0.02298317290842533,0.04947679489850998,0.09031681716442108,0.5597639679908752
163.0,0.21296750926054442,0.0682369185378775,1.899936962327987,1.4466729897719164,0.14466729897719163,0.0,0.003634362144825551,0.008209207731012542,0.026592457237151954,0.21296750926054442,0.056456637067290455,0.0,0.08792388926331814,0.056456637067290455,0.0363436214482555,0.008209207731012542,0.012181323952972889,0.012309634126722813,0.013928174041211605,0.011915070936083794,0.020946025848388672,0.044999487698078156,0.08012919127941132,0.34948644042015076
164.0,0.1869105054781987,0.0710028582252562,1.8552655570552403,1.268020714704807,0.1268020714704807,0.0,0.003812604175450711,0.007799588143825531,0.027785962017682884,0.1869105054781987,0.04849623946043161,0.0,0.08574635850695464,0.04849623946043161,0.0381260417545071,0.007799588143825531,0.012473976239562035,0.012591768987476826,0.014260889030992985,0.012481577694416046,0.021822184324264526,0.046333640813827515,0.07929016649723053,0.3687686622142792
165.0,0.20451253767196947,0.08548950392287225,1.9389180858441415,1.4102589281705709,0.14102589281705713,0.0,0.0038805228228179314,0.008164683589711785,0.02627729123028425,0.20451253767196947,0.05144144164828154,0.0,0.08725608598727447,0.05144144164828154,0.038805228228179306,0.008164683589711785,0.012592354789376259,0.012742037884891033,0.014446004293859005,0.012402595020830631,0.02179640717804432,0.047146283090114594,0.08628813922405243,0.4765022099018097
166.0,0.1877706583875876,0.06571118207648396,1.8452701039239088,1.2649411742503827,0.12649411742503824,0.0,0.004090786768266789,0.007612485205754638,0.027797113387630537,0.1877706583875876,0.04957326358327499,0.0,0.08458688052800986,0.04957326358327499,0.04090786768266788,0.007612485205754638,0.012113556265830994,0.01224107202142477,0.013865851797163486,0.011963395401835442,0.02094249241054058,0.04478849470615387,0.07810672372579575,0.33166787028312683
167.0,0.20157361603700197,0.0888358309166506,1.9684406774534757,1.3889718881020179,0.13889718881020177,0.0,0.004018224632510773,0.00894560665787699,0.027109828132849473,0.20157361603700197,0.04971259760742004,0.0,0.0913824662566185,0.04971259760742004,0.04018224632510772,0.00894560665787699,0.012842555530369282,0.012947221286594868,0.014696890488266945,0.012738154269754887,0.022373594343662262,0.04787091538310051,0.08642153441905975,0.5007957816123962
168.0,0.18871289663589919,0.05033139465376735,1.8522277134103668,1.2723209307743952,0.12723209307743955,0.0,0.004006686333853465,0.007230886419375355,0.027710758292904265,0.18871289663589919,0.0502432299634585,0.0,0.08257714257790492,0.0502432299634585,0.040066863338534646,0.007230886419375355,0.011758930049836636,0.01188322901725769,0.013463626615703106,0.011573998257517815,0.020223915576934814,0.04364849999547005,0.07412514835596085,0.21597380936145782
169.0,0.19948326108547357,0.0915139279095456,1.9951051036539094,1.3312837183475494,0.13312837183475495,0.0,0.004073668572192009,0.009047392173670232,0.02763969637453556,0.19948326108547357,0.05323382739264231,0.0,0.0918433740735054,0.05323382739264231,0.04073668572192009,0.009047392173670232,0.013068336993455887,0.013134889304637909,0.014917304739356041,0.013018728233873844,0.022948499768972397,0.04914376884698868,0.08672028034925461,0.5191596150398254
170.0,0.18803173991350028,0.05757806380279362,1.840627766117853,1.229182399236239,0.12291823992362388,0.0,0.004038564839328711,0.007282119951784038,0.02733598405925127,0.18803173991350028,0.05379281107049722,0.0,0.08295872836158825,0.05379281107049722,0.04038564839328711,0.007282119951784038,0.01186002790927887,0.011986074969172478,0.013579236343502998,0.011587567627429962,0.020253339782357216,0.04389217495918274,0.07720909267663956,0.27025699615478516
171.0,0.19502107627116716,0.08255821210332215,1.9312291752149262,1.3050391123845027,0.13050391123845026,0.0,0.004768279653329116,0.00868605816951738,0.026871476752253678,0.19502107627116716,0.05106282592392885,0.0,0.08999960754926388,0.05106282592392885,0.047682796533291154,0.00868605816951738,0.012452966533601284,0.012601865455508232,0.014286608435213566,0.012248272076249123,0.0215205829590559,0.04644189402461052,0.08542211353778839,0.45549139380455017
172.0,0.1846539985675078,0.06728259054943919,1.8892899920501272,1.2215443299366877,0.1221544329936688,0.0,0.0038850600258089024,0.00728955774460561,0.02727051193897541,0.1846539985675078,0.051324947378956355,0.0,0.08300431932394321,0.051324947378956355,0.03885060025808903,0.00728955774460561,0.012246276251971722,0.012377958744764328,0.01400452759116888,0.01224130392074585,0.021367786452174187,0.04532169550657272,0.0785675048828125,0.34213367104530334
173.0,0.1917923941062047,0.07100886816624552,1.9419913388489634,1.2917246933166797,0.12917246933166798,0.0,0.004075251576992182,0.008663176352946231,0.026809740238464795,0.1917923941062047,0.04988149381600893,0.0,0.08985645066087063,0.04988149381600893,0.04075251576992182,0.008663176352946231,0.012140166014432907,0.012274091131985188,0.01391672808676958,0.011938582174479961,0.020939726382493973,0.04486088454723358,0.08129751682281494,0.37070325016975403
174.0,0.18074112500135714,0.06050579936709255,1.9200596805150183,1.2025577105008638,0.12025577105008642,0.0,0.003977170980607088,0.007260948670311616,0.026907782571820114,0.18074112500135714,0.04924723162100865,0.0,0.08267721046621983,0.04924723162100865,0.03977170980607088,0.007260948670311616,0.012090587988495827,0.012225674465298653,0.013810054399073124,0.012086868286132812,0.021070348098874092,0.04476078972220421,0.07756461203098297,0.2904374599456787
175.0,0.1842645194668036,0.07466814992949367,1.8914328136608882,1.2262715559739332,0.12262715559739332,0.0,0.00408526876798043,0.008521948072414558,0.026424733492044303,0.1842645194668036,0.04903014534367965,0.0,0.08922377601265907,0.04903014534367965,0.04085268767980429,0.008521948072414558,0.012236750684678555,0.012373514473438263,0.014030960388481617,0.012039624154567719,0.02113158255815506,0.045370861887931824,0.08262813091278076,0.3975337743759155
176.0,0.17577471526769492,0.06009722512681037,1.8157951232417704,1.1407835483551025,0.11407835483551027,0.0,0.003940927824721887,0.007122244229182028,0.026343046544262998,0.17577471526769492,0.05063318690428367,0.0,0.08193099326812305,0.05063318690428367,0.03940927824721886,0.007122244229182028,0.012020342983305454,0.012148327194154263,0.01373552717268467,0.011950905434787273,0.02088075503706932,0.044419437646865845,0.07682560384273529,0.28879690170288086
177.0,0.17442693332066903,0.0811096973484382,1.8234857004194558,1.1436410592152522,0.11436410592152522,0.0,0.0037949139395585434,0.008086815924168779,0.026181232184171677,0.17442693332066903,0.04818109451578213,0.0,0.0869462492947395,0.04818109451578213,0.037949139395585425,0.008086815924168779,0.01263828668743372,0.012736871838569641,0.01444525457918644,0.012598427012562752,0.022096456959843636,0.04718078300356865,0.0829378291964531,0.4442436695098877
178.0,0.16998234391212463,0.05990528978873044,1.7767516327782527,1.102908581495285,0.11029085814952849,0.0,0.004434016769608626,0.007233925298071251,0.026109289807768967,0.16998234391212463,0.048023540240067705,0.0,0.08275453201853313,0.048023540240067705,0.04434016769608626,0.007233925298071251,0.011713414452970028,0.011854486539959908,0.013426661491394043,0.011488942429423332,0.020053042098879814,0.043743085116147995,0.0764608234167099,0.2905018627643585
179.0,0.17718085130819908,0.09219984733499587,1.874735626770037,1.0807024446817546,0.10807024446817547,0.0,0.004872405213805346,0.00784691667649895,0.02625964438686004,0.17718085130819908,0.05639128272350018,0.0,0.08591884804459718,0.05639128272350018,0.048724052138053454,0.00784691667649895,0.012916592881083488,0.01302579790353775,0.01479620486497879,0.012806549668312073,0.022548247128725052,0.04823433607816696,0.08805816620588303,0.5252128839492798
180.0,0.17817163467407227,0.05876224860548973,1.8231932310838794,1.1304206320872674,0.11304206320872676,0.0,0.003910825723925462,0.007526698799875493,0.025858124144948445,0.17817163467407227,0.053692045549933724,0.0,0.08463325752661778,0.053692045549933724,0.039108257239254623,0.007526698799875493,0.011948784813284874,0.012066846713423729,0.013665120117366314,0.011807763017714024,0.020630117505788803,0.04419221356511116,0.0762527734041214,0.27953436970710754
181.0,0.17223108731783354,0.07810013636481017,1.8608267122411317,1.1188610127338996,0.11188610127338997,0.0,0.004191996407910036,0.007525596552743361,0.026609929708334115,0.17223108731783354,0.048627392460520454,0.0,0.08404445161040013,0.048627392460520454,0.041919964079100355,0.007525596552743361,0.012441476806998253,0.012568407692015171,0.014250683598220348,0.012363177724182606,0.021645475178956985,0.046455007046461105,0.0823439434170723,0.4227329194545746
182.0,0.177488869199386,0.04961753869429231,1.854921326906774,1.1631709795731764,0.11631709795731765,0.0,0.004001750976133806,0.008105820044875145,0.02596173478433719,0.177488869199386,0.04906419822229789,0.0,0.08767379075288773,0.04906419822229789,0.04001750976133805,0.008105820044875145,0.011783664114773273,0.011899923905730247,0.013463135808706284,0.011682038195431232,0.020309478044509888,0.04372641444206238,0.07475396245718002,0.20932169258594513
183.0,0.17915331572294235,0.08002809027675539,1.977311038589573,1.1749496643359845,0.11749496643359844,0.0,0.004277637944771693,0.007595829002989026,0.027568990006469764,0.17915331572294235,0.04978488242396942,0.0,0.08476634724782063,0.04978488242396942,0.042776379447716936,0.007595829002989026,0.012471637688577175,0.012608153745532036,0.01429765671491623,0.012374764308333397,0.021668778732419014,0.04662161320447922,0.0834660679101944,0.4367160499095917
184.0,0.18505716553101173,0.05341946764383465,2.0093332217178275,1.22355013856521,0.12235501385652102,0.0,0.0039409017978379365,0.008606776541385513,0.02645141316147951,0.18505716553101173,0.05015447248633091,0.0,0.08996713591309694,0.05015447248633091,0.03940901797837936,0.008606776541385513,0.011835393495857716,0.011953074485063553,0.01353601273149252,0.011709562502801418,0.020408717915415764,0.04393859952688217,0.07513542473316193,0.23883895576000214
185.0,0.1787706252474051,0.07805691461544484,1.9931237077576986,1.1847334549977229,0.11847334549977227,0.0,0.0042098357485464,0.007136876229196787,0.026274825517947856,0.1787706252474051,0.04895056468936113,0.0,0.08192468004731032,0.04895056468936113,0.042098357485463984,0.007136876229196787,0.012465736828744411,0.01259684469550848,0.014280164614319801,0.01239579264074564,0.021685069426894188,0.04668200761079788,0.0827658399939537,0.4215838611125946
186.0,0.17037795598690325,0.04795709263999015,1.8348784259120723,1.097145596375832,0.10971455963758323,0.0,0.0039457377834388845,0.0075374213942828085,0.025110044731543615,0.17037795598690325,0.0491802328481124,0.0,0.08449054337464847,0.0491802328481124,0.039457377834388845,0.0075374213942828085,0.011718502268195152,0.011843348853290081,0.013407750986516476,0.011600022204220295,0.020230062305927277,0.043701138347387314,0.0743761882185936,0.19677972793579102
187.0,0.17029905319213867,0.09241838869638741,1.908562495769921,1.0728945984290197,0.10728945984290196,0.0,0.004134830717857067,0.0070903741109829685,0.025656774998284303,0.17029905319213867,0.05178439115675596,0.0,0.08185560112962356,0.05178439115675596,0.04134830717857067,0.0070903741109829685,0.013116545975208282,0.013184068724513054,0.01497493963688612,0.013075645081698895,0.02304583229124546,0.04956873878836632,0.08756184577941895,0.5248194932937622
188.0,0.17214284722621626,0.05650512536522001,1.8096028815097231,1.0568015735882978,0.10568015735882977,0.0,0.00397731397444239,0.007272983802697406,0.025393514177547052,0.17214284722621626,0.05521239068072576,0.0,0.08221382160599415,0.05521239068072576,0.039773139744423903,0.007272983802697406,0.011836627498269081,0.011963381431996822,0.013564830645918846,0.011607322841882706,0.02026965096592903,0.04401117190718651,0.07697318494319916,0.26181483268737793
189.0,0.1766796152179058,0.08870583621319383,1.9653104939650297,1.139408182639342,0.11394081826393422,0.0,0.004441517906693312,0.007811370646007932,0.02559410551419625,0.1766796152179058,0.05048590783889477,0.0,0.08613520488142967,0.05048590783889477,0.04441517906693312,0.007811370646007932,0.012877651490271091,0.012962878681719303,0.01473238691687584,0.012821623124182224,0.02251313254237175,0.04824083298444748,0.08614438772201538,0.4993537962436676
190.0,0.1791122412452331,0.05639519065152854,1.9733711127916456,1.1480910044450026,0.11480910044450024,0.0,0.00381157835229085,0.007193718615990992,0.026351890598352138,0.1791122412452331,0.05329784435721544,0.0,0.08212247061041686,0.05329784435721544,0.0381157835229085,0.007193718615990992,0.011918995529413223,0.01204314548522234,0.013629221357405186,0.01185587327927351,0.02064189873635769,0.04412734881043434,0.07646729052066803,0.260477751493454
191.0,0.1805439041211055,0.07933973299805075,2.0691261019574543,1.2028411787289839,0.1202841178728984,0.0,0.004097317603345101,0.008095846833804479,0.025925585283682898,0.1805439041211055,0.0480666202134811,0.0,0.08710435863870841,0.0480666202134811,0.040973176033451006,0.008095846833804479,0.012454520910978317,0.01258837804198265,0.014277955517172813,0.012365682981908321,0.021618597209453583,0.04657860845327377,0.08316574990749359,0.43166837096214294
192.0,0.17410091711924627,0.052387402043677866,2.0039472083852634,1.132789698930887,0.11327896989308872,0.0,0.003971659062573543,0.006809480461435249,0.025940192075302966,0.17410091711924627,0.05004080470937949,0.0,0.07976930903700682,0.05004080470937949,0.03971659062573543,0.006809480461435249,0.011819043196737766,0.011938604526221752,0.013520465232431889,0.011709189042448997,0.020386913791298866,0.04393163323402405,0.07511834055185318,0.23067502677440643
193.0,0.17138258998210615,0.07216194190550596,1.9922550804893069,1.105070513028365,0.11050705130283649,0.0,0.003863160670376742,0.007414774091627736,0.025021505613739673,0.17138258998210615,0.049597602480879195,0.0,0.08360473037912296,0.049597602480879195,0.03863160670376741,0.007414774091627736,0.012691911309957504,0.012765214778482914,0.014418750070035458,0.012810216285288334,0.02226746454834938,0.04799067974090576,0.0821349248290062,0.3722163736820221
194.0,0.16668243935474983,0.08548751939088106,1.8576177085257917,1.0403964450726142,0.10403964450726143,0.0,0.004415195363645371,0.00696571150687165,0.025825411797716066,0.16668243935474983,0.051261885808064386,0.0,0.0806900211251699,0.051261885808064386,0.0441519536364537,0.00696571150687165,0.012558083049952984,0.012718851678073406,0.01441641990095377,0.012297452427446842,0.02171526476740837,0.04790407046675682,0.09026965498924255,0.47202035784721375
195.0,0.1670714679818887,0.07652061968110502,1.6740026218847979,1.0095652914964235,0.10095652914964234,0.0,0.00476667145983531,0.006586515443184628,0.024476385173889306,0.1670714679818887,0.05476174890421904,0.0,0.07882185824788533,0.05476174890421904,0.047666714598353095,0.006586515443184628,0.0123257115483284,0.012458344921469688,0.014139533042907715,0.012198621407151222,0.02130894549190998,0.04587068781256676,0.08231464773416519,0.4115484654903412
196.0,0.16072875949052665,0.05904898629523814,1.8377563785459534,1.0144368341335883,0.10144368341335884,0.0,0.004311933533216899,0.007286301805064655,0.02545735934892526,0.16072875949052665,0.04768683832998459,0.0,0.08317714241834787,0.04768683832998459,0.04311933533216898,0.007286301805064655,0.011917193420231342,0.012031159363687038,0.013644212856888771,0.011742513626813889,0.020465239882469177,0.04418203979730606,0.07704762369394302,0.2813619077205658
197.0,0.16294575883791998,0.07818427204620093,1.8727238479323358,1.0293653492744153,0.10293653492744152,0.0,0.004184851759614853,0.0072792361920269635,0.025518177077174187,0.16294575883791998,0.04854513446872051,0.0,0.08232145498578365,0.04854513446872051,0.04184851759614853,0.0072792361920269635,0.012646272778511047,0.012723596766591072,0.014445576816797256,0.012697908096015453,0.02212715335190296,0.04725619778037071,0.08237382769584656,0.4212036430835724
198.0,0.1828129136791596,0.061432673945091665,2.130225525820221,1.2052872547736535,0.12052872547736536,0.0,0.004120949691591355,0.00695104888962725,0.026120885633505307,0.1828129136791596,0.05121218771315538,0.0,0.08107502787159039,0.05121218771315538,0.041209496915913545,0.00695104888962725,0.011741426773369312,0.011884398758411407,0.013452493585646152,0.011468981392681599,0.02004867047071457,0.043828681111335754,0.07815010845661163,0.3008866310119629
199.0,0.18656642333819315,0.08091178757604212,2.152450256168673,1.1606582815830524,0.11606582815830523,0.0,0.004491526418580459,0.007325004607152481,0.02591993022136963,0.18656642333819315,0.05868406106646244,0.0,0.08271924836131242,0.05868406106646244,0.04491526418580459,0.007325004607152481,0.012763267382979393,0.01284488569945097,0.014587325975298882,0.012822140008211136,0.022365041077136993,0.047789692878723145,0.08326754719018936,0.44085440039634705
200.0,0.16980309612475908,0.06783257785718888,2.03763027138557,1.0812703462747426,0.10812703462747428,0.0,0.004274753266229079,0.006763288267673208,0.026011839079169128,0.16980309612475908,0.05063801946548315,0.0,0.08005576810011497,0.05063801946548315,0.042747532662290796,0.006763288267673208,0.011888918466866016,0.01201558019965887,0.013633654452860355,0.011570490896701813,0.020301854237914085,0.04466259852051735,0.08076810836791992,0.34781941771507263
201.0,0.17541852994607046,0.07981770380865782,2.0214060992120215,1.0302817363005419,0.1030281736300542,0.0,0.004864505456330685,0.007580371242231474,0.02723061959617413,0.17541852994607046,0.059945483763630576,0.0,0.08444672192518528,0.059945483763630576,0.048645054563306846,0.007580371242231474,0.01267961971461773,0.012758718803524971,0.014489096589386463,0.012686513364315033,0.022122642025351524,0.04732106253504753,0.08227549493312836,0.434208482503891
202.0,0.16511435233629668,0.05523270880803466,2.0036978266329806,1.0235549096877758,0.1023554909687776,0.0,0.003880619744841869,0.006393373487159037,0.025098816563303653,0.16511435233629668,0.052484866231679916,0.0,0.07779322679226215,0.052484866231679916,0.03880619744841869,0.006393373487159037,0.011850741691887379,0.011968851089477539,0.013563182204961777,0.01164164301007986,0.02034151926636696,0.0440649539232254,0.07674721628427505,0.2516835629940033
203.0,0.16412932941546807,0.06688171939458698,1.9930727363727623,1.004619103211623,0.10046191032116229,0.0,0.004212224426177832,0.007397000445052981,0.02592001361056016,0.16412932941546807,0.05205819225655152,0.0,0.08361096107042752,0.05205819225655152,0.04212224426177832,0.007397000445052981,0.012344521470367908,0.012467354536056519,0.014087201096117496,0.012394634075462818,0.021585922688245773,0.0460636205971241,0.0799189954996109,0.3361915051937103
204.0,0.16392398797548735,0.07976563717238605,1.9902489899527325,1.0498347236559942,0.10498347236559943,0.0,0.00377953602717473,0.006212734187451692,0.02469048075951063,0.16392398797548735,0.04894823939181291,0.0,0.07673356853998624,0.04894823939181291,0.0377953602717473,0.006212734187451692,0.012420205399394035,0.012574803084135056,0.014271365478634834,0.012306798249483109,0.02149408496916294,0.04666666314005852,0.08539803326129913,0.4329931437969208
205.0,0.16817743732379034,0.06657669716514647,1.92605113812699,1.0196593105793,0.10196593105792996,0.0,0.003933256298590164,0.007617018731812445,0.025395817553194668,0.16817743732379034,0.054661232548264355,0.0,0.08440724960886516,0.054661232548264355,0.039332562985901647,0.007617018731812445,0.012207254767417908,0.012332635000348091,0.013953080400824547,0.012199582532048225,0.021226685494184494,0.045468468219041824,0.07918504625558853,0.33604082465171814
206.0,0.16007301555230066,0.08343058358877897,1.9742863071854018,1.045019296499399,0.1045019296499399,0.0,0.0038734833208414225,0.006022130040666805,0.025372955948114395,0.16007301555230066,0.04567547414738398,0.0,0.07553438613047966,0.04567547414738398,0.03873483320841423,0.006022130040666805,0.01272735744714737,0.012846059165894985,0.014542126096785069,0.012712812051177025,0.02224024198949337,0.047911081463098526,0.08536498248577118,0.45910000801086426
207.0,0.16066164523363113,0.049442634801380336,1.841222309278716,0.9842041868429917,0.09842041868429918,0.0,0.004077054302279766,0.007302325075635543,0.024794023483991623,0.16066164523363113,0.050861843216877714,0.0,0.08212585976490608,0.050861843216877714,0.04077054302279766,0.007302325075635543,0.011755136772990227,0.01185933779925108,0.013427896425127983,0.011670665815472603,0.020291296765208244,0.04365026205778122,0.07541289180517197,0.20747359097003937
208.0,0.1578185071165745,0.09053331078030169,1.986234348842295,0.9784458508858314,0.09784458508858315,0.0,0.004257601807610347,0.005995467636519327,0.02501705912156747,0.1578185071165745,0.04972085270744104,0.0,0.07529976792060412,0.04972085270744104,0.042576018076103464,0.005995467636519327,0.013019045814871788,0.01312295999377966,0.014837082475423813,0.013007660396397114,0.022866733372211456,0.04923676326870918,0.08785039186477661,0.5103258490562439
209.0,0.16273563584456077,0.059968062792904675,1.8340838869691498,0.9529597529998193,0.09529597529998193,0.0,0.004256159282074525,0.007254059292161121,0.024999135388777807,0.16273563584456077,0.0559294385692248,0.0,0.08199634231053866,0.0559294385692248,0.042561592820745245,0.007254059292161121,0.011908034794032574,0.012018927372992039,0.013632264919579029,0.011698607355356216,0.02034098654985428,0.04409836605191231,0.07899066060781479,0.28705665469169617
210.0,0.15574442595243454,0.09102320298552513,1.96490748651255,0.9665320561482356,0.09665320561482357,0.0,0.004640501794906763,0.006124558500372446,0.024840699078945015,0.15574442595243454,0.04832615502751791,0.0,0.07638380074730286,0.04832615502751791,0.04640501794906763,0.006124558500372446,0.012982728891074657,0.013086666353046894,0.014822977595031261,0.01295312587171793,0.022716723382472992,0.04891553893685341,0.08803606033325195,0.514671802520752
211.0,0.16299792837638122,0.05720678495708853,1.9023890504737484,0.9952836770277756,0.09952836770277756,0.0,0.004509772833150167,0.007515254358832653,0.024911238095508173,0.16299792837638122,0.051444531203462526,0.0,0.08305039500387815,0.051444531203462526,0.04509772833150167,0.007515254358832653,0.011882179416716099,0.011993086896836758,0.013598359189927578,0.011689301580190659,0.02029663883149624,0.044144172221422195,0.07823432981967926,0.26581621170043945
212.0,0.1678219036414073,0.09035691502504051,2.0017326550962595,1.0585627280748808,0.1058562728074881,0.0,0.004708899070437139,0.0063322607535295766,0.025470275431871414,0.1678219036414073,0.05092446892880476,0.0,0.07743955661471073,0.05092446892880476,0.04708899070437138,0.0063322607535295766,0.012975524179637432,0.013080673292279243,0.01482325792312622,0.012959551997482777,0.022717230021953583,0.04898231849074364,0.08794494718313217,0.509371817111969
213.0,0.16289584052104217,0.060327410232275724,1.9257396685592207,0.9810387744353368,0.09810387744353367,0.0,0.0039158223555065125,0.006664640673149664,0.024690555193676397,0.16289584052104217,0.054211500458992444,0.0,0.07818709012980644,0.054211500458992444,0.03915822355506512,0.006664640673149664,0.011997926980257034,0.012115598656237125,0.013737959787249565,0.011991775594651699,0.02081785909831524,0.04459017142653465,0.07797179371118546,0.289396196603775
214.0,0.1636511070223955,0.07274665031582117,2.0630818167674674,1.0584167379599352,0.10584167379599352,0.0,0.0041815897449851034,0.006551284495239647,0.026377728638740685,0.1636511070223955,0.047076558121121846,0.0,0.07909827450147042,0.047076558121121846,0.041815897449851036,0.006551284495239647,0.012349352240562439,0.012482632882893085,0.014140581712126732,0.012389061041176319,0.021530378609895706,0.046442802995443344,0.08141963183879852,0.3812187612056732
215.0,0.16285753880555814,0.051179941510781646,2.008880395951096,1.0430649335567768,0.10430649335567768,0.0,0.004078112277560509,0.006216948663887496,0.02559566110945665,0.16285753880555814,0.048255982164006964,0.0,0.07553581091073844,0.048255982164006964,0.04078112277560509,0.006216948663887496,0.01185225322842598,0.011968141421675682,0.013547791168093681,0.011866603046655655,0.02050858549773693,0.044170040637254715,0.07644106447696686,0.21908505260944366
216.0,0.15922008053614542,0.07630433386657387,2.024143858121115,0.9905423705394452,0.09905423705394453,0.0,0.004212893294886901,0.007060558096362421,0.025966696584453948,0.15922008053614542,0.04889239012621916,0.0,0.08155638352036476,0.04889239012621916,0.042128932948869005,0.007060558096362421,0.012452851049602032,0.01258471142500639,0.014271155931055546,0.012464767321944237,0.021713435649871826,0.04695654660463333,0.0824652761220932,0.4075259268283844
217.0,0.15372219796364123,0.0541377259651199,1.9192368976393683,0.951216594530986,0.0951216594530986,0.0,0.004027129287043444,0.005954155814833939,0.025444754829200413,0.15372219796364123,0.048619250695292764,0.0,0.07505224129328361,0.048619250695292764,0.04027129287043443,0.005954155814833939,0.011863593012094498,0.011980081908404827,0.013587967492640018,0.011781780980527401,0.020440714433789253,0.044187214225530624,0.07601568847894669,0.24324476718902588
218.0,0.1606304605419819,0.07162525213789195,2.038461040100416,1.006339458318857,0.10063394583188569,0.0,0.004226887419533271,0.006712861703887869,0.024399519969637577,0.1606304605419819,0.049056759963815026,0.0,0.07855921496565525,0.049056759963815026,0.04226887419533271,0.006712861703887869,0.012647606432437897,0.012739825993776321,0.014400816522538662,0.01280694268643856,0.022213315591216087,0.04787342995405197,0.08253680169582367,0.3677832782268524
219.0,0.16380654676602438,0.05859220155980438,1.9876868365607625,1.001012118963095,0.10010121189630947,0.0,0.0041363926676030345,0.00577412208972069,0.024281286347944003,0.16380654676602438,0.05379481785572492,0.0,0.07405983799925217,0.05379481785572492,0.041363926676030345,0.00577412208972069,0.011762126348912716,0.011900444515049458,0.013494127430021763,0.011531531810760498,0.020137106999754906,0.04402870684862137,0.0780787467956543,0.27780482172966003
220.0,0.16491512553049967,0.08169049979187548,2.054571774348804,0.9512611856827369,0.0951261185682737,0.0,0.004428988773948871,0.007428971638616461,0.025578496762766287,0.16491512553049967,0.05793104263452383,0.0,0.08331417206388253,0.05793104263452383,0.04428988773948871,0.007428971638616461,0.012840410694479942,0.012914872728288174,0.014660931192338467,0.01293998584151268,0.02254052273929119,0.04839950427412987,0.08436793833971024,0.4448598325252533
221.0,0.17478275356384423,0.0690358835272491,2.0932104559905187,1.1230797721789434,0.11230797721789433,0.0,0.004392604185984686,0.006263953114214998,0.026465053025346536,0.17478275356384423,0.05181822137763867,0.0,0.07719857274339749,0.05181822137763867,0.043926041859846846,0.006263953114214998,0.012022865004837513,0.012129067443311214,0.013774632476270199,0.011706571094691753,0.020558251067996025,0.045499928295612335,0.08263097703456879,0.35396477580070496
222.0,0.17353749791016945,0.08673981856554747,2.0907574441608157,1.0369756588569055,0.10369756588569053,0.0,0.004922744166105986,0.006068609099691877,0.025137032167269632,0.17353749791016945,0.05884858134847421,0.0,0.0748851689008566,0.05884858134847421,0.049227441661059856,0.006068609099691877,0.012876874767243862,0.012941925786435604,0.014741029590368271,0.012890413403511047,0.02246289886534214,0.04841400310397148,0.08427497744560242,0.4853164255619049
223.0,0.15671180475216645,0.06344002881087363,1.9448319048104847,0.9247781519706433,0.09247781519706436,0.0,0.004018298651163395,0.005978587907380783,0.02486339583992958,0.15671180475216645,0.054237098361437135,0.0,0.07478177117613646,0.054237098361437135,0.04018298651163395,0.005978587907380783,0.012043834663927555,0.012164551764726639,0.01379295252263546,0.011780903674662113,0.020572183653712273,0.04483003169298172,0.08074939250946045,0.3115863800048828
224.0,0.150144803409393,0.0744049958884716,1.9275199614350098,0.8743153099830334,0.08743153099830335,0.0,0.004289061640604184,0.006976538445227421,0.02628873546536152,0.150144803409393,0.05144767119334294,0.0,0.08136921949111499,0.05144767119334294,0.042890616406041845,0.006976538445227421,0.012520905584096909,0.01263607107102871,0.014324829913675785,0.012569534592330456,0.021870365366339684,0.04700138047337532,0.08109678328037262,0.39322009682655334
225.0,0.14834777724284393,0.056909875478595495,1.95913273366076,0.9033825099468231,0.09033825099468232,0.0,0.0039965231473056174,0.0057984561695215795,0.023766524874820158,0.14834777724284393,0.04821454189144648,0.0,0.07374607313137788,0.04821454189144648,0.03996523147305617,0.0057984561695215795,0.011785708367824554,0.011917880736291409,0.013513309881091118,0.011557078920304775,0.020210787653923035,0.04404108226299286,0.07778368145227432,0.2644694745540619
226.0,0.1544402064039157,0.07912823918741196,2.0085850707542536,0.8560868318264301,0.08560868318264303,0.0,0.004283227398991585,0.006382034034826434,0.024565360652139552,0.1544402064039157,0.058166262622062974,0.0,0.07803236435239132,0.058166262622062974,0.04283227398991585,0.006382034034826434,0.01283135823905468,0.012918674387037754,0.01463988982141018,0.012945462018251419,0.02255776710808277,0.04838133975863457,0.08429473638534546,0.4244566857814789
227.0,0.14739992354924863,0.06298208923544735,1.8791734399023121,0.8640675063316638,0.0864067506331664,0.0,0.004212756440616571,0.0058931302404604275,0.024339143186807632,0.14739992354924863,0.050887287236177005,0.0,0.07449864968657494,0.050887287236177005,0.04212756440616571,0.0058931302404604275,0.011888419277966022,0.012013918720185757,0.013637957163155079,0.011610794812440872,0.020287824794650078,0.04443356394767761,0.08004213869571686,0.3099420964717865
228.0,0.15989167930988166,0.08014457125682384,1.944797227258012,0.9018423167558817,0.09018423167558819,0.0,0.004776751758674017,0.007238775984240839,0.02495839224698452,0.15989167930988166,0.05769191653682636,0.0,0.08231023613076943,0.05769191653682636,0.047767517586740166,0.007238775984240839,0.012744570150971413,0.012828338891267776,0.014569898135960102,0.012822521850466728,0.0222945474088192,0.047858040779829025,0.08349000662565231,0.43454864621162415
229.0,0.16118573397397995,0.0576439049327746,2.006180572531528,0.9794986889912531,0.09794986889912533,0.0,0.003970969726259892,0.005666265434298951,0.024718066964011926,0.16118573397397995,0.053598627591362365,0.0,0.07240230647417215,0.053598627591362365,0.03970969726259892,0.005666265434298951,0.01190862338989973,0.012020654045045376,0.013636631891131401,0.011793828569352627,0.020503902807831764,0.04432837292551994,0.07753875106573105,0.26942047476768494
230.0,0.16780325025320053,0.07011473225429654,2.102089553006599,1.0515489394848163,0.10515489394848164,0.0,0.004255828368835725,0.007933402684732126,0.024911946402146265,0.16780325025320053,0.05045912156884487,0.0,0.08490119129419327,0.05045912156884487,0.04255828368835724,0.007933402684732126,0.01241850946098566,0.01253845077008009,0.014181689359247684,0.012525876052677631,0.02174150012433529,0.046699147671461105,0.08140439540147781,0.35940828919410706
231.0,0.16925173997879028,0.05365807446651161,2.084416662570821,1.120070021886092,0.1120070021886092,0.0,0.0041654175075774005,0.00607730656898079,0.02534709842159198,0.16925173997879028,0.047002010907118134,0.0,0.07577744498848915,0.047002010907118134,0.04165417507577401,0.00607730656898079,0.011783416382968426,0.011908305808901787,0.013515164144337177,0.011607494205236435,0.020288974046707153,0.04399920627474785,0.07793998718261719,0.23822204768657684
232.0,0.16856739383477432,0.08429785817861557,2.1368048722357544,1.0148527989020715,0.10148527989020714,0.0,0.004400131371445382,0.007278051048230667,0.02482003976519291,0.16856739383477432,0.05540393006343108,0.0,0.08128064068464133,0.05540393006343108,0.04400131371445381,0.007278051048230667,0.012962909415364265,0.013027699664235115,0.014756463468074799,0.01306467317044735,0.022825637832283974,0.04921333119273186,0.08674102276563644,0.46179112792015076
233.0,0.15123672496813995,0.0654097959632054,1.8713143436569093,0.8933344162427462,0.08933344162427462,0.0,0.004545545649643128,0.005805550590873911,0.024756869945961695,0.15123672496813995,0.05155218578875065,0.0,0.07435487010158025,0.05155218578875065,0.045455456496431276,0.005805550590873911,0.012086857110261917,0.012196727097034454,0.013864712789654732,0.011783703230321407,0.020748503506183624,0.04554521292448044,0.08375047147274017,0.32330217957496643
234.0,0.1513862397808295,0.08684393367730081,1.9008309540576522,0.8501768822853382,0.08501768822853382,0.0,0.004959727257776719,0.0064880670890068775,0.02412576937618164,0.1513862397808295,0.054920754180504724,0.0,0.07817289147239465,0.054920754180504724,0.049597272577767186,0.0064880670890068775,0.012928987853229046,0.012999801896512508,0.014773748815059662,0.012973319739103317,0.022655393928289413,0.0487486757338047,0.08586043119430542,0.4838111102581024
235.0,0.1570014409147776,0.06499029090628028,2.0104018059407736,0.9244236808556777,0.09244236808556777,0.0,0.004067506046535877,0.006201687089812297,0.02490298034479985,0.1570014409147776,0.05428988042359169,0.0,0.0766931540117814,0.05428988042359169,0.04067506046535877,0.006201687089812297,0.012038038112223148,0.012161671184003353,0.013803658075630665,0.011869567446410656,0.020684514194726944,0.04480861872434616,0.08081473410129547,0.32374152541160583
236.0,0.152813620865345,0.07382296037394553,2.0454351549181427,0.9298817148575416,0.09298817148575417,0.0,0.004344212550383348,0.005977631519691875,0.02390960381867794,0.152813620865345,0.049503605239666425,0.0,0.0747084471468742,0.049503605239666425,0.04344212550383348,0.005977631519691875,0.012503458186984062,0.012619604356586933,0.01429952122271061,0.012588094919919968,0.021892964839935303,0.04704883694648743,0.08231589943170547,0.3873153030872345
237.0,0.14848430454730988,0.05448033520951867,2.0202582681152332,0.915198218363982,0.09151982183639819,0.0,0.0041406816301437525,0.005880591190921573,0.025652323921139423,0.14848430454730988,0.04694320977880405,0.0,0.07496522710873531,0.04694320977880405,0.04140681630143753,0.005880591190921573,0.01180077251046896,0.011924456804990768,0.013532975688576698,0.011606051586568356,0.020297560840845108,0.044095296412706375,0.07767659425735474,0.24490897357463837
238.0,0.15628305364113587,0.07854024111293256,2.07467391503252,0.8965408343535203,0.08965408343535203,0.0,0.004318043732872376,0.005771337444177614,0.024324834633332033,0.15628305364113587,0.05653958624372116,0.0,0.07395472090977889,0.05653958624372116,0.04318043732872376,0.005771337444177614,0.012843339703977108,0.012927503325045109,0.01463573519140482,0.012975388206541538,0.022628534585237503,0.04860597103834152,0.08510975539684296,0.41859570145606995
239.0,0.1477060128863041,0.06238246045541018,1.92672370732341,0.8788301417460809,0.08788301417460809,0.0,0.004282663304072161,0.005543565547738511,0.024153071598937877,0.1477060128863041,0.049996768339322165,0.0,0.07203721799529515,0.049996768339322165,0.0428266330407216,0.005543565547738511,0.011933316476643085,0.012060308828949928,0.013689717277884483,0.011654721572995186,0.020361289381980896,0.04453501105308533,0.08036893606185913,0.3044563829898834
240.0,0.14931540191173553,0.07795037725009024,1.8843756671637726,0.8151503434548011,0.08151503434548012,0.0,0.0048031897857212106,0.006076900816809099,0.024291875055776194,0.14931540191173553,0.056920273086199395,0.0,0.07585545199421737,0.056920273086199395,0.048031897857212104,0.006076900816809099,0.012692345306277275,0.012786860577762127,0.014504760503768921,0.012753658927977085,0.022219542413949966,0.047699350863695145,0.08348999172449112,0.4174565076828003
241.0,0.1437943039032129,0.059644540189765394,1.8746754396810998,0.8205139774542588,0.08205139774542589,0.0,0.003922723649212947,0.005755474540190055,0.02332311474646513,0.1437943039032129,0.052064706499759965,0.0,0.07334948073212917,0.052064706499759965,0.039227236492129475,0.005755474540190055,0.011961568146944046,0.012072935700416565,0.013698634691536427,0.011821264401078224,0.020604919642210007,0.04456045851111412,0.07869259268045425,0.2837439477443695
242.0,0.1457984372973442,0.07053009211085737,1.9588484195880467,0.8396385174531203,0.08396385174531204,0.0,0.0041716958109575975,0.006669187219813466,0.024581261337376557,0.1457984372973442,0.05099370287588009,0.0,0.07922963998638667,0.05099370287588009,0.04171695810957597,0.006669187219813466,0.012412910349667072,0.012536716647446156,0.01419649925082922,0.012474454008042812,0.021692367270588875,0.046592291444540024,0.08121825009584427,0.3631172478199005
243.0,0.14670016043461287,0.05335199541877955,1.969177600875251,0.9178713330855737,0.09178713330855737,0.0,0.004102642948810871,0.005484819009255331,0.023914033833604593,0.14670016043461287,0.045325563074304506,0.0,0.07141505554318428,0.045325563074304506,0.04102642948810871,0.005484819009255331,0.011812333948910236,0.01193290762603283,0.01353925745934248,0.011632540263235569,0.020350247621536255,0.044060297310352325,0.07784201204776764,0.23564636707305908
244.0,0.1625885539329969,0.0811197948642075,2.1498510751898907,0.9537666440010071,0.0953766644001007,0.0,0.004290524877321262,0.006774455201453888,0.025135063064786103,0.1625885539329969,0.056146907405211374,0.0,0.07950134030901469,0.056146907405211374,0.04290524877321262,0.006774455201453888,0.012881950475275517,0.012963796965777874,0.01467305701225996,0.012984531931579113,0.022685015574097633,0.04880660027265549,0.08580480515956879,0.4381586015224457
245.0,0.1586395685489361,0.0637916517443955,2.0337542251784093,0.9789652870251582,0.09789652870251583,0.0,0.004297164189987457,0.005568277440033853,0.024352285222938426,0.1586395685489361,0.0508775941741008,0.0,0.07246422452422288,0.0508775941741008,0.042971641899874576,0.005568277440033853,0.012070804834365845,0.01218488346785307,0.013848173432052135,0.011791465803980827,0.020643599331378937,0.04509001225233078,0.08300300687551498,0.3117012679576874
246.0,0.16708418841545397,0.08821670385077596,2.125054250376377,0.9979807642789987,0.09979807642789987,0.0,0.00475608570357928,0.007371670065017847,0.024876041481128104,0.16708418841545397,0.055158353195740625,0.0,0.08093161565753129,0.055158353195740625,0.04756085703579279,0.007371670065017847,0.012994823046028614,0.013071510009467602,0.014845029450953007,0.013007787056267262,0.02277103252708912,0.049162331968545914,0.08678217232227325,0.4930989444255829
247.0,0.15610217532286277,0.06957829231396317,2.004632837406571,0.928886762032142,0.0928886762032142,0.0,0.003994100805945122,0.006143733635186576,0.02510849780474718,0.15610217532286277,0.05307566446180527,0.0,0.0766813841003638,0.05307566446180527,0.039941008059451215,0.006143733635186576,0.0121840201318264,0.012314182706177235,0.01398435328155756,0.011991085484623909,0.020929723978042603,0.04539584368467331,0.08322398364543915,0.35660314559936523
248.0,0.15204710857226297,0.0775681990198791,1.990757656418857,0.9143808346528274,0.09143808346528275,0.0,0.004254834425563995,0.006654775665643124,0.02404358359770133,0.15204710857226297,0.049699415954259724,0.0,0.07834765773553115,0.049699415954259724,0.042548344255639955,0.006654775665643124,0.012636285275220871,0.012744379229843616,0.014440636150538921,0.01269243098795414,0.02213319204747677,0.04769352078437805,0.08394034951925278,0.4142647981643677
249.0,0.1527482019020961,0.057218270492739975,2.0358503993397514,0.9714614473856412,0.09714614473856413,0.0,0.00409765082339828,0.005434742869021228,0.02574889949307992,0.1527482019020961,0.046069662588147015,0.0,0.07236823439598083,0.046069662588147015,0.040976508233982786,0.005434742869021228,0.011904980055987835,0.012038201093673706,0.013651967979967594,0.011660902760922909,0.020442700013518333,0.044454775750637054,0.08028431981801987,0.2633083164691925
250.0,0.16051268462951368,0.07978959986940026,2.134771007173841,0.9346760007051321,0.09346760007051322,0.0,0.004379212003774368,0.005932065040374605,0.02466568615860664,0.16051268462951368,0.05673380855184335,0.0,0.07427905929776338,0.05673380855184335,0.04379212003774368,0.005932065040374605,0.012807706370949745,0.012901452369987965,0.01461533922702074,0.012909885495901108,0.022532496601343155,0.04838487505912781,0.0851508378982544,0.4290142059326172
251.0,0.15377861662552908,0.06451039551757276,2.018487906520108,0.9495988832070277,0.09495988832070278,0.0,0.004365420649544551,0.005820845316450756,0.025353970722510263,0.15377861662552908,0.04863246258061666,0.0,0.07410017372323917,0.04863246258061666,0.043654206495445505,0.005820845316450756,0.012088987976312637,0.012202895246446133,0.01385569665580988,0.011775156483054161,0.020671706646680832,0.04528536647558212,0.08276913315057755,0.3174342215061188
252.0,0.15912794264463279,0.08238994260318577,2.129850648107271,0.9254023088858678,0.09254023088858677,0.0,0.004679426952050283,0.005553155582254896,0.025246685943924464,0.15912794264463279,0.056355128064751625,0.0,0.07271364273933265,0.056355128064751625,0.04679426952050282,0.005553155582254896,0.01287238672375679,0.012954724952578545,0.01470963191241026,0.012921285815536976,0.022577662020921707,0.04857676848769188,0.08495433628559113,0.4495527446269989
253.0,0.1568364638548631,0.06344554503448308,2.0696595081112013,0.9353311749605032,0.09353311749605031,0.0,0.003816718364564272,0.006332266717576063,0.0244595270174054,0.1568364638548631,0.05315435835375236,0.0,0.07631833736713116,0.05315435835375236,0.03816718364564272,0.006332266717576063,0.012112877331674099,0.012230214662849903,0.01387955341488123,0.011947869323194027,0.02088143490254879,0.045210324227809906,0.08034930378198624,0.3109527826309204
254.0,0.1426565836255367,0.07443588983733207,1.988516008826635,0.846386017707678,0.0846386017707678,0.0,0.004080949021646609,0.00507278003407499,0.023911503716730155,0.1426565836255367,0.048864251002669334,0.0,0.06926120588412651,0.048864251002669334,0.0408094902164661,0.00507278003407499,0.012607267126441002,0.01271841861307621,0.01441278401762247,0.012634137645363808,0.022092217579483986,0.04745708033442497,0.08258017152547836,0.39098504185676575
255.0,0.13822890244997466,0.06149937387090176,1.8861062589843618,0.8022017754041232,0.08022017754041232,0.0,0.003910101634951738,0.006061414596982873,0.02288030073619806,0.13822890244997466,0.04803720589440603,0.0,0.07488024779237233,0.04803720589440603,0.03910101634951738,0.006061414596982873,0.01203398872166872,0.012156075797975063,0.013781447894871235,0.011762414127588272,0.02062302641570568,0.04489463195204735,0.0813024640083313,0.2954409420490265
256.0,0.14444965238754565,0.08398913103155792,2.0410071581445988,0.7941478490829468,0.07941478490829469,0.0,0.004051538743078709,0.005708595057233022,0.02379709783081825,0.14444965238754565,0.05527473069154299,0.0,0.07352179002303344,0.05527473069154299,0.040515387430787086,0.005708595057233022,0.01293223723769188,0.013017921708524227,0.014768438413739204,0.012976382859051228,0.022735565900802612,0.04891989752650261,0.08562072366476059,0.460941880941391
257.0,0.1488491715146945,0.06669253844302148,2.004961779298965,0.8824446980769818,0.08824446980769816,0.0,0.004258210276468442,0.006302254632688486,0.02316899518840588,0.1488491715146945,0.05004423398237962,0.0,0.07618655608250545,0.05004423398237962,0.042582102764684424,0.006302254632688486,0.01222444511950016,0.01232562679797411,0.013994713313877583,0.0118786646053195,0.020904839038848877,0.046085722744464874,0.08444134891033173,0.331684947013855
258.0,0.16420747568974128,0.08475813595578074,2.155368185312672,0.9819586414557236,0.09819586414557237,0.0,0.004725170952196305,0.0054374732739793565,0.024515019156611882,0.16420747568974128,0.055848962698991485,0.0,0.07219411833928181,0.055848962698991485,0.047251709521963045,0.0054374732739793565,0.012856807559728622,0.01294392067939043,0.014718874357640743,0.01283789612352848,0.02244584821164608,0.04837771877646446,0.08497428148984909,0.46890974044799805
259.0,0.150612745147485,0.06618989538401365,2.1111620940721627,0.891554749928988,0.08915547499289879,0.0,0.003944481837634857,0.005903331795707345,0.02404992482983149,0.150612745147485,0.05160945553619128,0.0,0.0745318537721267,0.05160945553619128,0.03944481837634857,0.005903331795707345,0.012150532566010952,0.01227076817303896,0.013919820077717304,0.011933631263673306,0.020838774740695953,0.045222990214824677,0.08145397901535034,0.33172866702079773
260.0,0.16192759630771783,0.07503738871309906,2.161973081311026,1.0180655924173503,0.10180655924173504,0.0,0.004190036195975084,0.005807755676169808,0.02514358853491453,0.16192759630771783,0.050123244810562864,0.0,0.07386403502180026,0.050123244810562864,0.04190036195975084,0.005807755676169808,0.01253652572631836,0.012653793208301067,0.014358344487845898,0.012520269490778446,0.021878516301512718,0.047177210450172424,0.08155415952205658,0.397620290517807
261.0,0.14996145207148331,0.08763131429441273,2.0898697501208265,0.9403472451063303,0.09403472451063302,0.0,0.0038273103821736118,0.005119077449377913,0.02422083620555126,0.14996145207148331,0.0469803404636108,0.0,0.06933441299658555,0.0469803404636108,0.03827310382173611,0.005119077449377913,0.012761848047375679,0.012929253280162811,0.014691216871142387,0.012669401243329048,0.02218262478709221,0.048689085990190506,0.09048958122730255,0.48663750290870667
262.0,0.15681449323892593,0.0771490172483027,2.1009559117571586,0.9164754587870377,0.09164754587870377,0.0,0.003931529619372808,0.006162648438476026,0.023130777578514356,0.15681449323892593,0.055072767803302176,0.0,0.07494916680913705,0.055072767803302176,0.03931529619372808,0.006162648438476026,0.012489521875977516,0.012619618326425552,0.014341656118631363,0.012385129928588867,0.02159304730594158,0.04695385321974754,0.08417568355798721,0.41263362765312195
263.0,0.13796113718014497,0.06308281049132347,1.9348981502137883,0.839381626019111,0.0839381626019111,0.0,0.004224213370336936,0.0049253163429406974,0.023396459623025015,0.13796113718014497,0.04487344307395128,0.0,0.0681769738976772,0.04487344307395128,0.042242133703369364,0.0049253163429406974,0.012091991491615772,0.012202161364257336,0.013858136720955372,0.011911283247172832,0.020773231983184814,0.04492738097906113,0.08020438253879547,0.30869391560554504
264.0,0.1340475965004701,0.0729642293881625,1.8580123335292207,0.7510130107402802,0.07510130107402803,0.0,0.004177460303673378,0.006716051210577671,0.023235762420182045,0.1340475965004701,0.048052782336106666,0.0,0.07886781715429746,0.048052782336106666,0.041774603036733776,0.006716051210577671,0.012568180449306965,0.012680811807513237,0.014352665282785892,0.012616883963346481,0.022022658959031105,0.047194015234708786,0.0828634649515152,0.3794151544570923
265.0,0.1415294477572808,0.08499235240742564,1.929110986910101,0.8092045302574451,0.08092045302574452,0.0,0.004432919399382977,0.005182784453679163,0.023753746341054257,0.1415294477572808,0.050993289511937365,0.0,0.06989614063730606,0.050993289511937365,0.044329193993829764,0.005182784453679163,0.012634829618036747,0.012756003066897392,0.014531542547047138,0.012418068945407867,0.02180451899766922,0.048307277262210846,0.09031300246715546,0.46717357635498047
266.0,0.13963578584102485,0.07364080753177404,1.9350053376432848,0.7534615122354947,0.07534615122354947,0.0,0.004761918139858889,0.00610138912900136,0.023086231345167525,0.13963578584102485,0.053426327040562265,0.0,0.07524419747866117,0.053426327040562265,0.04761918139858888,0.00610138912900136,0.012383447028696537,0.012508508749306202,0.014214882627129555,0.0122551079839468,0.021341191604733467,0.04626213759183884,0.08345530927181244,0.3867058753967285
267.0,0.14000572092258012,0.08542141085490584,2.026260059933522,0.81308736709448,0.08130873670944802,0.0,0.004128155284203016,0.005468618393374177,0.024550736953432743,0.14000572092258012,0.04910021246625827,0.0,0.07235381437035707,0.04910021246625827,0.04128155284203016,0.005468618393374177,0.012941351160407066,0.013049261644482613,0.014753201976418495,0.012957988306879997,0.022679895162582397,0.04927762225270271,0.08788976818323135,0.4698221981525421
268.0,0.13213702062001595,0.05875074816867709,1.8723367224289258,0.7669470287286319,0.07669470287286319,0.0,0.004663539699350413,0.006014733826025174,0.02339128483659946,0.13213702062001595,0.04476404276031714,0.0,0.0751281214448122,0.04476404276031714,0.04663539699350412,0.006014733826025174,0.011974110268056393,0.012099905870854855,0.013731353916227818,0.011740478686988354,0.020421462133526802,0.04444918781518936,0.08018741756677628,0.2754020690917969
269.0,0.15367470452418694,0.08308906434103847,2.1032148127648176,0.8423014237330511,0.0842301423733051,0.0,0.005022686519301854,0.005619221743052969,0.02523188737149422,0.15367470452418694,0.05880265425031002,0.0,0.07339450716972351,0.05880265425031002,0.05022686519301855,0.005619221743052969,0.01270989142358303,0.012842847965657711,0.014579202979803085,0.012664343230426311,0.022112153470516205,0.048146218061447144,0.08699490875005722,0.454662948846817
270.0,0.1442960873246193,0.08022077579516917,2.1064886054480336,0.8606422681074876,0.08606422681074877,0.0,0.0036390170240058355,0.005290294334722253,0.02316489966156391,0.1442960873246193,0.049302550176015265,0.0,0.07044458074065355,0.049302550176015265,0.03639017024005835,0.005290294334722253,0.013029012829065323,0.013103014789521694,0.014799141325056553,0.013155889697372913,0.02299976721405983,0.04982713237404823,0.08694153279066086,0.427910715341568
271.0,0.15533672043910393,0.07575365237426013,2.1175876308356685,0.9131261018606333,0.09131261018606332,0.0,0.0042834622355607845,0.006038307525719015,0.025303776161028788,0.15533672043910393,0.053702341535916694,0.0,0.07569969674715629,0.053702341535916694,0.04283462235560784,0.006038307525719015,0.012426264584064484,0.012545322999358177,0.01427040807902813,0.012175929732620716,0.021338554099202156,0.046693187206983566,0.08724333345890045,0.39933621883392334
272.0,0.15326098295358512,0.07665061776060611,2.0786638101237918,0.9179609738863431,0.09179609738863433,0.0,0.004438356940562909,0.004962011777724211,0.023547423502000477,0.15326098295358512,0.05206451421746841,0.0,0.06807022283856685,0.05206451421746841,0.044383569405629084,0.004962011777724211,0.012611854821443558,0.012718481943011284,0.01443538162857294,0.012553378939628601,0.021954083815217018,0.04735269024968147,0.0826432853937149,0.4089357852935791
273.0,0.15207973753030485,0.07819383451715112,2.054472743965779,0.9334928828936356,0.09334928828936356,0.0,0.004112218750210909,0.005859623788497769,0.022885355955133073,0.15207973753030485,0.048758604778693274,0.0,0.07329084896124326,0.048758604778693274,0.04112218750210909,0.005859623788497769,0.012471838854253292,0.012603741139173508,0.014343330636620522,0.012275598011910915,0.02151627466082573,0.04696546867489815,0.08667417615652084,0.418700248003006
274.0,0.13968709053901526,0.06935426755808294,2.024714570678743,0.7829064818528982,0.07829064818528983,0.0,0.004028582096529695,0.00532743687598178,0.02327678338266336,0.13968709053901526,0.052040424197912216,0.0,0.07114274169390018,0.052040424197912216,0.040285820965296947,0.00532743687598178,0.012370383366942406,0.012489418499171734,0.014156585559248924,0.012273185886442661,0.021458739414811134,0.046176958829164505,0.08074437081813812,0.355164498090744
275.0,0.13008989909520516,0.08316868683323264,1.967156723197759,0.7165461274293753,0.07165461274293752,0.0,0.00372330375875418,0.006524154737305183,0.02283980267552229,0.13008989909520516,0.048187825398949474,0.0,0.07824101385015708,0.048187825398949474,0.037233037587541803,0.006524154737305183,0.012845251709222794,0.012964633293449879,0.014683816581964493,0.012822841294109821,0.022486230358481407,0.04873310402035713,0.08642800897359848,0.4543856084346771
276.0,0.12791510098255598,0.06454461649991572,1.7466612726131177,0.7244745126137366,0.07244745126137367,0.0,0.004510886114663804,0.004922043102291914,0.022182099951001313,0.12791510098255598,0.046034722230755366,0.0,0.06821824180392119,0.046034722230755366,0.04510886114663803,0.004922043102291914,0.012146996334195137,0.012265106663107872,0.013928774744272232,0.011827580630779266,0.020636344328522682,0.04521986469626427,0.08224805444478989,0.3180842101573944
277.0,0.13770410131949645,0.08704966097138822,1.940212607893945,0.7021702871872828,0.0702170287187283,0.0,0.004907378668968495,0.006383260407556708,0.02338250669149252,0.13770410131949645,0.05619642826227041,0.0,0.07721881482463616,0.05619642826227041,0.04907378668968494,0.006383260407556708,0.012853685766458511,0.012973008677363396,0.014760524034500122,0.012763949111104012,0.022355971857905388,0.04857517406344414,0.08882313966751099,0.4832918345928192
278.0,0.1331846616589106,0.06696990423370153,1.9105580336630474,0.7561593560072092,0.07561593560072091,0.0,0.00395856683070843,0.005382748571439431,0.023491118676387347,0.1331846616589106,0.04822741033366093,0.0,0.0714808556322868,0.04822741033366093,0.03958566830708431,0.005382748571439431,0.012231568805873394,0.012343996204435825,0.014018933288753033,0.01208227127790451,0.021075641736388206,0.04544452950358391,0.08113217353820801,0.33743011951446533
279.0,0.13434562316307655,0.0783954745857045,2.060676850683917,0.7698173775122716,0.07698173775122717,0.0,0.004166263513840162,0.006000941726737297,0.023019485605450776,0.13434562316307655,0.04719667566510347,0.0,0.07485954664074458,0.04719667566510347,0.04166263513840162,0.006000941726737297,0.0126051539555192,0.01273507159203291,0.01445127185434103,0.01258029229938984,0.02195761166512966,0.04772227630019188,0.08525101095438004,0.4198611080646515
280.0,0.14840509971747032,0.07269244873896241,2.0398595778140463,0.9314166811796335,0.09314166811796334,0.0,0.004349470711671389,0.005589936752445423,0.024577226059941146,0.14840509971747032,0.04532402553237402,0.0,0.07321649560561547,0.04532402553237402,0.04349470711671389,0.005589936752445423,0.012453875504434109,0.012564728036522865,0.014278747141361237,0.012311768718063831,0.021458657458424568,0.046334002166986465,0.08305486291646957,0.37908294796943665
281.0,0.1426312613945741,0.08601541654206812,2.113032413281905,0.8219161950624906,0.08219161950624906,0.0,0.0045835326927212575,0.005910118773149757,0.02417657166146315,0.1426312613945741,0.04994598546853432,0.0,0.07406128255220559,0.04994598546853432,0.045835326927212566,0.005910118773149757,0.012829284183681011,0.012939351610839367,0.014730853959918022,0.01274695061147213,0.02227070927619934,0.04830095171928406,0.08826558291912079,0.4760396480560303
282.0,0.15241921291901514,0.05984646698925644,2.0907233272521357,0.9648266526368948,0.0964826652636895,0.0,0.004373174633544225,0.006490819639741228,0.027575112879276276,0.15241921291901514,0.04507255396590783,0.0,0.07836292827358612,0.04507255396590783,0.04373174633544225,0.006490819639741228,0.012089586816728115,0.01219380646944046,0.01383859571069479,0.011903735809028149,0.020710941404104233,0.04500502347946167,0.08047318458557129,0.2825568616390228
283.0,0.16114922842154136,0.08557351992931217,2.2228920628480484,1.009041048013247,0.1009041048013247,0.0,0.004261145941340006,0.005300484758873398,0.0246153912292077,0.16114922842154136,0.05068349035886618,0.0,0.07017625868320465,0.05068349035886618,0.04261145941340006,0.005300484758873398,0.012991544790565968,0.013100852258503437,0.014818757772445679,0.013005648739635944,0.02280406653881073,0.049475181847810745,0.08781465888023376,0.4705774486064911
284.0,0.14782657187718612,0.06506131030619144,2.028251725948095,0.8889674521409549,0.08889674521409549,0.0,0.0042415412214513015,0.0056398186716251075,0.022860805074182842,0.14782657187718612,0.04904846273935758,0.0,0.07111346177183665,0.04904846273935758,0.04241541221451301,0.0056398186716251075,0.012259368784725666,0.01236157026141882,0.014038682915270329,0.011984662152826786,0.02083081193268299,0.04555147886276245,0.08326355367898941,0.3202003538608551
285.0,0.13766067990889916,0.09150318615138531,1.9860038447517685,0.7589922088843125,0.07589922088843125,0.0,0.004549021087586881,0.005311409360729158,0.023683758954016063,0.13766067990889916,0.05190102784679486,0.0,0.07046304385249431,0.05190102784679486,0.0454902108758688,0.005311409360729158,0.013085673563182354,0.013194314204156399,0.014978533610701561,0.013011863455176353,0.022843075916171074,0.049661148339509964,0.09067301452159882,0.5145778656005859
286.0,0.12726654914709237,0.07065203157253563,1.8128305895132055,0.6795419821372399,0.06795419821372399,0.0,0.004348360696950785,0.006454595687011113,0.02258424976697335,0.12726654914709237,0.04850939446343826,0.0,0.07761401024002296,0.04850939446343826,0.04348360696950784,0.006454595687011113,0.012394263409078121,0.012508359737694263,0.014202105812728405,0.01209558267146349,0.021130984649062157,0.04631737619638443,0.08535172045230865,0.36121585965156555
