epoch,train_loss,val_window_mae_kwh,grad_norm,l_state,w_state,loss,l_window,w_window,val_mae_soc_event_0.1,val_mae_soc_event_0.2,val_mae_soc_event_0.5,val_mae_time_60s,val_mae_time_120s,val_mae_time_300s,val_mae_time_600s,val_mae_full_trip
0.0,2.3897817318256083,0.11832398921251297,6.6272384865633205,20.705085497636063,2.070508549763606,2.3897817318256083,0.3192731629197414,0.3192731629197414,0.022154729813337326,0.02263655513525009,0.025698315352201462,0.020459402352571487,0.036594439297914505,0.07205755263566971,0.12205815315246582,0.6249327659606934
1.0,2.130027780166039,0.09754382423125207,6.76975909603261,20.442623908703144,2.0442623908703146,2.130027780166039,0.08576537410800274,0.08576537410800274,0.02000352367758751,0.01983163319528103,0.022359654307365417,0.019633125513792038,0.033050283789634705,0.07740755379199982,0.11890533566474915,0.46915948390960693
2.0,2.0910198780206533,0.1356894460041076,7.049743520774154,19.65778211446909,1.9657782114469087,2.0910198780206533,0.12524170113297609,0.12524170113297609,0.021104509010910988,0.021894965320825577,0.024538256227970123,0.019793793559074402,0.036198485642671585,0.0780404657125473,0.1432618349790573,0.7406832575798035
3.0,1.927663858120258,0.16137358592823148,7.016804947772861,18.268465592310978,1.8268465592310978,1.927663858120258,0.10081724865505329,0.10081724865505329,0.025942962616682053,0.026324985548853874,0.029319677501916885,0.02655216120183468,0.046045802533626556,0.11598602682352066,0.18392238020896912,0.836894690990448
4.0,1.8498683525965764,0.16685037733986974,8.02263400613326,17.28806154544537,1.7288061545445372,1.8498683525965764,0.12106215438017479,0.12106215438017479,0.023620175197720528,0.02463052235543728,0.027911264449357986,0.021959789097309113,0.04138166457414627,0.08810330182313919,0.1570558249950409,0.9501404762268066
5.0,1.793232078735645,0.06953320186585188,6.727610788628056,16.512698540320763,1.651269854032076,1.793232078735645,0.1419621743261814,0.1419621743261814,0.02055751346051693,0.020938949659466743,0.022733844816684723,0.020876996219158173,0.034574173390865326,0.08064427226781845,0.12914757430553436,0.22679229080677032
6.0,1.6662971560771649,0.10145226493477821,6.929354482701764,15.840344318976769,1.5840344318976771,1.6662971560771649,0.08226270902042206,0.08226270902042206,0.018691545352339745,0.019529594108462334,0.021300703287124634,0.018057357519865036,0.03169456124305725,0.0649242103099823,0.10896715521812439,0.52845299243927
7.0,1.6902266419850862,0.2271644186694175,8.491791263556294,15.129990577697754,1.5129990577697754,1.6902266419850862,0.17722756988727129,0.17722756988727129,0.02781018055975437,0.028294211253523827,0.03185296803712845,0.02817636914551258,0.05165616422891617,0.12070996314287186,0.21143518388271332,1.3173803091049194
8.0,1.5992625126471887,0.22383269085548818,8.582336036617878,14.578566587888277,1.4578566587888275,1.5992625126471887,0.14140584463110337,0.14140584463110337,0.026587102562189102,0.027177829295396805,0.030796926468610764,0.026248762384057045,0.04859551042318344,0.11338020116090775,0.22893249988555908,1.2889426946640015
9.0,1.658293338922354,0.05658984952606261,8.13930551158157,14.172950854668251,1.417295085466825,1.658293338922354,0.24099823603263268,0.24099823603263268,0.018866393715143204,0.019507527351379395,0.022042160853743553,0.01825278252363205,0.030738580971956253,0.061672795563936234,0.0917438343167305,0.18989472091197968
10.0,1.4696250282801115,0.24868154851719737,7.581266569157003,13.812338755680965,1.3812338755680964,1.4696250282801115,0.08839110829509221,0.08839110829509221,0.02983788214623928,0.03063349425792694,0.034290388226509094,0.03034255839884281,0.05590250715613365,0.13742132484912872,0.2311711609363556,1.4398530721664429
11.0,1.4978819306080158,0.13520234893076122,8.447629101707145,13.600057895366962,1.3600057895366964,1.4978819306080158,0.13787610771564338,0.13787610771564338,0.020305337384343147,0.02087443694472313,0.022871199995279312,0.019891250878572464,0.03518164902925491,0.07687211781740189,0.1423860788345337,0.7432367205619812
12.0,1.4601499025638287,0.21618030103854835,8.072450778297924,13.22160871212299,1.3221608712122992,1.4601499025638287,0.1379889897429026,0.1379889897429026,0.028408009558916092,0.02896704524755478,0.03275299817323685,0.02871731109917164,0.052286624908447266,0.12695889174938202,0.20310483872890472,1.2282466888427734
13.0,1.4518133768668542,0.14238737430423498,7.9099372739254425,12.982861775618334,1.2982861775618333,1.4518133768668542,0.15352719735640746,0.15352719735640746,0.02065402641892433,0.021447230130434036,0.023620901629328728,0.019723383709788322,0.035976458340883255,0.07934267818927765,0.14830002188682556,0.790034294128418
14.0,1.404935128413714,0.10365328215993941,7.472220109748941,12.648949182950533,1.2648949182950535,1.404935128413714,0.14004018988746864,0.14004018988746864,0.02037099562585354,0.0208364836871624,0.023054011166095734,0.02074301615357399,0.03572184965014458,0.08458582311868668,0.13613064587116241,0.48778343200683594
15.0,1.320579047386463,0.17942323349416256,7.1593552602202335,12.382960466238169,1.2382960466238169,1.320579047386463,0.0822830068377348,0.0822830068377348,0.02291543036699295,0.023705748841166496,0.02647087350487709,0.02208741195499897,0.040943678468465805,0.09428330510854721,0.18344378471374512,1.0215356349945068
16.0,1.362328602717473,0.06804493628442287,7.243274193356542,12.030441320859468,1.2030441320859468,1.362328602717473,0.15928444294975355,0.15928444294975355,0.018482401967048645,0.01897081919014454,0.020808206871151924,0.018797270953655243,0.03136986121535301,0.0707615464925766,0.11634097248315811,0.24882841110229492
17.0,1.2398676092808063,0.07650804123841226,6.976429073265053,11.720720217778133,1.1720720217778131,1.2398676092808063,0.06779558010972463,0.06779558010972463,0.02139326184988022,0.02232440933585167,0.02475142292678356,0.02141321823000908,0.03727702051401138,0.08482953161001205,0.15306559205055237,0.24700987339019775
18.0,1.236320293866671,0.159401053795591,6.951960799284052,11.363537146494938,1.136353714649494,1.236320293866671,0.0999665495294791,0.0999665495294791,0.021265167742967606,0.022233011201024055,0.024569135159254074,0.02053143084049225,0.037842296063899994,0.08572445064783096,0.16514170169830322,0.8979012370109558
19.0,1.220560025710326,0.11219918401911855,7.202219998555512,10.943487149018507,1.094348714901851,1.220560025710326,0.12621130908911043,0.12621130908911043,0.02102207951247692,0.021394189447164536,0.02353864163160324,0.0214987825602293,0.03634903207421303,0.08791415393352509,0.14216850697994232,0.543708086013794
20.0,1.1544715005617876,0.128394111758098,7.120570702055081,10.578114252824049,1.0578114252824051,1.1544715005617876,0.09666006610943721,0.09666006610943721,0.019733430817723274,0.020454218611121178,0.02260354906320572,0.018857257440686226,0.034201111644506454,0.07329724729061127,0.13426494598388672,0.7037411332130432
21.0,1.1510407672478602,0.08125636237673461,7.02864316491057,10.236352315315834,1.0236352315315835,1.1510407672478602,0.12740550304834658,0.12740550304834658,0.019084548577666283,0.01947263814508915,0.021298861131072044,0.019574560225009918,0.032108478248119354,0.07549666613340378,0.12119952589273453,0.34181562066078186
22.0,1.050191757770685,0.08930737222544849,6.7961719990232865,9.788621260569645,0.9788621260569647,1.050191757770685,0.07132962245780688,0.07132962245780688,0.018050508573651314,0.01865505985915661,0.02044944278895855,0.017519429326057434,0.030009567737579346,0.06340256333351135,0.11372923105955124,0.43264317512512207
23.0,1.017848734672253,0.15025867917574942,6.502543293245706,9.360166292924147,0.9360166292924147,1.017848734672253,0.0818320896763068,0.0818320896763068,0.02391165681183338,0.024124320596456528,0.026845015585422516,0.024480152875185013,0.042297832667827606,0.10510595142841339,0.17209941148757935,0.7832050919532776
24.0,1.039476610147036,0.10773233603686094,7.365563907286727,9.004644558979916,0.9004644558979915,1.039476610147036,0.13901215304548925,0.13901215304548925,0.018733466044068336,0.019503185525536537,0.021453458815813065,0.01799008622765541,0.03189321234822273,0.06887415796518326,0.12501490116119385,0.5583962202072144
25.0,0.9629837916447566,0.06356901000253856,6.735708705400976,8.641569284292368,0.8641569284292369,0.9629837916447566,0.09882686000603896,0.09882686000603896,0.01883872225880623,0.019054336473345757,0.020899098366498947,0.019173532724380493,0.03055179864168167,0.07084178179502487,0.11913102120161057,0.21006178855895996
26.0,0.921173666532223,0.1361559061333537,7.078248723902015,8.401539215674767,0.8401539215674768,0.921173666532223,0.08101971848652913,0.08101971848652913,0.020188061520457268,0.020946215838193893,0.02312561310827732,0.019389934837818146,0.03539227321743965,0.07739988714456558,0.1442776769399643,0.7485275864601135
27.0,0.902839142542619,0.0475543481297791,6.650272378722166,7.7938834337087775,0.7793883433708777,0.902839142542619,0.12345078902748916,0.12345078902748916,0.017406994476914406,0.017500421032309532,0.01915377750992775,0.01751990243792534,0.027720283716917038,0.060013867914676666,0.0939256101846695,0.12719392776489258
28.0,0.8175614338654739,0.05356404674239457,6.739662100251558,7.550537329453689,0.7550537329453688,0.8175614338654739,0.06250768928573681,0.06250768928573681,0.01784542016685009,0.017921490594744682,0.01972060650587082,0.017951522022485733,0.028428593650460243,0.06119228154420853,0.09686589241027832,0.16858656704425812
29.0,0.7940370073685279,0.10322211822494864,6.50005482401295,7.282485008239746,0.7282485008239745,0.7940370073685279,0.06578849284694745,0.06578849284694745,0.019309816882014275,0.019665922969579697,0.021626753732562065,0.019099559634923935,0.032434023916721344,0.07045429944992065,0.1293753981590271,0.5138111710548401
30.0,0.8380553401433505,0.1318793452810496,6.921974929982756,7.547918943258432,0.7547918943258434,0.8380553401433505,0.08326342759224084,0.08326342759224084,0.022194691002368927,0.02247762493789196,0.025165466591715813,0.022756652906537056,0.038926005363464355,0.0968300849199295,0.15287375450134277,0.6738104820251465
31.0,0.7743635406860938,0.07386905932798982,7.033110786447543,6.504640432504507,0.6504640432504508,0.7743635406860938,0.1238994816174874,0.1238994816174874,0.01727084256708622,0.017880992963910103,0.019831350073218346,0.01685495302081108,0.02882138453423977,0.059761613607406616,0.0946522206068039,0.3358791172504425
32.0,0.6930311964108393,0.08018703712150455,6.443273745258736,6.02801880469689,0.6028018804696891,0.6930311964108393,0.09022929777319615,0.09022929777319615,0.019083479419350624,0.019214849919080734,0.021238453686237335,0.01965111680328846,0.031312841922044754,0.07404819875955582,0.11552804708480835,0.3414193093776703
33.0,0.6395981495197003,0.12932166922837496,6.5583736223191424,5.6313007061298075,0.5631300706129807,0.6395981495197003,0.07646807053914437,0.07646807053914437,0.01973419077694416,0.020470747724175453,0.022459380328655243,0.019263096153736115,0.03448772802948952,0.07578638941049576,0.14041954278945923,0.7019522786140442
34.0,0.6472055063797877,0.04864574293605983,6.543900661394317,5.303023861004756,0.5303023861004756,0.6472055063797877,0.1169031084730075,0.1169031084730075,0.01771501637995243,0.017709434032440186,0.019454775378108025,0.017983144149184227,0.028232324868440628,0.06146151199936867,0.09633870422840118,0.1302710324525833
35.0,0.5528902113437653,0.055183323100209236,6.249707766833718,4.946916910318228,0.4946916910318228,0.5528902113437653,0.05819851489594349,0.05819851489594349,0.01878545619547367,0.01908663474023342,0.020970914512872696,0.01889335922896862,0.030470384284853935,0.06768143177032471,0.11352147161960602,0.15205693244934082
36.0,0.5584323383294619,0.0798002218361944,6.441032053377463,4.7301792823351345,0.4730179282335136,0.5584323383294619,0.08541440018094502,0.08541440018094502,0.017980480566620827,0.018237533047795296,0.02008923701941967,0.01776372268795967,0.02992844581604004,0.06327543407678604,0.10835973173379898,0.36276718974113464
37.0,0.530668345781473,0.11594139831140637,6.2394486677864185,4.585518085039579,0.45855180850395794,0.530668345781473,0.07211652082892564,0.07211652082892564,0.02162405103445053,0.02176203764975071,0.024668492376804352,0.022144364193081856,0.037256330251693726,0.09106814116239548,0.14573821425437927,0.5632695555686951
38.0,0.5387184505279248,0.08958762581460178,6.582253064328793,4.329884602473332,0.43298846024733323,0.5387184505279248,0.1057299836896933,0.1057299836896933,0.01821964420378208,0.018623707816004753,0.020526615902781487,0.018053878098726273,0.030803125351667404,0.06502711772918701,0.1146446019411087,0.4308023154735565
39.0,0.5251390613042392,0.05385056254453957,6.248428773575328,4.300889088557317,0.4300889088557317,0.5251390613042392,0.09505015181807372,0.09505015181807372,0.019117578864097595,0.019013838842511177,0.021188631653785706,0.019480625167489052,0.030509961768984795,0.06857457756996155,0.11535979807376862,0.13755948841571808
40.0,0.46475990689717805,0.09078294644132257,6.269256365914332,3.9713937044143677,0.3971393704414368,0.46475990689717805,0.06762053129764703,0.06762053129764703,0.018441563472151756,0.01886468008160591,0.0206998772919178,0.01816609874367714,0.03123381920158863,0.06655030697584152,0.11867962032556534,0.4336276054382324
41.0,0.4732047605973024,0.08883289201185107,6.224005609459282,3.951742227260883,0.39517422272608826,0.4732047605973024,0.0780305378139019,0.0780305378139019,0.020279979333281517,0.020246537402272224,0.022872140631079674,0.02071990631520748,0.033430732786655426,0.07990129292011261,0.12932740151882172,0.38388514518737793
42.0,0.4888290075155405,0.1144594862125814,6.6385960210830035,3.862287548872141,0.3862287548872141,0.4888290075155405,0.10260024638130115,0.10260024638130115,0.019447853788733482,0.020128129050135612,0.022074472159147263,0.01911688596010208,0.03372533246874809,0.07347910851240158,0.13490211963653564,0.5928019881248474
43.0,0.4852820932865143,0.06029620976187289,6.236249392287535,3.939605474472046,0.39396054744720466,0.4852820932865143,0.09132153913378716,0.09132153913378716,0.018954100087285042,0.01885237731039524,0.02085856720805168,0.01919184811413288,0.030254408717155457,0.06581518799066544,0.10941369831562042,0.19902949035167694
44.0,0.45556508348538327,0.12908913614228368,6.502730727578967,3.858566064100999,0.38585660641009994,0.45556508348538327,0.06970846309111668,0.06970846309111668,0.01989653892815113,0.020618321374058723,0.0225436482578516,0.019470294937491417,0.03488289564847946,0.07593984156847,0.1390964388847351,0.700265109539032
45.0,0.49445254986102766,0.051971546141430736,6.481395914876398,3.834783535737258,0.3834783535737258,0.49445254986102766,0.11097418860747264,0.11097418860747264,0.018036888912320137,0.01800181344151497,0.0198071151971817,0.018303414806723595,0.028689654543995857,0.06063418090343475,0.09762433916330338,0.1546749621629715
46.0,0.427689077762457,0.05478529026731849,6.090794718683126,3.6942690977683434,0.3694269097768344,0.427689077762457,0.058262163486618265,0.058262163486618265,0.01822511851787567,0.017978310585021973,0.019869893789291382,0.018721748143434525,0.02926742285490036,0.0636298656463623,0.09598340094089508,0.1746065616607666
47.0,0.42782303117788756,0.04685027268715203,5.899691045440827,3.517017057308784,0.35170170573087844,0.42782303117788756,0.07612132467329502,0.07612132467329502,0.01874774694442749,0.01876929961144924,0.020715096965432167,0.019056685268878937,0.029969843104481697,0.06527931988239288,0.11140811443328857,0.09085607528686523
48.0,0.4422551645682408,0.062351847998797894,6.0412526066392775,3.8655302341167745,0.3865530234116775,0.4422551645682408,0.05570212837595206,0.05570212837595206,0.020087428390979767,0.02006862498819828,0.02269912138581276,0.020563161000609398,0.03249448165297508,0.07233887910842896,0.12456102669239044,0.18600206077098846
49.0,0.42610868926231676,0.11277576396241784,6.054616767402067,3.5438163555585422,0.3543816355558543,0.42610868926231676,0.07172705204440998,0.07172705204440998,0.019569532945752144,0.020122105255723,0.022021356970071793,0.01948312297463417,0.033901065587997437,0.07324241101741791,0.13289664685726166,0.5809698700904846
50.0,0.4388968520439588,0.06935655931010842,6.4241222777024145,3.420289383484767,0.34202893834847675,0.4388968520439588,0.09686790062830998,0.09686790062830998,0.019008014351129532,0.018852533772587776,0.021246617659926414,0.019421543926000595,0.030623305588960648,0.07027605175971985,0.10643558949232101,0.26898881793022156
51.0,0.4233381816974053,0.12700807792134583,6.273215643324514,3.4118135571479797,0.341181355714798,0.4233381816974053,0.08215682351818451,0.08215682351818451,0.020241783931851387,0.02102062664926052,0.02296246401965618,0.01998899132013321,0.03556573763489723,0.07845412939786911,0.14489993453025818,0.6729309558868408
52.0,0.4289386054644218,0.05953490152023733,6.147578138812019,3.2726067212911754,0.3272606721291176,0.4289386054644218,0.10167793958232953,0.10167793958232953,0.018508916720747948,0.018354464322328568,0.020410776138305664,0.018779778853058815,0.029649587348103523,0.06473096460103989,0.10448731482028961,0.2013574093580246
53.0,0.40632415964053226,0.12980560748837888,6.283926712974757,3.4164542509959293,0.34164542509959295,0.40632415964053226,0.06467873158936317,0.06467873158936317,0.020237363874912262,0.021016839891672134,0.02293180301785469,0.019977515563368797,0.03571808338165283,0.07842282205820084,0.1446860134601593,0.6954544186592102
54.0,0.43379559310582966,0.05437587923370302,6.358313217409916,3.2343801993590136,0.3234380199359013,0.43379559310582966,0.11035756881420429,0.11035756881420429,0.018102720379829407,0.017982197925448418,0.019923623651266098,0.018434761092066765,0.02894390933215618,0.06211891770362854,0.0962209478020668,0.17327995598316193
55.0,0.37219587426919204,0.10366550134494901,5.920572202102454,3.1413628046329203,0.31413628046329206,0.37219587426919204,0.05805959151341365,0.05805959151341365,0.01953834854066372,0.019962873309850693,0.021893488243222237,0.019443921744823456,0.03329677879810333,0.07212141901254654,0.13157427310943604,0.511492908000946
56.0,0.4239186965502225,0.07929536420851946,6.290147088899536,3.4748923686834483,0.3474892368683448,0.4239186965502225,0.07642944930837704,0.07642944930837704,0.020718181505799294,0.020404862239956856,0.02346739172935486,0.021077599376440048,0.03407919406890869,0.07777659595012665,0.1306886523962021,0.3061504364013672
57.0,0.4342915645012489,0.1162619348615408,6.559007973716818,3.241105455618638,0.32411054556186386,0.4342915645012489,0.1101810046686576,0.1101810046686576,0.01982860267162323,0.020473061129450798,0.0223983321338892,0.019563842564821243,0.03444642946124077,0.07483949512243271,0.13675320148468018,0.6017925143241882
58.0,0.4098909795284271,0.05594098684377968,6.422344562336348,3.1889065412374644,0.31889065412374645,0.4098909795284271,0.09100032339875515,0.09100032339875515,0.0184592604637146,0.018310068175196648,0.02033052407205105,0.018767908215522766,0.029577625915408134,0.06401759386062622,0.09780751913785934,0.1802573949098587
59.0,0.39570832596375394,0.14290202385745943,6.097627010203993,3.2526576794110813,0.3252657679411082,0.39570832596375394,0.07044255819458228,0.07044255819458228,0.021056698635220528,0.021964000537991524,0.024019645527005196,0.020782526582479477,0.037529949098825455,0.08329509943723679,0.15606240928173065,0.7785058617591858
60.0,0.4181278118720421,0.05727173970080912,6.1044006093286605,3.105597211764409,0.31055972117644093,0.4181278118720421,0.10756808404739086,0.10756808404739086,0.018446389585733414,0.01836772821843624,0.020243840292096138,0.018681682646274567,0.02968030981719494,0.06408477574586868,0.10574162751436234,0.18292756378650665
61.0,0.3845618160871359,0.09395888354629278,6.2444300666678645,3.2153559006177463,0.32153559006177457,0.3845618160871359,0.06302621444830528,0.06302621444830528,0.019086427986621857,0.019252710044384003,0.021063128486275673,0.01899687387049198,0.032293651252985,0.0686059221625328,0.11863700300455093,0.4537353515625
62.0,0.3912632568524434,0.08318259753286839,6.2459875491027255,3.0495095528089085,0.3049509552808909,0.3912632568524434,0.08631230203004983,0.08631230203004983,0.01947847567498684,0.019366510212421417,0.022178415209054947,0.020011408254504204,0.032709091901779175,0.07626985013484955,0.11190444231033325,0.3635425865650177
63.0,0.38580733365737474,0.10359180113300681,6.3487616114562835,2.9656803149443407,0.29656803149443406,0.38580733365737474,0.08923929385267772,0.08923929385267772,0.01926056668162346,0.019745979458093643,0.021541865542531013,0.019162418320775032,0.03302689641714096,0.07095800340175629,0.12704826891422272,0.5179904103279114
64.0,0.42710772385964024,0.05538437492214143,6.4272259769442375,3.2926467106892514,0.32926467106892515,0.42710772385964024,0.0978430498104829,0.0978430498104829,0.018614962697029114,0.018531501293182373,0.020648904144763947,0.019020946696400642,0.029932234436273575,0.06579044461250305,0.1016729474067688,0.16886305809020996
65.0,0.36642582485309017,0.09785283473320305,5.956500872696958,3.0398640724328847,0.30398640724328846,0.36642582485309017,0.062439408439856306,0.062439408439856306,0.01942308247089386,0.019804680719971657,0.021692678332328796,0.019361767917871475,0.03286648169159889,0.07105261832475662,0.12864935398101807,0.46997201442718506
66.0,0.37235735242183393,0.0808009987231344,6.107661008371701,2.9736418586510878,0.2973641858651088,0.37235735242183393,0.07499316406364624,0.07499316406364624,0.02025584876537323,0.019973881542682648,0.022869082167744637,0.020646266639232635,0.03336383029818535,0.07654497027397156,0.12597379088401794,0.3267803192138672
67.0,0.4126954921163045,0.10579962492920458,6.519456113293235,3.0661968222031226,0.30661968222031233,0.4126954921163045,0.10607580267466031,0.10607580267466031,0.019388940185308456,0.01989092491567135,0.021788913756608963,0.019228056073188782,0.033236268907785416,0.07160995155572891,0.12880022823810577,0.532453715801239
68.0,0.3756411602863899,0.06053489702753723,6.2614149198649525,2.8958637439287624,0.28958637439287627,0.3756411602863899,0.08605476841330528,0.08605476841330528,0.018712714314460754,0.018682321533560753,0.020855603739619255,0.0191044919192791,0.03032744489610195,0.06599424034357071,0.10247986763715744,0.20812249183654785
69.0,0.3813773840665817,0.13099565845914185,6.325849734075522,3.059097693516658,0.3059097693516658,0.3813773840665817,0.07546761259436607,0.07546761259436607,0.020532334223389626,0.02129604108631611,0.0233426745980978,0.020311687141656876,0.03620770201086998,0.0789634957909584,0.1478072553873062,0.6995040774345398
70.0,0.3965127215935634,0.0566126371268183,6.176719362054055,2.952775790141179,0.29527757901411794,0.3965127215935634,0.10123513323756364,0.10123513323756364,0.018628736957907677,0.018546294420957565,0.020349860191345215,0.018900098279118538,0.029850265011191368,0.06443322449922562,0.10755465924739838,0.17463795840740204
71.0,0.34836831803505236,0.09253220912069082,5.92505044186965,2.8377805856557994,0.28377805856557997,0.34836831803505236,0.06459025780741985,0.06459025780741985,0.019113998860120773,0.01925494521856308,0.021043337881565094,0.019062712788581848,0.0321502648293972,0.06849879026412964,0.11867332458496094,0.442460298538208
72.0,0.3964955084598981,0.07625795807689428,6.2605479690934365,3.1322260682399454,0.31322260682399455,0.3964955084598981,0.08327289985922667,0.08327289985922667,0.01954515464603901,0.019389905035495758,0.022186575457453728,0.02013286203145981,0.032574161887168884,0.07480724155902863,0.11352229863405228,0.3079054653644562
73.0,0.37677914477311647,0.10041675833053887,6.298424273841511,2.9019208412904005,0.2901920841290401,0.37677914477311647,0.08658705966976973,0.08658705966976973,0.01904773898422718,0.0194693710654974,0.021241486072540283,0.018921276554465294,0.03240375593304634,0.06940343230962753,0.12279300391674042,0.5000540018081665
74.0,0.3827877434400412,0.057002674555405974,6.3244036122387035,2.8509282286350546,0.2850928228635054,0.3827877434400412,0.09769491507456853,0.09769491507456853,0.018296469002962112,0.018257780000567436,0.020228497684001923,0.018779447302222252,0.029467595741152763,0.06453478336334229,0.09562627971172333,0.1908305436372757
75.0,0.3717234948506722,0.0926815546117723,6.0464704714540245,3.1080847199146566,0.3108084719914657,0.3717234948506722,0.0609150193631649,0.0609150193631649,0.01924915239214897,0.019579485058784485,0.02140171453356743,0.019267622381448746,0.03223063796758652,0.069417305290699,0.12395709753036499,0.43634942173957825
76.0,0.3585920104613671,0.054888876620680094,5.924149428939666,2.8706722351220937,0.2870672235122094,0.3585920104613671,0.07152478253612152,0.07152478253612152,0.018679365515708923,0.018469013273715973,0.020525040104985237,0.019068188965320587,0.029844963923096657,0.06473183631896973,0.1045190766453743,0.16327352821826935
77.0,0.3483809272830303,0.12426027096807957,6.155592346170716,2.8417940689967227,0.2841794068996723,0.3483809272830303,0.0642015147381104,0.0642015147381104,0.01978272944688797,0.02037300541996956,0.022244736552238464,0.01960638165473938,0.03451387956738472,0.07439693808555603,0.13665135204792023,0.6665131449699402
78.0,0.41501714976934284,0.046032557962462306,6.37443006458402,3.0191079057179966,0.3019107905717997,0.41501714976934284,0.11310634676080483,0.11310634676080483,0.01795576512813568,0.017995720729231834,0.01976548694074154,0.018317053094506264,0.028744593262672424,0.06062459200620651,0.094232939183712,0.11062431335449219
79.0,0.33810320840432095,0.08233326813206077,5.953831759205674,2.8238936570974498,0.282389365709745,0.33810320840432095,0.05571383997224844,0.05571383997224844,0.019939152523875237,0.019925348460674286,0.02260686829686165,0.020501630380749702,0.03319155424833298,0.07621069997549057,0.12183302640914917,0.34445786476135254
80.0,0.3608626196017632,0.07890591328032315,6.218439365910705,2.8204853442999034,0.28204853442999034,0.3608626196017632,0.0788140818476677,0.0788140818476677,0.018506687134504318,0.018707167357206345,0.02044401690363884,0.01870061084628105,0.03051757998764515,0.06510257720947266,0.11012906581163406,0.34913960099220276
81.0,0.36952512997847337,0.08619593200273812,6.226795785891633,2.8974100855680613,0.2897410085568061,0.36952512997847337,0.0797841210777943,0.0797841210777943,0.019827863201498985,0.01977577991783619,0.022484369575977325,0.020372850820422173,0.03303413465619087,0.0765608698129654,0.1185229942202568,0.3789885938167572
82.0,0.3678738520695613,0.09842162393033504,6.25255789599739,2.739412096830515,0.2739412096830515,0.3678738520695613,0.09393263980746269,0.09393263980746269,0.018938904628157616,0.019575074315071106,0.021403346210718155,0.018879352137446404,0.03256645053625107,0.06961801648139954,0.12564817070960999,0.4807436764240265
83.0,0.37637821756876433,0.06375234294682741,6.424240748845624,2.8019495010375977,0.2801949501037597,0.37637821756876433,0.09618326391165073,0.09618326391165073,0.018196163699030876,0.01822768710553646,0.020104417577385902,0.018741514533758163,0.02956393174827099,0.06469129025936127,0.09434093534946442,0.24615280330181122
84.0,0.33762137591838837,0.08311811159364879,6.068544395294868,2.735889861216912,0.2735889861216912,0.33762137591838837,0.06403237781845607,0.06403237781845607,0.018569059669971466,0.01890472136437893,0.020671840757131577,0.018505580723285675,0.03102559968829155,0.06629420071840286,0.11629027128219604,0.3746836185455322
85.0,0.3323254676965567,0.07881788769736886,5.903610442117966,2.6217476633878856,0.26217476633878856,0.3323254676965567,0.0701506955978962,0.0701506955978962,0.0197929535061121,0.019604790955781937,0.02228473499417305,0.020255690440535545,0.03257269039750099,0.07489554584026337,0.12165219336748123,0.31948450207710266
86.0,0.39440632783449614,0.09368707472458482,6.531355023821318,2.9090215196976295,0.29090215196976293,0.39440632783449614,0.10350417145169698,0.10350417145169698,0.018839271739125252,0.019222212955355644,0.021074490621685982,0.01872759871184826,0.031689371913671494,0.06787649542093277,0.1198306530714035,0.45223650336265564
87.0,0.352189302444458,0.0565385480877012,6.187167893423342,2.7247534073316135,0.2724753407331613,0.352189302444458,0.07971395236941484,0.07971395236941484,0.01829199120402336,0.01823199912905693,0.020214570686221123,0.018727894872426987,0.0294581837952137,0.06378454715013504,0.09919117391109467,0.1844080239534378
88.0,0.3386321789943255,0.1163380027282983,6.01786417239273,2.634236583342919,0.2634236583342919,0.3386321789943255,0.07520851636162171,0.07520851636162171,0.019668055698275566,0.02030080184340477,0.02231556363403797,0.019456131383776665,0.0342269167304039,0.07427812367677689,0.13632416725158691,0.6041342616081238
89.0,0.39039396494627,0.05493080732412636,6.170253577285576,2.9762769845815806,0.297627698458158,0.39039396494627,0.09276626345056754,0.09276626345056754,0.018562203273177147,0.018518410623073578,0.02022150158882141,0.01889558508992195,0.029658138751983643,0.06364965438842773,0.10784172266721725,0.16209924221038818
90.0,0.3414864746423868,0.08697681059129536,5.971187575461633,2.749891290297875,0.2749891290297875,0.3414864746423868,0.06649734194462116,0.06649734194462116,0.01871415786445141,0.018761789426207542,0.020579662173986435,0.01858198456466198,0.031012844294309616,0.06596975773572922,0.11237465590238571,0.409819632768631
91.0,0.34366703033447266,0.07883079932071269,5.88666516206916,2.633841234904069,0.26338412349040696,0.34366703033447266,0.0802829022017809,0.0802829022017809,0.019135912880301476,0.019192075356841087,0.021538933739066124,0.019740115851163864,0.0319230742752552,0.07303918153047562,0.11305292695760727,0.33302417397499084
92.0,0.3474194986315874,0.0864996227901429,5.943314221437349,2.696218797793755,0.26962187977937546,0.3474194986315874,0.07779761747672008,0.07779761747672008,0.01860176771879196,0.019064761698246002,0.02071201242506504,0.01866954192519188,0.03129131346940994,0.06644438952207565,0.11846250295639038,0.3987506926059723
93.0,0.34603015849223506,0.05859810975380242,5.946977728687911,2.5280287724274855,0.2528028772427486,0.34603015849223506,0.09322727328309646,0.09322727328309646,0.01837967522442341,0.018458615988492966,0.02031639590859413,0.018927697092294693,0.02973194792866707,0.06552740931510925,0.10306745767593384,0.194375678896904
94.0,0.3129601977192439,0.08590061124414206,5.828231826837818,2.526415751530574,0.2526415751530574,0.3129601977192439,0.0603186204456366,0.0603186204456366,0.018904708325862885,0.01910753920674324,0.0208498053252697,0.018940715119242668,0.031181806698441505,0.0666571706533432,0.11662065237760544,0.3949424922466278
95.0,0.34134099460565126,0.052443652180954814,5.940759988975052,2.7228347200613756,0.2722834720061376,0.34134099460565126,0.06905751560743038,0.06905751560743038,0.01855851337313652,0.01832476072013378,0.02048329822719097,0.01910552941262722,0.029566481709480286,0.06364991515874863,0.10390019416809082,0.14596052467823029
96.0,0.3125075984459657,0.11560508259572089,5.956437979567925,2.477328199606675,0.24773281996066757,0.3125075984459657,0.06477476885685554,0.06477476885685554,0.01922757737338543,0.019713230431079865,0.021651074290275574,0.019085973501205444,0.03327525034546852,0.07110144942998886,0.12926927208900452,0.6115168333053589
97.0,0.3529476552055432,0.04195127310231328,6.1623150754273395,2.442030283120962,0.24420302831209625,0.3529476552055432,0.10874461096066695,0.10874461096066695,0.017800498753786087,0.017901867628097534,0.01961129903793335,0.018171895295381546,0.02846672758460045,0.06023293733596802,0.0933256521821022,0.08009930700063705
98.0,0.303203043456261,0.06697821174748242,5.419891922188201,2.4700003220484805,0.24700003220484806,0.303203043456261,0.05620301328599453,0.05620301328599453,0.019878385588526726,0.019687967374920845,0.022503767162561417,0.02041596733033657,0.03214148432016373,0.07150984555482864,0.11733633279800415,0.23235194385051727
99.0,0.3392205238342285,0.11484616878442466,6.024167447217817,2.4255322630588827,0.24255322630588827,0.3392205238342285,0.09666729947695366,0.09666729947695366,0.019561775028705597,0.019994240254163742,0.02204078808426857,0.019467702135443687,0.033579036593437195,0.0729696974158287,0.13285893201828003,0.5982971787452698
100.0,0.33609257294581485,0.054447934264317155,6.426305643538182,2.437408011693221,0.2437408011693221,0.33609257294581485,0.09235176845238759,0.09235176845238759,0.017886750400066376,0.01772001013159752,0.01974436268210411,0.018273836001753807,0.028608985245227814,0.06207877770066261,0.08705782890319824,0.18421292304992676
101.0,0.32152343598695904,0.1042996218893677,6.102012581223706,2.547395082620474,0.25473950826204744,0.32152343598695904,0.0667839262347955,0.0667839262347955,0.01906459778547287,0.01962265931069851,0.02149803563952446,0.018948588520288467,0.0326911099255085,0.07048144936561584,0.1266757696866989,0.525414764881134
102.0,0.35423880357008714,0.04905899707227945,6.138644334511192,2.6164894654200626,0.26164894654200627,0.35423880357008714,0.0925898551940918,0.0925898551940918,0.018212681636214256,0.018165571615099907,0.019965380430221558,0.018672162666916847,0.029107311740517616,0.06159452348947525,0.10279035568237305,0.12396398931741714
103.0,0.30552855936380535,0.08913581422530115,5.816386470661526,2.468852643783276,0.2468852643783276,0.30552855936380535,0.05864328948351053,0.05864328948351053,0.018924210220575333,0.019152577966451645,0.02095176838338375,0.018937136977910995,0.03126971796154976,0.06719733029603958,0.11821512877941132,0.4184386432170868
104.0,0.3106573665371308,0.048952640034258366,5.647349634133903,2.447315894640409,0.24473158946404092,0.3106573665371308,0.06592576821836141,0.06592576821836141,0.019043851643800735,0.019193356856703758,0.021142560988664627,0.01955132931470871,0.030732715502381325,0.06599775701761246,0.1140851154923439,0.10187443345785141
105.0,0.30355093226983,0.06866378500126302,5.713611413817584,2.400432641689594,0.2400432641689594,0.30355093226983,0.06350766007716839,0.06350766007716839,0.017862563952803612,0.01795717515051365,0.019694143906235695,0.01802077889442444,0.028989799320697784,0.0603342168033123,0.09906545281410217,0.2873861491680145
106.0,0.3145448003823941,0.07629250781610608,6.055782171687123,2.2909947587893558,0.22909947587893564,0.3145448003823941,0.08544532266946939,0.08544532266946939,0.018568968400359154,0.0185774564743042,0.020921900868415833,0.019294997677206993,0.031332530081272125,0.07051275670528412,0.10370346903800964,0.3274279832839966
107.0,0.3052486954973294,0.06610407866537571,5.926909348588159,2.3636493499462423,0.23636493499462422,0.3052486954973294,0.06888376376949824,0.06888376376949824,0.01850462146103382,0.018474092707037926,0.020135078579187393,0.01877949945628643,0.029891936108469963,0.06328018009662628,0.1086466833949089,0.25112053751945496
108.0,0.34159210037726623,0.057504304219037294,5.996338736301537,2.8128298704440775,0.2812829870444078,0.34159210037726623,0.06030911006606542,0.06030911006606542,0.018901916220784187,0.01876462623476982,0.021190248429775238,0.019586067646741867,0.03072539158165455,0.06729868799448013,0.10984987765550613,0.17371761798858643
109.0,0.33081608380262667,0.08324456703849137,6.104949967414887,2.636644817315615,0.26366448173156154,0.33081608380262667,0.06715160035170041,0.06715160035170041,0.018312426283955574,0.018544137477874756,0.02021365612745285,0.018369968980550766,0.030179355293512344,0.06413666903972626,0.10982337594032288,0.3863769471645355
110.0,0.32252670251406157,0.05558137595653534,6.151137116862151,2.468913435935974,0.24689134359359743,0.32252670251406157,0.0756353518137565,0.0756353518137565,0.01847340166568756,0.01820041611790657,0.020634952932596207,0.019036998972296715,0.02989320643246174,0.06471693515777588,0.09977434575557709,0.17392075061798096
111.0,0.3507486180617259,0.0922190248966217,6.125003173120197,2.652883992745326,0.2652883992745326,0.3507486180617259,0.08546020635045491,0.08546020635045491,0.018599027767777443,0.01903139054775238,0.020807920023798943,0.018556322902441025,0.03137447312474251,0.06693218648433685,0.11874642223119736,0.4437044560909271
112.0,0.32727723167492795,0.05010522226803005,5.956427665912189,2.4438845194303074,0.24438845194303077,0.32727723167492795,0.08288876970226948,0.08288876970226948,0.01783689670264721,0.017771026119589806,0.019584640860557556,0.01826099306344986,0.028697596862912178,0.061602748930454254,0.09734438359737396,0.13974349200725555
113.0,0.30265370183266127,0.10303813661448658,5.964425239260714,2.37152020747845,0.23715202074784505,0.30265370183266127,0.06550168016782174,0.06550168016782174,0.01892457902431488,0.019320422783493996,0.02115430310368538,0.018739555031061172,0.03214343264698982,0.06924834102392197,0.12443175166845322,0.5203427076339722
114.0,0.3479981921040095,0.05141685390844941,5.949059488332505,2.5901497235664954,0.25901497235664955,0.3479981921040095,0.08898321080666322,0.08898321080666322,0.018097173422574997,0.01799730397760868,0.01977700926363468,0.01847384311258793,0.02909162826836109,0.06112919747829437,0.10338040441274643,0.1433882713317871
115.0,0.3040863470389293,0.07588544231839478,5.923553757760583,2.4033889770507812,0.24033889770507819,0.3040863470389293,0.06374744984966058,0.06374744984966058,0.018106011673808098,0.018081938847899437,0.019812466576695442,0.018085207790136337,0.02950335294008255,0.062225475907325745,0.10159830749034882,0.3396707773208618
116.0,0.3079310500851044,0.0814676838926971,5.828722997705498,2.3182337008989773,0.23182337008989773,0.3079310500851044,0.07610767306043552,0.07610767306043552,0.01930985227227211,0.01943286880850792,0.021824585273861885,0.01995786838233471,0.03250730410218239,0.07309820502996445,0.11969567835330963,0.3459151089191437
117.0,0.3264647831137364,0.0719347270205617,5.867053386771881,2.5119250554304857,0.2511925055430486,0.3264647831137364,0.07527227957661335,0.07527227957661335,0.018074095249176025,0.018594341352581978,0.02011043392121792,0.018291456624865532,0.030069949105381966,0.06460176408290863,0.11667491495609283,0.2890608608722687
118.0,0.320708773457087,0.05402274802327156,5.969551384169671,2.324955151631282,0.23249551516312816,0.320708773457087,0.08821325290661591,0.08821325290661591,0.01786716654896736,0.01790826953947544,0.019744006916880608,0.0184596236795187,0.029110101982951164,0.06326795369386673,0.09725510329008102,0.16856975853443146
119.0,0.2858161347416731,0.08530898159369826,5.742792443805419,2.2754871799395633,0.22754871799395637,0.2858161347416731,0.05826741428329395,0.05826741428329395,0.018582426011562347,0.018741410225629807,0.020431499928236008,0.018597280606627464,0.030571652576327324,0.06553012877702713,0.11302000284194946,0.39699745178222656
120.0,0.3174628409055563,0.07607321417890489,5.942600366922467,2.491024590455569,0.2491024590455569,0.3174628409055563,0.0683603766732491,0.0683603766732491,0.019526487216353416,0.019613247364759445,0.02209785021841526,0.02009919099509716,0.032455530017614365,0.07190907746553421,0.11975885927677155,0.3031254708766937
121.0,0.31625644633403194,0.08084697555750608,6.150013503402233,2.270268431076637,0.22702684310766363,0.31625644633403194,0.0892295974951524,0.0892295974951524,0.01809796504676342,0.018733853474259377,0.02036050707101822,0.01818128116428852,0.030445707961916924,0.06468567997217178,0.11450015008449554,0.3617706596851349
122.0,0.30458641854616314,0.04755617096088827,6.026952179367429,2.2597186794647803,0.22597186794647806,0.30458641854616314,0.07861454899494465,0.07861454899494465,0.01800398901104927,0.01794062741100788,0.01982916332781315,0.018484538421034813,0.02899165451526642,0.06105045974254608,0.10055768489837646,0.11559125036001205
123.0,0.3230830396597202,0.06686348118819296,5.962900095868141,2.5200550647882314,0.25200550647882314,0.3230830396597202,0.07107753106034718,0.07107753106034718,0.017922062426805496,0.017868876457214355,0.019552966579794884,0.018023142591118813,0.028997031971812248,0.060724496841430664,0.09823216497898102,0.27358710765838623
124.0,0.3004998392783679,0.0890084826387465,5.785370584407136,2.3088549008736243,0.23088549008736242,0.3004998392783679,0.06961434420484763,0.06961434420484763,0.019284607842564583,0.019452201202511787,0.021871292963624,0.019954605028033257,0.03286099433898926,0.07460669428110123,0.12008713185787201,0.4039503335952759
125.0,0.2983354954765393,0.06872328533791006,5.996110745739431,2.1927208808752208,0.21927208808752205,0.2983354954765393,0.07906340578427681,0.07906340578427681,0.017889009788632393,0.018308820202946663,0.019847800955176353,0.01809278503060341,0.029389604926109314,0.06306379288434982,0.11228387802839279,0.2709105908870697
126.0,0.3150850528707871,0.05708010052330792,5.84163940770251,2.3370593052643995,0.23370593052643993,0.3150850528707871,0.08137912045304592,0.08137912045304592,0.01825294829905033,0.018326373770833015,0.020340407267212868,0.018909145146608353,0.029800906777381897,0.06490525603294373,0.10352486371994019,0.18258090317249298
127.0,0.2839790594119292,0.09896122827194631,5.8322363482626205,2.2104202600625844,0.22104202600625847,0.2839790594119292,0.06293703013887772,0.06293703013887772,0.018558600917458534,0.018904047086834908,0.020740525797009468,0.01848156377673149,0.03129707649350166,0.06663894653320312,0.11966651678085327,0.497402548789978
128.0,0.30753102325476134,0.04809725587256253,6.032391255525364,2.146948218345642,0.21469482183456423,0.30753102325476134,0.09283619918502294,0.09283619918502294,0.017744680866599083,0.017590276896953583,0.019475653767585754,0.018123436719179153,0.028441522270441055,0.059500906616449356,0.09748925268650055,0.1264123171567917
129.0,0.28682756423950195,0.06624977407045662,5.817804922358131,2.2920905626737156,0.2292090562673716,0.28682756423950195,0.0576185045334009,0.0576185045334009,0.017868055030703545,0.01778976432979107,0.019557954743504524,0.017997656017541885,0.02884809300303459,0.05982130393385887,0.09428638219833374,0.27382898330688477
130.0,0.2897560080656639,0.07348545570857823,6.014411911691824,2.1246454624029307,0.2124645462402931,0.2897560080656639,0.07729146257042885,0.07729146257042885,0.018316317349672318,0.01827538013458252,0.020639270544052124,0.01901903562247753,0.03110165148973465,0.06959319859743118,0.10227426141500473,0.3086645305156708
131.0,0.28530529829171986,0.07494988525286317,5.914613236209585,2.107529186285459,0.21075291862854592,0.28530529829171986,0.07455237525013778,0.07455237525013778,0.01800859533250332,0.018254613503813744,0.019910402595996857,0.018158037215471268,0.029555868357419968,0.0632433146238327,0.11046762764453888,0.3220006227493286
132.0,0.31652155919716907,0.05099704675376415,5.880957779485494,2.340607904470884,0.2340607904470884,0.31652155919716907,0.08246076622834572,0.08246076622834572,0.01814389042556286,0.018175745382905006,0.020158303901553154,0.018790345638990402,0.02943296544253826,0.06382639706134796,0.10434490442276001,0.13510382175445557
133.0,0.27533276092547637,0.0836355744395405,5.878326319201968,2.137094937838041,0.21370949378380408,0.27533276092547637,0.061623264104127884,0.061623264104127884,0.01831946149468422,0.018426215276122093,0.02014475129544735,0.01827155239880085,0.030078411102294922,0.06416793167591095,0.10967127978801727,0.3900049924850464
134.0,0.2800105787240542,0.07030613394454122,5.942258896656321,2.1155272905643168,0.2115527290564317,0.2800105787240542,0.06845784875062796,0.06845784875062796,0.018544819205999374,0.018564151600003242,0.020839665085077286,0.019177984446287155,0.03064018301665783,0.06839494407176971,0.10775210708379745,0.27853521704673767
135.0,0.319511191203044,0.07019553915597498,6.0385946698887185,2.327905975855314,0.2327905975855314,0.319511191203044,0.0867205961392476,0.0867205961392476,0.01785801537334919,0.018391499295830727,0.019906163215637207,0.01798645593225956,0.029704075306653976,0.06395076215267181,0.11418910324573517,0.27957823872566223
136.0,0.29096684662195355,0.04810174065642059,5.880140964055543,2.1508504289847155,0.21508504289847158,0.29096684662195355,0.07588179839345124,0.07588179839345124,0.017728492617607117,0.017663499340415,0.019577287137508392,0.018207721412181854,0.02861325815320015,0.06100462004542351,0.09735903143882751,0.12466001510620117
137.0,0.27220172492357403,0.09974096994847059,5.899365025116144,2.0584613314041724,0.20584613314041725,0.27220172492357403,0.06635559121003518,0.06635559121003518,0.01860068552196026,0.018893973901867867,0.02076788805425167,0.018451789394021034,0.031214699149131775,0.06701347976922989,0.1199752688407898,0.5030099749565125
138.0,0.30052942782640457,0.04689246602356434,5.868411071467355,2.1469933711565456,0.21469933711565464,0.30052942782640457,0.08583008526609494,0.08583008526609494,0.0177606213837862,0.017690841108560562,0.01948905736207962,0.018171276897192,0.028484193608164787,0.05979666858911514,0.09976359456777573,0.11398347467184067
139.0,0.27016983123926014,0.07025500410236418,5.903764711173499,2.061830291381249,0.20618302913812492,0.27016983123926014,0.06398679402012092,0.06398679402012092,0.017841296270489693,0.01776391640305519,0.019534088671207428,0.017917262390255928,0.028801383450627327,0.059643588960170746,0.09483560174703598,0.30570289492607117
140.0,0.2776760779894315,0.08117218618281186,5.765291245541035,2.03884370968892,0.20388437096889206,0.2776760779894315,0.0737917056450477,0.0737917056450477,0.019091466441750526,0.019244646653532982,0.021563543006777763,0.019755497574806213,0.032253433018922806,0.07184182852506638,0.11758378148078918,0.348043292760849
141.0,0.28685932549146503,0.06786038936115801,5.805764369201946,2.1294346910256605,0.21294346910256604,0.28685932549146503,0.07391584922487919,0.07391584922487919,0.017751328647136688,0.0181879922747612,0.019764678552746773,0.018005723133683205,0.029201356694102287,0.06267107278108597,0.11205841600894928,0.2652425467967987
142.0,0.28178544686390805,0.0516614883672446,5.822896265498623,1.9800943503013024,0.19800943503013027,0.28178544686390805,0.08377600862429692,0.08377600862429692,0.017723770812153816,0.017755720764398575,0.01962757110595703,0.018308434635400772,0.0288783498108387,0.06260015815496445,0.09602279961109161,0.15237510204315186
143.0,0.249496286878219,0.08462905371561646,5.637282218177966,1.9255429139504066,0.19255429139504068,0.249496286878219,0.056941993677845366,0.056941993677845366,0.01852232590317726,0.018621712923049927,0.020334195345640182,0.018557371571660042,0.030333997681736946,0.06456645578145981,0.11221615225076675,0.3938802182674408
144.0,0.2780508123911344,0.0562967446167022,5.891913893753527,2.1210335951585035,0.21210335951585038,0.2780508123911344,0.0659474518436652,0.0659474518436652,0.01830902323126793,0.0184794794768095,0.020373882725834846,0.018976295366883278,0.02997734025120735,0.06453526765108109,0.10459797829389572,0.17512468993663788
145.0,0.26071347238925785,0.06444621318951249,5.948221244085291,1.9567442949001606,0.19567442949001604,0.26071347238925785,0.065039034646291,0.065039034646291,0.01775379292666912,0.017731256783008575,0.019686678424477577,0.017891747877001762,0.02863364852964878,0.05823422595858574,0.08370596170425415,0.2719323933124542
146.0,0.2780789073843222,0.07690575276501477,5.909636737954338,2.0136692340557394,0.20136692340557394,0.2780789073843222,0.07671198220207141,0.07671198220207141,0.01857861690223217,0.018677448853850365,0.020968608558177948,0.019311143085360527,0.03141680359840393,0.06963644921779633,0.10957205295562744,0.32708489894866943
147.0,0.2767023965716362,0.055269225500524044,6.061813872613258,2.0868512208645162,0.20868512208645162,0.2767023965716362,0.06801726755041343,0.06801726755041343,0.01747926138341427,0.017566729336977005,0.019256308674812317,0.01777941733598709,0.028118038550019264,0.059265438467264175,0.09840399771928787,0.18428461253643036
148.0,0.2586679538855186,0.0780586525797844,5.867946728855708,1.9383325897730315,0.19383325897730314,0.2586679538855186,0.0648346901513063,0.0648346901513063,0.018202008679509163,0.018216073513031006,0.020510202273726463,0.018852731212973595,0.030857199802994728,0.06970339268445969,0.0955507904291153,0.3525768220424652
149.0,0.2760732563642355,0.06933425110764802,5.963920097908576,1.8405731228681712,0.18405731228681713,0.2760732563642355,0.09201594413473056,0.09201594413473056,0.017574027180671692,0.017774056643247604,0.019449254497885704,0.01759514771401882,0.028713015839457512,0.06106879934668541,0.10453321784734726,0.2879664897918701
150.0,0.27356078303777254,0.04957536840811372,5.726137508112796,2.0629240228579593,0.20629240228579596,0.27356078303777254,0.06726837874605106,0.06726837874605106,0.017865559086203575,0.017835156992077827,0.019776517525315285,0.01842389442026615,0.028982367366552353,0.062045324593782425,0.10324359685182571,0.1284305304288864
151.0,0.2663149833679199,0.09359963075257838,5.7642404074906946,1.9296468542172358,0.1929646854217236,0.2663149833679199,0.0733502939916574,0.0733502939916574,0.018208637833595276,0.018442748114466667,0.02034088224172592,0.01806703582406044,0.030365869402885437,0.06519658863544464,0.11485899239778519,0.46331629157066345
152.0,0.276791166800719,0.04827855830080807,5.8745601818433535,1.948396650644449,0.1948396650644449,0.276791166800719,0.08195150557618874,0.08195150557618874,0.017377443611621857,0.017293943092226982,0.01924063079059124,0.0177579578012228,0.02798500284552574,0.05950453504920006,0.09452340751886368,0.13254554569721222
153.0,0.26377377143272984,0.05772206885740161,5.860340022370357,1.991099137526292,0.19910991375262924,0.26377377143272984,0.06466385263663071,0.06466385263663071,0.017446983605623245,0.017368590459227562,0.019133269786834717,0.017602672800421715,0.02805652841925621,0.058584727346897125,0.09050551801919937,0.21307826042175293
154.0,0.2630300647937335,0.08820175798609853,5.484394595242923,1.9403664790667021,0.19403664790667022,0.2630300647937335,0.06899341582678832,0.06899341582678832,0.01909317634999752,0.019330695271492004,0.021647801622748375,0.019780967384576797,0.032598014920949936,0.07338104397058487,0.12153056263923645,0.39825180172920227
155.0,0.26070486123745257,0.061871246667578816,5.603763006787347,1.8663547405829797,0.18663547405829797,0.26070486123745257,0.07406938448548317,0.07406938448548317,0.017494402825832367,0.017806487157940865,0.019481880590319633,0.017769617959856987,0.02857772633433342,0.06121491640806198,0.10807593166828156,0.22454901039600372
156.0,0.27136206053770506,0.055952851427719,5.706637214168317,1.9235391708520742,0.19235391708520744,0.27136206053770506,0.07900814282206389,0.07900814282206389,0.017819473519921303,0.017940441146492958,0.01991489715874195,0.01849564164876938,0.02925901859998703,0.0634697899222374,0.10028038173913956,0.1804431676864624
157.0,0.24758829462986726,0.08213089569471776,5.719081410317488,1.860218699161823,0.1860218699161823,0.24758829462986726,0.06156642247851078,0.06156642247851078,0.017748484387993813,0.0180540531873703,0.01989695057272911,0.017817556858062744,0.029466908425092697,0.0621015839278698,0.10931208729743958,0.3826495409011841
158.0,0.2686735185293051,0.04196045198477805,5.7648001231824555,1.821936478981605,0.18219364789816053,0.2686735185293051,0.08647986788016099,0.08647986788016099,0.01748471148312092,0.017513643950223923,0.01928478665649891,0.017982343211770058,0.028171591460704803,0.060007669031620026,0.09764991700649261,0.07758895307779312
159.0,0.23106805636332586,0.056097506545484066,5.584736147601749,1.7364947291520925,0.17364947291520927,0.23106805636332586,0.057418577946149386,0.057418577946149386,0.017394378781318665,0.017396507784724236,0.01919666677713394,0.017662400379776955,0.028002098202705383,0.05862054228782654,0.09232766181230545,0.19817979633808136
160.0,0.254632280423091,0.09256496489979327,5.617371981365813,1.8208833932876587,0.18208833932876584,0.254632280423091,0.0725439410083569,0.0725439410083569,0.019360799342393875,0.019615372642874718,0.022001033648848534,0.02008233778178692,0.03323734179139137,0.07523100078105927,0.124661386013031,0.42633044719696045
161.0,0.24810730952482957,0.050906418124213815,5.564102399642056,1.783251899939317,0.17832518999393174,0.24810730952482957,0.06978211308328006,0.06978211308328006,0.017699237912893295,0.017733875662088394,0.019420994445681572,0.018157491460442543,0.028439542278647423,0.06030934676527977,0.10490681976079941,0.1405840367078781
162.0,0.25103699931731593,0.06367108877748251,5.740999509006587,1.8757770428290734,0.18757770428290738,0.25103699931731593,0.06345929205417633,0.06345929205417633,0.018303358927369118,0.017875362187623978,0.020276421681046486,0.018721340224146843,0.0298746507614851,0.06210892274975777,0.09822221100330353,0.24398644268512726
163.0,0.2527912975503848,0.04515992826782167,5.993462993311269,1.7754053519322321,0.17754053519322324,0.2527912975503848,0.07525076315953182,0.07525076315953182,0.017414351925253868,0.017370473593473434,0.019292762503027916,0.01796567812561989,0.028422163799405098,0.06137113273143768,0.09379474073648453,0.10564812272787094
164.0,0.2573255438071031,0.0824265074916184,5.85662835699329,1.8019813620127165,0.18019813620127162,0.2573255438071031,0.07712740236176895,0.07712740236176895,0.018115485087037086,0.018120279535651207,0.020065002143383026,0.018218960613012314,0.029900088906288147,0.06315118819475174,0.10458440333604813,0.3872566521167755
165.0,0.25348324844470393,0.07534802542068064,5.683440384372329,1.8212182796918428,0.18212182796918427,0.25348324844470393,0.07136141824034545,0.07136141824034545,0.018154136836528778,0.01828884892165661,0.020641427487134933,0.018946263939142227,0.031080853193998337,0.06940088421106339,0.10697885602712631,0.31929293274879456
166.0,0.250414228783204,0.062872305046767,5.488992627838196,1.7809248429078322,0.17809248429078325,0.250414228783204,0.07232174277305603,0.07232174277305603,0.017854850739240646,0.018066497519612312,0.019800281152129173,0.018274594098329544,0.029169414192438126,0.06317153573036194,0.11099942028522491,0.22564184665679932
167.0,0.23974687835344902,0.06380478758364916,5.5409842489553744,1.7256202972852266,0.1725620297285227,0.23974687835344902,0.06718484627512786,0.06718484627512786,0.017743483185768127,0.017822038382291794,0.01997281424701214,0.01843070797622204,0.029775753617286682,0.06574697047472,0.101082943379879,0.2398635894060135
168.0,0.24640013162906355,0.06303699710406363,5.503372192385517,1.7736680828608,0.17736680828608,0.24640013162906355,0.0690333192738203,0.0690333192738203,0.018181096762418747,0.01813225820660591,0.01987173967063427,0.018505249172449112,0.0294642373919487,0.06306741386651993,0.10815292596817017,0.2289210557937622
169.0,0.24410657527355048,0.04313700320199132,5.557791663650738,1.7325914685542767,0.17325914685542765,0.24410657527355048,0.0708474238904623,0.0708474238904623,0.017203325405716896,0.017263047397136688,0.018979471176862717,0.017648501321673393,0.027891840785741806,0.060216840356588364,0.09318369626998901,0.09270930290222168
170.0,0.24366493064623612,0.04915135633200407,5.3758355933781505,1.74171087375054,0.17417108737505402,0.24366493064623612,0.0694938379411514,0.0694938379411514,0.01798420585691929,0.018091794103384018,0.02008139342069626,0.01860753819346428,0.029370499774813652,0.06327632069587708,0.10358132421970367,0.12221777439117432
171.0,0.22803824452253488,0.042370734037831426,5.459132055276287,1.6850722890633802,0.16850722890633804,0.22803824452253488,0.05953101613200628,0.05953101613200628,0.017718523740768433,0.017859434708952904,0.01972242258489132,0.018410298973321915,0.028920093551278114,0.06255202740430832,0.1029658392071724,0.07081723213195801
172.0,0.23681829984371477,0.07373640709556639,5.540587796754287,1.7448476002766535,0.17448476002766533,0.23681829984371477,0.0623335362626956,0.0623335362626956,0.018702348694205284,0.018487978726625443,0.02055058442056179,0.01901264116168022,0.030760539695620537,0.06496522575616837,0.10352353751659393,0.31388840079307556
173.0,0.2718395533470007,0.0518873396795243,5.7335026265475495,1.9122184377450209,0.1912218437745021,0.2718395533470007,0.08061770750926091,0.08061770750926091,0.017569173127412796,0.01736270636320114,0.01948629319667816,0.018135229125618935,0.028624892234802246,0.06077256798744202,0.09314852952957153,0.1599993258714676
174.0,0.24245833662840036,0.054954580264166,5.321459693020298,1.8144281002191396,0.18144281002191404,0.24245833662840036,0.06101552368356632,0.06101552368356632,0.018362456932663918,0.01840933971107006,0.02066062018275261,0.018989937379956245,0.03010430559515953,0.06420572102069855,0.1070031002163887,0.16190116107463837
175.0,0.24751119315624237,0.09962685243226588,5.382747961934542,1.789972695020529,0.1789972695020529,0.24751119315624237,0.06851392368284556,0.06851392368284556,0.018359484151005745,0.018713384866714478,0.020678583532571793,0.018381936475634575,0.031198775395751,0.06662201881408691,0.11887925118207932,0.5041813850402832
176.0,0.2820688978983806,0.04710336239077151,5.805119543922548,1.932098769224607,0.1932098769224607,0.2820688978983806,0.08885901593244992,0.08885901593244992,0.01741306483745575,0.01736702397465706,0.019374432042241096,0.01800311543047428,0.028355194255709648,0.060511667281389236,0.09790179133415222,0.11790060997009277
177.0,0.23312373115466192,0.08944634534418583,5.426399060779739,1.7549661076985872,0.17549661076985873,0.23312373115466192,0.05762711324943946,0.05762711324943946,0.01816306822001934,0.018307926133275032,0.020251689478754997,0.018157703801989555,0.030232418328523636,0.06517458707094193,0.11232461780309677,0.4329587519168854
178.0,0.23897054734138343,0.0548654671292752,5.396241426677487,1.710113947208111,0.17101139472081112,0.23897054734138343,0.06795914900990632,0.06795914900990632,0.018019603565335274,0.018022600561380386,0.02038787491619587,0.0186244435608387,0.0295658428221941,0.06335482001304626,0.10323555022478104,0.16771300137043
179.0,0.2593653482886461,0.07546250917948782,5.613667047157629,1.7634961421673114,0.17634961421673115,0.2593653482886461,0.08301573332685691,0.08301573332685691,0.017504790797829628,0.017771348357200623,0.01954667456448078,0.017655638977885246,0.028817247599363327,0.0615379698574543,0.10559143871068954,0.33527496457099915
180.0,0.23782265472870606,0.04871041653677821,5.4702667634091,1.6457191476455102,0.16457191476455096,0.23782265472870606,0.07325073818747814,0.07325073818747814,0.017326373606920242,0.01728285849094391,0.019314568489789963,0.01784304715692997,0.02817552722990513,0.05996309220790863,0.09496133774518967,0.13481652736663818
181.0,0.22974776992431054,0.08966643759049475,5.422049138003519,1.6468099860044627,0.1646809986004463,0.22974776992431054,0.06506676799975909,0.06506676799975909,0.018037045374512672,0.018268520012497902,0.02016884833574295,0.017998673021793365,0.030205516144633293,0.06450412422418594,0.11317362636327744,0.43497514724731445
182.0,0.25957270768972546,0.04858967661857605,5.515659181404998,1.7925406235914965,0.17925406235914965,0.25957270768972546,0.08031864120410039,0.08031864120410039,0.017360933125019073,0.017219282686710358,0.019184941425919533,0.017868423834443092,0.028051897883415222,0.05965663120150566,0.09823273122310638,0.13114257156848907
183.0,0.22829988656135705,0.06222100369632244,5.438417059971051,1.6619613124774053,0.16619613124774052,0.22829988656135705,0.06210375032745875,0.06210375032745875,0.017297912389039993,0.017251359298825264,0.01909274235367775,0.01753724180161953,0.028010975569486618,0.05897494778037071,0.09223446995019913,0.24736838042736053
184.0,0.23388453057179084,0.07584243430756032,5.2920426481093905,1.6636752715477576,0.16636752715477574,0.23388453057179084,0.06751699659686822,0.06751699659686822,0.01837053708732128,0.018543757498264313,0.020985689014196396,0.019031183794140816,0.03113190270960331,0.06894554197788239,0.11145827174186707,0.31827259063720703
185.0,0.23854513867543295,0.05992475152015686,5.436622680549167,1.6509933334130507,0.16509933334130508,0.23854513867543295,0.07344580470369412,0.07344580470369412,0.017140429466962814,0.01740790717303753,0.019187787547707558,0.017541494220495224,0.027987506240606308,0.06019013002514839,0.10420486330986023,0.21573789417743683
186.0,0.23779675364494324,0.05299641960300505,5.286590476527072,1.6077033097927387,0.1607703309792739,0.23779675364494324,0.07702641704907784,0.07702641704907784,0.017371511086821556,0.01746528036892414,0.01946246810257435,0.018027331680059433,0.02868715301156044,0.06217283755540848,0.09507285058498383,0.1657119244337082
187.0,0.21540614504080552,0.07693913695402443,5.278439415384505,1.5621383236004756,0.15621383236004757,0.21540614504080552,0.05919230757997586,0.05919230757997586,0.017360428348183632,0.017593074589967728,0.019507817924022675,0.017497926950454712,0.028679508715867996,0.06036118417978287,0.10348289459943771,0.35103026032447815
188.0,0.2501956671476364,0.04112815740518272,5.530153122488671,1.6733594949428852,0.16733594949428854,0.2501956671476364,0.08285971702291416,0.08285971702291416,0.017137261107563972,0.0171571783721447,0.019090738147497177,0.017759330570697784,0.02789727970957756,0.060215383768081665,0.09548898041248322,0.07427910715341568
189.0,0.21138389293964094,0.054277221439406276,5.284076496286185,1.553295543560615,0.1553295543560615,0.21138389293964094,0.056054334657696575,0.056054334657696575,0.01707921177148819,0.017076466232538223,0.018995963037014008,0.017462488263845444,0.027803773060441017,0.05868532136082649,0.08932813256978989,0.18778641521930695
190.0,0.23163177646123445,0.07565705431625247,5.283304185006386,1.6157566675773034,0.16157566675773036,0.23163177646123445,0.07005610603552598,0.07005610603552598,0.01800684630870819,0.018071915954351425,0.02058280259370804,0.018804406747221947,0.030810417607426643,0.06915737688541412,0.10331498086452484,0.32650768756866455
191.0,0.2294236306960766,0.060736292507499456,5.4301328458363525,1.5589970900462224,0.15589970900462224,0.2294236306960766,0.07352391974284099,0.07352391974284099,0.017157571390271187,0.017251968383789062,0.019120754674077034,0.017488351091742516,0.02785401977598667,0.05915532261133194,0.0973500907421112,0.23051226139068604
192.0,0.23205855603401476,0.05535925552248955,5.399603326112277,1.5829695738278902,0.15829695738278904,0.23205855603401476,0.07376159727573395,0.07376159727573395,0.017447559162974358,0.017523178830742836,0.01970851980149746,0.018177051097154617,0.029021700844168663,0.06312987953424454,0.09771032631397247,0.18015582859516144
193.0,0.2154890659909982,0.07260551187209785,5.38204934777349,1.5323563584914575,0.15323563584914576,0.2154890659909982,0.062253425184350744,0.062253425184350744,0.017153823748230934,0.01737990416586399,0.01933232881128788,0.0173710435628891,0.02831779420375824,0.05975569784641266,0.10141197592020035,0.32012152671813965
194.0,0.24033014017802018,0.04423639550805092,5.516109140659898,1.5878766820980952,0.15878766820980955,0.24033014017802018,0.08154247042078239,0.08154247042078239,0.01719367504119873,0.017259234562516212,0.019235068932175636,0.017884166911244392,0.028230899944901466,0.06077524274587631,0.09570121020078659,0.09761166572570801
195.0,0.2098697263460893,0.07193818991072476,5.455174211967691,1.5368605256080627,0.1536860525608063,0.2098697263460893,0.05618366885643739,0.05618366885643739,0.01741189882159233,0.017468828707933426,0.01930738054215908,0.01761307194828987,0.028380025178194046,0.05985811725258827,0.09954873472452164,0.3159174621105194
196.0,0.22344263413777718,0.06760083325207233,5.546591813523918,1.603533034141247,0.1603533034141247,0.22344263413777718,0.06308932802998103,0.06308932802998103,0.018070010468363762,0.01822720095515251,0.02067442238330841,0.01868806593120098,0.03026360273361206,0.06637934595346451,0.10451966524124146,0.263984352350235
197.0,0.2520860502353081,0.06266338052228093,5.786320355770451,1.676298622901623,0.16762986229016233,0.2520860502353081,0.08445618588190812,0.08445618588190812,0.017047176137566566,0.017230184748768806,0.019033418968319893,0.017358578741550446,0.027763081714510918,0.05972771346569061,0.10095636546611786,0.24219052493572235
198.0,0.2368111747961778,0.050819141790270805,5.527867767157007,1.670501777758965,0.1670501777758965,0.2368111747961778,0.06976099441257808,0.06976099441257808,0.017171239480376244,0.017270328477025032,0.019253293052315712,0.017754927277565002,0.02828092686831951,0.06105605512857437,0.09416493028402328,0.15160143375396729
199.0,0.22784615250734183,0.08149468502961099,5.447176847644626,1.6228878589776845,0.16228878589776846,0.22784615250734183,0.06555736265503444,0.06555736265503444,0.017637252807617188,0.01779310591518879,0.01970641314983368,0.017661258578300476,0.02923797443509102,0.06176835298538208,0.10617103427648544,0.38198208808898926
200.0,0.25311485964518327,0.044334001606330276,5.595063025830741,1.7485950038983271,0.17485950038983275,0.25311485964518327,0.07825535965653566,0.07825535965653566,0.01704370602965355,0.017021451145410538,0.01905362866818905,0.017630483955144882,0.027729365974664688,0.059535883367061615,0.09530861675739288,0.101348876953125
201.0,0.2197010207634706,0.05422321776859462,5.469955441388933,1.5787815038974469,0.1578781503897447,0.2197010207634706,0.0618228677373666,0.0618228677373666,0.01687820628285408,0.016921037808060646,0.01883954368531704,0.01722310297191143,0.027384407818317413,0.05799787864089012,0.08864183723926544,0.1898997277021408
202.0,0.22182772480524504,0.0819732800591737,5.2433439924657534,1.5441604990225573,0.15441604990225571,0.22182772480524504,0.06741167117769901,0.06741167117769901,0.01834464818239212,0.018551092594861984,0.020989255979657173,0.01901019737124443,0.03135178983211517,0.0700552687048912,0.11142313480377197,0.36606085300445557
203.0,0.22582580321110213,0.05635017575696111,5.4287094141953185,1.531679786168612,0.1531679786168612,0.22582580321110213,0.07265782069701415,0.07265782069701415,0.01700994186103344,0.01729082129895687,0.01909293420612812,0.017481718212366104,0.02773147262632847,0.059804387390613556,0.10169313102960587,0.19069699943065643
204.0,0.22340134645883852,0.05542787490412593,5.289435234177931,1.4818537831306458,0.1481853783130646,0.22340134645883852,0.07521596550941467,0.07521596550941467,0.017330879345536232,0.017445586621761322,0.019515100866556168,0.018034277483820915,0.028807383030653,0.062355887144804,0.0959593802690506,0.1839745044708252
205.0,0.2064764854999689,0.07326140976510942,5.42325513744505,1.470350219653203,0.1470350219653203,0.2064764854999689,0.05944146373524116,0.05944146373524116,0.017151450738310814,0.017395680770277977,0.019357830286026,0.017373211681842804,0.02837512083351612,0.059783756732940674,0.10229406505823135,0.3243601620197296
206.0,0.23361813448942625,0.040351519361138344,5.437738670071289,1.5226717407886798,0.15226717407886797,0.23361813448942625,0.08135096098367985,0.08135096098367985,0.017038457095623016,0.017083950340747833,0.019055603072047234,0.017722129821777344,0.02787827141582966,0.060291290283203125,0.09409744292497635,0.06964500993490219
207.0,0.20178630604193762,0.049934173468500376,5.403665128777913,1.4554569446123564,0.14554569446123564,0.20178630604193762,0.05624060834256502,0.05624060834256502,0.01699334941804409,0.016999201849102974,0.018943864852190018,0.017452728003263474,0.027776315808296204,0.058878395706415176,0.08661936968564987,0.1558101624250412
208.0,0.22217101832995048,0.07580422842875123,5.302428380190653,1.534764555784372,0.15347645557843725,0.22217101832995048,0.06869456329597877,0.06869456329597877,0.017885379493236542,0.017951583489775658,0.020495202392339706,0.018730157986283302,0.03068459779024124,0.06917369365692139,0.10288941115140915,0.32862380146980286
209.0,0.2190179595580468,0.05767796281725168,5.461019809589067,1.4631991661511934,0.14631991661511937,0.2190179595580468,0.07269803778483318,0.07269803778483318,0.017008444294333458,0.017117885872721672,0.01901700347661972,0.01739923097193241,0.027634354308247566,0.05849918723106384,0.09424680471420288,0.2105007916688919
210.0,0.2211688023347121,0.05616993620060384,5.417803069409282,1.4888791533616872,0.14888791533616874,0.2211688023347121,0.07228088579498805,0.07228088579498805,0.017350181937217712,0.017414255067706108,0.019617613404989243,0.018123215064406395,0.028971051797270775,0.06323879212141037,0.0968446135520935,0.18779976665973663
211.0,0.21180074260785028,0.07031308091245592,5.44137303509495,1.4939495370938227,0.1493949537093823,0.21180074260785028,0.06240578411290279,0.06240578411290279,0.017047999426722527,0.017271650955080986,0.01923910528421402,0.01731143333017826,0.028121698647737503,0.05919201299548149,0.09951645135879517,0.3048042953014374
212.0,0.23386781146893135,0.04394007264636457,5.5220923192346145,1.5422646403312683,0.15422646403312684,0.23386781146893135,0.07964134330932911,0.07964134330932911,0.017037425190210342,0.017102273181080818,0.019086001440882683,0.017741722986102104,0.028042595833539963,0.060562171041965485,0.09404855966567993,0.09789983183145523
213.0,0.2065226951470742,0.07438963279128075,5.386421922202258,1.5071512644107525,0.15071512644107526,0.2065226951470742,0.05580756440758705,0.05580756440758705,0.01737184450030327,0.01743980310857296,0.01936870999634266,0.017533734440803528,0.02841205522418022,0.06000623106956482,0.10086822509765625,0.33411645889282227
214.0,0.22274873348382804,0.06154236267320812,5.5071488211496264,1.6074520074404204,0.16074520074404205,0.22274873348382804,0.06200352841271804,0.06200352841271804,0.01763165183365345,0.017768580466508865,0.020156385377049446,0.018271563574671745,0.029471226036548615,0.06420771777629852,0.09896431118249893,0.22586746513843536
215.0,0.22660681146841782,0.06705127144232392,5.494454688551508,1.441761736686413,0.1441761736686413,0.22660681146841782,0.0824306346476078,0.0824306346476078,0.017007289454340935,0.0171692855656147,0.019045690074563026,0.01730019971728325,0.02775929868221283,0.05939900502562523,0.09988048672676086,0.27884891629219055
216.0,0.21165216943392387,0.04663448501378298,5.4533244663935525,1.4392108000241792,0.14392108000241793,0.21165216943392387,0.0677310860214325,0.0677310860214325,0.017103267833590508,0.017146609723567963,0.019273914396762848,0.017781168222427368,0.02825748361647129,0.060629330575466156,0.09377117455005646,0.11911293119192123
217.0,0.2126300438092305,0.07369695883244276,5.60986864210222,1.44557170684521,0.14455717068452104,0.2126300438092305,0.06807287151996906,0.06807287151996906,0.0171457901597023,0.01735624298453331,0.019324688240885735,0.017333315685391426,0.028210852295160294,0.05945481359958649,0.10007117688655853,0.330678790807724
218.0,0.21718810670650923,0.04562498698942363,5.458106343078642,1.4200646051993737,0.1420064605199374,0.21718810670650923,0.07518164240396939,0.07518164240396939,0.017038734629750252,0.01709415763616562,0.01909390091896057,0.017723314464092255,0.028008632361888885,0.06044270470738411,0.09050613641738892,0.11509231477975845
219.0,0.20016821645773375,0.05087389191612601,5.445162661776219,1.3856104704049916,0.13856104704049915,0.20016821645773375,0.061607165405383475,0.061607165405383475,0.016922680661082268,0.016935376450419426,0.018877528607845306,0.017377452924847603,0.027560850605368614,0.05861973017454147,0.08818192034959793,0.16251559555530548
220.0,0.20373515670116132,0.08040644391439855,5.099150278424929,1.3863132916964018,0.1386313291696402,0.20373515670116132,0.06510382374891868,0.06510382374891868,0.01829470694065094,0.01855356991291046,0.021003123372793198,0.01902405358850956,0.03133991360664368,0.07020489126443863,0.11303398013114929,0.35179731249809265
221.0,0.210765496469461,0.05277549312449992,5.380187451327695,1.3840927389951854,0.13840927389951857,0.210765496469461,0.07235621861540355,0.07235621861540355,0.016924524679780006,0.017184723168611526,0.018963322043418884,0.017473621293902397,0.027588976547122,0.059746794402599335,0.09855224192142487,0.16576974093914032
222.0,0.21508898872595567,0.05792481638491154,5.35266842379473,1.4146840159709637,0.14146840159709637,0.21508898872595567,0.07362058787391736,0.07362058787391736,0.017328184098005295,0.017452649772167206,0.019590970128774643,0.01810229755938053,0.028992025181651115,0.06316060572862625,0.09709185361862183,0.20167994499206543
223.0,0.196582674407042,0.07114497409202158,5.300714991644383,1.3696314692497253,0.13696314692497255,0.196582674407042,0.059619526307170205,0.059619526307170205,0.017017001286149025,0.017275847494602203,0.01924920082092285,0.01726740598678589,0.028092138469219208,0.05905698984861374,0.09917527437210083,0.31202593445777893
224.0,0.2220347420527385,0.04281076416373253,5.450877992221452,1.414149243098039,0.1414149243098039,0.2220347420527385,0.08061981573700905,0.08061981573700905,0.017005734145641327,0.017077332362532616,0.019063428044319153,0.017722247168421745,0.0279800184071064,0.060561902821063995,0.09313815832138062,0.08993729203939438
225.0,0.19095675647258759,0.0482529301661998,5.2924968628592675,1.351329166155595,0.1351329166155595,0.19095675647258759,0.05582383833825588,0.05582383833825588,0.01692463830113411,0.016985252499580383,0.018897784873843193,0.017433885484933853,0.027772951871156693,0.05940084904432297,0.08646073192358017,0.14214734733104706
226.0,0.21102352554981524,0.07444615545682609,5.284802840576915,1.4227847411082342,0.14227847411082342,0.21102352554981524,0.06874505158227223,0.06874505158227223,0.01778404228389263,0.017882343381643295,0.020412195473909378,0.018679073080420494,0.030645886436104774,0.06931696087121964,0.10263551771640778,0.31821322441101074
227.0,0.20425680967477652,0.05792164080776274,5.367849436979602,1.333370483838595,0.1333370483838595,0.20425680967477652,0.07091975699250515,0.07091975699250515,0.016987789422273636,0.017086679115891457,0.019012317061424255,0.017377765849232674,0.027689171954989433,0.05862271413207054,0.09209737926721573,0.2144993096590042
228.0,0.2135334530702004,0.058720975648611784,5.357164238719164,1.404027860898238,0.1404027860898238,0.2135334530702004,0.07313066319777416,0.07313066319777416,0.017340494319796562,0.017442964017391205,0.01960752345621586,0.01813635602593422,0.029053568840026855,0.06356233358383179,0.09703990072011948,0.2075846642255783
229.0,0.1969884651211592,0.06923330458812416,5.275098372288251,1.362332637493427,0.1362332637493427,0.1969884651211592,0.060755195669256724,0.060755195669256724,0.017274046316742897,0.017304647713899612,0.019239092245697975,0.01751277968287468,0.028095504269003868,0.05975848808884621,0.09910354763269424,0.29557833075523376
230.0,0.20801116296878228,0.05307402485050261,5.380448495049254,1.4393880504828234,0.14393880504828235,0.20801116296878228,0.06407235319224688,0.06407235319224688,0.017300982028245926,0.017079545184969902,0.019427772611379623,0.017867354676127434,0.028260378167033195,0.05973658710718155,0.0916716456413269,0.17324793338775635
231.0,0.2031038781771293,0.05548385437577963,5.58376508672549,1.3897276841677153,0.13897276841677153,0.2031038781771293,0.064131109473797,0.064131109473797,0.01726214587688446,0.01742670312523842,0.01938026025891304,0.018019067123532295,0.02907409332692623,0.06405912339687347,0.09479541331529617,0.18385402858257294
232.0,0.22533201712828416,0.0634550373069942,5.542498099909258,1.4428378022634065,0.14428378022634067,0.22533201712828416,0.08104823601360504,0.08104823601360504,0.01725085638463497,0.017379842698574066,0.019412213936448097,0.0176653154194355,0.028276100754737854,0.058187246322631836,0.08815698325634003,0.26131173968315125
233.0,0.2108155580667349,0.07504142913967371,5.4335028116399275,1.4470843856151288,0.1447084385615129,0.2108155580667349,0.06610711577993172,0.06610711577993172,0.017692482098937035,0.017890188843011856,0.020211081951856613,0.018561312928795815,0.03064049780368805,0.06905931979417801,0.1046767383813858,0.3215998113155365
234.0,0.2249277153840432,0.06338977930136025,5.661529446233029,1.4993189068940969,0.1499318906894097,0.2249277153840432,0.07499582377763894,0.07499582377763894,0.01741146668791771,0.017284255474805832,0.019379662349820137,0.01784421131014824,0.02833491563796997,0.060497406870126724,0.09773130714893341,0.24863500893115997
235.0,0.20713059948040888,0.05175298359245062,5.385955924251319,1.3474368223777184,0.13474368223777183,0.20713059948040888,0.07238691529402366,0.07238691529402366,0.01711800880730152,0.017160072922706604,0.019304178655147552,0.01788877137005329,0.028901737183332443,0.0635017454624176,0.09150689840316772,0.1586424559354782
236.0,0.2115181925205084,0.05511664575897157,5.25257774338748,1.4079783604695246,0.14079783604695248,0.2115181925205084,0.07072035438166215,0.07072035438166215,0.017150862142443657,0.01724226586520672,0.01906113512814045,0.01774047128856182,0.027777044102549553,0.059828054159879684,0.10198751837015152,0.18014581501483917
237.0,0.206166793520634,0.0442186095751822,5.196961065501659,1.421576412824484,0.1421576412824484,0.206166793520634,0.0640091523528099,0.0640091523528099,0.016888683661818504,0.016879873350262642,0.018796149641275406,0.017500808462500572,0.02778070606291294,0.060348838567733765,0.08879116922616959,0.10676264762878418
238.0,0.21702313996278322,0.045048464788123965,5.215064144240329,1.4629933834075928,0.1462993383407593,0.21702313996278322,0.0707237975528607,0.0707237975528607,0.017000315710902214,0.016941549256443977,0.019133588299155235,0.017758846282958984,0.02815968543291092,0.06061892956495285,0.09178028255701065,0.10899452120065689
239.0,0.19866965252619523,0.040893316734582186,5.236357381054414,1.3947668488209064,0.13947668488209064,0.19866965252619523,0.05919296595339592,0.05919296595339592,0.017030060291290283,0.017063960433006287,0.01911166124045849,0.017836278304457664,0.028243031352758408,0.06146189942955971,0.09530123323202133,0.07109840959310532
240.0,0.20083709691579527,0.05792264174669981,5.031414775517244,1.4107496646734385,0.14107496646734385,0.20083709691579527,0.05976212855715018,0.05976212855715018,0.01734459213912487,0.01720380038022995,0.019429482519626617,0.017978118732571602,0.028367120772600174,0.06019431725144386,0.09327167272567749,0.2095920294523239
241.0,0.21194441272662237,0.045902397483587265,5.353644028475793,1.4209156724122853,0.14209156724122857,0.21194441272662237,0.06985284273441021,0.06985284273441021,0.01711943931877613,0.0170902106910944,0.019200032576918602,0.017910795286297798,0.02871038392186165,0.06256218254566193,0.09111878275871277,0.11350735276937485
242.0,0.20852103600135216,0.054257960291579366,5.123596323060628,1.4602401439960186,0.14602401439960186,0.20852103600135216,0.06249701647231212,0.06249701647231212,0.01717154122889042,0.017121363431215286,0.019070254638791084,0.01778356172144413,0.027866650372743607,0.060062672942876816,0.09985102713108063,0.17513661086559296
243.0,0.19302256749226496,0.04843230708502233,5.047712873879478,1.31678929237219,0.13167892923721902,0.19302256749226496,0.0613436376532683,0.0613436376532683,0.016929464414715767,0.016835028305649757,0.018901987001299858,0.0175540242344141,0.02794712223112583,0.06069241464138031,0.08880744874477386,0.13979096710681915
244.0,0.19965719546263033,0.05499225459061563,5.004774305442425,1.3194105350054228,0.13194105350054228,0.19965719546263033,0.0677161391537923,0.0677161391537923,0.017203405499458313,0.017258837819099426,0.01942657306790352,0.018053246662020683,0.028773266822099686,0.06324158608913422,0.09483502060174942,0.18114610016345978
245.0,0.19021053497607893,0.08730319002643228,5.055276436795972,1.287549179333907,0.1287549179333907,0.19021053497607893,0.06145561314546145,0.06145561314546145,0.017564907670021057,0.017731474712491035,0.019787192344665527,0.017729107290506363,0.029313823208212852,0.06269264221191406,0.10797520726919174,0.42563116550445557
246.0,0.19723457957689577,0.047520783031359315,5.034194020632445,1.3394239132220929,0.13394239132220928,0.19723457957689577,0.06329218814006218,0.06329218814006218,0.017234910279512405,0.017245514318346977,0.01955937221646309,0.01803310588002205,0.028585493564605713,0.06152348965406418,0.09546488523483276,0.12251949310302734
247.0,0.20438177940937188,0.07665833155624568,5.105979221086756,1.268889266711015,0.12688892667110147,0.20438177940937188,0.07749285291020687,0.07749285291020687,0.017253370955586433,0.017400234937667847,0.019368691369891167,0.01745499297976494,0.028476690873503685,0.06065380945801735,0.10213810205459595,0.3505207598209381
248.0,0.19845193395247826,0.046856268076226115,5.12082142825928,1.3135319856496959,0.13135319856496958,0.19845193395247826,0.06709873303771019,0.06709873303771019,0.01692288927733898,0.01690325327217579,0.019070755690336227,0.01765582524240017,0.028084054589271545,0.06024991348385811,0.09061171114444733,0.12535174190998077
249.0,0.19271238033588117,0.08245000313036144,5.07293067735103,1.2741356583741994,0.12741356583741995,0.19271238033588117,0.06529881461308552,0.06529881461308552,0.017398573458194733,0.017584484070539474,0.019642677158117294,0.017521079629659653,0.028990110382437706,0.061407577246427536,0.104918472468853,0.3921370506286621
250.0,0.20720877039891022,0.04600426834076643,5.086854500376125,1.3412960171699524,0.13412960171699526,0.20720877039891022,0.07307916564437059,0.07307916564437059,0.016912488266825676,0.016896981745958328,0.018962297588586807,0.01761147752404213,0.02784937061369419,0.05977365002036095,0.09114772826433182,0.11888015270233154
251.0,0.18560979629938418,0.051565917674452066,5.01098794846818,1.2486734665357149,0.12486734665357149,0.18560979629938418,0.06074244872881816,0.06074244872881816,0.016763798892498016,0.01681879162788391,0.018752939999103546,0.017234960570931435,0.027463944628834724,0.058594368398189545,0.08540655672550201,0.17149198055267334
252.0,0.19058490831118363,0.07814352004788816,5.087382029144204,1.2846997242707472,0.12846997242707472,0.19058490831118363,0.062114933075813145,0.062114933075813145,0.017964977771043777,0.018207702785730362,0.020629536360502243,0.01875569485127926,0.030857454985380173,0.06958889961242676,0.10718012601137161,0.3419637680053711
253.0,0.1977537492146859,0.05245294142514467,5.2622803138960155,1.2605289495908296,0.126052894959083,0.1977537492146859,0.07170085379710564,0.07170085379710564,0.016734154894948006,0.017026742920279503,0.01882828027009964,0.017347095534205437,0.027420634403824806,0.059804536402225494,0.09433824568986893,0.16812384128570557
254.0,0.2046694033421003,0.06500462791882455,5.229338429340458,1.3340756388810964,0.13340756388810968,0.2046694033421003,0.0712618395113028,0.0712618395113028,0.017388924956321716,0.017560632899403572,0.01968090608716011,0.018201421946287155,0.029355738312005997,0.06499508023262024,0.09559277445077896,0.2572615444660187
255.0,0.1880500540137291,0.06781954038888216,5.0581600436025225,1.2909034903232868,0.12909034903232872,0.1880500540137291,0.05895969988061832,0.05895969988061832,0.01724681444466114,0.01725860685110092,0.01927335187792778,0.01753626950085163,0.028211645781993866,0.060296766459941864,0.09669077396392822,0.28604209423065186
256.0,0.19626380617801958,0.04408568562939763,5.272394507742366,1.333307710977701,0.13333077109777014,0.19626380617801958,0.06293303304566787,0.06293303304566787,0.01706334389746189,0.01700035110116005,0.019166041165590286,0.01783069595694542,0.028080979362130165,0.060277294367551804,0.08797954767942429,0.10528723150491714
257.0,0.20027940204510322,0.03844769182614982,5.308280103405963,1.3758968848448534,0.13758968848448533,0.20027940204510322,0.06268970797268245,0.06268970797268245,0.017004143446683884,0.01706959307193756,0.018922679126262665,0.017750315368175507,0.028142711147665977,0.06129351258277893,0.09180266410112381,0.055595915764570236
258.0,0.2081901694719608,0.05156420893035829,5.139987889556905,1.3805081706780653,0.13805081706780653,0.2081901694719608,0.07013934578459996,0.07013934578459996,0.017061907798051834,0.01696704514324665,0.01919703558087349,0.017711622640490532,0.028032219037413597,0.059890322387218475,0.09050149470567703,0.16315202414989471
259.0,0.18138760786790115,0.05535884038545191,4.9674158068791705,1.2411282245929425,0.12411282245929425,0.18138760786790115,0.05727478345999351,0.05727478345999351,0.017159705981612206,0.01714475266635418,0.019302964210510254,0.017964806407690048,0.029177645221352577,0.06514770537614822,0.09256316721439362,0.1844099760055542
260.0,0.19986713620332572,0.08012295654043555,5.111311194187541,1.2731504898804884,0.12731504898804885,0.19986713620332572,0.07255208721527687,0.07255208721527687,0.017422577366232872,0.017544597387313843,0.019678469747304916,0.017677810043096542,0.028845960274338722,0.06082269176840782,0.10028959065675735,0.37870195508003235
261.0,0.1956851241680292,0.057370023569092155,5.154161392873276,1.2808046203393202,0.128080462033932,0.1956851241680292,0.06760465668944213,0.06760465668944213,0.017289312556385994,0.017394594848155975,0.019553735852241516,0.01815633848309517,0.029241621494293213,0.0639093667268753,0.09800246357917786,0.1954127550125122
262.0,0.20126464275213388,0.06360507942736149,5.3444696382893575,1.3529782065978417,0.13529782065978418,0.20126464275213388,0.06596681905480531,0.06596681905480531,0.0172369796782732,0.017203697934746742,0.019307930022478104,0.01781596429646015,0.02802152745425701,0.05997748672962189,0.09526103734970093,0.2540160119533539
263.0,0.19922985824254844,0.04929618863388896,5.292092808191961,1.2802845743986278,0.1280284574398628,0.19922985824254844,0.07120139954181817,0.07120139954181817,0.01687420904636383,0.01705048978328705,0.018866997212171555,0.017623452469706535,0.02833000011742115,0.062063515186309814,0.08652186393737793,0.14703898131847382
264.0,0.2015746390590301,0.0631133031565696,5.146126140435166,1.3229443843548114,0.13229443843548114,0.2015746390590301,0.06928019841703084,0.06928019841703084,0.017270270735025406,0.017069606110453606,0.019533399492502213,0.017788656055927277,0.02860071137547493,0.060317911207675934,0.08831411600112915,0.2560117542743683
265.0,0.20049787943179792,0.04858269146643579,5.282164001687297,1.355011100952442,0.1355011100952442,0.20049787943179792,0.064996769795051,0.064996769795051,0.01702406443655491,0.0170912966132164,0.018998173996806145,0.017591336742043495,0.027666714042425156,0.05954767018556595,0.09107345342636108,0.13966882228851318
266.0,0.20876224568256965,0.04396895528770983,5.257510044551423,1.3701634819690998,0.13701634819690997,0.20876224568256965,0.07174589341649643,0.07174589341649643,0.01712457463145256,0.01717265322804451,0.01914208009839058,0.01792917028069496,0.028091127052903175,0.061925746500492096,0.08722597360610962,0.10314031690359116
267.0,0.18834509471288094,0.05194393219426274,5.072234930350989,1.2417488602491527,0.12417488602491528,0.18834509471288094,0.06417020725516173,0.06417020725516173,0.016828138381242752,0.016830196604132652,0.018834155052900314,0.017208268865942955,0.027697604149580002,0.05980078503489494,0.08841545879840851,0.16993685066699982
268.0,0.1975552634550975,0.054785510059446096,4.9916736310523975,1.2373948876674359,0.12373948876674358,0.1975552634550975,0.07381577273974052,0.07381577273974052,0.016983630135655403,0.016878342255949974,0.019023317843675613,0.017450621351599693,0.02775605581700802,0.05891267582774162,0.08823270350694656,0.19304673373699188
269.0,0.18319390886105025,0.05199612909927964,5.069984739910195,1.2309443950653076,0.12309443950653075,0.18319390886105025,0.060099466488911554,0.060099466488911554,0.017108075320720673,0.017188439145684242,0.01916862279176712,0.01790555939078331,0.028775883838534355,0.0634172186255455,0.0924372598528862,0.15996797382831573
270.0,0.19768907473637506,0.0503957646433264,4.957572520132074,1.2920332367603595,0.12920332367603596,0.19768907473637506,0.06848575174808502,0.06848575174808502,0.01699920929968357,0.016959521919488907,0.018978839740157127,0.01758786290884018,0.027623264119029045,0.05918455868959427,0.09155780076980591,0.1542750597000122
271.0,0.17938791158107611,0.04514656076207757,4.954897149952185,1.2272515388635488,0.1227251538863549,0.17938791158107611,0.056662753224372864,0.056662753224372864,0.016852010041475296,0.016841702163219452,0.018852870911359787,0.01758311130106449,0.028222287073731422,0.06185571104288101,0.0906035378575325,0.1103612557053566
272.0,0.18746544191470513,0.05314714345149696,4.883079378418102,1.204099382345493,0.12040993823454932,0.18746544191470513,0.06705550347956327,0.06705550347956327,0.016905207186937332,0.016880661249160767,0.018907317891716957,0.01745547540485859,0.027481796219944954,0.058905113488435745,0.09226849675178528,0.17637307941913605
273.0,0.17872531024309304,0.04602175485342741,5.092764337966667,1.2088922124642592,0.12088922124642593,0.17872531024309304,0.05783608441169445,0.05783608441169445,0.016921192407608032,0.016894102096557617,0.019043706357479095,0.017692478373646736,0.02833894081413746,0.06133819743990898,0.08985248953104019,0.11809293180704117
274.0,0.18587467360955018,0.07416951074264944,5.005126078469269,1.2754571735858917,0.12754571735858916,0.18587467360955018,0.05832895235373424,0.05832895235373424,0.017470724880695343,0.017513107508420944,0.0195467509329319,0.017881257459521294,0.028598863631486893,0.06069037690758705,0.09795792400836945,0.3336970806121826
275.0,0.18552214308426931,0.05787935643456876,5.150203927067613,1.1942679423552294,0.11942679423552294,0.18552214308426931,0.0660953470147573,0.0660953470147573,0.017017850652337074,0.017073161900043488,0.019036104902625084,0.017407575622200966,0.027935873717069626,0.05925188958644867,0.08689968287944794,0.21841271221637726
276.0,0.1796606332063675,0.04469245974905789,4.809993943659723,1.1571115461679606,0.11571115461679607,0.1796606332063675,0.06394947764392082,0.06394947764392082,0.01680525206029415,0.01679665967822075,0.018784314393997192,0.017583590000867844,0.027791034430265427,0.060201793909072876,0.08984551578760147,0.1097315177321434
277.0,0.17478736203450423,0.043117981404066086,5.076078121432805,1.1697914783771222,0.11697914783771221,0.17478736203450423,0.0578082103568774,0.0578082103568774,0.016844984143972397,0.0168775524944067,0.018773728981614113,0.01760709472000599,0.027721138671040535,0.06029848754405975,0.09133235365152359,0.09548851102590561
278.0,0.1772740792769652,0.06567144184373319,4.835575633429835,1.2011734293057368,0.12011734293057368,0.1772740792769652,0.05715672958355684,0.05715672958355684,0.01752636209130287,0.017441775649785995,0.019657813012599945,0.017966464161872864,0.028882024809718132,0.06120176613330841,0.09028639644384384,0.27240893244743347
279.0,0.18904007283540872,0.05731664737686515,5.274516782018973,1.205056438079247,0.12050564380792471,0.18904007283540872,0.06853442968657383,0.06853442968657383,0.01709710992872715,0.016998063772916794,0.01928744651377201,0.017656631767749786,0.02865314483642578,0.06114291027188301,0.07942689955234528,0.21827097237110138
280.0,0.17566920014528128,0.060513107338920236,4.955848041871874,1.1630169565861042,0.11630169565861045,0.17566920014528128,0.059367502824618265,0.059367502824618265,0.017185218632221222,0.017128683626651764,0.019180014729499817,0.017701145261526108,0.02805185504257679,0.06059344485402107,0.09590388834476471,0.2283606082201004
281.0,0.18502700901948488,0.047997104935348034,5.141602814836604,1.2293883974735553,0.12293883974735556,0.18502700901948488,0.06208816629189711,0.06208816629189711,0.01683148182928562,0.01706823706626892,0.018755588680505753,0.017621096223592758,0.02810746245086193,0.06169929355382919,0.08962007611989975,0.13427360355854034
282.0,0.18870471589840376,0.06709401751868427,5.21086080126382,1.2305845205600445,0.12305845205600446,0.18870471589840376,0.06564625925742663,0.06564625925742663,0.017506437376141548,0.017601558938622475,0.019732527434825897,0.018381211906671524,0.029451152309775352,0.06587859988212585,0.09000527113676071,0.2781953811645508
283.0,0.1956484644458844,0.10116873402148485,5.195076157287568,1.3310586030666645,0.13310586030666643,0.1956484644458844,0.062542602706414,0.062542602706414,0.018577931448817253,0.018636060878634453,0.020963337272405624,0.01856568455696106,0.03138832002878189,0.06989281624555588,0.1227312684059143,0.5085944533348083
284.0,0.19264490329302275,0.04512028256431222,5.27394065948088,1.3089731702437768,0.13089731702437765,0.19264490329302275,0.061747584491968155,0.061747584491968155,0.01676790788769722,0.016866600140929222,0.018753664568066597,0.017571495845913887,0.027817552909255028,0.060768745839595795,0.08936706185340881,0.1130492314696312
285.0,0.18325350433588028,0.08630951540544629,5.320990086249576,1.262599835029015,0.12625998350290152,0.18325350433588028,0.05699351687843983,0.05699351687843983,0.017603103071451187,0.017712369561195374,0.01987883634865284,0.017676206305623055,0.029441047459840775,0.06310800462961197,0.10973869264125824,0.4153178632259369
286.0,0.1926816260585418,0.06034156423993409,5.460578267068773,1.2299947784497187,0.1229994778449719,0.1926816260585418,0.06968214892997192,0.06968214892997192,0.017070338129997253,0.01695377007126808,0.01948363706469536,0.017796777188777924,0.02857854776084423,0.06233927235007286,0.08968796581029892,0.23082220554351807
287.0,0.2041927186342386,0.07083202968351543,5.5406787329740705,1.239107989347898,0.12391079893478979,0.2041927186342386,0.0802819155729734,0.0802819155729734,0.017000531777739525,0.017532039433717728,0.019473932683467865,0.017540011554956436,0.02813027799129486,0.058946043252944946,0.09529852867126465,0.3127348721027374
288.0,0.1895973670941133,0.06401341781020164,5.08013741867577,1.1947632477833674,0.11947632477833678,0.1895973670941133,0.07012104013791451,0.07012104013791451,0.017172720283269882,0.017065830528736115,0.019405586645007133,0.017718980088829994,0.028315100818872452,0.06059738248586655,0.09228972345590591,0.2595420181751251
289.0,0.18496095962249315,0.07660956564359367,5.359097158129346,1.1486456600519328,0.11486456600519326,0.18496095962249315,0.07009639390386067,0.07009639390386067,0.016809673979878426,0.0171454306691885,0.019239507615566254,0.017034893855452538,0.027910634875297546,0.058257877826690674,0.0943189263343811,0.3621595799922943
290.0,0.19539196903888995,0.061032217694446445,5.333183328278888,1.17788558281385,0.117788558281385,0.19539196903888995,0.07760340806383353,0.07760340806383353,0.017210792750120163,0.017390277236700058,0.0193454809486866,0.017961809411644936,0.0287325382232666,0.06324167549610138,0.08930136263370514,0.23507380485534668
291.0,0.18805584426109606,0.11065785749815404,5.442130529470426,1.2051772612791796,0.12051772612791795,0.18805584426109606,0.06753811684365456,0.06753811684365456,0.018542304635047913,0.018781710416078568,0.021196037530899048,0.018374087288975716,0.03170863538980484,0.07022248208522797,0.12608613073825836,0.5803514719009399
292.0,0.2075434155189074,0.05301957135088742,5.388094711277185,1.2100254343106196,0.12100254343106195,0.2075434155189074,0.0865408735206494,0.0865408735206494,0.01699797622859478,0.017107659950852394,0.019095545634627342,0.017636315897107124,0.028303617611527443,0.06075673550367355,0.0849187895655632,0.1793399304151535
293.0,0.174484667296593,0.09421639377251267,5.216738672521162,1.1622611330105708,0.11622611330105707,0.174484667296593,0.058258551674393505,0.058258551674393505,0.017566606402397156,0.017847970128059387,0.020118407905101776,0.017564881592988968,0.029667451977729797,0.06317662447690964,0.11128395795822144,0.47650524973869324
294.0,0.19638169155671045,0.043375332141295075,5.350697767949419,1.1078883913847117,0.11078883913847118,0.19638169155671045,0.08559285132930829,0.08559285132930829,0.016605617478489876,0.016632232815027237,0.018595345318317413,0.017270950600504875,0.027404164895415306,0.05893152952194214,0.08418338000774384,0.10737943649291992
295.0,0.16433510126975867,0.08469209703616798,5.132152774516689,1.0907854025180523,0.10907854025180523,0.16433510126975867,0.05525655929858868,0.05525655929858868,0.01739184930920601,0.017571117728948593,0.01970384642481804,0.01751333847641945,0.028816374018788338,0.061159152537584305,0.10457077622413635,0.41081032156944275
296.0,0.17248412737479576,0.058886936865746975,5.184871779004452,1.0833779573440552,0.10833779573440552,0.17248412737479576,0.0641463312965173,0.0641463312965173,0.017163429409265518,0.017377588897943497,0.01922142319381237,0.017968785017728806,0.028588412329554558,0.06300228089094162,0.08634573221206665,0.22142784297466278
297.0,0.16919607955675858,0.06854655034840107,5.256065914120025,1.1056394095604236,0.11056394095604238,0.16919607955675858,0.05863213696731971,0.05863213696731971,0.016739413142204285,0.017047425732016563,0.01905888132750988,0.017222104594111443,0.02755965106189251,0.057784028351306915,0.09210943430662155,0.3008514642715454
298.0,0.17324338624110588,0.047999618109315634,5.26162242434631,1.112919229727525,0.11129192297275249,0.17324338624110588,0.061951459313814454,0.061951459313814454,0.016928179189562798,0.01706746034324169,0.01897643506526947,0.017728911712765694,0.028064245358109474,0.061099279671907425,0.08688005805015564,0.13725237548351288
299.0,0.17202061414718628,0.07164808548986912,5.319693507171606,1.1596657381607935,0.11596657381607936,0.17202061414718628,0.056054041506006166,0.056054041506006166,0.016897231340408325,0.017178570851683617,0.01924029365181923,0.01733659952878952,0.027783533558249474,0.05805078148841858,0.09319337457418442,0.3235042989253998
300.0,0.17752276876798043,0.04437962383963168,5.28827835198742,1.1557198212696955,0.11557198212696954,0.17752276876798043,0.06195078431986845,0.06195078431986845,0.016971377655863762,0.017055122181773186,0.019046975299715996,0.01778648979961872,0.028154795989394188,0.061043985188007355,0.08768324553966522,0.10729499906301498
301.0,0.17523973950972924,0.07080443203449249,5.268306950340337,1.1954752160952642,0.11954752160952643,0.17523973950972924,0.05569221394566389,0.05569221394566389,0.01695532724261284,0.017245298251509666,0.0193096324801445,0.01746252551674843,0.0279537420719862,0.05810053274035454,0.09302226454019547,0.3163861334323883
302.0,0.18652143959815687,0.05110795912332833,5.427201519819942,1.206333155815418,0.12063331558154179,0.18652143959815687,0.06588812487629744,0.06588812487629744,0.017154261469841003,0.01707235351204872,0.019500121474266052,0.018012642860412598,0.028938034549355507,0.06243875250220299,0.08808587491512299,0.15766163170337677
303.0,0.21013090931452238,0.06239232397638261,5.577082156220171,1.3005627966844118,0.1300562796684412,0.21013090931452238,0.08007462637928817,0.08007462637928817,0.016994429752230644,0.01746493950486183,0.01940510794520378,0.017624981701374054,0.02813507243990898,0.05902434512972832,0.09037637710571289,0.2501133382320404
304.0,0.1904702461682833,0.05093835713341832,5.393397356164466,1.2160781346834624,0.12160781346834625,0.1904702461682833,0.06886243361693162,0.06886243361693162,0.016936780884861946,0.016896268352866173,0.01914757303893566,0.017600681632757187,0.028037065640091896,0.05950971692800522,0.08638200163841248,0.16299676895141602
305.0,0.17713312288889518,0.06728956336155534,5.339369430743858,1.1401063754008367,0.11401063754008368,0.17713312288889518,0.06312248425988051,0.06312248425988051,0.016775118187069893,0.017144106328487396,0.019155165180563927,0.017165767028927803,0.027681535109877586,0.057467591017484665,0.08872587978839874,0.2942013442516327
306.0,0.19287018477916718,0.06020922237075865,5.319240499718669,1.1959700263463533,0.11959700263463534,0.19287018477916718,0.07327317933623607,0.07327317933623607,0.017170337960124016,0.01705126464366913,0.019363466650247574,0.017663296312093735,0.028314445167779922,0.05990663170814514,0.08979934453964233,0.23240499198436737
307.0,0.20036042080475733,0.04329210286960006,5.4125158058974,1.396110122020428,0.13961101220204283,0.20036042080475733,0.060749406997974105,0.060749406997974105,0.016766022890806198,0.017098691314458847,0.01888621598482132,0.017380114644765854,0.028016243129968643,0.05908014997839928,0.08244436979293823,0.10666501522064209
308.0,0.20254852565435263,0.10088669694960117,5.112545836021881,1.373232561808366,0.1373232561808366,0.20254852565435263,0.06522526735296616,0.06522526735296616,0.019042707979679108,0.019235627725720406,0.021637270227074623,0.019663263112306595,0.03347525745630264,0.07647425681352615,0.1144920364022255,0.5030731558799744
309.0,0.19737495596592242,0.06642435025423765,5.474406817951684,1.2268830033449025,0.12268830033449028,0.19737495596592242,0.07468665534487137,0.07468665534487137,0.01689283363521099,0.01706707663834095,0.019116055220365524,0.01714419759809971,0.027886008843779564,0.057721104472875595,0.09028583765029907,0.2852816879749298
310.0,0.1905781815831478,0.05900817736983299,5.350874858566419,1.1665256665303156,0.11665256665303157,0.1905781815831478,0.07392561091826512,0.07392561091826512,0.017083100974559784,0.0172559954226017,0.019225355237722397,0.017828192561864853,0.028590109199285507,0.06262693554162979,0.09064378589391708,0.21881194412708282
311.0,0.17762576502103072,0.06605533231049776,4.988426834461653,1.1840766072273254,0.11840766072273255,0.17762576502103072,0.059218102206404395,0.059218102206404395,0.01716694049537182,0.01726152002811432,0.019297318533062935,0.017421139404177666,0.028119953349232674,0.059261322021484375,0.09287699311971664,0.27703747153282166
312.0,0.18159929433694252,0.06862003053538501,5.05999649659641,1.2577445186101472,0.1257744518610147,0.18159929433694252,0.055824841444308944,0.055824841444308944,0.017457807436585426,0.017638055607676506,0.019617052748799324,0.018267473205924034,0.029653286561369896,0.06523997336626053,0.09440133720636368,0.2866852581501007
313.0,0.18520987492341262,0.06870536180213094,5.330016341224728,1.281051727441641,0.1281051727441641,0.18520987492341262,0.05710470303893089,0.05710470303893089,0.017128728330135345,0.01729457452893257,0.019346212968230247,0.017414528876543045,0.028168408200144768,0.059011638164520264,0.0962647795677185,0.29501402378082275
314.0,0.18339474098040506,0.05065742740407586,5.345820529424305,1.2102543436563933,0.12102543436563931,0.18339474098040506,0.062369303921094306,0.062369303921094306,0.016962680965662003,0.017162956297397614,0.01903875172138214,0.01779334619641304,0.028362710028886795,0.061206184327602386,0.0903230682015419,0.154409721493721
315.0,0.17426866522202125,0.03787906700745225,5.310864215169671,1.173676046041342,0.11736760460413419,0.17426866522202125,0.05690105932836349,0.05690105932836349,0.016715511679649353,0.016969656571745872,0.018828021362423897,0.01744069717824459,0.02805766649544239,0.05955012887716293,0.08387310802936554,0.06159774586558342
316.0,0.16738358369240394,0.06650626752525568,4.980399686006162,1.1251635872400725,0.11251635872400725,0.16738358369240394,0.05486722304843939,0.05486722304843939,0.01759715937077999,0.017447667196393013,0.02011115662753582,0.018348125740885735,0.029620099812746048,0.06415525078773499,0.09142976999282837,0.2733409106731415
317.0,0.18019612649312386,0.07611189503222704,5.229002105656817,1.1073278028231401,0.11073278028231402,0.18019612649312386,0.06946334328788978,0.06946334328788978,0.017056599259376526,0.017323272302746773,0.019459983333945274,0.017443278804421425,0.02835785783827305,0.05862351879477501,0.09249164164066315,0.3581390082836151
318.0,0.19027065485715866,0.04874054412357509,5.53155427487013,1.1227156244791472,0.11227156244791471,0.19027065485715866,0.07799908919976307,0.07799908919976307,0.016880221664905548,0.016934122890233994,0.019024211913347244,0.01764943078160286,0.028507662937045097,0.06141384318470955,0.08552088588476181,0.14399397373199463
319.0,0.16666792333126068,0.0639223710168153,5.2914394855647675,1.1042549289189851,0.11042549289189854,0.16666792333126068,0.05624242743047384,0.05624242743047384,0.016889477148652077,0.017084408551454544,0.019117871299386024,0.01733042486011982,0.027760136872529984,0.05829855427145958,0.08818268775939941,0.266715407371521
320.0,0.16879783800015083,0.05832596402615309,5.231976329781148,1.1087479339196131,0.11087479339196132,0.16879783800015083,0.05792304386313145,0.05792304386313145,0.01706322468817234,0.01725943572819233,0.019263025373220444,0.0179604385048151,0.028976572677493095,0.0633874163031578,0.09345954656600952,0.20923805236816406
321.0,0.1707169132737013,0.07043647882528603,5.445449140544399,1.1097313853410573,0.11097313853410574,0.1707169132737013,0.059743774051849656,0.059743774051849656,0.01690642535686493,0.017134621739387512,0.019244959577918053,0.01723508909344673,0.027975525707006454,0.05878927931189537,0.09553898125886917,0.3106669485569
322.0,0.1804557775075619,0.06210792833007872,5.329458237623033,1.1338672637939453,0.11338672637939452,0.1804557775075619,0.0670690519305376,0.0670690519305376,0.017016399651765823,0.0170981977134943,0.01919487863779068,0.017843855544924736,0.0288598220795393,0.06321825832128525,0.08520259708166122,0.24842941761016846
323.0,0.18195835329019105,0.07714029005728662,5.4638879069373765,1.1073310879560618,0.1107331087956062,0.18195835329019105,0.07122524139972833,0.07122524139972833,0.01736321486532688,0.01749400421977043,0.01969948038458824,0.017472852021455765,0.02883412316441536,0.060656849294900894,0.10069961845874786,0.3549021780490875
324.0,0.17764008618318117,0.059390859911218286,5.328687214088987,1.1278799359615033,0.11278799359615031,0.17764008618318117,0.06485208954948646,0.06485208954948646,0.017000293359160423,0.017240876331925392,0.01922418735921383,0.017872443422675133,0.028829706832766533,0.06286484003067017,0.09114743024110794,0.22094710171222687
325.0,0.1765679235641773,0.06344961351715028,5.393589802743555,1.1305832862854004,0.11305832862854003,0.1765679235641773,0.06350959192674893,0.06350959192674893,0.016830306500196457,0.01743849366903305,0.019378287717700005,0.017562363296747208,0.028558243066072464,0.06018427386879921,0.09660579264163971,0.25103914737701416
326.0,0.19065310118290094,0.054270561784505844,5.186411714193341,1.1535056898227105,0.11535056898227106,0.19065310118290094,0.07530253036664082,0.07530253036664082,0.016915524378418922,0.016894815489649773,0.01893685758113861,0.017502786591649055,0.02769281528890133,0.05970419943332672,0.08810240030288696,0.18841509521007538
327.0,0.17741194711281702,0.046592263504862785,5.3987153008340965,1.1843920854421763,0.11843920854421763,0.17741194711281702,0.05897273467137264,0.05897273467137264,0.01670452393591404,0.01687796786427498,0.01878182590007782,0.017160089686512947,0.027696799486875534,0.05897395685315132,0.07987008988857269,0.13667285442352295
328.0,0.18054573581768915,0.05021506850607693,5.3725709131932105,1.1577215790748596,0.11577215790748598,0.18054573581768915,0.06477357590427765,0.06477357590427765,0.016467368230223656,0.016748441383242607,0.018699925392866135,0.01715146377682686,0.027662398293614388,0.05879627540707588,0.08590789139270782,0.1602867841720581
329.0,0.18013066168014819,0.05105913965962827,5.334480442323222,1.1700651278862586,0.11700651278862587,0.18013066168014819,0.06312414946464392,0.06312414946464392,0.016927316784858704,0.016890129074454308,0.019058100879192352,0.017598705366253853,0.02874073199927807,0.06354440748691559,0.08676868677139282,0.15894503891468048
330.0,0.18657445735656297,0.07268387055955827,5.362171689691654,1.1528604626655579,0.1152860462665558,0.18657445735656297,0.07128841014435658,0.07128841014435658,0.017210643738508224,0.017547599971294403,0.01964474469423294,0.017712609842419624,0.02833348512649536,0.058304354548454285,0.0915418416261673,0.33117568492889404
331.0,0.1892703748666323,0.059199287090450525,5.424472853031497,1.1579868610088642,0.11579868610088642,0.1892703748666323,0.073471689166931,0.073471689166931,0.017136719077825546,0.017282109707593918,0.01931643858551979,0.017924200743436813,0.02908961847424507,0.06365402042865753,0.09412208944559097,0.21506910026073456
332.0,0.17751512504540956,0.08769582374952734,5.404856571165725,1.093676473085697,0.10936764730856968,0.17751512504540956,0.06814747475660764,0.06814747475660764,0.017178211361169815,0.017493778839707375,0.01975887455046177,0.017415402457118034,0.028896696865558624,0.05996457487344742,0.10023576766252518,0.44062328338623047
333.0,0.18756411912349555,0.053229731507599354,5.4303798044988945,1.1137586419398968,0.11137586419398969,0.18756411912349555,0.07618825424175996,0.07618825424175996,0.01696532964706421,0.016952596604824066,0.0191560797393322,0.0177466943860054,0.029124807566404343,0.06433665007352829,0.09089531749486923,0.1706603765487671
334.0,0.1816968871996953,0.12714577582664788,5.582471056910775,1.0701220906697786,0.10701220906697784,0.1816968871996953,0.07468467492323655,0.07468467492323655,0.01965678483247757,0.020001165568828583,0.022630350664258003,0.019417010247707367,0.03419315814971924,0.07742400467395782,0.14176566898822784,0.6820780634880066
335.0,0.19185126802096,0.10706889373250306,5.516239121374581,1.0413299294618459,0.1041329929461846,0.19185126802096,0.08771827071905136,0.08771827071905136,0.01904735341668129,0.019449399784207344,0.02125832997262478,0.019768444821238518,0.03360310196876526,0.07432274520397186,0.11778634786605835,0.551315426826477
336.0,0.1860491639146438,0.1391083593480289,5.606658157217025,1.0229586431613336,0.10229586431613333,0.1860491639146438,0.08375329868151592,0.08375329868151592,0.02048710733652115,0.020746100693941116,0.023517604917287827,0.020187225192785263,0.03618500381708145,0.0847754180431366,0.1567608118057251,0.7502076029777527
337.0,0.18776749361019868,0.09179870411753654,5.5089572956451605,1.0318167851521418,0.10318167851521419,0.18776749361019868,0.08458581051001182,0.08458581051001182,0.018020780757069588,0.01828882098197937,0.020202336832880974,0.01869744434952736,0.03166266158223152,0.07134415209293365,0.11104413121938705,0.44512930512428284
338.0,0.1951617793394969,0.10514168557710946,5.534796436395032,1.1085311495340788,0.1108531149534079,0.1951617793394969,0.08430866209360269,0.08430866209360269,0.01774645783007145,0.01816374808549881,0.020497595891356468,0.017709795385599136,0.030274247750639915,0.06406968086957932,0.11486993730068207,0.5578020215034485
339.0,0.19947862109312645,0.07365677366033196,5.636294188470112,1.2180250218281379,0.1218025021828138,0.19947862109312645,0.0776761185664397,0.0776761185664397,0.017542852088809013,0.017665088176727295,0.019666049629449844,0.018229344859719276,0.02977776527404785,0.06764958053827286,0.10294826328754425,0.3157752454280853
340.0,0.1925658050637979,0.06343107554130256,5.266222401335785,1.0926559292353117,0.10926559292353118,0.1925658050637979,0.08330020809975955,0.08330020809975955,0.016457075253129005,0.016861427575349808,0.01879221573472023,0.016990158706903458,0.02729092165827751,0.057729464024305344,0.0943329706788063,0.25899437069892883
341.0,0.17917800408143264,0.07255578855983913,5.447331862813302,1.1433756466095264,0.11433756466095264,0.17917800408143264,0.06484043655487207,0.06484043655487207,0.017399782314896584,0.017226876690983772,0.01969057321548462,0.01802348904311657,0.02901972457766533,0.06375075876712799,0.09395910799503326,0.3213759958744049
342.0,0.19788252390347993,0.06303773913532495,5.369831080857514,1.1047144325879903,0.11047144325879904,0.19788252390347993,0.08741107869606751,0.08741107869606751,0.016693508252501488,0.016874268651008606,0.018875397741794586,0.01700654998421669,0.027271060273051262,0.057319074869155884,0.08730039745569229,0.26296165585517883
343.0,0.16784485142964584,0.05020659416913986,5.138505955901083,1.0781348187189836,0.10781348187189833,0.16784485142964584,0.06003136660617132,0.06003136660617132,0.01681825891137123,0.016950244084000587,0.018895458430051804,0.017664682120084763,0.028117874637246132,0.06010765582323074,0.09021652489900589,0.15288205444812775
344.0,0.18941106246067926,0.060295924777165055,5.414862389857058,1.1990599127916188,0.11990599127916189,0.18941106246067926,0.06950506940484047,0.06950506940484047,0.01649981550872326,0.016887199133634567,0.018801743164658546,0.01704859547317028,0.02725394442677498,0.05787995830178261,0.09122002869844437,0.23677611351013184
345.0,0.1904621760432537,0.05477021750994027,5.21328282932697,1.2129229055001185,0.12129229055001187,0.1904621760432537,0.06916988555055398,0.06916988555055398,0.016806388273835182,0.017008192837238312,0.01884268783032894,0.017631756141781807,0.028225772082805634,0.060792773962020874,0.08656331151723862,0.19229085743427277
346.0,0.1669069081544876,0.0831199293024838,5.267558566861312,1.0896236208768992,0.10896236208768993,0.1669069081544876,0.057944541080639914,0.057944541080639914,0.017440062016248703,0.01762971468269825,0.019921356812119484,0.01759224198758602,0.029180439189076424,0.061222631484270096,0.10441954433917999,0.3975534439086914
347.0,0.19347002529180968,0.045692409155890346,5.296526391120706,1.2000278463730445,0.12000278463730446,0.19347002529180968,0.07346723687190276,0.07346723687190276,0.01667102240025997,0.016722358763217926,0.018744325265288353,0.017369262874126434,0.027663232758641243,0.05925188958644867,0.08281811326742172,0.12629906833171844
348.0,0.17701091560033652,0.06923467037267983,5.33234023832074,1.222192447919112,0.1222192447919112,0.17701091560033652,0.05479166656732559,0.05479166656732559,0.016740866005420685,0.017046600580215454,0.019190724939107895,0.017109716311097145,0.02772848680615425,0.057283684611320496,0.0875362828373909,0.3112410008907318
349.0,0.187104959327441,0.05997758638113737,5.23704291828307,1.1350377935629625,0.11350377935629624,0.187104959327441,0.07360117882490158,0.07360117882490158,0.01706494390964508,0.01704721711575985,0.019240200519561768,0.017532076686620712,0.027946176007390022,0.05927840992808342,0.0871383473277092,0.23457331955432892
350.0,0.1606249803533921,0.04976792330853641,4.993462975489707,1.0573573181262383,0.10573573181262384,0.1606249803533921,0.05488924796764667,0.05488924796764667,0.01666135899722576,0.016939887776970863,0.01889762654900551,0.01717744767665863,0.027804559096693993,0.05847537890076637,0.08049216866493225,0.1616949588060379
351.0,0.16459614840837625,0.048697940772399306,5.217920280200065,1.0241481707646296,0.102414817076463,0.16459614840837625,0.06218132849496145,0.06218132849496145,0.016534952446818352,0.016797475516796112,0.01885087601840496,0.017283879220485687,0.027748452499508858,0.05849488824605942,0.08503548055887222,0.14883752167224884
352.0,0.1640381526488524,0.04666948947124183,5.380738747331356,1.0082763410531557,0.10082763410531558,0.1640381526488524,0.06321051688148425,0.06321051688148425,0.017129145562648773,0.01710566133260727,0.019239816814661026,0.017877019941806793,0.029075900092720985,0.06344695389270782,0.08401352167129517,0.12546789646148682
353.0,0.1652658495765466,0.04592908569611609,5.2464623715053795,1.0088081176464374,0.10088081176464374,0.1652658495765466,0.06438503729609343,0.06438503729609343,0.016772236675024033,0.01706087961792946,0.018977835774421692,0.01757289655506611,0.02786261960864067,0.059058550745248795,0.08555232733488083,0.12457533925771713
354.0,0.16104027170401353,0.05855716438964009,5.110860975105566,1.0155262786608477,0.10155262786608477,0.16104027170401353,0.05948764429642604,0.05948764429642604,0.017127249389886856,0.017101608216762543,0.019330838695168495,0.017607135698199272,0.028500866144895554,0.06080377474427223,0.08281916379928589,0.2251666784286499
355.0,0.17093567091685075,0.04863514844328165,4.941145454928422,1.088588373019145,0.10885883730191451,0.17093567091685075,0.06207683166632286,0.06207683166632286,0.016554182395339012,0.01681688241660595,0.018689284101128578,0.017208773642778397,0.027363894507288933,0.058043383061885834,0.08350628614425659,0.1508985012769699
356.0,0.1664871218112799,0.05886452249251306,5.236442537788173,1.1028683735774114,0.11028683735774113,0.1664871218112799,0.05620028307804695,0.05620028307804695,0.01709159091114998,0.017057383432984352,0.019354945048689842,0.017684953287243843,0.02852005511522293,0.061515048146247864,0.08550538122653961,0.22418682277202606
357.0,0.1669344432078875,0.0681196830701083,5.245801942047025,1.0746710575543916,0.10746710575543915,0.1669344432078875,0.05946733673604635,0.05946733673604635,0.01684197038412094,0.01720544695854187,0.019292470067739487,0.01740158535540104,0.027874726802110672,0.058023374527692795,0.089314766228199,0.29900312423706055
358.0,0.17479154467582703,0.05029137711971998,5.301875693099263,1.060354838004479,0.1060354838004479,0.17479154467582703,0.06875606053150617,0.06875606053150617,0.01682586595416069,0.016897402703762054,0.018963919952511787,0.017431208863854408,0.027991097420454025,0.0596972294151783,0.08045888692140579,0.1640654057264328
359.0,0.17257355210872796,0.08194922562688589,5.379632777666637,1.1027766099342933,0.11027766099342934,0.17257355210872796,0.06229588747597658,0.06229588747597658,0.017977707087993622,0.01794145256280899,0.02028643526136875,0.018143044784665108,0.029807422310113907,0.06449910998344421,0.10287446528673172,0.3840641677379608
360.0,0.17420150282291266,0.04517714702524245,5.275107945687564,1.1504344573387733,0.11504344573387736,0.17420150282291266,0.05915805238943834,0.05915805238943834,0.016571685671806335,0.016855737194418907,0.018655499443411827,0.017156105488538742,0.02748105488717556,0.05798732861876488,0.08042969554662704,0.1262800693511963
361.0,0.17913633584976196,0.07238712650723755,5.237789840839676,1.1518378647474141,0.11518378647474142,0.17913633584976196,0.0639525457070424,0.0639525457070424,0.01755552925169468,0.017587555572390556,0.019827205687761307,0.01771949976682663,0.029058026149868965,0.06179698184132576,0.09823857247829437,0.31731364130973816
362.0,0.16038375462477023,0.04234265093691647,4.972887892972115,1.052691331276527,0.10526913312765268,0.16038375462477023,0.055114621296525,0.055114621296525,0.016371125355362892,0.016685649752616882,0.018453724682331085,0.01696307770907879,0.027279099449515343,0.0575750507414341,0.0802965983748436,0.10511688143014908
363.0,0.15870258212089539,0.04895663447678089,5.104556222604464,1.0443608394035926,0.10443608394035928,0.15870258212089539,0.05426649577342547,0.05426649577342547,0.016795456409454346,0.016803035512566566,0.01893460564315319,0.017547916620969772,0.028222516179084778,0.06167887523770332,0.08441715687513351,0.14725351333618164
364.0,0.16647163950479948,0.06641191965900362,5.360074710333707,1.0383680073114543,0.10383680073114543,0.16647163950479948,0.06263483616595085,0.06263483616595085,0.016639087349176407,0.01700221188366413,0.01908647082746029,0.017080429941415787,0.027790727093815804,0.05749814584851265,0.0861782655119896,0.29002001881599426
365.0,0.18383172440987366,0.06881471048109233,5.442281578007639,1.0641754109125872,0.10641754109125873,0.18383172440987366,0.07741417936407603,0.07741417936407603,0.01757548749446869,0.017750021070241928,0.019528938457369804,0.018328173086047173,0.02932378463447094,0.063593290746212,0.08877784758806229,0.29564014077186584
366.0,0.17439423673428023,0.09345818217843771,5.238399478199761,1.1725596166574037,0.11725596166574039,0.17439423673428023,0.05713827334917509,0.05713827334917509,0.018374308943748474,0.01856713742017746,0.020839883014559746,0.018396472558379173,0.030799057334661484,0.06719835847616196,0.11345905810594559,0.4600311815738678
367.0,0.17132507551174897,0.05827028164640069,5.139233844329654,1.1350644597640405,0.11350644597640405,0.17132507551174897,0.057818626841673486,0.057818626841673486,0.017000164836645126,0.017175540328025818,0.019058914855122566,0.01781623065471649,0.028674250468611717,0.062151528894901276,0.090357206761837,0.21392841637134552
368.0,0.1723548901768831,0.06274509173817933,5.334126198013452,1.1515887379646301,0.11515887379646303,0.1723548901768831,0.05719601448911887,0.05719601448911887,0.01678416319191456,0.017077844589948654,0.019107090309262276,0.017183031886816025,0.02770380862057209,0.05710982158780098,0.08337912708520889,0.26361584663391113
369.0,0.17045633150981024,0.05962190916761756,5.435731074673253,1.1019181746702928,0.11019181746702927,0.17045633150981024,0.06026451289653778,0.06026451289653778,0.01730438694357872,0.017174456268548965,0.019683929160237312,0.018065690994262695,0.029283026233315468,0.06280714273452759,0.08374758064746857,0.22890906035900116
370.0,0.1881715672520491,0.07311982731334865,5.317847941248564,1.0968294991896703,0.10968294991896703,0.1881715672520491,0.07848861441016197,0.07848861441016197,0.017054514959454536,0.01729736104607582,0.01948925480246544,0.017296647652983665,0.028003638610243797,0.05772055685520172,0.0910271629691124,0.33706948161125183
371.0,0.16978971087015593,0.04218286415562034,5.374027498418504,1.0702911088099847,0.1070291108809985,0.16978971087015593,0.06276060067690335,0.06276060067690335,0.016718130558729172,0.01689552515745163,0.01881154254078865,0.01750902459025383,0.02805786207318306,0.059694547206163406,0.08433994650840759,0.09543633460998535
372.0,0.16931395691174728,0.0686682288069278,5.166430101365047,1.0644029080867767,0.1064402908086777,0.16931395691174728,0.0628736661030696,0.0628736661030696,0.016723256558179855,0.01712413690984249,0.019212789833545685,0.01715177670121193,0.027823440730571747,0.05723845586180687,0.09088606387376785,0.30318590998649597
373.0,0.18065801033606896,0.048398181796073914,5.411491710101453,1.0923916491178365,0.10923916491178365,0.18065801033606896,0.07141884530966099,0.07141884530966099,0.01682845875620842,0.016926351934671402,0.018895385786890984,0.017479026690125465,0.027731701731681824,0.05896920710802078,0.08288945257663727,0.14746586978435516
374.0,0.17431353605710542,0.040612847777083516,5.3677204082719765,1.164059565617488,0.11640595656174879,0.17431353605710542,0.05790757817717699,0.05790757817717699,0.016664903610944748,0.01707843691110611,0.018749184906482697,0.017275359481573105,0.02779671736061573,0.05815376341342926,0.0823015496134758,0.08688286691904068
375.0,0.1711306910102184,0.04825943126343191,5.377407963049368,1.0995543553278997,0.10995543553278994,0.1711306910102184,0.0611752552481798,0.0611752552481798,0.016901103779673576,0.01732231304049492,0.019225263968110085,0.017598586156964302,0.02827421948313713,0.05815983936190605,0.08047062158584595,0.14812350273132324
376.0,0.168882171695049,0.07624752703122795,5.5270818551448135,1.063258184836461,0.10632581848364611,0.168882171695049,0.06255635089026047,0.06255635089026047,0.01747245155274868,0.01765715889632702,0.0198711808770895,0.017569832503795624,0.029012281447649002,0.061061471700668335,0.09809359908103943,0.349242240190506
377.0,0.17517359325518975,0.05122987576760352,5.40381807024286,1.1115574469933143,0.11115574469933143,0.17517359325518975,0.06401784546100177,0.06401784546100177,0.016688238829374313,0.01717340387403965,0.019010351970791817,0.017410894855856895,0.027841541916131973,0.05832892656326294,0.08372002840042114,0.1696656197309494
378.0,0.17412050297627082,0.05143406125716865,5.594756287552739,1.126117637524238,0.11261176375242378,0.17412050297627082,0.06150874065665098,0.06150874065665098,0.01711181178689003,0.017272988334298134,0.01903248019516468,0.017687588930130005,0.02861720137298107,0.06173481047153473,0.08506345003843307,0.16495215892791748
379.0,0.1696397364139557,0.0646307822316885,5.396795869270974,1.071359063570316,0.1071359063570316,0.1696397364139557,0.0625038267328189,0.0625038267328189,0.017091095447540283,0.01727263815701008,0.019441844895482063,0.01731356419622898,0.028006551787257195,0.05837499722838402,0.09110159426927567,0.2684439718723297
380.0,0.16737442807509348,0.10447180480696261,5.559225860974412,1.077373600923098,0.1077373600923098,0.16737442807509348,0.059637065833577745,0.059637065833577745,0.018722645938396454,0.01896587759256363,0.020759079605340958,0.019486358389258385,0.0329611599445343,0.07184427976608276,0.10790478438138962,0.5451302528381348
381.0,0.18161087655104124,0.055604126304388046,5.578684585828744,1.101981873695667,0.11019818736956671,0.18161087655104124,0.07141268883760159,0.07141268883760159,0.016556495800614357,0.016875259578227997,0.01888585276901722,0.017127230763435364,0.02714688703417778,0.056274183094501495,0.0847434476017952,0.20722365379333496
382.0,0.1828618307526295,0.05066126864403486,5.579954303066653,1.1864556670188904,0.11864556670188905,0.1828618307526295,0.06421626072663528,0.06421626072663528,0.016681740060448647,0.016789371147751808,0.018715230748057365,0.01718229614198208,0.027696121484041214,0.05905087664723396,0.07710937410593033,0.1720651388168335
383.0,0.17137097624632028,0.07216476835310459,5.340188743824062,1.1475549340248108,0.11475549340248106,0.17137097624632028,0.05661547800096182,0.05661547800096182,0.016871348023414612,0.01720571331679821,0.019510911777615547,0.017255904152989388,0.02784240059554577,0.056985050439834595,0.08898089826107025,0.33266592025756836
384.0,0.17888173804833338,0.07292652525939047,5.593370679907095,1.0930972832899828,0.10930972832899827,0.17888173804833338,0.06957200857309195,0.06957200857309195,0.017490921542048454,0.017719564959406853,0.019481195136904716,0.01814158819615841,0.029689306393265724,0.0645403265953064,0.09278569370508194,0.3235636055469513
385.0,0.164983610694225,0.06525824125856161,5.395414169161247,1.0153951621972597,0.10153951621972598,0.164983610694225,0.06344409201007623,0.06344409201007623,0.01679624617099762,0.017136290669441223,0.019234415143728256,0.017266862094402313,0.027684807777404785,0.05649736151099205,0.08518452197313309,0.28226542472839355
386.0,0.17014874288669,0.06697694887407124,5.646510728818894,1.0239785359455988,0.1023978535945599,0.17014874288669,0.06775088937809834,0.06775088937809834,0.017137223854660988,0.01741921901702881,0.018939869478344917,0.017733503133058548,0.02881251461803913,0.06341657042503357,0.09419078379869461,0.27816590666770935
387.0,0.17396675795316696,0.05622525163926184,5.616029365879773,1.028980553150177,0.1028980553150177,0.17396675795316696,0.07106870427154578,0.07106870427154578,0.016778254881501198,0.01693205162882805,0.019102316349744797,0.017005646601319313,0.0274802315980196,0.056716177612543106,0.08123302459716797,0.2145543098449707
388.0,0.16643205571633118,0.09478549240157008,5.562282243555637,1.0535541291420276,0.10535541291420278,0.16643205571633118,0.06107663950667931,0.06107663950667931,0.01855289191007614,0.018948359414935112,0.020531702786684036,0.019336098805069923,0.03218778222799301,0.0696399137377739,0.10583611577749252,0.473251074552536
389.0,0.17802778230263636,0.09083398710936308,5.5786047590215215,1.0686162251692553,0.1068616225169255,0.17802778230263636,0.07116616015823987,0.07116616015823987,0.01747063733637333,0.017729399725794792,0.02021809294819832,0.017462391406297684,0.029524311423301697,0.06267819553613663,0.10904361307621002,0.45254525542259216
390.0,0.16837091743946075,0.08452431275509298,5.669071020417605,1.0345540367639983,0.1034554036763998,0.16837091743946075,0.06491551233025697,0.06491551233025697,0.017985407263040543,0.018291164189577103,0.019797172397375107,0.01865558885037899,0.03083397075533867,0.0665045902132988,0.0972030758857727,0.4069235324859619
391.0,0.17630390994823897,0.06958844303153455,5.773542784864399,1.0477341344723334,0.10477341344723336,0.17630390994823897,0.07153049140022351,0.07153049140022351,0.016857687383890152,0.017383649945259094,0.019440991804003716,0.0173327699303627,0.028134148567914963,0.05661311745643616,0.08723365515470505,0.3137115240097046
392.0,0.17260558330095732,0.056487522553652525,5.78464638491241,1.0474088833882258,0.10474088833882261,0.17260558330095732,0.06786469370126724,0.06786469370126724,0.017089318484067917,0.01707657426595688,0.018962295725941658,0.01762818917632103,0.028532715514302254,0.06183042377233505,0.08479924499988556,0.20598141849040985
393.0,0.17666354660804456,0.07184673356823623,5.707774626158211,1.0547040013166575,0.10547040013166574,0.17666354660804456,0.07119314257915203,0.07119314257915203,0.016908371821045876,0.01739485003054142,0.019576767459511757,0.017469679936766624,0.028321566060185432,0.05658606439828873,0.08782928436994553,0.3306872844696045
394.0,0.178447330227265,0.054625671124085784,5.596290051468812,1.1029129532667308,0.11029129532667309,0.178447330227265,0.0681560317484232,0.0681560317484232,0.01703314483165741,0.01703490875661373,0.01916682906448841,0.017617130652070045,0.028664760291576385,0.06171342357993126,0.08135884255170822,0.1944163292646408
395.0,0.17652080609248236,0.07223531557247043,5.5111736051798905,1.0891681909561157,0.10891681909561159,0.17652080609248236,0.06760398470438443,0.06760398470438443,0.017028402537107468,0.017426203936338425,0.019569402560591698,0.017501991242170334,0.0281077828258276,0.056197043508291245,0.08710747957229614,0.3349442183971405
396.0,0.17033750621172097,0.06229964387603104,5.543538783846096,1.0163844365340013,0.10163844365340012,0.17033750621172097,0.06869906172729455,0.06869906172729455,0.017375756055116653,0.017278864979743958,0.019745349884033203,0.018004396930336952,0.029583077877759933,0.06318370997905731,0.08465531468391418,0.24857068061828613
397.0,0.1742443751830321,0.06200857739895582,5.530649634220085,1.0530152756434221,0.1053015275643422,0.1742443751830321,0.06894284716019264,0.06894284716019264,0.01681370660662651,0.017350006848573685,0.019417207688093185,0.017516542226076126,0.02807486802339554,0.05705026537179947,0.08650470525026321,0.25334131717681885
398.0,0.17343541693228942,0.051889293594285846,5.541301163680921,1.0289686505611126,0.10289686505611127,0.17343541693228942,0.07053855032874988,0.07053855032874988,0.017101570963859558,0.017125753685832024,0.019309204071760178,0.01777816191315651,0.028935398906469345,0.06166465952992439,0.08136007934808731,0.17183952033519745
399.0,0.17522651358292654,0.09206757927313447,5.590120710699235,1.0591177413096795,0.10591177413096793,0.17522651358292654,0.06931473629978988,0.06931473629978988,0.01771882176399231,0.018027739599347115,0.020337535068392754,0.017794042825698853,0.02953469008207321,0.061894576996564865,0.1077377051115036,0.46349552273750305
400.0,0.1675563517671365,0.06204009125940502,5.494808732090126,0.9895302951335907,0.09895302951335908,0.1675563517671365,0.06860332276958686,0.06860332276958686,0.01692557893693447,0.017212972044944763,0.018990496173501015,0.017625901848077774,0.028513459488749504,0.06156550720334053,0.0911630392074585,0.24432377517223358
401.0,0.16842150344298437,0.11370311980135739,5.615653890762183,0.998173523407716,0.09981735234077159,0.16842150344298437,0.06860415064371549,0.06860415064371549,0.01876104436814785,0.018993372097611427,0.02168595977127552,0.01861889287829399,0.03203989192843437,0.07030361890792847,0.12614184617996216,0.6030803322792053
402.0,0.16955024290543336,0.0775566641241312,5.526639150125476,0.9832150936126709,0.09832150936126707,0.16955024290543336,0.07122873443250473,0.07122873443250473,0.017689524218440056,0.017916716635227203,0.019632762297987938,0.018438154831528664,0.030029097571969032,0.06418179720640182,0.09164688736200333,0.3609183728694916
403.0,0.16579356961525404,0.08923286688514054,5.439083182865788,0.98025804070326,0.098025804070326,0.16579356961525404,0.06776776479986998,0.06776776479986998,0.018137888982892036,0.01829264685511589,0.020587606355547905,0.01817725971341133,0.02976703830063343,0.06378781795501709,0.10942918807268143,0.4356834888458252
404.0,0.16685658120192015,0.055512974970042706,5.439404128494996,1.024495766713069,0.10244957667130693,0.16685658120192015,0.06440700318377751,0.06440700318377751,0.01690632663667202,0.01734304241836071,0.018951626494526863,0.017497312277555466,0.027965305373072624,0.05908006429672241,0.08508279174566269,0.20127733051776886
405.0,0.17074620952973,0.06604862329550087,5.4379909883463124,1.0189613149716303,0.101896131497163,0.17074620952973,0.06885007482308608,0.06885007482308608,0.017118392512202263,0.01706850714981556,0.019363416358828545,0.017536215484142303,0.02834469825029373,0.05938113108277321,0.07892384380102158,0.2906527817249298
406.0,0.16582046964993843,0.09179924963973463,5.1298862244046335,1.0405226189356584,0.10405226189356584,0.16582046964993843,0.06176820798562123,0.06176820798562123,0.017582891508936882,0.017854608595371246,0.02028803527355194,0.017754843458533287,0.02918737567961216,0.05896557867527008,0.09768541902303696,0.47507524490356445
407.0,0.18618483612170586,0.05213100672699511,5.578830532376125,1.0428657233715057,0.10428657233715058,0.18618483612170586,0.08189826172131759,0.08189826172131759,0.016948560252785683,0.017094263806939125,0.0191825982183218,0.017486969009041786,0.02806342951953411,0.05712975561618805,0.07416278123855591,0.18697969615459442
408.0,0.1626704868215781,0.08733275975100696,5.121591583193941,1.0808612062380865,0.10808612062380862,0.1626704868215781,0.05458436591120867,0.05458436591120867,0.017283596098423004,0.017605701461434364,0.020044544711709023,0.017460625618696213,0.028808558359742165,0.058106642216444016,0.09607779234647751,0.4432746171951294
409.0,0.19176789201222932,0.04834055295214057,5.5921066901201835,1.1194242238998413,0.11194242238998411,0.19176789201222932,0.0798254686479385,0.0798254686479385,0.016855493187904358,0.01703900657594204,0.019048359245061874,0.01742551103234291,0.02797897718846798,0.05736676603555679,0.07415806502103806,0.15685224533081055
410.0,0.15881354017899588,0.08481727237813175,5.13084009802328,1.0738898469851568,0.10738898469851567,0.15881354017899588,0.05142455347455465,0.05142455347455465,0.017526419833302498,0.017817864194512367,0.020193232223391533,0.017677681520581245,0.028956377878785133,0.05890144407749176,0.0970190018415451,0.42044615745544434
411.0,0.18226676033093378,0.05234123254194856,5.413629488863653,1.0502440149967487,0.10502440149967486,0.18226676033093378,0.07724235550715373,0.07724235550715373,0.016962019726634026,0.017128825187683105,0.019217245280742645,0.01749381795525551,0.02803165279328823,0.057364966720342636,0.07717312127351761,0.1853582113981247
412.0,0.15853239022768462,0.07651886832900345,5.06467246021804,1.0811516573795905,0.10811516573795904,0.15853239022768462,0.0504172220826149,0.0504172220826149,0.017047284170985222,0.017446763813495636,0.01976289227604866,0.017381154000759125,0.028569288551807404,0.056671708822250366,0.08630852401256561,0.3689633309841156
413.0,0.18514271481679037,0.0440357003826648,5.544560157440074,1.0593617787727942,0.10593617787727941,0.18514271481679037,0.07920653430315164,0.07920653430315164,0.016972754150629044,0.017152603715658188,0.019190767779946327,0.017623931169509888,0.028186757117509842,0.05825822427868843,0.07870802283287048,0.1161925420165062
414.0,0.1587583634715814,0.07235252135433257,5.361593220219357,1.0784631096399748,0.1078463109639975,0.1587583634715814,0.050912050530314445,0.050912050530314445,0.017238792032003403,0.01755414344370365,0.019800564274191856,0.01759985089302063,0.028499661013484,0.05684357136487961,0.08630861341953278,0.3349749743938446
415.0,0.16613624703425628,0.04864974762313068,5.540049155115477,1.0499704755269563,0.10499704755269564,0.16613624703425628,0.061139196157455444,0.061139196157455444,0.017113355919718742,0.017225852236151695,0.01958741620182991,0.017941921949386597,0.02874893508851528,0.060373879969120026,0.08279608190059662,0.14541053771972656
