epoch,train_loss,val_window_mae_kwh,grad_norm,l_state,w_state,w_boundary,w_prior,w_dynamics,dynamics_residual_mae,loss,l_window,l_boundary,dynamics_residual_rmse,w_window,l_prior,l_dynamics,val_mae_soc_event_0.1,val_mae_soc_event_0.2,val_mae_soc_event_0.5,val_mae_time_60s,val_mae_time_120s,val_mae_time_300s,val_mae_time_600s,val_mae_full_trip
0.0,2.0922534419940066,0.06394848111085594,0.892352292202365,19.55755875660823,1.9557558756608227,0.0,0.00021447405432319593,0.0,0.014493540574151736,2.0922534419940066,0.13628310022445825,0.0,0.0189004372088955,0.13628310022445825,0.002144740543231959,0.0003794835602792983,0.013377098366618156,0.014103167690336704,0.015115317888557911,0.013603191822767258,0.021850669756531715,0.044601183384656906,0.07991345226764679,0.30902376770973206
1.0,1.9861819881659288,0.10203181207180023,1.0855862786897514,19.17778198535626,1.9177781985356257,0.0,0.0031369576481385876,0.0,0.019644528699035827,1.9861819881659288,0.06526682396920827,0.0,0.02955388643134099,0.06526682396920827,0.03136957648138587,0.0010091563610610766,0.014123114757239819,0.014747613109648228,0.016600243747234344,0.01383218728005886,0.024034881964325905,0.050826121121644974,0.0904545709490776,0.5916357636451721
2.0,1.857673209447127,0.05118475074414164,1.2904805971000959,17.823274539067196,1.7823274539067195,0.0,0.004475537802164371,0.0,0.044053956579703554,1.857673209447127,0.0708702109180964,0.0,0.11455713728299508,0.0708702109180964,0.04475537802164371,0.014938018248917965,0.012054657563567162,0.012653721496462822,0.014025569893419743,0.012400280684232712,0.020061679184436798,0.038345370441675186,0.06585395336151123,0.23408277332782745
3.0,1.7080780634513268,0.042518761241808534,1.2403726548053802,16.387289414039024,1.6387289414039026,0.0,0.004062699533712405,0.0,0.10620341937129314,1.7080780634513268,0.06528637787470451,0.0,0.2971636148599478,0.06528637787470451,0.04062699533712406,0.08941880384316811,0.011807640083134174,0.012355109676718712,0.013753612525761127,0.012242833152413368,0.019852127879858017,0.03660194203257561,0.06585286557674408,0.16768395900726318
4.0,1.5857145832135127,0.07151789194904268,1.283159413959178,15.253322748037485,1.5253322748037486,0.0,0.005412984238221096,0.0,0.17015303728672174,1.5857145832135127,0.054969314772349134,0.0,0.4501257034448477,0.054969314772349134,0.054129842382210955,0.20768561558081552,0.01266366709023714,0.013207542710006237,0.014837573282420635,0.01277290191501379,0.021411724388599396,0.041806165128946304,0.07540944218635559,0.38003411889076233
5.0,1.518196151806758,0.04712684848345816,1.4171428041498284,14.45434229190533,1.445434229190533,0.0,0.0037904180443057646,0.0,0.1977236385528858,1.518196151806758,0.06897148217719334,0.0,0.5306207721049969,0.06897148217719334,0.03790418044305765,0.29202805344875044,0.012285232543945312,0.01290201023221016,0.014181865379214287,0.012470260262489319,0.020187649875879288,0.03957286849617958,0.0671280100941658,0.19828689098358154
6.0,1.4562615018624525,0.06130911270156503,1.4724524427662504,13.931921225327711,1.3931921225327715,0.0,0.004188183494485342,0.0,0.19889877220759025,1.4562615018624525,0.058881127347166724,0.0,0.5728729069232941,0.058881127347166724,0.04188183494485342,0.3387882182231316,0.012707803398370743,0.013290063478052616,0.014750996604561806,0.01277413684874773,0.021008968353271484,0.04150862991809845,0.07402557879686356,0.30040672421455383
7.0,1.423690690444066,0.04944345320109278,1.6449382842545504,13.479545996739315,1.3479545996739313,0.0,0.002921728173700663,0.0,0.1903430578800348,1.423690690444066,0.07281431168890916,0.0,0.6064276695251465,0.07281431168890916,0.029217281737006627,0.3736837196808595,0.012731886468827724,0.013409268110990524,0.014415133744478226,0.012997357174754143,0.020623229444026947,0.041782185435295105,0.0721234679222107,0.20746509730815887
8.0,1.3860878669298613,0.04311377985868603,1.7401954767064607,13.216964648320126,1.3216964648320124,0.0,0.0029375925588493164,0.0,0.20271342190412375,1.3860878669298613,0.06145378288168173,0.0,0.6517574053544265,0.06145378288168173,0.029375925588493165,0.432466406088609,0.01227359939366579,0.012855356559157372,0.014125491492450237,0.012432624585926533,0.020110128447413445,0.03935464099049568,0.0687270388007164,0.16503135859966278
9.0,1.3692075518461375,0.044293995131738484,1.8373990684532504,13.03504518362192,1.303504518362192,0.0,0.00328090527596382,0.0,0.21019439972363985,1.3692075518461375,0.06242210002472767,0.0,0.6718565913347098,0.06242210002472767,0.0328090527596382,0.4594889008081876,0.012598252855241299,0.013239799998700619,0.014225521124899387,0.012910952791571617,0.020572565495967865,0.040680307894945145,0.072348453104496,0.16777610778808594
10.0,1.3515460720429053,0.061214678920805454,1.8124441893392762,12.893283000359169,1.2893283000359168,0.0,0.004633247032045172,0.0,0.21266299486160278,1.3515460720429053,0.057584519569690414,0.0,0.680674108175131,0.057584519569690414,0.04633247032045172,0.47208200509731585,0.012576627545058727,0.013142561540007591,0.014625326730310917,0.012641634792089462,0.02079843543469906,0.04083460941910744,0.072878398001194,0.30221983790397644
11.0,1.3516382666734548,0.06089643680024892,1.8994228184851407,12.777059628413273,1.2777059628413276,0.0,0.003641211098203293,0.0,0.2085098188657027,1.3516382666734548,0.0702910777181387,0.0,0.684633562198052,0.0702910777181387,0.036412110982032925,0.4799131521811852,0.013151776045560837,0.013861664570868015,0.01487247459590435,0.01353118009865284,0.021655436605215073,0.04333488643169403,0.07821620255708694,0.2885478734970093
12.0,1.3276516841008112,0.07033965829759836,1.6813063463505822,12.61271278674786,1.2612712786747862,0.0,0.004628131706983997,0.0,0.2042922996557676,1.3276516841008112,0.061752258155208364,0.0,0.6606217599832095,0.061752258155208364,0.04628131706983997,0.4486588159432778,0.012718395330011845,0.013282726518809795,0.014863505028188229,0.012746837921440601,0.021235357969999313,0.04208732768893242,0.07556889206171036,0.37021422386169434
13.0,1.3241708691303546,0.04899863398168236,1.8772757979532528,12.483598929185133,1.2483598929185133,0.0,0.004809465947059485,0.0,0.1925173012109903,1.3241708691303546,0.07100147324112746,0.0,0.6134659579166999,0.07100147324112746,0.048094659470594846,0.3880216032266617,0.012905780225992203,0.01360834576189518,0.014670489355921745,0.013264019973576069,0.021279633045196533,0.04205590859055519,0.07490897178649902,0.19929592311382294
14.0,1.286784630555373,0.06877137266565114,1.720153536031272,12.218639337099516,1.2218639337099517,0.0,0.004996308200777724,0.0,0.19273850780266982,1.286784630555373,0.059924364663087405,0.0,0.5772337432091053,0.059924364663087405,0.04996308200777723,0.3459191138927753,0.012644020840525627,0.013211948797106743,0.014750566333532333,0.01268939021974802,0.021149475127458572,0.04178263619542122,0.07539790868759155,0.3585450351238251
15.0,1.2789173928590922,0.044509596773423254,1.8313407657078749,12.031697896810678,1.2031697896810678,0.0,0.005384028287461171,0.0,0.1902027170245464,1.2789173928590922,0.07036356169443864,0.0,0.549527067404527,0.07036356169443864,0.053840282874611706,0.313655823469162,0.012481456622481346,0.013089301995933056,0.014242653734982014,0.012842482887208462,0.02065189927816391,0.039945088326931,0.06995122879743576,0.1728726625442505
16.0,1.2317441059992864,0.04560540313832462,1.7334682434160273,11.708473975841816,1.1708473975841815,0.0,0.00486194440521873,0.0,0.20124409462396914,1.2317441059992864,0.05603473604871677,0.0,0.5674172846170572,0.05603473604871677,0.048619444052187294,0.3349794286947984,0.012243739329278469,0.01282215490937233,0.014237763360142708,0.012437579222023487,0.020695671439170837,0.03992776945233345,0.06936659663915634,0.18311195075511932
17.0,1.2025615710478563,0.045437073917128146,1.8717526797747168,11.402360292581411,1.140236029258141,0.0,0.0047347067497097535,0.0,0.2102886363863945,1.2025615710478563,0.057590808146275006,0.0,0.5612057057710794,0.057590808146275006,0.04734706749709753,0.3249334658567722,0.012828400358557701,0.013500969856977463,0.014657329767942429,0.013188076205551624,0.021401027217507362,0.041596852242946625,0.07264255732297897,0.173681378364563
18.0,1.172490193293645,0.053937822580337524,1.8962699715322975,11.106006475595327,1.1106006475595327,0.0,0.005106272390828683,0.0,0.2194775675351803,1.172490193293645,0.05678326264023781,0.0,0.5881129159377172,0.05678326264023781,0.051062723908286825,0.35794227169110227,0.012441106140613556,0.013053267262876034,0.01454519759863615,0.012616241350769997,0.021261032670736313,0.041406966745853424,0.07136742770671844,0.24481134116649628
19.0,1.130870019014065,0.044985253596678376,1.9673212319967215,10.688389484698956,1.0688389484698957,0.0,0.005130931047292856,0.0,0.23352372646331787,1.130870019014065,0.05690012757594769,0.0,0.60351434808511,0.05690012757594769,0.05130931047292856,0.37490327197771806,0.013007227331399918,0.013693323358893394,0.0148705393075943,0.013341249898076057,0.021882330998778343,0.04215840995311737,0.07302556931972504,0.1679033786058426
20.0,1.111155553505971,0.0860434778733179,2.069407919707084,10.506670750104464,1.0506670750104465,0.0,0.006061388838749666,0.0,0.24194687604904175,1.111155553505971,0.054427071259571955,0.0,0.6446602390362666,0.054427071259571955,0.06061388838749666,0.431269041620768,0.013022216968238354,0.013540556654334068,0.015418736264109612,0.012980332598090172,0.02228221856057644,0.045768048614263535,0.08086007088422775,0.48447564244270325
21.0,1.0758606493473053,0.043445714516565204,2.0891664871375792,9.996030844174898,0.9996030844174898,0.0,0.005834999007101242,0.0,0.26763465198186726,1.0758606493473053,0.07042253246674171,0.0,0.6971448293099036,0.07042253246674171,0.05834999007101242,0.5008175739875207,0.012656427919864655,0.013289798982441425,0.01449204795062542,0.012995063327252865,0.02120664343237877,0.04076322168111801,0.07045694440603256,0.16170556843280792
22.0,1.057276237469453,0.05957694596145302,2.1711815065488245,9.997564774293165,0.9997564774293166,0.0,0.005200660178581109,0.0,0.25891716892902666,1.057276237469453,0.05231909912366133,0.0,0.6910717120537391,0.05231909912366133,0.052006601785811096,0.500103051845844,0.012488046661019325,0.013096052221953869,0.014683029614388943,0.012623603455722332,0.02144741080701351,0.04191519320011139,0.07237285375595093,0.28798937797546387
23.0,1.0105866996141581,0.052216227166354656,2.1481791940980144,9.472538599601158,0.9472538599601159,0.0,0.0046265691948624765,0.0,0.28347377479076385,1.0105866996141581,0.05870627296658663,0.0,0.782011866569519,0.05870627296658663,0.04626569194862476,0.6345313695760874,0.013434462249279022,0.01416704524308443,0.0151665722951293,0.013738805428147316,0.022511882707476616,0.044183921068906784,0.07720799744129181,0.21731913089752197
24.0,0.9791799095960764,0.06262089766096324,2.0593576898825203,9.107654113035936,0.9107654113035937,0.0,0.004951070729069986,0.0,0.27185859703100645,0.9791799095960764,0.06346340678059138,0.0,0.7066660385865432,0.06346340678059138,0.04951070729069985,0.5240907760766836,0.012556441128253937,0.013155987486243248,0.014790818095207214,0.01267331000417471,0.021633652970194817,0.04272734746336937,0.07379526644945145,0.30963435769081116
25.0,0.9747117987045875,0.04356842115521431,2.4725385430395335,9.087085045300997,0.9087085045300997,0.0,0.005124597466335847,0.0,0.2681930770094578,0.9747117987045875,0.060878692051539056,0.0,0.7673257772739117,0.060878692051539056,0.051245974663358465,0.6159491080504197,0.01294704806059599,0.013623131439089775,0.014774961397051811,0.01328797172755003,0.021716753020882607,0.04174678400158882,0.07238246500492096,0.15806825459003448
26.0,0.9230156036523672,0.07332073769066483,2.274087033560571,8.624227468784039,0.8624227468784039,0.0,0.005496797044403279,0.0,0.3000317548330014,0.9230156036523672,0.055096025650317855,0.0,0.8438774393155024,0.055096025650317855,0.05496797044403278,0.740407061118346,0.012669629417359829,0.013234958983957767,0.01503339409828186,0.01273601409047842,0.021866770461201668,0.043978918343782425,0.07681603729724884,0.3902301788330078
27.0,0.9037839472293854,0.041464569862000644,1.9603563553342644,8.327575463515062,0.8327575463515061,0.0,0.005534559359344152,0.0,0.2709365510023557,0.9037839472293854,0.06549184597455539,0.0,0.6993906222856962,0.06549184597455539,0.055345593593441524,0.5176480607344554,0.012618305161595345,0.013267597183585167,0.014467418193817139,0.012972616590559483,0.021169321611523628,0.04063279554247856,0.06974240392446518,0.14684610068798065
28.0,0.9132002592086792,0.053860445972532034,2.443560311354541,8.54491323691148,0.8544913236911481,0.0,0.004971085460140154,0.0,0.24793850573209616,0.9132002592086792,0.05373783051394499,0.0,0.7209568848976722,0.05373783051394499,0.04971085460140155,0.5527346432209015,0.012284617871046066,0.012877767905592918,0.014455258846282959,0.012534961104393005,0.021114779636263847,0.040969107300043106,0.07110900431871414,0.24553807079792023
29.0,0.8467785005386059,0.04283733491320163,1.9581928746581323,7.84610418172983,0.784610418172983,0.0,0.004536711223996603,0.0,0.27368206129624295,0.8467785005386059,0.057631376127784066,0.0,0.8262437490316538,0.057631376127784066,0.04536711223996603,0.7135562140208024,0.012750411406159401,0.013412173837423325,0.014538387767970562,0.013118015602231026,0.021202897652983665,0.04076100140810013,0.07101526856422424,0.1559005230665207
30.0,0.7999444947792933,0.06174878985621035,1.810783392924797,7.387658229241004,0.7387658229241005,0.0,0.005259303032205656,0.0,0.2617885550627342,0.7999444947792933,0.05591935177262013,0.0,0.7107520699501038,0.05591935177262013,0.05259303032205655,0.5328017473220825,0.012593080289661884,0.013147158548235893,0.01487256120890379,0.01283763162791729,0.021713441237807274,0.04328596591949463,0.07501120865345001,0.30052927136421204
31.0,0.7950825026402106,0.04161802143789828,2.224266490747301,7.2857953034914456,0.7285795303491447,0.0,0.005280041651656995,0.0,0.25926824716421276,0.7950825026402106,0.06122291346008961,0.0,0.6585064851320707,0.06122291346008961,0.05280041651656994,0.4504929024439592,0.01283668726682663,0.013505316339433193,0.014614366926252842,0.013158800080418587,0.021442431956529617,0.04108024016022682,0.07056403160095215,0.1457422971725464
32.0,0.745294995032824,0.0552611913299188,1.7836968761088294,6.848086833953857,0.6848086833953857,0.0,0.005253083617068254,0.0,0.2738288709750542,0.745294995032824,0.055233218205662876,0.0,0.6963797211647034,0.055233218205662876,0.05253083617068254,0.5025406021338242,0.012604236602783203,0.013196044601500034,0.0147557333111763,0.012859752401709557,0.021563850343227386,0.04255237057805061,0.07341328263282776,0.25114426016807556
33.0,0.7156418034663568,0.04651131946593523,1.9532958617445386,6.5178543237539435,0.6517854323753944,0.0,0.005443271908622522,0.0,0.240154973589457,0.7156418034663568,0.058413063964018457,0.0,0.608169979774035,0.058413063964018457,0.05443271908622522,0.3852628813340114,0.012261356227099895,0.012885418720543385,0.014261176809668541,0.01260502077639103,0.02074957638978958,0.039939604699611664,0.06859572231769562,0.19079267978668213
34.0,0.6686066366158999,0.04381688451394439,1.7541261960059116,6.08933766071613,0.608933766071613,0.0,0.004048470465036539,0.0,0.23587752764041608,0.6686066366158999,0.05562438600911544,0.0,0.5681454470524421,0.05562438600911544,0.04048470465036539,0.33338973957758683,0.012553649954497814,0.013194050639867783,0.01432822085916996,0.012856385670602322,0.020844072103500366,0.04015471413731575,0.06759000569581985,0.16901397705078125
35.0,0.6361801693072686,0.05413275852333754,1.804777554631296,5.787086798594548,0.5787086798594548,0.0,0.0049304691143333915,0.0,0.2293349034511126,0.6361801693072686,0.052541008935524866,0.0,0.5393072985685788,0.052541008935524866,0.04930469114333391,0.3019968901689236,0.01265044417232275,0.013273024931550026,0.014779631979763508,0.01284989807754755,0.021612633019685745,0.04215710237622261,0.07160109281539917,0.24413824081420898
36.0,0.6092785871945895,0.04565843380987644,1.7951038039118505,5.481626418920664,0.5481626418920664,0.0,0.0047403591470076495,0.0,0.23862778911223778,0.6092785871945895,0.05637557317431156,0.0,0.5645077801667727,0.05637557317431156,0.04740359147007649,0.33168192437061894,0.012707119807600975,0.013370757922530174,0.014520002529025078,0.012954704463481903,0.021323727443814278,0.04055952653288841,0.0689132958650589,0.18091833591461182
37.0,0.5748051301791117,0.04935999738518149,1.8666763785081373,5.165306834074167,0.5165306834074168,0.0,0.0047452198054928054,0.0,0.2121045463360273,0.5748051301791117,0.05352921196474479,0.0,0.5001020179345057,0.05352921196474479,0.04745219805492805,0.25947534350248486,0.012593750841915607,0.013236260041594505,0.014666198752820492,0.012814677320420742,0.021442774683237076,0.04167318344116211,0.07093996554613113,0.20751316845417023
38.0,0.545673702771847,0.04249098745640367,1.7944723897401964,4.862506517997155,0.4862506517997155,0.0,0.004708210035012318,0.0,0.21403923745338732,0.545673702771847,0.05471482729682556,0.0,0.5190939674010644,0.05471482729682556,0.04708210035012318,0.28529957968455094,0.012622987851500511,0.01327041257172823,0.014407998882234097,0.012899965979158878,0.021086953580379486,0.04013192653656006,0.06858845800161362,0.1569191962480545
39.0,0.5051069305493281,0.045059399330057204,1.5902520021259008,4.468884449738723,0.44688844497387215,0.0,0.004676469042897225,0.0,0.2007854672578665,0.5051069305493281,0.05354201979935169,0.0,0.46861132979393005,0.05354201979935169,0.046764690428972244,0.22885164389243492,0.012459725141525269,0.013094193302094936,0.014506527222692966,0.012737852521240711,0.02111959457397461,0.041277870535850525,0.07034914195537567,0.17493028938770294
40.0,0.4895091045361299,0.046598042477853596,1.9345542888368834,4.289542895096999,0.4289542895096999,0.0,0.004699938493565871,0.0,0.2038736744568898,0.4895091045361299,0.05585487588093831,0.0,0.480374269760572,0.05585487588093831,0.04699938493565871,0.24095655519228715,0.0123176584020257,0.012948247604072094,0.014292284846305847,0.012611760757863522,0.020714690908789635,0.040155887603759766,0.06845565140247345,0.19128815829753876
41.0,0.4675789922475815,0.04307142423931509,1.895596374278802,4.096525366489704,0.4096525366489704,0.0,0.004025317298678252,0.0,0.20820266810747293,0.4675789922475815,0.05390113420211352,0.0,0.5056649010915023,0.05390113420211352,0.040253172986782514,0.272634313083612,0.012381549924612045,0.013010387308895588,0.01426269207149744,0.012672961689531803,0.020637964829802513,0.03993358090519905,0.0678471028804779,0.1638251543045044
42.0,0.43870208584345305,0.0434132112422958,1.845117172706127,3.8076974703715396,0.38076974703715394,0.0,0.004032842943874689,0.0,0.17632591724395752,0.43870208584345305,0.05389949751014893,0.0,0.41727654750530535,0.05389949751014893,0.04032842943874689,0.1811917504438987,0.012321878224611282,0.012937407940626144,0.014298876747488976,0.012576754204928875,0.020728331059217453,0.04046083241701126,0.06871585547924042,0.165265753865242
43.0,0.4352078288793564,0.04266960744280368,2.2515207941875053,3.7725497851004968,0.3772549785100497,0.0,0.0038804129554102047,0.0,0.18408986467581528,0.4352078288793564,0.054072425342523135,0.0,0.4269937460239117,0.054072425342523135,0.038804129554102056,0.18671042185563308,0.01232207752764225,0.012919128872454166,0.014059127308428288,0.012673906050622463,0.020203562453389168,0.039057787507772446,0.06706008315086365,0.16306118667125702
44.0,0.41282095129673296,0.04957199841737747,1.8008842524054982,3.5512658265920787,0.3551265826592079,0.0,0.004362329417982928,0.0,0.20767898857593536,0.41282095129673296,0.05333203636109829,0.0,0.5130554575186509,0.05333203636109829,0.04362329417982927,0.2818099076931293,0.012366357259452343,0.01296992413699627,0.014448666013777256,0.01263190433382988,0.020993893966078758,0.04090486839413643,0.07037265598773956,0.21188771724700928
45.0,0.42534102155612064,0.05072614992968738,2.0350192603547024,3.668199979341947,0.3668199979341947,0.0,0.004528052531755888,0.0,0.16690801427914545,0.42534102155612064,0.05399296676310209,0.0,0.3983737677335739,0.05399296676310209,0.04528052531755888,0.1669437615917279,0.012488567270338535,0.013121290132403374,0.014549720101058483,0.012597724795341492,0.021074622869491577,0.04097006842494011,0.06913761794567108,0.2218695878982544
46.0,0.414932634968024,0.062467885785736144,2.259997674080195,3.552892519877507,0.35528925198775074,0.0,0.004770111894378295,0.0,0.15239122796517152,0.414932634968024,0.05487326274697597,0.0,0.3567227812913748,0.05487326274697597,0.047701118943782955,0.1291536155801553,0.012518499977886677,0.013102421537041664,0.01474901381880045,0.012644744478166103,0.021370330825448036,0.0422351248562336,0.0732690691947937,0.3098538815975189
47.0,0.38551516143175274,0.04669151280540973,1.8583218353167947,3.2362321523519664,0.32362321523519666,0.0,0.004237725850767814,0.0,0.17418074263976172,0.38551516143175274,0.057654216312445127,0.0,0.4238351468856518,0.057654216312445127,0.042377258507678144,0.1911511289385649,0.012410711497068405,0.013017009012401104,0.014297421090304852,0.012629945762455463,0.020506707951426506,0.040198761969804764,0.06690267473459244,0.1935688704252243
48.0,0.3779704559307832,0.042612469173036516,1.9344204151720468,3.1900539123094998,0.31900539123095,0.0,0.003935915726022079,0.0,0.15112851961300924,0.3779704559307832,0.055029140785336494,0.0,0.36335575809845555,0.055029140785336494,0.03935915726022078,0.1401897448186691,0.012389778159558773,0.012979676946997643,0.014352746307849884,0.012620536610484123,0.020824160426855087,0.041041385382413864,0.06963041424751282,0.15706105530261993
49.0,0.37013827378933245,0.042543062241747975,2.0961983453164352,3.082650817357577,0.3082650817357577,0.0,0.004168594549768246,0.0,0.13776632455679086,0.37013827378933245,0.0577045871088138,0.0,0.3353687605032554,0.0577045871088138,0.04168594549768246,0.11456449358509137,0.012378951534628868,0.012976457364857197,0.01427318062633276,0.012572439387440681,0.020578527823090553,0.04049862548708916,0.06810116022825241,0.15896515548229218
50.0,0.36370923542059386,0.06951583572663367,1.9444198821234353,3.0975140058077297,0.309751400580773,0.0,0.004630581045953127,0.0,0.17170791385265496,0.36370923542059386,0.04932724827757248,0.0,0.41109713912010193,0.04932724827757248,0.04630581045953127,0.18002195083178008,0.012808065861463547,0.013373618945479393,0.01509914081543684,0.012789753265678883,0.021785836666822433,0.04405340179800987,0.07545263320207596,0.3607642352581024
51.0,0.34846745546047503,0.04395041416864842,1.880135981532777,2.846962332725525,0.2846962332725525,0.0,0.004382776511976353,0.0,0.12444094511178824,0.34846745546047503,0.05938844612011543,0.0,0.3150699035479472,0.05938844612011543,0.04382776511976352,0.10308970797520417,0.012429917231202126,0.013024249114096165,0.014231407083570957,0.01262976136058569,0.02038295939564705,0.04053424298763275,0.06854872405529022,0.16982205212116241
52.0,0.33436078979418826,0.05604523932561278,1.9361950894634985,2.7722884049782386,0.27722884049782387,0.0,0.004085251251952006,0.0,0.1388771700171324,0.33436078979418826,0.0530467014759779,0.0,0.3452912179323343,0.0530467014759779,0.04085251251952006,0.12139027909590648,0.012586806900799274,0.013170969672501087,0.014696944504976273,0.01262570545077324,0.021236477419734,0.041878391057252884,0.0716833844780922,0.2604832351207733
53.0,0.3535916736492744,0.046356584527529776,2.0913548976953455,2.955356166912959,0.29553561669129597,0.0,0.004421933897985862,0.0,0.15926365153147623,0.3535916736492744,0.05363411585298868,0.0,0.3908976935423337,0.05363411585298868,0.04421933897985862,0.16310222848103598,0.012500176206231117,0.013077906332910061,0.014448322355747223,0.012654118239879608,0.020945481956005096,0.04170976206660271,0.07101760059595108,0.18449930846691132
54.0,0.3373781918333127,0.045097470516338944,1.8357498391253058,2.7512637697733364,0.27512637697733366,0.0,0.003907136916397857,0.0,0.11937717864146599,0.3373781918333127,0.05834466706101711,0.0,0.3131124021915289,0.05834466706101711,0.03907136916397856,0.10189603698941377,0.012488925829529762,0.013085013255476952,0.014343583956360817,0.012636180967092514,0.020529981702566147,0.04087744653224945,0.06848737597465515,0.17833125591278076
55.0,0.31595567098030675,0.06860910227987915,1.884581842410618,2.616221551711743,0.26162215517117426,0.0,0.0050037368415639955,0.0,0.1321203152720745,0.31595567098030675,0.04932977588703999,0.0,0.33126044502625096,0.04932977588703999,0.05003736841563995,0.1116532958470858,0.01286274939775467,0.013352598994970322,0.015027588233351707,0.012906827963888645,0.021711235865950584,0.04508822783827782,0.07838237285614014,0.34954121708869934
56.0,0.3594454148640999,0.043156632920727134,2.1520650148490037,2.8770713072556715,0.28770713072556714,0.0,0.005076202714385895,0.0,0.14951622658050978,0.3594454148640999,0.06666208259188212,0.0,0.37885848031594205,0.06666208259188212,0.05076202714385895,0.1522083729505539,0.012530814856290817,0.013123521581292152,0.014407999813556671,0.012648159638047218,0.020718621090054512,0.04138096049427986,0.0697278380393982,0.16071514785289764
57.0,0.32709837876833403,0.05922395677771419,1.7137108786917408,2.7059868482443004,0.27059868482443006,0.0,0.004295697779609607,0.0,0.11463575924818332,0.32709837876833403,0.05220399008920559,0.0,0.3170536928451978,0.05220399008920559,0.04295697779609607,0.10531679770121208,0.012645200826227665,0.013222014531493187,0.014800864271819592,0.012648333795368671,0.021325893700122833,0.04263928905129433,0.07304845750331879,0.2834616005420685
58.0,0.32354871470194596,0.042813038104213774,2.0413368795522655,2.631486259973966,0.26314862599739663,0.0,0.004320259091372673,0.0,0.11572098617370312,0.32354871470194596,0.05607982424016182,0.0,0.29408156413298386,0.05607982424016182,0.04320259091372673,0.08782971650362015,0.012498539872467518,0.013060622848570347,0.014382797293365002,0.012573540210723877,0.020640134811401367,0.04116096720099449,0.0700172409415245,0.15817046165466309
59.0,0.33718627576644605,0.04683170514181256,2.1117021590913394,2.8059635895949144,0.2805963589594915,0.0,0.004015302858673609,0.0,0.1387201467385659,0.33718627576644605,0.05257460761528749,0.0,0.3492939288799579,0.05257460761528749,0.04015302858673609,0.1283350890645614,0.012627573683857918,0.013219110667705536,0.014623592607676983,0.012658386491239071,0.021071087568998337,0.04198767617344856,0.07062987983226776,0.18783633410930634
60.0,0.31618015468120575,0.049132361193187535,1.8010957811702053,2.612307764016665,0.2612307764016665,0.0,0.004414498433470726,0.0,0.10614102047223312,0.31618015468120575,0.05053487219489538,0.0,0.2917871234508661,0.05053487219489538,0.04414498433470726,0.0895760222696341,0.012542699463665485,0.01312191504985094,0.014525487087666988,0.012655140832066536,0.021044889464974403,0.04210370406508446,0.07180672883987427,0.2052583247423172
61.0,0.3095798595593526,0.04610439273528755,1.9456916262347272,2.4747147147472086,0.2474714714747209,0.0,0.0037524890047139848,0.0,0.11745797097682953,0.3095798595593526,0.058355893653172716,0.0,0.29625872236031753,0.058355893653172716,0.037524890047139846,0.089198360649439,0.012608678080141544,0.013209766708314419,0.014529726468026638,0.012678946368396282,0.020816735923290253,0.04147546365857124,0.06882093846797943,0.18469488620758057
62.0,0.327519423686541,0.05150090926326811,2.094511069352201,2.6877861939943752,0.2687786193994375,0.0,0.0040736609711669956,0.0,0.13221327043496645,0.327519423686541,0.05466714028555613,0.0,0.33594556840566486,0.05466714028555613,0.04073660971166996,0.11849322313299546,0.012677925638854504,0.013250511139631271,0.014686021022498608,0.012782691046595573,0.02130824141204357,0.04326929524540901,0.07325941324234009,0.22077317535877228
63.0,0.3214131456155043,0.04333547130227089,1.835330088698381,2.565801217005803,0.2565801217005803,0.0,0.004448792384937406,0.0,0.10501977113577035,0.3214131456155043,0.060384225100278854,0.0,0.2918418577084175,0.060384225100278854,0.044487923849374056,0.09038251036634812,0.01257586944848299,0.01318056508898735,0.014519594609737396,0.012666690163314342,0.02091294527053833,0.04177464172244072,0.07054077833890915,0.16051268577575684
64.0,0.29307175427675247,0.06910247844643891,1.8055983941054603,2.3674476605195265,0.23674476605195266,0.0,0.004468406701030639,0.0,0.11004594885385953,0.29307175427675247,0.05185857716088112,0.0,0.2796451197220729,0.05185857716088112,0.044684067010306396,0.0800547436452829,0.012923064641654491,0.013492542318999767,0.015189526602625847,0.012876247987151146,0.021885447204113007,0.04471123218536377,0.07584743946790695,0.3558943271636963
65.0,0.31519232117212737,0.04577209532726556,2.070232483480434,2.5309822375957785,0.2530982237595778,0.0,0.004135828715964006,0.0,0.1201436364879975,0.31519232117212737,0.05795826619634262,0.0,0.3120306512484184,0.05795826619634262,0.04135828715964006,0.10151778104213569,0.012628295458853245,0.013225145637989044,0.014448852278292179,0.01274020504206419,0.02064882218837738,0.041561711579561234,0.07002320140600204,0.18090052902698517
66.0,0.3061982857493254,0.06672788027208298,1.7249791795315006,2.476003889854138,0.2476003889854138,0.0,0.004592784529981705,0.0,0.10248347658377427,0.3061982857493254,0.05400510447529646,0.0,0.2840182059086286,0.05400510447529646,0.04592784529981705,0.08580358727620198,0.01287588756531477,0.01342739723622799,0.015092029236257076,0.012872681953012943,0.021764302626252174,0.04480027034878731,0.07655846327543259,0.33643200993537903
67.0,0.2969240913024315,0.05191550776362419,1.949504672510297,2.333890974521637,0.23338909745216369,0.0,0.00453310555850084,0.0,0.10449406218070251,0.2969240913024315,0.059001887360444434,0.0,0.26860750294648683,0.059001887360444434,0.0453310555850084,0.07397418899031785,0.0127681540325284,0.013340344652533531,0.014824103564023972,0.012710501439869404,0.021219607442617416,0.04215395450592041,0.06991372257471085,0.22839367389678955
68.0,0.31703993334220004,0.05486823315732181,2.1180328075013133,2.5273609528174767,0.2527360952817477,0.0,0.004186810015772398,0.0,0.12057222941747078,0.31703993334220004,0.060117023352247015,0.0,0.3177230197649736,0.060117023352247015,0.04186810015772398,0.10597695639500251,0.01271471381187439,0.013277409598231316,0.014790499582886696,0.012726439163088799,0.02129453793168068,0.04307517036795616,0.07370193302631378,0.24736516177654266
69.0,0.30535673006222797,0.045951095526106656,1.8249155772692136,2.446374141252958,0.24463741412529577,0.0,0.004359961680781383,0.0,0.09564243830167331,0.30535673006222797,0.05635935813188553,0.0,0.269479812337802,0.05635935813188553,0.04359961680781383,0.0768930992254844,0.01267158705741167,0.013237363658845425,0.014662396162748337,0.012658054940402508,0.020946821197867393,0.04203535616397858,0.07070697098970413,0.1806902140378952
70.0,0.28560968660391295,0.05945825472008437,1.8665249604505167,2.2828562351373525,0.22828562351373527,0.0,0.004634827418396106,0.0,0.09523837440288983,0.28560968660391295,0.05268923623057512,0.0,0.245836181136278,0.05268923623057512,0.04634827418396106,0.062366681603284985,0.012748286128044128,0.013277657330036163,0.014802689664065838,0.012779226526618004,0.021356413140892982,0.04386301711201668,0.07584933936595917,0.280989408493042
71.0,0.3123510181903839,0.04647988500073552,2.0978124945950993,2.452255680010869,0.24522556800108689,0.0,0.004346284370582838,0.0,0.11611865690121284,0.3123510181903839,0.0627791597866095,0.0,0.3090682201660596,0.0627791597866095,0.043462843705828376,0.09958649713259476,0.012657418847084045,0.013225060887634754,0.014473851770162582,0.012721196748316288,0.020590869709849358,0.0416441448032856,0.0703524574637413,0.18617407977581024
72.0,0.2914541862331904,0.06126973917707801,1.7246861930926027,2.3582269503520084,0.2358226950352009,0.0,0.00483529669447587,0.0,0.09259411692619324,0.2914541862331904,0.05079618554848891,0.0,0.2618348460931044,0.05079618554848891,0.048352966944758706,0.0728171242830845,0.012797024101018906,0.01329659204930067,0.014802034012973309,0.012826047837734222,0.021442102268338203,0.044309377670288086,0.07758437842130661,0.29310035705566406
73.0,0.2965862533220878,0.0435927085345611,1.9527633142785419,2.2562390061525197,0.225623900615252,0.0,0.004898322423776755,0.0,0.08947815688756797,0.2965862533220878,0.06606402821265735,0.0,0.23835446055118853,0.06606402821265735,0.04898322423776755,0.05915957574660961,0.01261613517999649,0.013156089000403881,0.014410431496798992,0.012675744481384754,0.020642489194869995,0.04166455566883087,0.07073891162872314,0.16283731162548065
74.0,0.29663146803012264,0.054517398471944034,2.0192598762050613,2.4074993500342736,0.24074993500342737,0.0,0.004237113040513717,0.0,0.11098321126057552,0.29663146803012264,0.05164441580955799,0.0,0.29410687318215,0.05164441580955799,0.042371130405137174,0.09048829714839275,0.012757465243339539,0.013316272757947445,0.014818309806287289,0.012745431624352932,0.02119952253997326,0.04291505739092827,0.0737462267279625,0.24464090168476105
75.0,0.2903641783274137,0.043464681948535144,1.847804414977883,2.308555538837726,0.23085555388377266,0.0,0.004376557913537209,0.0,0.08972023083613469,0.2903641783274137,0.055132062962422006,0.0,0.25336682911102587,0.055132062962422006,0.04376557913537209,0.06895225853301011,0.012615629471838474,0.013144034892320633,0.014415696263313293,0.012667087838053703,0.020660389214754105,0.041716352105140686,0.07131128758192062,0.16118697822093964
76.0,0.2743771179364278,0.045166007708758116,1.780380453093574,2.1627402213903575,0.21627402213903577,0.0,0.003970715002371715,0.0,0.09117091504427102,0.2743771179364278,0.0541323794481846,0.0,0.24155839589925912,0.0541323794481846,0.03970715002371715,0.0609530250613506,0.012709470465779305,0.01325787603855133,0.014646762982010841,0.012705456465482712,0.020908936858177185,0.04228929802775383,0.07145034521818161,0.1733599156141281
77.0,0.28426589702184385,0.04917002120055258,1.930624541771881,2.277744467441852,0.2277744467441852,0.0,0.0043526265985117515,0.0,0.10487122317919365,0.28426589702184385,0.052138821293528266,0.0,0.28395808316194093,0.052138821293528266,0.04352626598511751,0.08500870431845005,0.012708479538559914,0.013259722851216793,0.014649287797510624,0.012718059122562408,0.021081101149320602,0.04261348769068718,0.07345779985189438,0.20287223160266876
78.0,0.2856348609695068,0.04822995641734451,1.8187852913236795,2.2442220220199,0.22442220220199,0.0,0.0037487441817155255,0.0,0.08723099758991829,0.2856348609695068,0.05746391028738939,0.0,0.2432854026556015,0.05746391028738939,0.03748744181715525,0.06357853773694772,0.012714095413684845,0.013296904042363167,0.014599921181797981,0.012765944935381413,0.02080165408551693,0.041939884424209595,0.06997563689947128,0.19974561035633087
79.0,0.2675867728315867,0.06606027507223189,1.7152436974179297,2.097235395358159,0.20972353953581593,0.0,0.004797776659520773,0.0,0.09128757566213608,0.2675867728315867,0.053065451578452036,0.0,0.2472267999098851,0.053065451578452036,0.04797776659520773,0.06407509457606536,0.013034348376095295,0.01354859210550785,0.015160733833909035,0.01302556786686182,0.021875031292438507,0.045938193798065186,0.07889986038208008,0.32699987292289734
80.0,0.29584376972455245,0.045338721363805234,1.9852770042641743,2.249272374006418,0.22492723740064186,0.0,0.005125513533130288,0.0,0.09921336747132815,0.29584376972455245,0.06579101601472268,0.0,0.26806485882172215,0.06579101601472268,0.05125513533130288,0.07635972476922549,0.012733635492622852,0.013302663341164589,0.014686645939946175,0.012742266058921814,0.02104349248111248,0.042530614882707596,0.0714808851480484,0.17418956756591797
81.0,0.274465000973298,0.060109300655312836,1.7429334992038836,2.179802812062777,0.2179802812062777,0.0,0.0043696937366173826,0.0,0.08395085025292176,0.274465000973298,0.05211502213317614,0.0,0.23595431332404798,0.05211502213317614,0.04369693736617382,0.06031249277293682,0.012841514311730862,0.013423115946352482,0.015002870932221413,0.012797934003174305,0.02153877727687359,0.04340168461203575,0.07368958741426468,0.2881789207458496
82.0,0.2643937330979567,0.04473575053270906,1.7594037448117947,2.046548618720128,0.20465486187201284,0.0,0.004410506011201785,0.0,0.08931537832205112,0.2643937330979567,0.05532836455565233,0.0,0.24324103616751158,0.05532836455565233,0.044105060112017855,0.062321354706700034,0.012707285583019257,0.013259859755635262,0.01462317444384098,0.01272082980722189,0.020910169929265976,0.042296018451452255,0.07140852510929108,0.1699601411819458
83.0,0.27561749288669,0.06281153636518866,1.8170497366469094,2.2034847232011647,0.2203484723201165,0.0,0.004732235599882327,0.0,0.09885513209379636,0.27561749288669,0.050536779973369375,0.0,0.27127883984492374,0.050536779973369375,0.04732235599882328,0.07850105143510379,0.012859716080129147,0.013430969789624214,0.015010947361588478,0.012844309210777283,0.021526461467146873,0.04401395097374916,0.0756978914141655,0.3071080446243286
84.0,0.2740789382503583,0.047135444125160575,1.823578866471644,2.144900312790504,0.2144900312790504,0.0,0.00508819057677801,0.0,0.08079795969220308,0.2740789382503583,0.05450071394443512,0.0,0.22654205560684204,0.05450071394443512,0.05088190576778008,0.05519383056805684,0.012664726004004478,0.013193278573453426,0.014551302418112755,0.012693808414041996,0.02095120958983898,0.042261216789484024,0.07317884266376495,0.18758916854858398
85.0,0.27741632839808095,0.049763772869482636,1.8302999601662342,2.1609056958785424,0.21609056958785425,0.0,0.003557973150880291,0.0,0.0965805070904585,0.27741632839808095,0.05776778407968008,0.0,0.2765811888071207,0.05776778407968008,0.035579731508802906,0.08051542479258317,0.012727446854114532,0.013295860961079597,0.01460347231477499,0.01280153263360262,0.020677976310253143,0.0414237342774868,0.06973681598901749,0.21284334361553192
86.0,0.2930307783759557,0.05865395360160619,1.91371438815201,2.3097144181911764,0.2309714418191176,0.0,0.004574409363648066,0.0,0.09090577352505463,0.2930307783759557,0.05748492479324341,0.0,0.23902259423182562,0.05748492479324341,0.04574409363648066,0.061831991689709515,0.012857428751885891,0.013387157581746578,0.014917201362550259,0.012869581580162048,0.021540410816669464,0.04447152093052864,0.07660695910453796,0.2725813686847687
87.0,0.2922952198065244,0.04650636622682214,1.9196775005146611,2.2584432776157675,0.22584432776157676,0.0,0.004795817314432218,0.0,0.08112204476044728,0.2922952198065244,0.06165506590444308,0.0,0.2341809983436878,0.06165506590444308,0.04795817314432217,0.060207440732763365,0.012719233520328999,0.01326720044016838,0.014624028466641903,0.012737637385725975,0.020883316174149513,0.04219897463917732,0.07100361585617065,0.18461692333221436
88.0,0.27976811276032376,0.04737189773004502,1.918373580705242,2.2244457556651187,0.2224445755665119,0.0,0.004477847568117656,0.0,0.09261617580285439,0.27976811276032376,0.052845682948827744,0.0,0.23864086086933428,0.052845682948827744,0.04477847568117655,0.06013599238716639,0.012763808481395245,0.01329215057194233,0.014616139233112335,0.012838421389460564,0.02124423161149025,0.04321230947971344,0.07484012097120285,0.18616800010204315
89.0,0.2787596296805602,0.04510764719452709,1.8178646472307436,2.126141126339252,0.21261411263392527,0.0,0.004452459693241578,0.0,0.0825591219159273,0.2787596296805602,0.061693048247924216,0.0,0.23710235838706678,0.061693048247924216,0.044524596932415776,0.06134195554141815,0.012708631344139576,0.01326020248234272,0.01453112717717886,0.012753994204103947,0.02084924653172493,0.04222090542316437,0.0719342976808548,0.17260277271270752
90.0,0.2614735353451509,0.06285353435669094,1.7624684878788188,2.045372582398928,0.2045372582398928,0.0,0.004557200377950302,0.0,0.08879014276541196,0.2614735353451509,0.052379075724344984,0.0,0.2357945442199707,0.052379075724344984,0.04557200377950302,0.058373736074337594,0.013033687137067318,0.013620330952107906,0.015251852571964264,0.012937738560140133,0.022020921111106873,0.04425328969955444,0.07408885657787323,0.3076215982437134
91.0,0.2584483978840021,0.06930612097494304,1.696841193171277,2.0000316317264852,0.20000316317264855,0.0,0.005556682984416301,0.0,0.08330189264737643,0.2584483978840021,0.05288854542259987,0.0,0.23575572554881757,0.05288854542259987,0.055566829844163015,0.060110088294515245,0.01313847117125988,0.013678284361958504,0.015329231508076191,0.013105028308928013,0.022050008177757263,0.04654936492443085,0.07953190058469772,0.3510666787624359
92.0,0.2645089437182133,0.0474168878281489,1.7317064184875988,1.9565810882128203,0.19565810882128198,0.0,0.0046624339078194825,0.0,0.08634863449976994,0.2645089437182133,0.06418840415202655,0.0,0.23317271356399244,0.06418840415202655,0.04662433907819482,0.05720456875860691,0.012791041284799576,0.013364065438508987,0.014715516939759254,0.01278046052902937,0.0209956057369709,0.0426069013774395,0.07080245763063431,0.19127905368804932
93.0,0.2610242011455389,0.04676897299941629,1.7203390666827916,2.020631872690641,0.20206318726906408,0.0,0.003937386835996921,0.0,0.08804024125521,0.2610242011455389,0.05502362191103972,0.0,0.24859170271800116,0.05502362191103972,0.039373868359969214,0.06629514106764244,0.012723317369818687,0.013246101327240467,0.01456253882497549,0.012734360061585903,0.021028971299529076,0.04261578246951103,0.07384549081325531,0.18339522182941437
94.0,0.25875034068639463,0.045249914983287454,1.7202668416559592,1.9522999662619371,0.19522999662619372,0.0,0.004144371780925072,0.0,0.07925514045816201,0.25875034068639463,0.059375966111054786,0.0,0.21558833351502052,0.059375966111054786,0.04144371780925072,0.049886164327080436,0.012716042809188366,0.013282361440360546,0.014545480720698833,0.012749719433486462,0.020806970074772835,0.04229408875107765,0.07145161181688309,0.17415304481983185
95.0,0.25405266594428283,0.07516482146456838,1.7750214101970927,1.993107204253857,0.19931072042538572,0.0,0.005007479826991373,0.0,0.09195961058139801,0.25405266594428283,0.049734463915228844,0.0,0.26414216367098003,0.049734463915228844,0.05007479826991375,0.07312536984682083,0.013176826760172844,0.013758484274148941,0.01543857529759407,0.013109618797898293,0.022183414548635483,0.04623536765575409,0.0788126066327095,0.3986036777496338
96.0,0.27848783192726284,0.04460314859170467,1.8989891561756371,2.136905605976398,0.21369056059763983,0.0,0.004981691834445184,0.0,0.07661781116173817,0.27848783192726284,0.05981557615674459,0.0,0.21749784510869247,0.05981557615674459,0.04981691834445183,0.05215485236392571,0.012742872349917889,0.01330412458628416,0.014639794826507568,0.012743414379656315,0.020952148362994194,0.04263586923480034,0.07204130291938782,0.16776566207408905
97.0,0.26126437748853976,0.05614988331217319,1.6767035627733087,2.053836772075066,0.20538367720750664,0.0,0.004487359409148877,0.0,0.07889808227236454,0.26126437748853976,0.051393336831377104,0.0,0.2282768957889997,0.051393336831377104,0.044873594091488764,0.05599790195432993,0.012797526083886623,0.013347659260034561,0.014847813174128532,0.012777682393789291,0.021256156265735626,0.04320661351084709,0.07459688931703568,0.2563687264919281
98.0,0.2688347479471794,0.05267960811033845,1.8581838556803176,2.0949795796320987,0.20949795796320989,0.0,0.004486554309439201,0.0,0.08152042845120797,0.2688347479471794,0.054850233575472467,0.0,0.2137070493056224,0.054850233575472467,0.04486554309439201,0.048585071156804376,0.012921897694468498,0.01350495871156454,0.015013881959021091,0.01281784102320671,0.021465299651026726,0.04319999739527702,0.07159243524074554,0.23092055320739746
99.0,0.2623436342065151,0.06140610377769917,1.7358570988577264,2.0045436712411733,0.2004543671241174,0.0,0.0046745286824611525,0.0,0.07527616419471227,0.2623436342065151,0.057214735505672604,0.0,0.2217893497301982,0.057214735505672604,0.046745286824611515,0.053311799151393086,0.01286659948527813,0.01342330314218998,0.014980193227529526,0.012851039879024029,0.021475251764059067,0.0442807711660862,0.07611067593097687,0.2952609956264496
100.0,0.26285147896179784,0.05095811455976218,1.8273448280035376,2.001222775532649,0.20012227755326492,0.0,0.004967694013164594,0.0,0.08059811878662843,0.26285147896179784,0.05776150911473311,0.0,0.21551869465754583,0.05776150911473311,0.04967694013164593,0.048982846192442454,0.012851881794631481,0.013422509655356407,0.0148998461663723,0.01279173418879509,0.02131498046219349,0.04325434938073158,0.07291705906391144,0.21621255576610565
101.0,0.2492267615520037,0.057495545712299645,1.6746564477253318,1.9295268929921663,0.19295268929921663,0.0,0.004845524242577644,0.0,0.07762147600834186,0.2492267615520037,0.05142855028120371,0.0,0.222875442642432,0.05142855028120371,0.048455242425776444,0.05340409436478065,0.012805992737412453,0.0133206220343709,0.014776380732655525,0.012806965038180351,0.021350396797060966,0.04381376877427101,0.07641995698213577,0.2646702826023102
102.0,0.25214665784285617,0.047494771308265626,1.704735054788395,1.857249759710752,0.18572497597107523,0.0,0.0049442963244823316,0.0,0.07857352380569164,0.25214665784285617,0.0614773823091617,0.0,0.21251886853804955,0.0614773823091617,0.04944296324482331,0.04769034368487505,0.01276521198451519,0.013315975666046143,0.014688289724290371,0.012741994112730026,0.021001430228352547,0.04284319281578064,0.07310646772384644,0.18949560821056366
103.0,0.24264621505370507,0.041973774204961956,1.6822034814542723,1.869024368432852,0.1869024368432852,0.0,0.004028913070662664,0.0,0.0813117170563111,0.24264621505370507,0.051714868213121705,0.0,0.23379392578051642,0.051714868213121705,0.04028913070662664,0.05812973557756497,0.012667362578213215,0.013170006684958935,0.014345437288284302,0.012758794240653515,0.02075076848268509,0.04191240295767784,0.07275333255529404,0.1474320888519287
104.0,0.2447777591072596,0.04515727306716144,1.6385329272471867,1.834510441009815,0.1834510441009815,0.0,0.004268229853075284,0.0,0.07536150858952449,0.2447777591072596,0.0570584786339448,0.0,0.20573738733163247,0.0570584786339448,0.042682298530752845,0.045559301327627436,0.012736410833895206,0.013285689987242222,0.014613897539675236,0.012746724300086498,0.020891312509775162,0.042508672922849655,0.07184723764657974,0.1726282387971878
105.0,0.24208450202758497,0.0426736701047048,1.6715783594712013,1.8579150713407075,0.18579150713407078,0.0,0.004475306110599867,0.0,0.08186374203516887,0.24208450202758497,0.05181768794472401,0.0,0.23623100496255434,0.05181768794472401,0.044753061105998665,0.05919238452154856,0.012685260735452175,0.013225572183728218,0.014518615789711475,0.01274110097438097,0.020965177565813065,0.042350899428129196,0.07267740368843079,0.1522253304719925
106.0,0.24474965322476167,0.04850127117242664,1.7155146499621865,1.845093617072472,0.18450936170724722,0.0,0.003906210343568371,0.0,0.07225714681240228,0.24474965322476167,0.056334077165676996,0.0,0.19890387184344804,0.056334077165676996,0.03906210343568371,0.043162366876808494,0.012772471643984318,0.01336533110588789,0.014663570560514927,0.012844564393162727,0.020932849496603012,0.04228675365447998,0.07069246470928192,0.20045216381549835
107.0,0.24429318136893785,0.05569141625892371,1.7082754401079778,1.846939504146576,0.18469395041465758,0.0,0.004909109496153318,0.0,0.08133716193529275,0.24429318136893785,0.05469011658659348,0.0,0.23412562218996194,0.05469011658659348,0.04909109496153318,0.05769456206605984,0.01284278929233551,0.013367367908358574,0.014848917722702026,0.012888028286397457,0.021493403241038322,0.044405777007341385,0.07602677494287491,0.2496582716703415
108.0,0.25240633808649504,0.04552606598008424,1.7819572229393603,1.8594820499420166,0.1859482049942017,0.0,0.005085609226415937,0.0,0.06994832937534039,0.25240633808649504,0.06137252427064455,0.0,0.19379789668780106,0.06137252427064455,0.05085609226415937,0.04124652902380778,0.012743721716105938,0.013323290273547173,0.01464816089719534,0.012826134450733662,0.021038148552179337,0.04249387979507446,0.07178910076618195,0.17534609138965607
109.0,0.2403413040133623,0.03955089079681784,1.7185364189824843,1.8393944226778471,0.18393944226778472,0.0,0.004637198615819216,0.0,0.07853116954748447,0.2403413040133623,0.05176465643139986,0.0,0.22709771646903112,0.05176465643139986,0.04637198615819216,0.05435131103373491,0.012672985903918743,0.01318372692912817,0.014428270049393177,0.01281186006963253,0.02104755863547325,0.04236209765076637,0.07333318889141083,0.12656743824481964
110.0,0.24424483512456602,0.04339004086796194,1.6764845794549843,1.7863902678856483,0.17863902678856486,0.0,0.0046228938879301915,0.0,0.0716702499641822,0.24424483512456602,0.06098290962668566,0.0,0.19561315041321975,0.06098290962668566,0.04622893887930191,0.0410944356654699,0.012685415334999561,0.013233139179646969,0.014404569752514362,0.012823518365621567,0.020779859274625778,0.041835036128759384,0.07182974368333817,0.15952904522418976
111.0,0.24043018141618142,0.06336180272046477,1.6215308648937943,1.8334889045128455,0.18334889045128458,0.0,0.004659482994331763,0.0,0.07876398271093002,0.24043018141618142,0.052421801222058445,0.0,0.2324031132918138,0.052421801222058445,0.04659482994331764,0.057240830877652533,0.012988743372261524,0.013573039323091507,0.01520835142582655,0.012897022999823093,0.021960195153951645,0.04411148652434349,0.07386244088411331,0.312293142080307
112.0,0.2414921671152115,0.063428865512833,1.6996890581315294,1.8147406578063965,0.18147406578063963,0.0,0.005825665234946288,0.0,0.06704060647350091,0.2414921671152115,0.05419243342028214,0.0,0.18538473259944183,0.05419243342028214,0.058256652349462874,0.03762456996796223,0.013019552454352379,0.013543721288442612,0.015146967954933643,0.013018029741942883,0.021825887262821198,0.0458686389029026,0.07797402143478394,0.30703410506248474
113.0,0.25821757775086623,0.045603323727846146,1.905399747559656,1.9053720419223492,0.19053720419223494,0.0,0.004930183631726182,0.0,0.08204319328069687,0.25821757775086623,0.06275018791739757,0.0,0.24036230605382186,0.06275018791739757,0.04930183631726182,0.060114712382738404,0.012736134231090546,0.01330819446593523,0.014637375250458717,0.01274221669882536,0.020913781598210335,0.04240011051297188,0.07057644426822662,0.17751233279705048
114.0,0.25254076088850314,0.0397377215558663,1.7735445191266972,1.9433834690314074,0.1943383469031407,0.0,0.004249665434830464,0.0,0.06796340042581925,0.25254076088850314,0.053952744660469204,0.0,0.19036418256851342,0.053952744660469204,0.04249665434830464,0.039740716393750444,0.012701551429927349,0.013217220082879066,0.014423005282878876,0.012800963595509529,0.020951563492417336,0.042426947504282,0.07294097542762756,0.1284395456314087
115.0,0.2546113889950972,0.043332276050932705,1.7725429836566893,1.8971753762318537,0.18971753762318538,0.0,0.004298638745855827,0.0,0.06930808866253266,0.2546113889950972,0.06059521064162254,0.0,0.20085994326151335,0.06059521064162254,0.04298638745855827,0.042957074796924226,0.012704754248261452,0.013258079998195171,0.014468887820839882,0.012762278318405151,0.0207578856498003,0.042110443115234375,0.07128096371889114,0.15931491553783417
116.0,0.2484684964785209,0.06317851389758289,1.757172827563091,1.9400683274635901,0.19400683274635905,0.0,0.004488561445703874,0.0,0.07425845271119705,0.2484684964785209,0.04997310171333643,0.0,0.1984830372608625,0.04997310171333643,0.04488561445703873,0.0411409494968561,0.013004301115870476,0.013596984557807446,0.015203224495053291,0.0129223158583045,0.021851953119039536,0.044564053416252136,0.07479295879602432,0.3094923198223114
117.0,0.23824361711740494,0.046552487881854177,1.6914351479753096,1.7707611414102407,0.1770761141410241,0.0,0.004627280567701047,0.0,0.06651644752575801,0.23824361711740494,0.05654022226539942,0.0,0.19466054038359568,0.05654022226539942,0.04627280567701046,0.040737077665443606,0.012807900086045265,0.013378513045608997,0.014773178845643997,0.012785532511770725,0.021181369200348854,0.043038737028837204,0.0722580999135971,0.18219657242298126
118.0,0.2251015672316918,0.03949164575897157,1.6614182947404583,1.6967258636768048,0.16967258636768048,0.0,0.004535841991981635,0.0,0.06878938268010433,0.2251015672316918,0.05089313708818876,0.0,0.1871567815542221,0.05089313708818876,0.045358419919816345,0.03673354529130917,0.012757944874465466,0.013314744457602501,0.014485266990959644,0.012908143922686577,0.020991412922739983,0.042385879904031754,0.07279270142316818,0.12629707157611847
119.0,0.23364542940488228,0.0461859127972275,1.6738890931202743,1.7000589554126446,0.17000589554126447,0.0,0.003866259922058537,0.0,0.07311646210459563,0.23364542940488228,0.05977327333619961,0.0,0.21055404841899872,0.05977327333619961,0.03866259922058536,0.04626959533645557,0.012792997062206268,0.013397160917520523,0.014560215175151825,0.012922322377562523,0.020767953246831894,0.04204656556248665,0.0710485652089119,0.18195152282714844
120.0,0.22322722524404526,0.06691252032760531,1.5690091916305244,1.6344602887447064,0.16344602887447066,0.0,0.004327509774324985,0.0,0.06813672328224549,0.22322722524404526,0.055453685040657334,0.0,0.18962982239631507,0.055453685040657334,0.043275097743249856,0.03814133385626169,0.013117602095007896,0.013691644184291363,0.015368564054369926,0.013017779216170311,0.02218576893210411,0.045485515147447586,0.07487943023443222,0.33755385875701904
121.0,0.22951859293075708,0.055548125645145774,1.7218368496598397,1.6929796429780812,0.1692979642978081,0.0,0.0056365115997883,0.0,0.07266058830114511,0.22951859293075708,0.05458411946892738,0.0,0.21229072029774004,0.05458411946892738,0.05636511599788299,0.04738639796582552,0.012850536964833736,0.013378030620515347,0.014832142740488052,0.012861542403697968,0.021418225020170212,0.044282183051109314,0.07545442879199982,0.24930791556835175
122.0,0.2290600320467582,0.04506227059755474,1.6587487901504874,1.651904326218825,0.16519043262188254,0.0,0.0049027069256855895,0.0,0.06659615526978786,0.2290600320467582,0.05896688997745514,0.0,0.18383192041745552,0.05896688997745514,0.04902706925685589,0.035827922921341196,0.012788941152393818,0.013367912732064724,0.014741218648850918,0.012783007696270943,0.021136987954378128,0.0429275818169117,0.07177094370126724,0.17098157107830048
123.0,0.22725549856057534,0.042996460339054465,1.631102720546495,1.7037544067089374,0.17037544067089377,0.0,0.004795353730710653,0.0,0.07169861804980499,0.22725549856057534,0.052084701852156565,0.0,0.21399482282308432,0.052084701852156565,0.04795353730710653,0.04848753546292965,0.012693648226559162,0.013191219419240952,0.014436022378504276,0.012793654575943947,0.02106626145541668,0.04273650422692299,0.07370418310165405,0.15335018932819366
124.0,0.2303111535998491,0.04153525014407933,1.7180795797676847,1.6387447714805603,0.16387447714805603,0.0,0.004913322566650234,0.0,0.06423724070191383,0.2303111535998491,0.061523354110809475,0.0,0.1775436865595671,0.061523354110809475,0.04913322566650235,0.033767265697511345,0.012684442102909088,0.013222837820649147,0.014436434954404831,0.01275889202952385,0.02079501375555992,0.042137470096349716,0.07189645618200302,0.14435045421123505
125.0,0.23183449013875082,0.047223432222381234,1.8521092425171117,1.754206345631526,0.1754206345631526,0.0,0.003946031658695294,0.0,0.07473777893644112,0.23183449013875082,0.05246782059279772,0.0,0.22042079728383285,0.05246782059279772,0.03946031658695294,0.050253683557877175,0.012804066762328148,0.013355663046240807,0.0147726284340024,0.012741084210574627,0.0209659356623888,0.04273295775055885,0.07157909870147705,0.1888360232114792
126.0,0.23334438181840456,0.042491481988690794,1.8210862478862622,1.7218341781542852,0.1721834178154285,0.0,0.0043836082833317615,0.0,0.060649152988424666,0.23334438181840456,0.05677735103437534,0.0,0.17099299568396348,0.05677735103437534,0.04383608283331761,0.03213819571269246,0.012686194851994514,0.013223336078226566,0.014475067146122456,0.012733870185911655,0.02083992399275303,0.04230767488479614,0.07228632271289825,0.15137946605682373
127.0,0.22253348277165338,0.04763404373079538,1.737890773483696,1.6475112575751085,0.16475112575751083,0.0,0.004027573921932624,0.0,0.06946228788449214,0.22253348277165338,0.05375477857887745,0.0,0.1973268871123974,0.05375477857887745,0.04027573921932624,0.04030002940159578,0.01279396191239357,0.0133660351857543,0.014721089974045753,0.01276367250829935,0.020963476970791817,0.04251842200756073,0.07033509761095047,0.19361059367656708
128.0,0.22003300258746514,0.0542800280964002,1.6696515544829316,1.576619537977072,0.15766195379770723,0.0,0.004952263144346384,0.0,0.06532688324268048,0.22003300258746514,0.057418782550555006,0.0,0.18289097570455992,0.057418782550555006,0.04952263144346384,0.03516081075828809,0.012833300977945328,0.013363450765609741,0.014771685935556889,0.012883061543107033,0.021358102560043335,0.04418149217963219,0.07530128210783005,0.23954784870147705
129.0,0.22882075951649591,0.05290708050597459,1.7565480534186544,1.6456288007589488,0.16456288007589487,0.0,0.0054668748213981214,0.0,0.06719064225371067,0.22882075951649591,0.05879100340490158,0.0,0.1960527254984929,0.05879100340490158,0.054668748213981204,0.040747479822200075,0.012816132046282291,0.013388548046350479,0.01485107745975256,0.012785124592483044,0.021336102858185768,0.04332761466503143,0.07322312146425247,0.23152892291545868
130.0,0.2151458584345304,0.039040206698700786,1.686971482477485,1.5610090402456431,0.1561009040245643,0.0,0.00446248296648264,0.0,0.06472001425348796,0.2151458584345304,0.05458246629971724,0.0,0.18103469621676666,0.05458246629971724,0.04462482966482639,0.03462206292897463,0.012672456912696362,0.013218313455581665,0.014302357099950314,0.012842623516917229,0.02066704072058201,0.041641976684331894,0.07140642404556274,0.12557046115398407
131.0,0.23446862686138886,0.044087148969992995,1.8233752770986578,1.7418184051146874,0.17418184051146873,0.0,0.00438240970699833,0.0,0.07524199067400052,0.23446862686138886,0.0559043765354615,0.0,0.22923546112500703,0.0559043765354615,0.043824097069983296,0.05426810724804035,0.012736719101667404,0.013302534818649292,0.014632850885391235,0.012751737609505653,0.0209188349545002,0.04246991500258446,0.0706876590847969,0.16519694030284882
132.0,0.24353896196071917,0.03945775516331196,1.8811938796559828,1.851060757270226,0.18510607572702262,0.0,0.004966266496250262,0.0,0.06303796788247731,0.24353896196071917,0.05346662207291676,0.0,0.1761912262210479,0.05346662207291676,0.04966266496250263,0.0336650528658468,0.01272724848240614,0.013265222311019897,0.014470409601926804,0.012871879152953625,0.021030308678746223,0.042795438319444656,0.07291986793279648,0.12558166682720184
133.0,0.24947820431911027,0.04281570331659168,1.932043670354056,1.8309491185041575,0.18309491185041574,0.0,0.00508367889560759,0.0,0.0644424374286945,0.24947820431911027,0.061299604578660086,0.0,0.18477898778823706,0.061299604578660086,0.05083678895607591,0.03587530839901704,0.012731987051665783,0.013266313821077347,0.014536280184984207,0.012764357030391693,0.020897820591926575,0.04247850179672241,0.0719899907708168,0.15386037528514862
134.0,0.2393144563986705,0.042932034586556256,1.9758805649014173,1.8169366488089929,0.1816936648808993,0.0,0.003861765900196937,0.0,0.06990674453286025,0.2393144563986705,0.05375902053828423,0.0,0.19060825556516647,0.05375902053828423,0.038617659001969375,0.03742402276167503,0.012860788963735104,0.01348673552274704,0.014506809413433075,0.01311405561864376,0.020783085376024246,0.04168330132961273,0.07287256419658661,0.15414893627166748
135.0,0.22583750578073356,0.048466040403582156,1.681088973312209,1.6461965533403249,0.16461965533403247,0.0,0.004373006139380428,0.0,0.05936522151415165,0.22583750578073356,0.05684483624421633,0.0,0.185069821201838,0.05684483624421633,0.043730061393804275,0.03714590691603147,0.01284023281186819,0.01338358223438263,0.01473808754235506,0.012877735309302807,0.02128499187529087,0.04366806522011757,0.07354027777910233,0.1953953504562378
136.0,0.21053151671703046,0.03691759437788278,1.667786527379751,1.5293065401223989,0.1529306540122399,0.0,0.005068237026436971,0.0,0.06576431456666726,0.21053151671703046,0.05253262860843769,0.0,0.1851734587779412,0.05253262860843769,0.05068237026436971,0.035326509593197934,0.012797736562788486,0.013378226198256016,0.014513162896037102,0.012987972237169743,0.020968791097402573,0.042238663882017136,0.07214932888746262,0.10630687326192856
137.0,0.2142244611795132,0.04529402556363493,1.6483792916085525,1.523479814712818,0.1523479814712818,0.0,0.003961940063163638,0.0,0.06470817843308815,0.2142244611795132,0.05791453501352897,0.0,0.19104818713206512,0.05791453501352897,0.03961940063163638,0.03822544245765759,0.012835669331252575,0.013441977091133595,0.014600101858377457,0.012972190044820309,0.020798398181796074,0.042076658457517624,0.07022874057292938,0.17539846897125244
138.0,0.20645831238764983,0.034865210531279445,1.5953242093997746,1.443025563771908,0.1443025563771908,0.0,0.004602894165481512,0.0,0.06414286276468864,0.20645831238764983,0.057552857467761405,0.0,0.18238751590251923,0.057552857467761405,0.04602894165481512,0.03472731541842222,0.01284024491906166,0.013428453356027603,0.01464721467345953,0.013033431954681873,0.021185001358389854,0.0431172214448452,0.07264633476734161,0.08802378177642822
139.0,0.21323163119646218,0.040404311497695744,1.654073759442711,1.4872842752016509,0.14872842752016507,0.0,0.005174835875200538,0.0,0.06669310623636612,0.21323163119646218,0.05932836664410738,0.0,0.19416018976615027,0.05932836664410738,0.051748358752005376,0.03870819723949982,0.012817333452403545,0.013384477235376835,0.01465250737965107,0.012897561304271221,0.02114793285727501,0.042692575603723526,0.07146322727203369,0.13417887687683105
140.0,0.20922686159610748,0.03740375069901347,1.697642746111895,1.5173490460102375,0.15173490460102373,0.0,0.004537872475786851,0.0,0.06270619309865512,0.20922686159610748,0.05295408388169912,0.0,0.1795754530108892,0.05295408388169912,0.04537872475786851,0.034100683262714974,0.012825686484575272,0.013442966155707836,0.01453776191920042,0.013079231604933739,0.021070729941129684,0.04199624061584473,0.07301846146583557,0.10925892740488052
141.0,0.20977749675512314,0.04298869508784264,1.7622472710731099,1.4813333979019752,0.1481333397901975,0.0,0.004647583750864635,0.0,0.06535775844867413,0.20977749675512314,0.05699656989711981,0.0,0.18679448331777865,0.05699656989711981,0.04647583750864634,0.03632517560170247,0.012815762311220169,0.013382358476519585,0.014666995964944363,0.012877339497208595,0.021105624735355377,0.04268532618880272,0.07146456092596054,0.1549115926027298
142.0,0.20640439654772097,0.03649541246704757,1.7078392425621354,1.4812755493017344,0.14812755493017343,0.0,0.005142049820950399,0.0,0.06285245573291412,0.20640439654772097,0.053134791839581266,0.0,0.1817509950353549,0.053134791839581266,0.05142049820950398,0.03444447619124101,0.012827195227146149,0.013406985439360142,0.014620088040828705,0.013028974644839764,0.021211763843894005,0.043316666036844254,0.07329311966896057,0.10025850683450699
143.0,0.2326546827187905,0.04096185800153762,1.8871248021857552,1.6638546448487501,0.166385464484875,0.0,0.005090807192027569,0.0,0.07080198480532719,0.2326546827187905,0.061178407416893885,0.0,0.21686551777216104,0.061178407416893885,0.05090807192027569,0.049207271434939824,0.012750299647450447,0.013284699060022831,0.014518599025905132,0.012803501449525356,0.02089475840330124,0.04251633211970329,0.07204470783472061,0.13888196647167206
144.0,0.21284281748991746,0.03675857523921877,1.811801920518976,1.5761174055246205,0.15761174055246208,0.0,0.00450602204610522,0.0,0.05885243315536242,0.21284281748991746,0.05072505170336136,0.0,0.16588220573388612,0.05072505170336136,0.045060220461052194,0.029419961134688213,0.012800623662769794,0.0134202865883708,0.014522711746394634,0.013059303164482117,0.02102496288716793,0.041803549975156784,0.07270786911249161,0.1047292947769165
145.0,0.22712555413062757,0.04364023159723729,1.8935435715690154,1.6595529982676873,0.16595529982676874,0.0,0.004325314102551112,0.0,0.0667346162864795,0.22712555413062757,0.056844940122503504,0.0,0.20457463081066424,0.056844940122503504,0.043253141025511116,0.04280650701660376,0.012868200428783894,0.01346469484269619,0.014727801084518433,0.012936318293213844,0.021237598732113838,0.04269251227378845,0.0702073946595192,0.16098733246326447
146.0,0.2299237669660495,0.03353559470269829,1.8745208684417274,1.7050878084622896,0.17050878084622895,0.0,0.004844847407478554,0.0,0.06369774473401216,0.2299237669660495,0.05457013587539013,0.0,0.17917363746808126,0.05457013587539013,0.04844847407478552,0.033970388082357555,0.01294018980115652,0.013568848371505737,0.014772306196391582,0.013152043335139751,0.0213618166744709,0.04356514289975166,0.07323899120092392,0.07568541914224625
147.0,0.2349174263385626,0.03988014371134341,1.940830131106868,1.6875972289305468,0.1687597228930547,0.0,0.0047935631520186475,0.0,0.0600667274915255,0.2349174263385626,0.06136413491689242,0.0,0.1812389911367343,0.06136413491689242,0.04793563152018648,0.03454585043856731,0.012853765860199928,0.0134175019338727,0.014654719270765781,0.012901302427053452,0.021096250042319298,0.04285407066345215,0.0713190957903862,0.12994444370269775
148.0,0.2319222608437905,0.03777200903277844,1.9998181797473167,1.7433472734231215,0.17433472734231215,0.0,0.0041386674373195724,0.0,0.06477067161064881,0.2319222608437905,0.053448863757344395,0.0,0.1785856164418734,0.053448863757344395,0.04138667437319572,0.03329179278359963,0.012887601740658283,0.013468550518155098,0.014555206522345543,0.013082645833492279,0.021057119593024254,0.04225623235106468,0.0735154002904892,0.1113533154129982
149.0,0.24265000224113464,0.04266463336534798,1.9711574396097633,1.80462312239867,0.18046231223986703,0.0,0.004148844403859515,0.0,0.05556226378450027,0.24265000224113464,0.05803884050020805,0.0,0.17318087472365454,0.05803884050020805,0.04148844403859515,0.031520104537216515,0.012913540005683899,0.013479368761181831,0.014752292074263096,0.012923977337777615,0.02116665244102478,0.04327000677585602,0.07185762375593185,0.15095360577106476
150.0,0.2253725454211235,0.03258227196056396,1.9227072154657525,1.673599816285647,0.16735998162856472,0.0,0.004707316660250609,0.0,0.06024716679866497,0.2253725454211235,0.053305244646393336,0.0,0.17329711524339822,0.053305244646393336,0.047073166602506086,0.03208246415194411,0.013009252026677132,0.013582681305706501,0.014759994111955166,0.013179509900510311,0.021389871835708618,0.043653976172208786,0.07382119446992874,0.0672616958618164
151.0,0.23201901408342215,0.03930678893812001,2.0359110888393457,1.6517426325724676,0.16517426325724677,0.0,0.004623378845504843,0.0,0.060781124692696795,0.23201901408342215,0.062221367485248126,0.0,0.18067163572861597,0.062221367485248126,0.046233788455048434,0.033327033886542685,0.012915492057800293,0.013466772623360157,0.014634339138865471,0.012953580357134342,0.02106642536818981,0.04325483739376068,0.07244972884654999,0.12371313571929932
152.0,0.2282799849143395,0.037523652194067836,2.053715274991579,1.7385664077905507,0.1738566407790551,0.0,0.004243825318721625,0.0,0.06310198398736808,0.2282799849143395,0.050179518615970246,0.0,0.1799959305387277,0.050179518615970246,0.042438253187216245,0.034084342849942356,0.01304739061743021,0.013665051199495792,0.014790461398661137,0.013248304836452007,0.021398715674877167,0.04281148314476013,0.07451491057872772,0.10671290010213852
153.0,0.2453466338606981,0.04191564361099154,1.9935596944288996,1.8220609655747046,0.18220609655747047,0.0,0.004077008560013313,0.0,0.05377551712668859,0.2453466338606981,0.05906352329139526,0.0,0.16229522572113916,0.05906352329139526,0.04077008560013313,0.0273599297238084,0.013088489882647991,0.013678818941116333,0.015000795014202595,0.013052213005721569,0.02164139784872532,0.044266581535339355,0.07202211022377014,0.142574742436409
154.0,0.21400364832236216,0.03796827723272145,1.8101811639802012,1.5513066328488863,0.15513066328488861,0.0,0.0047421752403561885,0.0,0.057282724346105866,0.21400364832236216,0.05413080880848261,0.0,0.16612875346954054,0.05413080880848261,0.04742175240356188,0.0285603990061925,0.013135822489857674,0.013725819997489452,0.014985384419560432,0.013252059929072857,0.021649528294801712,0.045123618096113205,0.0739845335483551,0.10788945108652115
155.0,0.2307166623381468,0.041909512132406235,1.9473725754591449,1.6341083370722258,0.1634108337072226,0.0,0.004381615392720471,0.0,0.06296887392034897,0.2307166623381468,0.06292421041199794,0.0,0.20152256007377917,0.06292421041199794,0.0438161539272047,0.04201495203261192,0.012987333349883556,0.013553953729569912,0.014778189361095428,0.012971671298146248,0.021168101578950882,0.04364056885242462,0.0724308118224144,0.14374546706676483
156.0,0.2107758682507735,0.04569587192963809,1.7066773520336942,1.5363487555430486,0.15363487555430486,0.0,0.004714231658726932,0.0,0.05744029151705595,0.2107758682507735,0.05242675729095936,0.0,0.1692265489926705,0.05242675729095936,0.047142316587269306,0.029802706737357836,0.013112635351717472,0.013636159710586071,0.014928563497960567,0.01315968856215477,0.021595951169729233,0.04534539207816124,0.07527679204940796,0.1685117930173874
157.0,0.2187389238522603,0.05212441668845713,1.8177894491395068,1.5215627596928523,0.15215627596928524,0.0,0.005050016506216847,0.0,0.05463004628053078,0.2187389238522603,0.061532631086615414,0.0,0.17785134338415587,0.061532631086615414,0.05050016506216847,0.03311999471714863,0.013060015626251698,0.013603786937892437,0.014980555512011051,0.013000165112316608,0.021529536694288254,0.04491904377937317,0.07519464939832687,0.22070758044719696
158.0,0.20259256546313947,0.03691988904029131,1.8348122778930738,1.4525973613445575,0.14525973613445578,0.0,0.004330263157876638,0.0,0.057270398506751426,0.20259256546313947,0.053002562517156966,0.0,0.17117832199885294,0.053002562517156966,0.04330263157876638,0.030457796314014837,0.012999530881643295,0.013491751626133919,0.01466694287955761,0.013037506490945816,0.021203916519880295,0.043434884399175644,0.07427415996789932,0.10225041955709457
159.0,0.21019300703818983,0.05620177974924445,1.8262434414691275,1.486741616175725,0.14867416161757246,0.0,0.004441113347330919,0.0,0.056546080857515335,0.21019300703818983,0.05707773036108567,0.0,0.17833701119973108,0.05707773036108567,0.04441113347330919,0.03302478682822906,0.013114639557898045,0.013690962456166744,0.01513749174773693,0.013013068586587906,0.021659547463059425,0.04527173936367035,0.07585934549570084,0.2518674433231354
160.0,0.20560075228030866,0.038416191353462636,1.8035597071171865,1.457234148795788,0.1457234148795788,0.0,0.0043910978505244625,0.0,0.056891532901387945,0.20560075228030866,0.05548623834665005,0.0,0.16922499468693367,0.05548623834665005,0.04391097850524462,0.02970713197898406,0.012972701340913773,0.013513612560927868,0.014686411246657372,0.01300949789583683,0.021182581782341003,0.04369727149605751,0.07283689826726913,0.1154305562376976
161.0,0.20321336789773062,0.05050893791485578,1.8019995820969927,1.4512214018748357,0.1451221401874836,0.0,0.004256244813306974,0.0,0.055871833402376905,0.20321336789773062,0.05383498207307779,0.0,0.17727989416856033,0.05383498207307779,0.04256244813306974,0.03254732288993322,0.01303239818662405,0.013567453250288963,0.014912950806319714,0.012971448712050915,0.021416960284113884,0.044596657156944275,0.0748295858502388,0.20874404907226562
162.0,0.2020496869316468,0.03947539010550827,1.8654405474799987,1.451056535427387,0.1451056535427387,0.0,0.004019713602386989,0.0,0.05596739311630909,0.2020496869316468,0.05292431795253204,0.0,0.16702717542648315,0.05292431795253204,0.04019713602386988,0.028971034317062452,0.012943311594426632,0.013486387208104134,0.014561053365468979,0.01303313672542572,0.020943021401762962,0.04282081127166748,0.07327817380428314,0.1247372254729271
163.0,0.20644509735015723,0.057164754369296134,1.7614702012455796,1.4782593021026025,0.14782593021026025,0.0,0.004699593492282124,0.0,0.05495442507358698,0.20644509735015723,0.05391957309956734,0.0,0.17547953300751173,0.05391957309956734,0.046995934922821246,0.03185071753194699,0.013162299990653992,0.013686263002455235,0.015081592835485935,0.01312235090881586,0.021764924749732018,0.0461423434317112,0.07725836336612701,0.2570998966693878
164.0,0.20386592413370425,0.05732180515769869,1.8839470792746018,1.4361120416567876,0.14361120416567877,0.0,0.004760557183852563,0.0,0.05530607313490831,0.20386592413370425,0.05549416146599329,0.0,0.16576655552937433,0.05549416146599329,0.04760557183852562,0.028531678164234527,0.013167910277843475,0.013756216503679752,0.015261206775903702,0.013002848252654076,0.02187124826014042,0.044970691204071045,0.07336355745792389,0.26318076252937317
165.0,0.2110217333986209,0.0388830890879035,1.8010136791752944,1.3939149104631865,0.13939149104631865,0.0,0.0040569464317881145,0.0,0.05567572351831656,0.2110217333986209,0.0675732921808958,0.0,0.17539101953689867,0.0675732921808958,0.040569464317881145,0.03187297320423218,0.012989966198801994,0.013479151763021946,0.014668608084321022,0.013008602894842625,0.02116888202726841,0.04365513101220131,0.07346678525209427,0.11862758547067642
166.0,0.20051018664470086,0.05438309605233371,1.729152771128376,1.4014237798177278,0.1401423779817728,0.0,0.0049857678321691655,0.0,0.05444221270199005,0.20051018664470086,0.055382039254674546,0.0,0.16309229513773552,0.055382039254674546,0.04985767832169166,0.02763058331150275,0.013101079501211643,0.013648088090121746,0.01511512789875269,0.01303137931972742,0.021747339516878128,0.04536097124218941,0.07438149303197861,0.23867928981781006
167.0,0.1961597381876065,0.04005948384292424,1.7627480908466633,1.3667225791857793,0.13667225791857793,0.0,0.004790450732868451,0.0,0.054768976397239245,0.1961597381876065,0.054697029292583466,0.0,0.17531108053830954,0.054697029292583466,0.047904507328684516,0.03197243802535992,0.013000695034861565,0.013494737446308136,0.014700520783662796,0.013018438592553139,0.02121116779744625,0.04399849474430084,0.07347124814987183,0.12758056819438934
168.0,0.19479236293297547,0.042553341831080616,1.793476845012703,1.3403772620054393,0.13403772620054394,0.0,0.004386750941809554,0.0,0.05514754885091232,0.19479236293297547,0.056367881739368804,0.0,0.16421411473017472,0.056367881739368804,0.043867509418095536,0.02818237725072182,0.012946597300469875,0.013483189046382904,0.014769110828638077,0.012894880026578903,0.02112055942416191,0.04374168440699577,0.07212229073047638,0.1493484228849411
169.0,0.19604160292790487,0.04033475439064205,1.7481308377602036,1.3624776647641108,0.1362477664764111,0.0,0.004856997943268372,0.0,0.054063755159194656,0.19604160292790487,0.05493684098697626,0.0,0.16787397804168555,0.05493684098697626,0.04856997943268372,0.029203127281597026,0.013089877553284168,0.013607467524707317,0.014850487001240253,0.013144430704414845,0.0214352086186409,0.04484492167830467,0.07374214380979538,0.12796349823474884
170.0,0.20224006645954573,0.03816171921789646,1.8134988359737583,1.3521225177324736,0.13521225177324736,0.0,0.004845924668300611,0.0,0.053678540799480215,0.20224006645954573,0.06218188671538463,0.0,0.16081756296066138,0.06218188671538463,0.0484592466830061,0.02699287386181263,0.012912934646010399,0.013446438126266003,0.014575211331248283,0.012947519309818745,0.020916245877742767,0.043155353516340256,0.07225874066352844,0.1150813102722168
171.0,0.18816909767114198,0.035192896728403866,1.7139956582739635,1.33424089046625,0.133424089046625,0.0,0.004752517133378066,0.0,0.054759297519922256,0.18816909767114198,0.04999248511516131,0.0,0.17274961047447646,0.04999248511516131,0.047525171333780654,0.03104161836493474,0.013170452788472176,0.013679547235369682,0.014878004789352417,0.013285170309245586,0.021529430523514748,0.04395656660199165,0.07586010545492172,0.08518389612436295
172.0,0.2011582925915718,0.03715918108355254,1.8562390861652251,1.323135651074923,0.1323135651074923,0.0,0.004673351682364368,0.0,0.05405643840248768,0.2011582925915718,0.06417137140838,0.0,0.16072368793762648,0.06417137140838,0.04673351682364368,0.026970782818702552,0.01294814981520176,0.013487848453223705,0.014562970027327538,0.01303580217063427,0.020877880975604057,0.04285842180252075,0.07279829680919647,0.10670407861471176
173.0,0.18838211206289437,0.04331287369132042,1.8169052604736047,1.3393485179314246,0.13393485179314246,0.0,0.004157404959774935,0.0,0.054363007872150496,0.18838211206289437,0.050289855553553656,0.0,0.17021220922470093,0.050289855553553656,0.041574049597749345,0.030060309128692515,0.013105074875056744,0.013732081279158592,0.014828087761998177,0.013314233161509037,0.02138761803507805,0.043013617396354675,0.0747734010219574,0.15234887599945068
174.0,0.19324238082537284,0.03386146971024573,1.7810773561893947,1.326267068202679,0.1326267068202679,0.0,0.00453759074712602,0.0,0.05360669313141933,0.19324238082537284,0.05607807951477858,0.0,0.16043406438369018,0.05607807951477858,0.0453759074712602,0.0269112757478769,0.012952550314366817,0.013507642783224583,0.014654341153800488,0.013026743195950985,0.021032925695180893,0.043462883681058884,0.07185757905244827,0.0803970918059349
175.0,0.18911165514817604,0.0477608076762408,1.8406577137352007,1.334975655262287,0.13349756552622868,0.0,0.004243189046302668,0.0,0.05468638585163997,0.18911165514817604,0.05137089611246036,0.0,0.1739675528728045,0.05137089611246036,0.04243189046302667,0.03157371189445257,0.013089646585285664,0.0137065090239048,0.01478074211627245,0.013324465602636337,0.021245591342449188,0.04288347437977791,0.07528168708086014,0.18777434527873993
176.0,0.18887795221347076,0.043848771252669394,1.734976445544463,1.3093125315812917,0.1309312531581292,0.0,0.004580739538113658,0.0,0.05415919093558422,0.18887795221347076,0.053365957421752125,0.0,0.16200884947409996,0.053365957421752125,0.04580739538113658,0.027517507784068584,0.012993285432457924,0.013513000681996346,0.014792749658226967,0.012980910949409008,0.02131679654121399,0.04437961056828499,0.0729256421327591,0.15788817405700684
177.0,0.18806696625856253,0.034948993707075715,1.7542356989027783,1.309466077731206,0.13094660777312062,0.0,0.005167721663243496,0.0,0.054304041111698516,0.18806696625856253,0.05195263500970144,0.0,0.17146719648287848,0.05195263500970144,0.05167721663243496,0.030693075977838956,0.013096899725496769,0.013657833449542522,0.014813855290412903,0.013244548812508583,0.02132166177034378,0.043364737182855606,0.07456455379724503,0.08552785962820053
178.0,0.1925141536272489,0.036860057851299644,1.7921674655429416,1.2892346886488109,0.12892346886488107,0.0,0.004544375034478994,0.0,0.05402779378570043,0.1925141536272489,0.05904630843836527,0.0,0.16256156621071008,0.05904630843836527,0.045443750344789945,0.027746541067384757,0.012930812314152718,0.013514870777726173,0.01462772861123085,0.013030631467700005,0.020928170531988144,0.04274827614426613,0.07104939967393875,0.10605057328939438
179.0,0.18213989757574522,0.05333704792428762,1.6958832927296574,1.2501427668791552,0.12501427668791554,0.0,0.004331226152582811,0.0,0.05471577409368295,0.18213989757574522,0.05279439128935337,0.0,0.1715657223875706,0.05279439128935337,0.04331226152582811,0.030877663109164972,0.013345152139663696,0.01385707687586546,0.015040446072816849,0.013610195368528366,0.021917590871453285,0.043165307492017746,0.07895373553037643,0.2268068790435791
180.0,0.19351994876678175,0.03340838407166302,1.820679881396635,1.2386151391726274,0.12386151391726273,0.0,0.004730598262260454,0.0,0.054563954902383,0.19351994876678175,0.06492783272495636,0.0,0.16311462739339241,0.06492783272495636,0.047305982622604534,0.027931183719864257,0.012957402504980564,0.013521901331841946,0.014637630432844162,0.013083446770906448,0.021023621782660484,0.04289209470152855,0.0732015073299408,0.07594946771860123
181.0,0.17826075450732157,0.07039903802797198,1.7845427915620524,1.219175861432002,0.12191758614320024,0.0,0.004912414330129441,0.0,0.055939533102970854,0.17826075450732157,0.051430756226181984,0.0,0.17353661874165902,0.051430756226181984,0.0491241433012944,0.03178926299397762,0.013354410417377949,0.013944340869784355,0.015543828718364239,0.01320343092083931,0.022289635613560677,0.0471782386302948,0.07659243792295456,0.3610859811306
182.0,0.18706142042691892,0.05109407298732549,1.771372491451858,1.2415442145787752,0.12415442145787753,0.0,0.005739773953190216,0.0,0.053988155407401234,0.18706142042691892,0.057167224012888394,0.0,0.16188995310893425,0.057167224012888394,0.057397739531902164,0.02763701849975265,0.013099289499223232,0.013577086851000786,0.014899617061018944,0.013087887316942215,0.021503357216715813,0.045413319021463394,0.07626210898160934,0.2109099179506302
183.0,0.19160634909684843,0.04405249410774559,1.8315689956471704,1.2472631931304932,0.12472631931304931,0.0,0.004955078729499992,0.0,0.05648429419558782,0.19160634909684843,0.061924948142125055,0.0,0.17731372725505096,0.061924948142125055,0.04955078729499991,0.03339491505175829,0.012924999929964542,0.013409560546278954,0.014663783833384514,0.012885386124253273,0.02097245305776596,0.04346799477934837,0.07382162660360336,0.16027414798736572
184.0,0.17922460631682322,0.031953222351148725,1.7373134614024086,1.2181958647874684,0.12181958647874687,0.0,0.004348420215627322,0.0,0.05457003844472078,0.17922460631682322,0.05305659828277735,0.0,0.16573437819114098,0.05305659828277735,0.043484202156273216,0.029166106421213884,0.012906864285469055,0.013435568660497665,0.01455236878246069,0.01298102829605341,0.020882902666926384,0.04279331862926483,0.07189850509166718,0.06617522239685059
185.0,0.18091645951454455,0.04678226017858833,1.809220713363165,1.2325886579660268,0.1232588657966027,0.0,0.0044973496920787375,0.0,0.05730678685582601,0.18091645951454455,0.05316024502882591,0.0,0.17835967128093427,0.05316024502882591,0.04497349692078737,0.033791728819218964,0.012927676551043987,0.01342773251235485,0.014703393913805485,0.012874065898358822,0.021051378920674324,0.04366956651210785,0.07327191531658173,0.1823323518037796
186.0,0.17821746663405344,0.034472028724849224,1.8174637984987885,1.2132900586495032,0.1213290058649503,0.0,0.004236426727416424,0.0,0.055627762984771,0.17821746663405344,0.05265203046684082,0.0,0.17017310170026925,0.05265203046684082,0.04236426727416424,0.030721367623370428,0.012907316908240318,0.01343661081045866,0.014497914351522923,0.013013139367103577,0.020793268457055092,0.04255617782473564,0.07259587943553925,0.08597592264413834
187.0,0.1794076137817823,0.05591483262833208,1.8180191892750412,1.2312062290998607,0.12312062290998606,0.0,0.00447447499117026,0.0,0.057113185668220885,0.1794076137817823,0.05181251566570539,0.0,0.17319085391668174,0.05181251566570539,0.044744749911702596,0.03192758481376446,0.013006425462663174,0.013546940870583057,0.014950818382203579,0.01291867345571518,0.02135603502392769,0.04473867639899254,0.07502669095993042,0.251774400472641
188.0,0.1878700777888298,0.03974286769516766,1.8532934317188583,1.2919803811953618,0.1291980381195362,0.0,0.00506357063467686,0.0,0.054213790652843624,0.1878700777888298,0.05360846679944258,0.0,0.16702460039120454,0.05360846679944258,0.0506357063467686,0.029566773786567725,0.012947610579431057,0.013433102518320084,0.014629686251282692,0.01297085639089346,0.021027090027928352,0.043487537652254105,0.07330288738012314,0.1261441707611084
189.0,0.19406248113283744,0.04032096033915877,1.9674684271385865,1.3264148647968586,0.13264148647968585,0.0,0.004163650935515762,0.0,0.05541728637539423,0.19406248113283744,0.05725734122097492,0.0,0.16591180574435455,0.05725734122097492,0.041636509355157614,0.02918034365687233,0.01286567933857441,0.013404215686023235,0.014630910009145737,0.012846560217440128,0.020649274811148643,0.04290282353758812,0.0713350772857666,0.1339331418275833
190.0,0.20191078862318626,0.042496416601352394,1.9395732999290816,1.3737923961419325,0.13737923961419324,0.0,0.004185260710521386,0.0,0.05302659923640581,0.20191078862318626,0.06034628846324407,0.0,0.16237678493444735,0.06034628846324407,0.041852607105213865,0.027678134063115485,0.012993158772587776,0.013450792990624905,0.0146811967715621,0.012989860959351063,0.02113199420273304,0.04368285834789276,0.07447047531604767,0.14657099545001984
191.0,0.19557413917321426,0.04855999897699803,1.978987900198578,1.3325852339084332,0.13325852339084332,0.0,0.004713162079525109,0.0,0.05168965143653063,0.19557413917321426,0.057602451684383243,0.0,0.15485400591905302,0.057602451684383243,0.047131620795251086,0.02552958642347501,0.01291445642709732,0.013412239030003548,0.014721316285431385,0.01285877451300621,0.02101537585258484,0.04356915131211281,0.07435300201177597,0.19563567638397217
192.0,0.19001637399196625,0.04834531352389604,1.847228069760148,1.341737756362328,0.13417377563623284,0.0,0.004941351425189238,0.0,0.04946953058242798,0.19001637399196625,0.050901248621252865,0.0,0.14861903912745988,0.050901248621252865,0.04941351425189238,0.022978398519066665,0.0131197739392519,0.013534124940633774,0.014826644212007523,0.013098188675940037,0.021381894126534462,0.044551003724336624,0.07765455543994904,0.18859632313251495
193.0,0.1880212827370717,0.046331694698892534,1.9119892224522252,1.221144281900846,0.12211442819008458,0.0,0.004881155241925557,0.0,0.05260344265172115,0.1880212827370717,0.0610256944424831,0.0,0.15647557492439562,0.0610256944424831,0.04881155241925556,0.02583618934911031,0.01293811947107315,0.01341418270021677,0.014654392376542091,0.012901460751891136,0.020960411056876183,0.04331952705979347,0.07528779655694962,0.17717766761779785
194.0,0.17087058780285028,0.033709806855767965,1.782173454799471,1.1405103481732881,0.1140510348173288,0.0,0.004330368311359333,0.0,0.05031311254088695,0.17087058780285028,0.052489183126733854,0.0,0.14966636437636155,0.052489183126733854,0.043303683113593325,0.023692364983547192,0.012947735376656055,0.013454576954245567,0.014585533179342747,0.012985996901988983,0.020882632583379745,0.04295523837208748,0.07244855910539627,0.07941818237304688
195.0,0.1697437264598333,0.04829713806975633,1.8206135787686792,1.1241215559152455,0.11241215559152458,0.0,0.004553060298069166,0.0,0.055689759265918,0.1697437264598333,0.05277850794104429,0.0,0.16906345635652542,0.05277850794104429,0.045530602980691656,0.030682882473159295,0.012957177124917507,0.013440384529531002,0.014720284380018711,0.012899385765194893,0.021042335778474808,0.04377446696162224,0.07411038130521774,0.19343268871307373
196.0,0.1701070207815904,0.03347030305303633,1.851716745532349,1.1426091285852285,0.11426091285852287,0.0,0.004305681285376733,0.0,0.051209841353388935,0.1701070207815904,0.051540424330876425,0.0,0.15394514168684298,0.051540424330876425,0.04305681285376732,0.025334918370040562,0.012950246222317219,0.013460754416882992,0.014528686180710793,0.013035694137215614,0.020795026794075966,0.042698830366134644,0.07259082049131393,0.0777023658156395
197.0,0.17090977671054694,0.06062046776060015,1.8113078500605537,1.1478154109074519,0.11478154109074519,0.0,0.004624999271562466,0.0,0.053942167128507905,0.17090977671054694,0.051503230459414996,0.0,0.1626406925228926,0.051503230459414996,0.04624999271562466,0.02841858913262303,0.013104341924190521,0.013644072227180004,0.015059929341077805,0.013017736375331879,0.021456727758049965,0.045447830110788345,0.07653714716434479,0.2866959571838379
198.0,0.17536572653513688,0.040052764816209674,1.788164459229144,1.17811558338312,0.11781155833831199,0.0,0.005150670787462822,0.0,0.051048302020017915,0.17536572653513688,0.05240349700817695,0.0,0.15491917328192636,0.05240349700817695,0.051506707874628216,0.025658482434944466,0.012972182594239712,0.013447919860482216,0.014656885527074337,0.012990385293960571,0.021027619019150734,0.04341612383723259,0.07354779541492462,0.1283632069826126
199.0,0.17668895652660957,0.03927331080194563,1.913047034534516,1.159577910716717,0.11595779107167169,0.0,0.004253259999677539,0.0,0.05400561140133785,0.17668895652660957,0.05647790303023962,0.0,0.1627914825311074,0.05647790303023962,0.04253259999677539,0.028564109072948877,0.012879756279289722,0.01340408530086279,0.01465245895087719,0.01284960936754942,0.020699677988886833,0.04297880828380585,0.07184737920761108,0.12487471103668213
200.0,0.17945023740713412,0.044873270904645324,1.782041497371548,1.167022636303535,0.11670226363035349,0.0,0.004425860239336124,0.0,0.05093236009661968,0.17945023740713412,0.05832210799249319,0.0,0.1519239000402964,0.05832210799249319,0.04425860239336124,0.02474262035236909,0.013021859340369701,0.013459865003824234,0.014703303575515747,0.013014783151447773,0.02114996127784252,0.04369276389479637,0.07562506943941116,0.16431856155395508
201.0,0.17585657766232124,0.06616292416583747,1.8706241536653456,1.142223527798286,0.11422235277982858,0.0,0.005359908698413234,0.0,0.05383418758328144,0.17585657766232124,0.05627431763479343,0.0,0.16250530630350113,0.05627431763479343,0.05359908698413234,0.028339130732302483,0.01321788877248764,0.013792312704026699,0.015259847976267338,0.013103955425322056,0.021735409274697304,0.04623798653483391,0.077766053378582,0.3281899392604828
202.0,0.16961417633753556,0.04235158325172961,1.8240352040134011,1.1180359491935143,0.11180359491935143,0.0,0.00507909285907562,0.0,0.05161342884485538,0.16961417633753556,0.05273148474784998,0.0,0.15245727678904167,0.05273148474784998,0.05079092859075619,0.024987688574653406,0.013077015988528728,0.013514327816665173,0.014747589826583862,0.01308220624923706,0.021240655332803726,0.04384531080722809,0.07625608146190643,0.1430494785308838
203.0,0.1766424528681315,0.0386048280633986,1.966400099254901,1.103509430701916,0.11035094307019158,0.0,0.004612881735934374,0.0,0.0530459455286081,0.1766424528681315,0.06167862363732778,0.0,0.1595779817837935,0.06167862363732778,0.046128817359343745,0.02736585920390028,0.012934183701872826,0.013411548919975758,0.014563772827386856,0.012943197973072529,0.020797159522771835,0.04287802055478096,0.07445714622735977,0.11685359477996826
204.0,0.16749124228954315,0.032685490092262626,1.8961992279564888,1.1123691338759203,0.11123691338759203,0.0,0.00404326796818238,0.0,0.053139226081279606,0.16749124228954315,0.05221105524553703,0.0,0.16052269878295752,0.05221105524553703,0.040432679681823805,0.027778008272154972,0.012948263436555862,0.013478264212608337,0.014559699222445488,0.013043796643614769,0.020811455324292183,0.04263928160071373,0.07270173728466034,0.0713014230132103
205.0,0.16917359657012498,0.05627019004896283,1.8574916096910732,1.1079056629767785,0.11079056629767786,0.0,0.0048035568056198266,0.0,0.05086969655866806,0.16917359657012498,0.05357947243520847,0.0,0.15088356057038674,0.05357947243520847,0.04803556805619827,0.024507245048880577,0.013031852431595325,0.013562358915805817,0.014929302968084812,0.012955522164702415,0.021232612431049347,0.044838935136795044,0.0748695358633995,0.2547414004802704
206.0,0.16570979815263015,0.03881111170630902,1.893603722283417,1.0992440673021169,0.10992440673021171,0.0,0.004489758632217463,0.0,0.052248614482008494,0.16570979815263015,0.05129563192335459,0.0,0.1577749395599732,0.05129563192335459,0.044897586322174624,0.026681688542549428,0.013006330467760563,0.013524262234568596,0.014585929922759533,0.013122296892106533,0.020901823416352272,0.0429227389395237,0.07338076829910278,0.11904474347829819
207.0,0.16969636369210023,0.04833483090624213,1.8970923146021725,1.1147624575174773,0.11147624575174772,0.0,0.00438529820038149,0.0,0.05176007188856602,0.16969636369210023,0.05383481730062228,0.0,0.15342130053501862,0.05383481730062228,0.0438529820038149,0.02529084410231847,0.0129845030605793,0.013515328988432884,0.014898041263222694,0.0128739383071661,0.021138636395335197,0.043947260826826096,0.07130541652441025,0.19601552188396454
208.0,0.17848388678752458,0.03761893603950739,1.8360914575875762,1.173504623082968,0.11735046230829681,0.0,0.004662331093389255,0.0,0.04954566720586557,0.17848388678752458,0.05647108890116215,0.0,0.14889806738266578,0.05647108890116215,0.04662331093389254,0.02370055990580183,0.013028259389102459,0.013511572033166885,0.014691156335175037,0.013067452237010002,0.02103993482887745,0.043398793786764145,0.07406268268823624,0.1081516370177269
209.0,0.17750308834589446,0.04228056478314102,1.9826446789577437,1.1220834759565501,0.11220834759565501,0.0,0.004711658330276036,0.0,0.05061859050049232,0.17750308834589446,0.06058308181281273,0.0,0.15023184223816946,0.06058308181281273,0.047116583302760355,0.024302855993692692,0.012930327095091343,0.013414492830634117,0.01461413037031889,0.012921251356601715,0.020830076187849045,0.04287739098072052,0.07458434253931046,0.14607250690460205
210.0,0.16427752318290564,0.0428055067313835,1.8007747703605181,1.1015265171344464,0.11015265171344464,0.0,0.004829475577347554,0.0,0.05054328332726772,0.16427752318290564,0.049295394466473505,0.0,0.15203294043357557,0.049295394466473505,0.048294755773475535,0.024776647977817517,0.0131522910669446,0.013563609682023525,0.014779494144022465,0.013177959248423576,0.021261833608150482,0.04415672644972801,0.07794546335935593,0.14440667629241943
211.0,0.17381164718132752,0.06211862957570702,1.893068377490459,1.0847650537124047,0.10847650537124046,0.0,0.005543707988153284,0.0,0.050923059622828774,0.17381164718132752,0.059791432407039866,0.0,0.151697092044812,0.059791432407039866,0.05543707988153283,0.02489758673338936,0.013160965405404568,0.013676995411515236,0.015053710900247097,0.01308783981949091,0.021352775394916534,0.04543248936533928,0.07768415659666061,0.2975001037120819
212.0,0.16435902623029855,0.03802538872696459,1.7568429749513497,1.0931620231041541,0.10931620231041543,0.0,0.004517777765599581,0.0,0.04985748102458624,0.16435902623029855,0.05052503972099377,0.0,0.1506043437581796,0.05052503972099377,0.04517777765599581,0.024559044637359105,0.013062124140560627,0.013543792068958282,0.014629129320383072,0.013156230561435223,0.020983131602406502,0.04339241608977318,0.07467420399188995,0.1107620820403099
213.0,0.16566631942987442,0.0516331996768713,1.8728666198761417,1.0579313544126658,0.10579313544126659,0.0,0.004553147442997075,0.0,0.05188863051052277,0.16566631942987442,0.055320035093105756,0.0,0.1560347733589319,0.055320035093105756,0.04553147442997075,0.026308570845195882,0.012981798499822617,0.013520636595785618,0.014884354546666145,0.01289288979023695,0.0210306104272604,0.04409703612327576,0.07343365252017975,0.22022461891174316
214.0,0.1636804032784242,0.04179837764240801,1.781809315093786,1.0566706153062673,0.10566706153062674,0.0,0.0047697695115437875,0.0,0.04918524193075987,0.1636804032784242,0.05324356630444527,0.0,0.14809239827669585,0.05324356630444527,0.04769769511543787,0.023810279609348912,0.01308590266853571,0.013566344045102596,0.014726956374943256,0.01315393391996622,0.0211140438914299,0.04345964267849922,0.07552780956029892,0.13975238800048828
215.0,0.1702256454871251,0.03817898058332503,1.9499680527438277,1.033114614394995,0.1033114614394995,0.0,0.004797069132865336,0.0,0.050337474363354534,0.1702256454871251,0.062117109361749426,0.0,0.14994935032266837,0.062117109361749426,0.04797069132865335,0.024286266470041413,0.012951008044183254,0.013434669002890587,0.01456253882497549,0.012980420142412186,0.020783523097634315,0.042914018034935,0.0745113417506218,0.1132943257689476
216.0,0.15409386903047562,0.07832476543262601,1.8147100700270267,1.000986819083874,0.1000986819083874,0.0,0.00516791779261369,0.0,0.049847183319238514,0.15409386903047562,0.048827268183231354,0.0,0.15041780271209204,0.048827268183231354,0.051679177926136896,0.024525349941821054,0.013620402663946152,0.014193445444107056,0.01566235162317753,0.01349245198071003,0.022247377783060074,0.048096999526023865,0.0820450410246849,0.41724005341529846
217.0,0.16667564729085335,0.044237372116185725,1.9695967642666017,1.0511542558670044,0.10511542558670042,0.0,0.004971170797944069,0.0,0.04978483213255039,0.16667564729085335,0.05658904921550017,0.0,0.1489424378826068,0.05658904921550017,0.04971170797944069,0.024095163608972844,0.012948713265359402,0.013441212475299835,0.014656569808721542,0.012946249917149544,0.020786892622709274,0.04302031174302101,0.07515456527471542,0.16094446182250977
218.0,0.16142475891571778,0.041959141730330884,1.8870401129789738,1.0756470148379986,0.10756470148379987,0.0,0.004267036198423459,0.0,0.04950406631598106,0.16142475891571778,0.049593019943970904,0.0,0.1509562604702436,0.049593019943970904,0.04267036198423459,0.024818722606421664,0.013039872981607914,0.013574177399277687,0.014664447866380215,0.013214881531894207,0.021086419001221657,0.04281023517251015,0.07393865287303925,0.143344447016716
219.0,0.16534575189535433,0.0491593312472105,1.9201264874066928,1.0441983158771808,0.10441983158771811,0.0,0.00493709526132219,0.0,0.05050555630945242,0.16534575189535433,0.05598882012642347,0.0,0.15186744928359985,0.05598882012642347,0.04937095261322191,0.02535975702966635,0.012986467219889164,0.013468434102833271,0.01472533494234085,0.012956757098436356,0.02095419354736805,0.043770965188741684,0.0750034898519516,0.19940900802612305
220.0,0.16348694838010347,0.04341906891204417,1.9638547813022444,1.091998590872838,0.10919985908728377,0.0,0.004615627931287655,0.0,0.04788556207831089,0.16348694838010347,0.04967145793713056,0.0,0.14699142741469237,0.04967145793713056,0.04615627931287655,0.02358480177533168,0.013169932179152966,0.013596314005553722,0.014740141108632088,0.013292726129293442,0.021174853667616844,0.04460625350475311,0.0781359151005745,0.14863641560077667
221.0,0.18302220163437036,0.04827302508056164,1.9122632398739534,1.1554284141613886,0.11554284141613888,0.0,0.005066182603164075,0.0,0.05017299864154596,0.18302220163437036,0.06241317781118246,0.0,0.151125512444056,0.06241317781118246,0.050661826031640746,0.025464079038311657,0.013100369833409786,0.013506162911653519,0.014753350988030434,0.013102750293910503,0.021111488342285156,0.044010937213897705,0.07756296545267105,0.18903617560863495
222.0,0.18834637850522995,0.05294319393578917,1.9718874959316113,1.2983031272888184,0.12983031272888185,0.0,0.004865332560327191,0.0,0.05175429310363073,0.18834637850522995,0.05365073265364537,0.0,0.16145457298709795,0.05365073265364537,0.04865332560327191,0.029220030786326297,0.013080267235636711,0.013640341348946095,0.015085212886333466,0.012922653928399086,0.02132285013794899,0.04441084340214729,0.07207001000642776,0.23101337254047394
223.0,0.17068689775008422,0.03387153462972492,1.9073565401377122,0.9961476463537949,0.09961476463537948,0.0,0.004173370758787944,0.0,0.047164285698762305,0.17068689775008422,0.06689876017089073,0.0,0.14341207106526083,0.06689876017089073,0.041733707587879434,0.022778324433602393,0.012983400374650955,0.013480442576110363,0.014545985497534275,0.013076686300337315,0.020808277651667595,0.04305247589945793,0.07302448898553848,0.08000051975250244
224.0,0.15626915315022835,0.06276879168581218,1.8395124720659415,0.9788357798869793,0.09788357798869794,0.0,0.005060239064578827,0.0,0.048358051966016107,0.15626915315022835,0.05332533384744938,0.0,0.14970961012519324,0.05332533384744938,0.05060239064578827,0.02434823319960672,0.013182145543396473,0.013736286200582981,0.015181050635874271,0.01305289939045906,0.021483637392520905,0.04555315896868706,0.07570796459913254,0.3042531907558441
225.0,0.1674575490447191,0.043992954888381064,1.9791127541892932,1.081215840119582,0.10812158401195819,0.0,0.004934455182116765,0.0,0.04745869882977926,0.1674575490447191,0.054401509320506684,0.0,0.14532824548391196,0.054401509320506684,0.049344551821167655,0.023352740672775187,0.01312268991023302,0.01361551322042942,0.014726421795785427,0.01326997671276331,0.02119077928364277,0.0436183325946331,0.07549932599067688,0.15690059959888458
226.0,0.18677522242069244,0.04362653836142272,1.9426652953935266,1.2331989040741553,0.12331989040741556,0.0,0.0048960157867091215,0.0,0.047464343217703014,0.18677522242069244,0.05855931513584577,0.0,0.1435134898011501,0.05855931513584577,0.04896015786709121,0.02226222249177786,0.012962781824171543,0.013458422385156155,0.014738470315933228,0.012927110306918621,0.0208335742354393,0.043361928313970566,0.07304681092500687,0.15768320858478546
227.0,0.15814523513500506,0.04927640361711383,1.9390215160986644,1.0403378514143138,0.10403378514143138,0.0,0.004783782484726265,0.0,0.047131527215242386,0.15814523513500506,0.04932766293103878,0.0,0.14302468872987306,0.04932766293103878,0.047837824847262636,0.022129445157658596,0.013237296603620052,0.013721213676035404,0.014873123727738857,0.013423007912933826,0.021420959383249283,0.044047486037015915,0.07732059806585312,0.19616754353046417
228.0,0.16981161156525978,0.04749163333326578,1.9348633806692916,1.0345846964762762,0.10345846964762763,0.0,0.005117570380501164,0.0,0.04577830405189441,0.16981161156525978,0.061235569417476654,0.0,0.13690932123706892,0.061235569417476654,0.05117570380501162,0.020702541519242983,0.013001869432628155,0.013480184599757195,0.014761291444301605,0.012972935102880001,0.02092968299984932,0.04357796534895897,0.07508028298616409,0.18612885475158691
229.0,0.1516611432799926,0.033788603148423135,1.9234044995655935,0.9797467039181635,0.09797467039181636,0.0,0.005015784881722469,0.0,0.050794135635861985,0.1516611432799926,0.04867068778436918,0.0,0.15450942802887696,0.04867068778436918,0.05015784881722469,0.026068008648088344,0.012996072880923748,0.013509559445083141,0.014636513777077198,0.013043787330389023,0.02086023986339569,0.04333706572651863,0.07240277528762817,0.07952281087636948
230.0,0.16548704585203758,0.04054878803435713,1.993035445921279,1.0518743487504811,0.10518743487504814,0.0,0.0047070078157748175,0.0,0.045435479197364584,0.16548704585203758,0.055592602548690945,0.0,0.13624629550255263,0.055592602548690945,0.04707007815774817,0.02061332735376289,0.012968074530363083,0.013472952879965305,0.014691074378788471,0.01295518409460783,0.02079962193965912,0.04326827824115753,0.07285072654485703,0.13338439166545868
231.0,0.1509791652743633,0.05723568983376026,2.0152521480460703,0.9824651021223801,0.09824651021223804,0.0,0.004354433987576228,0.0,0.04596050928991575,0.1509791652743633,0.048378219541448816,0.0,0.13855150800484878,0.048378219541448816,0.04354433987576228,0.020946587543361463,0.013226300477981567,0.013793493621051311,0.014831005595624447,0.013477141037583351,0.02146109938621521,0.043722499161958694,0.07647327333688736,0.26090070605278015
232.0,0.16560429735825613,0.044422801816836,1.9487554457550895,1.0541849411450899,0.10541849411450901,0.0,0.0045396511156398514,0.0,0.04747757201011364,0.16560429735825613,0.05564614858191747,0.0,0.1428522215439723,0.05564614858191747,0.04539651115639852,0.022471566541263692,0.012988668866455555,0.013525980524718761,0.01485081110149622,0.012917355634272099,0.020990796387195587,0.043757885694503784,0.07122864574193954,0.16512227058410645
233.0,0.15835868223355368,0.05208757647778839,2.001918445727074,0.984400749206543,0.09844007492065429,0.0,0.004526920272753789,0.0,0.045941609459427685,0.15835868223355368,0.05539168489093964,0.0,0.13735746277066377,0.05539168489093964,0.045269202727537886,0.020521423134666223,0.013177073560655117,0.013728583231568336,0.014788618311285973,0.013409635052084923,0.021349111571907997,0.04344144091010094,0.07575962692499161,0.22104652225971222
234.0,0.1665684196811456,0.04037926148157567,1.9296474408104851,1.0502000175989592,0.10502000175989591,0.0,0.004616125913050313,0.0,0.04756296941867241,0.1665684196811456,0.05693229101598263,0.0,0.1462754730421763,0.05693229101598263,0.046161259130503125,0.02366711901357541,0.012968027032911777,0.013471980579197407,0.014717870391905308,0.012957975268363953,0.020799417048692703,0.04329369589686394,0.07245112210512161,0.13237400352954865
235.0,0.16002300954782045,0.038846457726322114,1.9361205374950674,1.028172227052542,0.10281722270525419,0.0,0.005097116830830391,0.0,0.046284183573264345,0.16002300954782045,0.05210867165946043,0.0,0.13756495198378196,0.05210867165946043,0.05097116830830391,0.020731339177403312,0.013099110685288906,0.013597200624644756,0.014761547558009624,0.013204049319028854,0.021082548424601555,0.04356672242283821,0.0741879865527153,0.11727249622344971
236.0,0.16997249367145392,0.0324882073327899,1.8935973983873922,1.0489161014556885,0.10489161014556886,0.0,0.005051052410943576,0.0,0.04580333399084898,0.16997249367145392,0.06002982763143686,0.0,0.14094609222733057,0.06002982763143686,0.05051052410943577,0.021932374954653475,0.01296460535377264,0.013495409861207008,0.01455836184322834,0.013036119751632214,0.02068980224430561,0.04298064112663269,0.07142110168933868,0.070759616792202
237.0,0.14786334393116143,0.04868634813465178,1.817591212730824,0.9457613344375904,0.09457613344375905,0.0,0.004894474506951295,0.0,0.04507969233852167,0.14786334393116143,0.04839273671118113,0.0,0.13466079017290702,0.04839273671118113,0.048944745069512956,0.020050656068353698,0.013237634673714638,0.013767228461802006,0.014876342378556728,0.013447551056742668,0.021407363936305046,0.0434851236641407,0.07644875347614288,0.19282078742980957
238.0,0.1716952180633178,0.03724392142612487,1.9940923764925567,1.0411653243578398,0.10411653243578398,0.0,0.00499856107098122,0.0,0.04701322847260879,0.1716952180633178,0.0625801241168609,0.0,0.14451377666913545,0.0625801241168609,0.04998561070981221,0.022903792954121645,0.013020452111959457,0.013557967729866505,0.014593208208680153,0.013144899159669876,0.020797109231352806,0.043132733553647995,0.07246178388595581,0.10724321752786636
239.0,0.1500720100907179,0.0542950687231496,1.8960731501859351,0.9767509882266705,0.09767509882266706,0.0,0.0053905182231504195,0.0,0.044534435495734215,0.1500720100907179,0.04700639098882675,0.0,0.1360404841028727,0.04700639098882675,0.05390518223150419,0.020701946350387655,0.013114390894770622,0.013617592863738537,0.015024366788566113,0.013030282221734524,0.021371616050601006,0.04533769190311432,0.07332200556993484,0.23954260349273682
240.0,0.17380529011671358,0.039819565834477544,2.055726478320712,1.1138281317857595,0.11138281317857596,0.0,0.005393689326368845,0.0,0.04579665827063414,0.17380529011671358,0.05702878434497576,0.0,0.14063828581800827,0.05702878434497576,0.05393689326368845,0.021652682433621243,0.013098540715873241,0.013596202246844769,0.014695774763822556,0.013203101232647896,0.02098081447184086,0.043440427631139755,0.07397840172052383,0.12556326389312744
241.0,0.15584580084452263,0.04953488043975085,1.9671666313474636,0.988834179364718,0.09888341793647183,0.0,0.005257268343120814,0.0,0.046953351308520026,0.15584580084452263,0.05170511339719479,0.0,0.14310947776987,0.05170511339719479,0.052572683431208134,0.022878846225257102,0.01300574280321598,0.013523724861443043,0.014913614839315414,0.012944851070642471,0.021052993834018707,0.04410284757614136,0.07299772650003433,0.2037375420331955
242.0,0.15927135371244872,0.04265000659506768,1.9316443884601413,0.9995710437114422,0.09995710437114423,0.0,0.004982921452476429,0.0,0.0429773792051352,0.15927135371244872,0.05433132542440525,0.0,0.12957786825987008,0.05433132542440525,0.049829214524764284,0.018192146689845964,0.013170761987566948,0.013651814311742783,0.014787009917199612,0.013280544430017471,0.02121870405972004,0.04361586272716522,0.07581567019224167,0.1456596851348877
243.0,0.16019860884317985,0.03322069952264428,1.9323039196556073,0.9629381276093997,0.09629381276093997,0.0,0.004907002405693325,0.0,0.04852608806238724,0.16019860884317985,0.058997791833602466,0.0,0.1497071686272438,0.058997791833602466,0.04907002405693325,0.0249267656248636,0.013018433935940266,0.013504507020115852,0.014610741287469864,0.01308381836861372,0.020821457728743553,0.043290525674819946,0.07374633103609085,0.0736897811293602
244.0,0.1599693831342917,0.037488342146389186,1.9816832766256154,1.0434831931040838,0.10434831931040837,0.0,0.004507996170566632,0.0,0.044654314048015155,0.1599693831342917,0.05111306246656638,0.0,0.13573572498101455,0.05111306246656638,0.04507996170566632,0.020385531538452666,0.013058899901807308,0.013571416027843952,0.014633117243647575,0.013164185918867588,0.02092720940709114,0.04308679699897766,0.07301712036132812,0.10844799131155014
245.0,0.15087413501281005,0.05561024777125567,1.9100126703324025,0.962075609427232,0.09620756094272322,0.0,0.0050146084457922445,0.0,0.047010076590455495,0.15087413501281005,0.04965196277659673,0.0,0.14238890088521516,0.04965196277659673,0.050146084457922444,0.022839651013223026,0.013089426793158054,0.013599052093923092,0.01497871708124876,0.013031227514147758,0.02113071270287037,0.0446934811770916,0.07568442076444626,0.24867494404315948
246.0,0.1642225539455047,0.04571626125834882,2.091813379061296,1.0783823866110582,0.1078382386611058,0.0,0.004687899064559204,0.0,0.046495554538873524,0.1642225539455047,0.05169640954297323,0.0,0.1413947495703514,0.05169640954297323,0.04687899064559203,0.021895292555340208,0.013115092180669308,0.013640712015330791,0.014665888622403145,0.013251783326268196,0.021007593721151352,0.0435892753303051,0.0738615021109581,0.1725982427597046
247.0,0.15628058577959353,0.03738015075214207,1.9656120324838922,0.9969009550718161,0.09969009550718162,0.0,0.004653258286774732,0.0,0.04601950069459585,0.15628058577959353,0.05193723294024284,0.0,0.14092151992596114,0.05193723294024284,0.046532582867747314,0.022237749949384194,0.01297083217650652,0.013494545593857765,0.014696024358272552,0.012984429486095905,0.020854348316788673,0.04339328035712242,0.070975162088871,0.10967258363962173
248.0,0.16814980598596427,0.050558415008708835,2.1226496130040777,1.0903955973111665,0.10903955973111668,0.0,0.004640679512746059,0.0,0.04344570608093189,0.16814980598596427,0.054469563926641755,0.0,0.12902333644720224,0.054469563926641755,0.04640679512746059,0.01819822029210627,0.013135540299117565,0.01369874645024538,0.014717659913003445,0.01332972664386034,0.02115119807422161,0.04348232224583626,0.07461818307638168,0.2103339433670044
249.0,0.15278249577834055,0.0490877932170406,1.8748755523246763,0.969787414257343,0.09697874142573429,0.0,0.004806827563935748,0.0,0.04540287101498017,0.15278249577834055,0.050996923102782324,0.0,0.13764680893375322,0.050996923102782324,0.04806827563935748,0.02116325622997605,0.013004904612898827,0.013515871949493885,0.014908308163285255,0.012939097359776497,0.02101813070476055,0.04405416548252106,0.07264212518930435,0.20061974227428436
250.0,0.1559085249900818,0.040092528564855456,1.9451110366622,0.9779981924937322,0.09779981924937323,0.0,0.005135611817240716,0.0,0.043770457116457134,0.1559085249900818,0.05297308902327831,0.0,0.1327398608510311,0.05297308902327831,0.05135611817240715,0.01957933085325819,0.013125503435730934,0.013593852519989014,0.014749854803085327,0.013217752799391747,0.021103287115693092,0.04358260706067085,0.07459897547960281,0.12676839530467987
251.0,0.15206788251033196,0.03426975605543703,1.903745234844762,0.9120605473334973,0.09120605473334972,0.0,0.004944722923951653,0.0,0.04680927212421711,0.15206788251033196,0.05591710527928976,0.0,0.1439690119945086,0.05591710527928976,0.049447229239516534,0.02327998410552167,0.012974417768418789,0.013480247929692268,0.014616589061915874,0.013036075048148632,0.02076468989253044,0.04302218556404114,0.07288072258234024,0.08338312059640884
252.0,0.14652921488651863,0.043051665532402694,1.8537215462407426,0.9132291674613953,0.09132291674613952,0.0,0.004946982222967423,0.0,0.04535645404114173,0.14652921488651863,0.05025931462072409,0.0,0.13956578792287752,0.05025931462072409,0.04946982222967423,0.021817194011348944,0.013177433982491493,0.013624617829918861,0.014778424054384232,0.01328283827751875,0.021217696368694305,0.04403955116868019,0.07624257355928421,0.1480501890182495
253.0,0.1557240537725962,0.053246208000928164,1.9917990938470405,0.9504549572101006,0.09504549572101006,0.0,0.005575610964129178,0.0,0.04465181093949538,0.1557240537725962,0.0551029397891118,0.0,0.13776417219868073,0.0551029397891118,0.055756109641291775,0.02150589819603528,0.013066638261079788,0.013560691848397255,0.014923417009413242,0.013031433336436749,0.02106533758342266,0.04440833255648613,0.0754987820982933,0.23041503131389618
254.0,0.15816905464117342,0.05254528170917183,2.046154514277308,1.0400292437810164,0.10400292437810163,0.0,0.004902459559245753,0.0,0.04908294373979935,0.15816905464117342,0.049263670753974184,0.0,0.15191732146419012,0.049263670753974184,0.04902459559245752,0.025827774455627568,0.013273782096803188,0.013777407817542553,0.014865928329527378,0.013443598523736,0.021384071558713913,0.044739652425050735,0.07717201858758926,0.22170579433441162
255.0,0.16356046211261016,0.04903792007826269,1.945940708213129,1.0210114946732154,0.10210114946732154,0.0,0.004898722734875404,0.0,0.042475671077576965,0.16356046211261016,0.056560585132012,0.0,0.12751369192623174,0.056560585132012,0.04898722734875404,0.01868035312061413,0.013039125129580498,0.01351964008063078,0.014821606688201427,0.013028189539909363,0.020991986617445946,0.04387428238987923,0.0756223127245903,0.19740621745586395
256.0,0.1511502626996774,0.03520636504981667,1.9502461071048698,0.9722513877428495,0.09722513877428497,0.0,0.005101071570355159,0.0,0.045402598925507985,0.1511502626996774,0.048824053830825366,0.0,0.14216640305060607,0.048824053830825366,0.05101071570355158,0.022482211235910654,0.01300195511430502,0.01350375171750784,0.014653227292001247,0.01305563934147358,0.020854508504271507,0.04317955672740936,0.07244782149791718,0.09095446020364761
257.0,0.14736262880838835,0.04674102133139968,1.9556617350216092,0.9431222195808704,0.09431222195808704,0.0,0.004633085157435674,0.0,0.04291692032263829,0.14736262880838835,0.04841732076154305,0.0,0.13229675906208846,0.04841732076154305,0.04633085157435674,0.019973609668131057,0.013011079281568527,0.01349732093513012,0.0147944875061512,0.013015678152441978,0.02093185856938362,0.043474871665239334,0.07528859376907349,0.17991428077220917
258.0,0.15673615267643562,0.03855061926878989,1.9260794396143828,1.0040838168217585,0.10040838168217586,0.0,0.005345595477578732,0.0,0.04435980176696411,0.15673615267643562,0.05098217410536913,0.0,0.137667561093202,0.05098217410536913,0.053455954775787316,0.021142761437938765,0.013073637150228024,0.013516212813556194,0.01469447836279869,0.01312730647623539,0.021030796691775322,0.0435926653444767,0.0744066834449768,0.11496317386627197
259.0,0.15511619528898826,0.0512869042577222,1.8712614031810588,1.0110048835094159,0.1011004883509416,0.0,0.005236419669997234,0.0,0.04458440338762907,0.15511619528898826,0.04877928357857924,0.0,0.13616545956868392,0.04877928357857924,0.05236419669997234,0.020644885720685124,0.013069949112832546,0.01353388000279665,0.014854119159281254,0.013070311397314072,0.02107248455286026,0.04397900402545929,0.07677610218524933,0.2139393836259842
260.0,0.15299905550021392,0.039112775353714824,1.9275553106133754,0.9899487128624549,0.09899487128624553,0.0,0.005635878558342273,0.0,0.04269586460521588,0.15299905550021392,0.04836830038290758,0.0,0.13386644394351885,0.04836830038290758,0.056358785583422735,0.019951982280382745,0.013071938417851925,0.013514013960957527,0.014705095440149307,0.013124764896929264,0.02103414759039879,0.04372970387339592,0.07422854006290436,0.1194939985871315
261.0,0.15728150422756487,0.043974243802949786,1.9800052291815033,1.0004668556726897,0.10004668556726894,0.0,0.004869313950005632,0.0,0.04302118489375481,0.15728150422756487,0.052365500336656205,0.0,0.1335872388803042,0.052365500336656205,0.04869313950005632,0.019750205244725712,0.012991968542337418,0.01351185329258442,0.014827460050582886,0.012962941080331802,0.0208498053252697,0.04344157874584198,0.0727633684873581,0.160444974899292
262.0,0.1526153597694177,0.03624373220372945,1.902044480743944,0.9298625221619239,0.0929862522161924,0.0,0.005030951849543132,0.0,0.046045468690303654,0.1526153597694177,0.054598154356846444,0.0,0.1435310932306143,0.054598154356846444,0.05030951849543131,0.022703795013232872,0.0130586763843894,0.013518678955733776,0.01467440277338028,0.013123349286615849,0.020983291789889336,0.04346618056297302,0.07349704205989838,0.09762823581695557
263.0,0.14417737665084693,0.04029918008018285,1.8904214282412304,0.8719277886243967,0.08719277886243966,0.0,0.0048778468922067155,0.0,0.04368067418153469,0.14417737665084693,0.0521067468306193,0.0,0.13539398375612038,0.0521067468306193,0.04877846892206715,0.020635242412726466,0.012981949374079704,0.013492490164935589,0.014737789519131184,0.012997250072658062,0.020812157541513443,0.04319242015480995,0.07296421378850937,0.1312151700258255
264.0,0.14334577322006226,0.03898191184271127,1.861551238109964,0.8578997850418091,0.0857899785041809,0.0,0.0050426963215263985,0.0,0.04601659138615315,0.14334577322006226,0.05251309562187929,0.0,0.14226258316865334,0.05251309562187929,0.05042696321526399,0.022660689464268777,0.013120078481733799,0.013568725436925888,0.014732175506651402,0.013213985599577427,0.021081825718283653,0.043546292930841446,0.07427480816841125,0.11831740289926529
265.0,0.14930134553175706,0.041342591401189566,1.9312404082934218,0.9079725811114678,0.09079725811114678,0.0,0.0050143800657958945,0.0,0.045727835108454414,0.14930134553175706,0.053489706120811976,0.0,0.14134398016792077,0.053489706120811976,0.05014380065795894,0.022423363129536692,0.013012435287237167,0.01349248830229044,0.014733471907675266,0.013039575889706612,0.02088882029056549,0.04320501908659935,0.07435870170593262,0.13801021873950958
266.0,0.14603604319003913,0.041907047969289124,1.8868790020040198,0.9149857805325434,0.09149857805325433,0.0,0.00530715870599334,0.0,0.045859131818780534,0.14603604319003913,0.04923030504813561,0.0,0.1423381185875489,0.04923030504813561,0.05307158705993341,0.022639976008437,0.013175619766116142,0.013579939492046833,0.014783275313675404,0.013255237601697445,0.02122403495013714,0.04405597969889641,0.0762166902422905,0.13896560668945312
267.0,0.15250296661486992,0.042188897845335305,1.962046415860654,0.9328062488482549,0.0932806248848255,0.0,0.005165535455139784,0.0,0.045411672013310284,0.15250296661486992,0.054056804054058515,0.0,0.13720673838487038,0.054056804054058515,0.05165535455139784,0.021181301177980807,0.013042491860687733,0.01349553931504488,0.01473118644207716,0.013079388067126274,0.020966293290257454,0.04339950159192085,0.07553399354219437,0.14326278865337372
268.0,0.14664165962200898,0.03476026619318873,1.8920992182512142,0.9313060228641217,0.09313060228641216,0.0,0.005075636133551598,0.0,0.04449913851343668,0.14664165962200898,0.0484354210874209,0.0,0.13752797876413053,0.0484354210874209,0.050756361335515976,0.02090686779970733,0.013050327077507973,0.013520823791623116,0.014661259017884731,0.013123204931616783,0.020984657108783722,0.043273698538541794,0.0733141377568245,0.0861540213227272
269.0,0.14184435858176306,0.04267698887269944,1.8652081080101688,0.87253872018594,0.08725387201859403,0.0,0.004784704848694114,0.0,0.04479923758369226,0.14184435858176306,0.04980578173238497,0.0,0.13873195906098074,0.04980578173238497,0.047847048486941136,0.021612931580211107,0.013028099201619625,0.01348815206438303,0.014741707593202591,0.01306344848126173,0.020954377949237823,0.0434003621339798,0.07521414011716843,0.1475256234407425
270.0,0.14195473205584747,0.03647543641272932,1.8645129005497556,0.8855301072964301,0.08855301072964303,0.0,0.005271432319512734,0.0,0.04618919067657911,0.14195473205584747,0.04813028986637409,0.0,0.14216205907555726,0.04813028986637409,0.05271432319512734,0.022465314572820298,0.013095101341605186,0.013540471903979778,0.014696391299366951,0.013172294944524765,0.021061161532998085,0.043562378734350204,0.07396527379751205,0.09871041774749756
271.0,0.14029950705858377,0.04359940660651773,1.868478265924156,0.8522562361680545,0.08522562361680544,0.0,0.005118851127246252,0.0,0.044481484505992666,0.14029950705858377,0.04995502961369661,0.0,0.13668715810546508,0.04995502961369661,0.05118851127246252,0.020980685895595413,0.013063629157841206,0.013493607752025127,0.014743427745997906,0.013105692341923714,0.02102567069232464,0.04360423982143402,0.07615359872579575,0.1536053866147995
272.0,0.14289515350873655,0.039327201317064464,1.9056165663526736,0.8969889856301821,0.08969889856301821,0.0,0.005359247412819129,0.0,0.04912962563909017,0.14289515350873655,0.047837009080327474,0.0,0.14956984497033632,0.047837009080327474,0.053592474128191285,0.025183039323355142,0.013152701780200005,0.013575045391917229,0.014752321876585484,0.013236286118626595,0.021157510578632355,0.04389329254627228,0.07484341412782669,0.12000703811645508
273.0,0.14403166220738337,0.04157829552423209,1.9248541029221293,0.888652368233754,0.0888652368233754,0.0,0.005189635414773455,0.0,0.043694273640330024,0.14403166220738337,0.04997678831792795,0.0,0.13306231768085405,0.04997678831792795,0.05189635414773455,0.020092068177361328,0.013073962181806564,0.01349926833063364,0.014713735319674015,0.013135050423443317,0.021033115684986115,0.04372011497616768,0.07608243823051453,0.13736867904663086
274.0,0.14725351906739748,0.07770410657394677,1.9870106551690534,0.9262419388844416,0.09262419388844416,0.0,0.005839135161099527,0.0,0.04678450352870501,0.14725351906739748,0.04879018850624561,0.0,0.14245605296813524,0.04879018850624561,0.058391351610995255,0.022852010989131834,0.013675715774297714,0.01425117626786232,0.01576504111289978,0.01350474264472723,0.022381873801350594,0.04817996919155121,0.0807572528719902,0.41311708092689514
275.0,0.16282783620632613,0.03917500958777964,2.034813432659203,0.9647183349499335,0.09647183349499334,0.0,0.0056221008873902825,0.0,0.044592866817345984,0.16282783620632613,0.060733900333826356,0.0,0.1371217521910484,0.060733900333826356,0.056221008873902835,0.021489553852006793,0.013124202378094196,0.013588408008217812,0.014718668535351753,0.013241584412753582,0.02110023982822895,0.0435720719397068,0.07397081702947617,0.12008408457040787
276.0,0.17415251984046057,0.04373810708057135,2.147521604659189,1.1229057816358714,0.11229057816358715,0.0,0.0047430004566334765,0.0,0.04240059981552454,0.17415251984046057,0.057118941814853594,0.0,0.12541675596283033,0.057118941814853594,0.04743000456633476,0.017244845216807265,0.01304161548614502,0.013632506132125854,0.014604366384446621,0.013201538473367691,0.020825736224651337,0.04317900910973549,0.07287053763866425,0.15854954719543457
277.0,0.14914914335195834,0.05746086419094354,1.9908634526939126,0.9166923944766705,0.09166923944766706,0.0,0.004516577441245317,0.0,0.044150243584926314,0.14914914335195834,0.05296332546724723,0.0,0.13678238053734487,0.05296332546724723,0.045165774412453175,0.02103197664165726,0.013327782042324543,0.01384943351149559,0.014940356835722923,0.013571595773100853,0.021628424525260925,0.044512104243040085,0.07816821336746216,0.25968900322914124
278.0,0.16146604544841325,0.04529927799012512,2.0375734905072647,0.9635414458238162,0.09635414458238162,0.0,0.005584247603725929,0.0,0.04118874855339527,0.16146604544841325,0.05952765190830597,0.0,0.12323241824140915,0.05952765190830597,0.05584247603725929,0.0168627908704086,0.013052552938461304,0.013528971932828426,0.014839344657957554,0.01304290909320116,0.021014826372265816,0.0438532717525959,0.07406215369701385,0.16900019347667694
279.0,0.1426413758442952,0.0661617541918531,1.9797261916548545,0.9045908061357645,0.09045908061357646,0.0,0.004905593982682778,0.0,0.04652429114167507,0.1426413758442952,0.04727670177817345,0.0,0.14297120330425409,0.04727670177817345,0.04905593982682778,0.022895971062378243,0.013450795784592628,0.014004746451973915,0.01506758201867342,0.013749722391366959,0.021846402436494827,0.04531174525618553,0.08027007430791855,0.325592964887619
280.0,0.16092722003276533,0.03821325383614749,1.9510293890466808,0.9586425744570218,0.09586425744570218,0.0,0.005149177485145629,0.0,0.042758239146608576,0.16092722003276533,0.05991378168647106,0.0,0.12879444802036652,0.05991378168647106,0.051491774851456285,0.018895272093896683,0.013038226403295994,0.013516497798264027,0.014735957607626915,0.01307558175176382,0.020921215415000916,0.043343085795640945,0.07331173866987228,0.113763727247715
281.0,0.13553811208559916,0.042825161828659475,1.870311387212409,0.833725264439216,0.0833725264439216,0.0,0.005387640228638283,0.0,0.04570173042324873,0.13553811208559916,0.04677794329248942,0.0,0.13930359568733436,0.04677794329248942,0.053876402286382824,0.021894367644563317,0.013231432996690273,0.013698031194508076,0.014830055646598339,0.013366978615522385,0.0212942473590374,0.04390408471226692,0.07610052824020386,0.14617593586444855
282.0,0.14503836287901953,0.035819905693642795,1.9030458636730705,0.8446935140169584,0.08446935140169586,0.0,0.00517002882149357,0.0,0.04403710050078539,0.14503836287901953,0.05539898144511076,0.0,0.13219998232447183,0.05539898144511076,0.051700288214935705,0.02001177816866682,0.013050784356892109,0.01354713924229145,0.014648345299065113,0.013136873953044415,0.020880062133073807,0.04322315379977226,0.07341228425502777,0.09466060250997543
283.0,0.1381359203503682,0.050329684279859066,1.924023584919047,0.8261582805560186,0.08261582805560184,0.0,0.005050063620393092,0.0,0.044941058239111535,0.1381359203503682,0.05047002735619362,0.0,0.1386493255312626,0.05047002735619362,0.05050063620393093,0.021663418182959922,0.013316444121301174,0.013791504316031933,0.014921729452908039,0.013492346741259098,0.0214824378490448,0.04440625011920929,0.07800663262605667,0.20322012901306152
284.0,0.1486790948189222,0.04388210061006248,1.9801142240500635,0.8882038203569559,0.08882038203569559,0.0,0.005490569582280632,0.0,0.04236891679465771,0.1486790948189222,0.05436814146546217,0.0,0.12886862342174238,0.05436814146546217,0.054905695822806314,0.019393772030105956,0.013074822723865509,0.013531622476875782,0.014836869202554226,0.013078920543193817,0.02104364149272442,0.04392223432660103,0.0738925188779831,0.15767617523670197
