epoch,train_loss,val_window_mae_kwh,grad_norm,l_window,w_window,val_mae_soc_event_0.1,val_mae_soc_event_0.2,val_mae_soc_event_0.5,val_mae_time_60s,val_mae_time_120s,val_mae_time_300s,val_mae_time_600s,val_mae_full_trip
0.0,0.3233084615606528,0.22196616418659687,6.4991771692427385,0.3233084615606528,0.3233084615606528,0.028330733999609947,0.028450997546315193,0.03326287493109703,0.026867173612117767,0.04884481057524681,0.10575074702501297,0.18016189336776733,1.324060082435608
1.0,0.1638965136729754,0.20201413775794208,6.541088641014939,0.1638965136729754,0.1638965136729754,0.02575111947953701,0.026216603815555573,0.029964646324515343,0.026059696450829506,0.046383194625377655,0.10318294167518616,0.15358370542526245,1.204971194267273
2.0,0.149923175573349,0.2568831497337669,6.841578835272927,0.149923175573349,0.149923175573349,0.028240444138646126,0.028549890965223312,0.03339538350701332,0.02676747739315033,0.051402945071458817,0.11876746267080307,0.22218084335327148,1.5457607507705688
3.0,0.13499151256221992,0.1434398116543889,6.056838411190437,0.13499151256221992,0.13499151256221992,0.022719133645296097,0.022619830444455147,0.026102151721715927,0.02238650806248188,0.0377521775662899,0.08212639391422272,0.11404130607843399,0.8197709918022156
4.0,0.11676344791283974,0.23883568006567657,6.3140246903155735,0.11676344791283974,0.11676344791283974,0.02682354860007763,0.027049288153648376,0.03143119439482689,0.02529585361480713,0.04824283346533775,0.10925404727458954,0.20023411512374878,1.4423545598983765
5.0,0.1450100251688407,0.11160725611262023,5.9217675661652525,0.1450100251688407,0.1450100251688407,0.02010660618543625,0.020129144191741943,0.02300363965332508,0.019546624273061752,0.03287368267774582,0.0684024915099144,0.08959837257862091,0.6191974878311157
6.0,0.07334056553932336,0.13071823166683316,5.736945738033014,0.07334056553932336,0.07334056553932336,0.01963968202471733,0.020060213282704353,0.022940129041671753,0.018693355843424797,0.03315216302871704,0.06878507137298584,0.11255564540624619,0.749919593334198
7.0,0.11515406834391448,0.08963185944594443,5.743527057682515,0.11515406834391448,0.11515406834391448,0.019168661907315254,0.01935401000082493,0.021846815943717957,0.0187103021889925,0.03106781095266342,0.062137115746736526,0.08510804921388626,0.4596621096134186
8.0,0.07346758060157299,0.09768105461262167,5.400279097043609,0.07346758060157299,0.07346758060157299,0.019920306280255318,0.019670387730002403,0.02258630096912384,0.019852248951792717,0.03244798630475998,0.06839825958013535,0.08409480005502701,0.5144781470298767
9.0,0.08446611034182402,0.220781801501289,5.695560634482859,0.08446611034182402,0.08446611034182402,0.02530648000538349,0.025615675374865532,0.029744595289230347,0.023990308865904808,0.04564874991774559,0.1020469218492508,0.18728718161582947,1.326614499092102
10.0,0.12159079714463307,0.12554738181643188,5.551310033441609,0.12159079714463307,0.12159079714463307,0.020723577588796616,0.020514100790023804,0.02364700473845005,0.02067270502448082,0.03388483449816704,0.07367260754108429,0.10283876210451126,0.7084254622459412
11.0,0.09891113466941394,0.21339305653236806,5.812641913073308,0.09891113466941394,0.09891113466941394,0.024666678160429,0.02492697164416313,0.0289781354367733,0.023339470848441124,0.04438392445445061,0.09799476712942123,0.17909395694732666,1.2837605476379395
12.0,0.1299631928022091,0.10524667240679264,5.59639215988428,0.1299631928022091,0.1299631928022091,0.01924874447286129,0.019147196784615517,0.021951911970973015,0.019002152606844902,0.03151346370577812,0.06510044634342194,0.08622000366449356,0.5797894597053528
13.0,0.07116321187752944,0.11894264654256403,5.410022720157641,0.07116321187752944,0.07116321187752944,0.018685463815927505,0.019054144620895386,0.022069012746214867,0.01805945485830307,0.031667232513427734,0.06506062299013138,0.10438532382249832,0.672559916973114
14.0,0.09530545169344315,0.08456720435060561,5.301164876473363,0.09530545169344315,0.09530545169344315,0.018501117825508118,0.01866903528571129,0.021148111671209335,0.018394220620393753,0.029786044731736183,0.058646585792303085,0.07974983751773834,0.43164268136024475
15.0,0.06531737916744672,0.09294852917082608,4.871299081185961,0.06531737916744672,0.06531737916744672,0.01853252202272415,0.018737340345978737,0.021394794806838036,0.01814855821430683,0.03065796196460724,0.061329811811447144,0.09323610365390778,0.4815511405467987
16.0,0.06559006525919987,0.09582913713529706,5.238931425864236,0.06559006525919987,0.06559006525919987,0.020045695826411247,0.01962694339454174,0.02223297581076622,0.02015957608819008,0.03230764716863632,0.06726501137018204,0.08744002133607864,0.4975552260875702
17.0,0.09948806034830901,0.1253088975790888,5.672705720342173,0.09948806034830901,0.09948806034830901,0.019182395190000534,0.019452286884188652,0.022654663771390915,0.018443673849105835,0.03253574296832085,0.06582127511501312,0.104490727186203,0.7198904156684875
18.0,0.08386468314207517,0.14551755390129983,5.33347505797246,0.08386468314207517,0.08386468314207517,0.02261139452457428,0.02225966937839985,0.02490869350731373,0.02290739305317402,0.03886868804693222,0.08535540848970413,0.12075958400964737,0.8264696002006531
19.0,0.12954049528791353,0.15704114432446659,5.846153784922638,0.12954049528791353,0.12954049528791353,0.020419344305992126,0.02078542858362198,0.024291837587952614,0.019413087517023087,0.03581640124320984,0.0761500895023346,0.13330532610416412,0.9261476397514343
20.0,0.1109484055867562,0.05964090535417199,5.346014155478316,0.1109484055867562,0.1109484055867562,0.018129784613847733,0.018290836364030838,0.020660491660237312,0.018383445218205452,0.029040053486824036,0.05518369376659393,0.0741492286324501,0.24328970909118652
21.0,0.06859688432170795,0.12892869277857244,5.240270803143393,0.06859688432170795,0.06859688432170795,0.01944621279835701,0.019615566357970238,0.022885888814926147,0.01877743750810623,0.03336380794644356,0.06898823380470276,0.11554374545812607,0.7328086495399475
22.0,0.08858305817613235,0.11342733399942517,5.078587135412244,0.08858305817613235,0.08858305817613235,0.02107200212776661,0.020707542076706886,0.02308880165219307,0.021395206451416016,0.0350177101790905,0.07414955645799637,0.10018843412399292,0.611799418926239
23.0,0.10548243986872527,0.15785328391939402,5.569362788993467,0.10548243986872527,0.10548243986872527,0.02065925858914852,0.020955368876457214,0.024591630324721336,0.01978250965476036,0.03637789189815521,0.07765895128250122,0.13571478426456451,0.9270858764648438
24.0,0.10630033824306268,0.08373619732446969,5.142423515781335,0.10630033824306268,0.10630033824306268,0.01869215816259384,0.018617210909724236,0.021046003326773643,0.018832094967365265,0.02976112999022007,0.05758879706263542,0.08092941343784332,0.4244227707386017
25.0,0.06911042504585706,0.09045488224364817,5.112040722179538,0.06911042504585706,0.06911042504585706,0.017668357118964195,0.01802748627960682,0.020767901092767715,0.017646247521042824,0.02896435558795929,0.056634221225976944,0.08520898967981339,0.4787214994430542
26.0,0.0806290484391726,0.07296801777556539,5.1107793829487855,0.0806290484391726,0.0806290484391726,0.0180896557867527,0.018139926716685295,0.02056795544922352,0.01823454536497593,0.028600679710507393,0.05433271452784538,0.07342306524515152,0.35235559940338135
27.0,0.06243461542404615,0.08733612345531583,5.0262623430797015,0.06243461542404615,0.06243461542404615,0.018487725406885147,0.018773721531033516,0.021494567394256592,0.01872078888118267,0.029793299734592438,0.05792594701051712,0.08728305995464325,0.4462098777294159
28.0,0.07059222402480933,0.07827034150250256,5.0316547339971285,0.07059222402480933,0.07059222402480933,0.01860281266272068,0.018557671457529068,0.020918337628245354,0.01878187619149685,0.02938145026564598,0.05534721538424492,0.07810516655445099,0.38646820187568665
29.0,0.06763808859082368,0.09829261037521064,5.069328219387913,0.06763808859082368,0.06763808859082368,0.018325867131352425,0.018639806658029556,0.021590087562799454,0.01853030174970627,0.03020891547203064,0.05956646427512169,0.09260042756795883,0.5268790125846863
30.0,0.06313174303907615,0.07704606978222728,4.905605988921427,0.06313174303907615,0.06313174303907615,0.018291065469384193,0.01825367659330368,0.02081957459449768,0.01848655939102173,0.029080728068947792,0.05513639748096466,0.07890492677688599,0.3773956298828125
31.0,0.06701823639181945,0.08291524648666382,4.855759271821248,0.06701823639181945,0.06701823639181945,0.018561694771051407,0.018496135249733925,0.021107250824570656,0.018799668177962303,0.02949039824306965,0.05661328136920929,0.0801749974489212,0.4200785458087921
32.0,0.059061720680732,0.19256796035915613,4.882346509220508,0.059061720680732,0.059061720680732,0.02257917821407318,0.023037735372781754,0.027058010920882225,0.021964898332953453,0.04065265506505966,0.08936604857444763,0.16379782557487488,1.1520873308181763
33.0,0.10216255887196614,0.09679515613242984,4.99122104957129,0.10216255887196614,0.10216255887196614,0.020326049998402596,0.02024250477552414,0.02270248532295227,0.020591406151652336,0.032752443104982376,0.06394538283348083,0.08955933153629303,0.5042416453361511
34.0,0.08688231013142146,0.17625632439740002,5.2399003658649494,0.08688231013142146,0.08688231013142146,0.021483195945620537,0.021896619349718094,0.025749919936060905,0.020832831040024757,0.0383320227265358,0.08254008740186691,0.14830544590950012,1.050910472869873
35.0,0.10349302824873191,0.08476981450803578,4.998788299666416,0.10349302824873191,0.10349302824873191,0.01901053823530674,0.01895454153418541,0.0215328186750412,0.019246671348810196,0.030068758875131607,0.05803920701146126,0.0815756544470787,0.4297303259372711
36.0,0.06483666713421161,0.18605656060390174,4.962383512141222,0.06483666713421161,0.06483666713421161,0.021928057074546814,0.022434530779719353,0.02642054855823517,0.021399356424808502,0.03946584463119507,0.08704312145709991,0.16068559885025024,1.1090754270553589
37.0,0.11330897103135402,0.08075515693053603,5.005756227210728,0.11330897103135402,0.11330897103135402,0.018797991797327995,0.01883666217327118,0.021514933556318283,0.019094595685601234,0.029838163405656815,0.057114195078611374,0.0829349234700203,0.3979097902774811
38.0,0.05696786424288383,0.0832778955809772,4.841960561791096,0.05696786424288383,0.05696786424288383,0.017522918060421944,0.01768697239458561,0.020551102235913277,0.01773003302514553,0.028577759861946106,0.05440609157085419,0.07812777906656265,0.4316205084323883
39.0,0.08319768080344567,0.06538286386057734,5.076194821148017,0.08319768080344567,0.08319768080344567,0.01824156753718853,0.0181351900100708,0.0205332450568676,0.018441878259181976,0.02861206792294979,0.05388480797410011,0.07018478214740753,0.2950293719768524
40.0,0.06051668352805651,0.16984794125892222,4.860126814827471,0.06051668352805651,0.06051668352805651,0.021277137100696564,0.021725265309214592,0.025679180398583412,0.0209770817309618,0.037669092416763306,0.0807257890701294,0.14444813132286072,1.006281852722168
41.0,0.09545231983065605,0.08379290928132832,4.932864669532415,0.09545231983065605,0.09545231983065605,0.018763884902000427,0.018776463344693184,0.02150794118642807,0.019052837044000626,0.029832039028406143,0.05768193304538727,0.08396647125482559,0.42076170444488525
42.0,0.060925400600983545,0.06807377701625228,4.859438837702224,0.060925400600983545,0.060925400600983545,0.017985325306653976,0.017929593101143837,0.0206441693007946,0.018225260078907013,0.028705889359116554,0.05442659556865692,0.07465823739767075,0.3120151460170746
43.0,0.07399558734435302,0.06809524213895202,4.94180293414647,0.07399558734435302,0.07399558734435302,0.018117832019925117,0.018091680482029915,0.020634472370147705,0.01834743097424507,0.028583575040102005,0.05334893614053726,0.07411492615938187,0.3135230839252472
44.0,0.05691853581139675,0.07315317145548761,4.704509233984301,0.05691853581139675,0.05691853581139675,0.01906796731054783,0.01904904842376709,0.021490706130862236,0.019373996183276176,0.02984907478094101,0.05552899092435837,0.078739695250988,0.34212589263916016
45.0,0.06636859261645721,0.2038735463283956,4.921347333063171,0.06636859261645721,0.06636859261645721,0.02277262695133686,0.023332150653004646,0.027368120849132538,0.022093281149864197,0.04163423925638199,0.09342052787542343,0.17339257895946503,1.2269748449325562
46.0,0.12467652673904712,0.09824397205375135,5.0135489820635275,0.12467652673904712,0.12467652673904712,0.01865663006901741,0.018737703561782837,0.02185438759624958,0.01894311234354973,0.030437152832746506,0.059552863240242004,0.09000387787818909,0.5277660489082336
47.0,0.0673468064230222,0.07841392839327455,4.704330288191728,0.0673468064230222,0.0673468064230222,0.01901048980653286,0.018772929906845093,0.02120933309197426,0.019252769649028778,0.030736589804291725,0.05854108929634094,0.07664790004491806,0.38314032554626465
48.0,0.07305459620860907,0.08175929891876876,4.913492068735675,0.07305459620860907,0.07305459620860907,0.01856478489935398,0.01856265403330326,0.0214274600148201,0.018877610564231873,0.02961415983736515,0.056621305644512177,0.08282744139432907,0.4075789749622345
49.0,0.05498684441240934,0.11082711815834045,4.743746795992248,0.05498684441240934,0.05498684441240934,0.018463529646396637,0.018729519098997116,0.022016258910298347,0.018658747896552086,0.03086903691291809,0.060093265026807785,0.0961393490433693,0.6216472387313843
50.0,0.07972092296068485,0.11319185304455459,4.672157686316035,0.07972092296068485,0.07972092296068485,0.021083896979689598,0.021417224779725075,0.023698847740888596,0.021474888548254967,0.03523406758904457,0.07126568257808685,0.10327571630477905,0.608084499835968
51.0,0.09748811589983794,0.13035077508538961,5.185586058845623,0.09748811589983794,0.09748811589983794,0.018794672563672066,0.01914404146373272,0.022685447707772255,0.01856246404349804,0.032339490950107574,0.06568695604801178,0.10884701460599899,0.7567461133003235
52.0,0.09362614126159595,0.05829411372542381,4.867410856869203,0.09362614126159595,0.09362614126159595,0.018934912979602814,0.018810024484992027,0.021197369322180748,0.019175462424755096,0.03008989989757538,0.05518511310219765,0.07575203478336334,0.22720809280872345
53.0,0.06547746148246986,0.15236026677303016,4.786897318766085,0.06547746148246986,0.06547746148246986,0.019880756735801697,0.02041187323629856,0.0242153313010931,0.019881056621670723,0.03487576171755791,0.07422321289777756,0.13247954845428467,0.8929145932197571
54.0,0.10632400329296406,0.06426953431218863,4.853176004028348,0.10632400329296406,0.10632400329296406,0.018760599195957184,0.01867285557091236,0.02114817686378956,0.01903221383690834,0.029210884124040604,0.05393620952963829,0.07371710985898972,0.27967822551727295
55.0,0.059848204971506044,0.058138534892350435,4.710115002080638,0.059848204971506044,0.059848204971506044,0.018101757392287254,0.017971545457839966,0.020543044432997704,0.018333984538912773,0.028219344094395638,0.053013406693935394,0.07100085914134979,0.23792433738708496
56.0,0.0689274614246992,0.12441042554564774,4.772729985447407,0.0689274614246992,0.0689274614246992,0.01898905634880066,0.019231781363487244,0.022847600281238556,0.019069982692599297,0.03242795541882515,0.06673771888017654,0.10887516289949417,0.7071041464805603
57.0,0.07156744226813316,0.10355245973914862,4.657109678034129,0.07156744226813316,0.07156744226813316,0.02140822447836399,0.021564241498708725,0.024191828444600105,0.021831408143043518,0.03587435185909271,0.07134812325239182,0.09674782305955887,0.5354536771774292
58.0,0.10727149133498852,0.13420730899088085,5.1109311414429595,0.10727149133498852,0.10727149133498852,0.019609319046139717,0.01994129829108715,0.023697657510638237,0.019761115312576294,0.033510737121105194,0.06878788024187088,0.11669567972421646,0.7716547846794128
59.0,0.0830267034471035,0.08220889209769666,4.779497269921718,0.0830267034471035,0.0830267034471035,0.019644690677523613,0.019727598875761032,0.02225121669471264,0.019931359216570854,0.03168646618723869,0.05934913083910942,0.0811457484960556,0.40393492579460144
60.0,0.07648090244485782,0.15073975850827992,4.861237875880565,0.07648090244485782,0.07648090244485782,0.020367586985230446,0.020831286907196045,0.02471419796347618,0.020528845489025116,0.0354015938937664,0.07524929940700531,0.1332266479730606,0.8755986094474792
61.0,0.0947125731752469,0.0746050130110234,4.741842294292148,0.0947125731752469,0.0947125731752469,0.019549865275621414,0.01961405575275421,0.022223500534892082,0.019907623529434204,0.03059641644358635,0.05536530166864395,0.08032578229904175,0.34925755858421326
62.0,0.06134040510425201,0.07960837287828326,4.598195463540851,0.06134040510425201,0.06134040510425201,0.018369367346167564,0.01850471831858158,0.0214165560901165,0.01867874525487423,0.029201677069067955,0.054228220134973526,0.08023738861083984,0.3962303102016449
63.0,0.07691728724883153,0.07674776529893279,4.826270019112728,0.07691728724883153,0.07691728724883153,0.01820486970245838,0.01816990226507187,0.020886661484837532,0.01845819130539894,0.028583381325006485,0.05368678271770477,0.07330705970525742,0.38268527388572693
64.0,0.056672109147677056,0.08218317502178252,4.62321929835754,0.056672109147677056,0.056672109147677056,0.019123351201415062,0.019225405529141426,0.022226590663194656,0.01945122331380844,0.03018241561949253,0.057067614048719406,0.08689256757497787,0.40329623222351074
65.0,0.062367385253310204,0.09595323610119522,4.615515390957484,0.062367385253310204,0.062367385253310204,0.018419159576296806,0.0185164175927639,0.021665655076503754,0.01875942200422287,0.02993781864643097,0.056540075689554214,0.08518204838037491,0.5186052918434143
66.0,0.06607409280080062,0.10722296219319105,4.657285548184947,0.06607409280080062,0.06607409280080062,0.021289309486746788,0.021784944459795952,0.024280942976474762,0.021743707358837128,0.0355074442923069,0.06977518647909164,0.1007484421133995,0.5626537203788757
67.0,0.09806855137531574,0.11622710037045181,4.9843564405455245,0.09806855137531574,0.09806855137531574,0.018577631562948227,0.018836231902241707,0.022321220487356186,0.018653806298971176,0.031116265803575516,0.06132638081908226,0.09798501431941986,0.6610002517700195
68.0,0.08005430033573738,0.06484828144311905,4.636650754584346,0.08005430033573738,0.08005430033573738,0.019199160858988762,0.019232163205742836,0.021797766909003258,0.019449949264526367,0.030483437702059746,0.05576542392373085,0.07620851695537567,0.2766498327255249
69.0,0.06900036678864406,0.13554501719772816,4.704936745852571,0.06900036678864406,0.06900036678864406,0.019540561363101006,0.019946765154600143,0.023667851462960243,0.01977967470884323,0.03339215740561485,0.06853777915239334,0.11936734616756439,0.780128002166748
70.0,0.09156405352629148,0.06334690959192812,4.637876769686189,0.09156405352629148,0.09156405352629148,0.01958686299622059,0.019696341827511787,0.02238933928310871,0.019904056563973427,0.030632441863417625,0.05492695793509483,0.07710182666778564,0.2625374495983124
71.0,0.059473454092557616,0.14409906906075776,4.483239139289339,0.059473454092557616,0.059473454092557616,0.019748959690332413,0.02023608423769474,0.02401556260883808,0.019923357293009758,0.034125540405511856,0.07164689153432846,0.1261206418275833,0.8369755148887634
72.0,0.09879446918001542,0.06867166422307491,4.633678692004163,0.09879446918001542,0.09879446918001542,0.01871802657842636,0.018658068031072617,0.021382233127951622,0.018988603726029396,0.029100783169269562,0.05392738804221153,0.07488749176263809,0.3137107193470001
73.0,0.05725909654910748,0.06026677135378122,4.468571155542216,0.05725909654910748,0.05725909654910748,0.018656568601727486,0.01859690248966217,0.02133932337164879,0.018928248435258865,0.029069675132632256,0.05397288501262665,0.07555947452783585,0.24601109325885773
74.0,0.06669333663124305,0.1163084760773927,4.605295402996239,0.06669333663124305,0.06669333663124305,0.01953955926001072,0.01978103071451187,0.023300793021917343,0.019915256649255753,0.03219281882047653,0.06497354805469513,0.10678698122501373,0.6439778208732605
75.0,0.06760221060652,0.09468120569363236,4.333593464421562,0.06760221060652,0.06760221060652,0.02125067077577114,0.021605581045150757,0.024337638169527054,0.02169801853597164,0.035179268568754196,0.06787457317113876,0.09338444471359253,0.47211945056915283
76.0,0.10034015975319423,0.12141277175396681,4.888929489335755,0.10034015975319423,0.10034015975319423,0.019347459077835083,0.019574377685785294,0.023263132199645042,0.019559146836400032,0.03233269229531288,0.06558114290237427,0.10738623887300491,0.684257984161377
77.0,0.07308230491784903,0.08375890995375812,4.530197302624156,0.07308230491784903,0.07308230491784903,0.020001878961920738,0.020198281854391098,0.022953135892748833,0.020306596532464027,0.03216469660401344,0.05915366858243942,0.08211097121238708,0.4131820499897003
78.0,0.07636156563575451,0.13578374194912612,4.690365849489495,0.07636156563575451,0.07636156563575451,0.020060567185282707,0.020440230146050453,0.02420397847890854,0.02038281224668026,0.03390718251466751,0.06972142308950424,0.12047344446182251,0.7770802974700928
79.0,0.08600201113865925,0.07334532076492906,4.548110517840266,0.08600201113865925,0.08600201113865925,0.019910218194127083,0.020076947286725044,0.02294585108757019,0.020214062184095383,0.03133372589945793,0.055883459746837616,0.07890070974826813,0.3374975919723511
80.0,0.06336456193373753,0.14602967537939548,4.469072812637825,0.06336456193373753,0.06336456193373753,0.020305190235376358,0.02074204757809639,0.024611392989754677,0.02054963819682598,0.03487161546945572,0.07338245958089828,0.12874242663383484,0.8450326323509216
81.0,0.09480877937032627,0.08279059478081763,4.587990868792065,0.09480877937032627,0.09480877937032627,0.019148260354995728,0.01924002543091774,0.022155608981847763,0.019482288509607315,0.030106084421277046,0.05587043985724449,0.08013342320919037,0.41618862748146057
82.0,0.05815033127482121,0.0830167275853455,4.421496946272866,0.05815033127482121,0.05815033127482121,0.018788982182741165,0.018908437341451645,0.0220138318836689,0.019144028425216675,0.029767177999019623,0.055586256086826324,0.08372780680656433,0.4161972999572754
83.0,0.0664819347170683,0.07502417801879346,4.447965695293807,0.0664819347170683,0.0664819347170683,0.0191241092979908,0.019249092787504196,0.02207302488386631,0.0194201972335577,0.029980303719639778,0.05471286550164223,0.07836490124464035,0.35726892948150635
84.0,0.05823076172516896,0.09504927136003971,4.4159201278582305,0.05823076172516896,0.05823076172516896,0.01861635409295559,0.01877588964998722,0.022046498954296112,0.018981849774718285,0.030226850882172585,0.05783102661371231,0.08772283792495728,0.5061928629875183
85.0,0.06703312666370319,0.09794643637724221,4.348538484669364,0.06703312666370319,0.06703312666370319,0.020817754790186882,0.021223600953817368,0.02387700043618679,0.021143315359950066,0.03426295891404152,0.0664689913392067,0.09556692838668823,0.5002109408378601
86.0,0.09389126759309036,0.09769972646608949,4.778802237878505,0.09389126759309036,0.09389126759309036,0.018214315176010132,0.018409423530101776,0.021674688905477524,0.01851138100028038,0.029780156910419464,0.05720498040318489,0.08611602336168289,0.5316868424415588
87.0,0.07193939043925358,0.05745341000147164,4.493202660771813,0.07193939043925358,0.07193939043925358,0.019528187811374664,0.019762536510825157,0.02255290560424328,0.01985013857483864,0.03101268596947193,0.05663473904132843,0.07935402542352676,0.21093206107616425
88.0,0.06888760569003913,0.12403996102511883,4.575086234819606,0.06888760569003913,0.06888760569003913,0.01920393481850624,0.019581511616706848,0.02313317358493805,0.0195266455411911,0.032250527292490005,0.06490302830934525,0.10945723950862885,0.7042636275291443
89.0,0.08512994876274696,0.06538571487180889,4.514446660273908,0.08512994876274696,0.08512994876274696,0.019493483006954193,0.019690433517098427,0.02256222628057003,0.01981392875313759,0.030413227155804634,0.05451276898384094,0.0779159888625145,0.2786836624145508
90.0,0.05867432573666939,0.1157299664337188,4.300006264853947,0.05867432573666939,0.05867432573666939,0.01965329796075821,0.019909828901290894,0.023469092324376106,0.020063433796167374,0.03203924372792244,0.06272891163825989,0.10226903110742569,0.6457068920135498
91.0,0.07247351568478805,0.07239906210452318,4.441754697986025,0.07247351568478805,0.07247351568478805,0.01905249059200287,0.019145533442497253,0.02191772311925888,0.019281793385744095,0.02959766983985901,0.05437523499131203,0.07321631163358688,0.34260573983192444
92.0,0.05737486567634802,0.13410243531689048,4.441116273997039,0.05737486567634802,0.05737486567634802,0.019417908042669296,0.019839705899357796,0.023552801460027695,0.019694169983267784,0.03315001353621483,0.06809703260660172,0.1168617233633995,0.7722061276435852
93.0,0.09145631526525204,0.06718398537486792,4.5003913735107215,0.09145631526525204,0.09145631526525204,0.01947992853820324,0.019628725945949554,0.022553687915205956,0.019797930493950844,0.030424481257796288,0.05497979000210762,0.07970236986875534,0.2909049689769745
94.0,0.05540546373679088,0.09944330691359937,4.229146746139785,0.05540546373679088,0.05540546373679088,0.019959911704063416,0.020211610943078995,0.02359178103506565,0.02043730765581131,0.03206421434879303,0.0625908225774765,0.09738098829984665,0.5193098187446594
95.0,0.06581859949689645,0.07128243567422032,4.4475993691803115,0.06581859949689645,0.06581859949689645,0.01881156675517559,0.018797051161527634,0.021827712655067444,0.019047843292355537,0.029408209025859833,0.054923079907894135,0.07212572544813156,0.33531829714775085
96.0,0.05498537951363967,0.10158632230013609,4.345217551598025,0.05498537951363967,0.05498537951363967,0.01964704692363739,0.019888466224074364,0.023291323333978653,0.020117463544011116,0.03166046366095543,0.06154759228229523,0.09773524105548859,0.538802981376648
97.0,0.06196792538349445,0.06641178578138351,4.332995530201862,0.06196792538349445,0.06196792538349445,0.01919901929795742,0.019293976947665215,0.022242963314056396,0.019481994211673737,0.02992265671491623,0.05439990386366844,0.07750709354877472,0.28924667835235596
98.0,0.055822147629581965,0.09744561649858952,4.204227170213835,0.055822147629581965,0.055822147629581965,0.019833961501717567,0.02009223960340023,0.023305365815758705,0.0202778447419405,0.03189384564757347,0.06129547953605652,0.09020223468542099,0.5126639604568481
99.0,0.06122141474714646,0.07155100838281214,4.3831055134211345,0.06122141474714646,0.06122141474714646,0.01909853145480156,0.01924511417746544,0.02226085029542446,0.019430333748459816,0.0299085583537817,0.05468307062983513,0.08156345039606094,0.3262181580066681
100.0,0.05523870541499211,0.06939114769920707,4.329106332607003,0.05523870541499211,0.05523870541499211,0.019114214926958084,0.01922621950507164,0.022173281759023666,0.01940440572798252,0.029786793515086174,0.05344875901937485,0.07667995989322662,0.315295547246933
101.0,0.05752834305167198,0.06561997556127608,4.24602531288202,0.05752834305167198,0.05752834305167198,0.019458187744021416,0.019594533368945122,0.022490287199616432,0.01976635307073593,0.030364912003278732,0.05486778914928436,0.0760422870516777,0.2823754549026489
102.0,0.060339835400764756,0.12750803376547992,4.4133613570837875,0.060339835400764756,0.060339835400764756,0.019412534311413765,0.019779184833168983,0.02348814718425274,0.019754022359848022,0.0327303372323513,0.06594176590442657,0.11119420826435089,0.7277640700340271
103.0,0.0780828044964717,0.07702609780244529,4.3872061083690275,0.0780828044964717,0.0780828044964717,0.02018595300614834,0.0204374510794878,0.023420151323080063,0.020465033128857613,0.03185155987739563,0.056853264570236206,0.08001559972763062,0.3629797697067261
104.0,0.06929875451784867,0.12863416923210025,4.493436792953972,0.06929875451784867,0.06929875451784867,0.01986798644065857,0.02021562121808529,0.023870697245001793,0.02023554965853691,0.03304155543446541,0.06664404273033142,0.11304543912410736,0.7321524620056152
105.0,0.07983158328212224,0.07699844939634204,4.377405690485178,0.07983158328212224,0.07983158328212224,0.02006121538579464,0.02026919648051262,0.0232661385089159,0.020342472940683365,0.03139398992061615,0.05601266399025917,0.08042201399803162,0.36421990394592285
106.0,0.06086797037949929,0.134393900167197,4.44488727560544,0.06086797037949929,0.06086797037949929,0.019889114424586296,0.02030717208981514,0.02404441125690937,0.020233269780874252,0.033559832721948624,0.06851060688495636,0.11823029071092606,0.7703765034675598
107.0,0.0854089490782756,0.07639904576353729,4.38468866911167,0.0854089490782756,0.0854089490782756,0.019812006503343582,0.01999976858496666,0.023002522066235542,0.020113352686166763,0.031101200729608536,0.055890049785375595,0.08204059302806854,0.3592328727245331
108.0,0.056251274851652294,0.08180504222400486,4.282547685605459,0.056251274851652294,0.056251274851652294,0.018662935122847557,0.018758008256554604,0.02195643074810505,0.01899450644850731,0.029560014605522156,0.05491022393107414,0.07961952686309814,0.41197869181632996
109.0,0.06799427133340102,0.07282725581899285,4.471963172372508,0.06799427133340102,0.06799427133340102,0.01840025931596756,0.018498515710234642,0.021380074322223663,0.018612949177622795,0.028594013303518295,0.052532684057950974,0.07073157280683517,0.3538679778575897
110.0,0.05343274815151325,0.0896262675523758,4.328413651462295,0.05343274815151325,0.05343274815151325,0.018826646730303764,0.018983956426382065,0.022231517359614372,0.019166896119713783,0.03007478453218937,0.0567571185529232,0.08565831929445267,0.4653109014034271
111.0,0.0652887150645256,0.07494462351314723,4.1859534802564715,0.0652887150645256,0.0652887150645256,0.01916661113500595,0.01936773583292961,0.022319216281175613,0.01944977231323719,0.030090458691120148,0.0545404814183712,0.07929972559213638,0.3553229868412018
112.0,0.05906323486795792,0.07948602363467216,4.342268873446973,0.05906323486795792,0.05906323486795792,0.018638508394360542,0.018747301772236824,0.022008750587701797,0.01897381991147995,0.029641345143318176,0.05569624900817871,0.078907310962677,0.3932749032974243
113.0,0.05437626446095797,0.08453842694871128,4.256157726590504,0.05437626446095797,0.05437626446095797,0.020167604088783264,0.02039830945432186,0.023422839120030403,0.020447177812457085,0.03203124925494194,0.05715596303343773,0.08134103566408157,0.42134323716163635
114.0,0.06699312048462722,0.08993220468983054,4.31528810873983,0.06699312048462722,0.06699312048462722,0.019021548330783844,0.019238371402025223,0.02256128564476967,0.01939975470304489,0.03037916123867035,0.058266233652830124,0.08795597404241562,0.4626353085041046
115.0,0.05856225181084413,0.08257166715338826,4.305686833558566,0.05856225181084413,0.05856225181084413,0.01931667886674404,0.019496917724609375,0.022454842925071716,0.019595619291067123,0.030415138229727745,0.05539185181260109,0.07903217524290085,0.41487011313438416
116.0,0.059796931938483164,0.09332622331567109,4.388872335936545,0.059796931938483164,0.059796931938483164,0.019076542928814888,0.019285472109913826,0.022637104615569115,0.01949123665690422,0.03065149486064911,0.05863999202847481,0.08850222826004028,0.48832571506500244
117.0,0.06439209213623634,0.08804707252420485,4.236123933716843,0.06439209213623634,0.06439209213623634,0.020559635013341904,0.02107272669672966,0.023852631449699402,0.020900091156363487,0.0338272787630558,0.06400347501039505,0.09053508192300797,0.42962566018104553
118.0,0.09138146243416347,0.0970287979580462,4.716100224445407,0.09138146243416347,0.09138146243416347,0.01771826110780239,0.01789049059152603,0.021195849403738976,0.01781383529305458,0.029292047023773193,0.05610363557934761,0.08127876371145248,0.5349375009536743
119.0,0.07012537293709241,0.06334699667058885,4.432872371911271,0.07012537293709241,0.07012537293709241,0.019707445055246353,0.02007986232638359,0.0229649655520916,0.020017007365822792,0.031141340732574463,0.05567396432161331,0.07734836637973785,0.25984302163124084
120.0,0.06884904005206548,0.12326570902951062,4.448745107339007,0.06884904005206548,0.06884904005206548,0.01909061335027218,0.019498810172080994,0.023038966581225395,0.019406883046030998,0.031944639980793,0.06426705420017242,0.10739158093929291,0.701487123966217
121.0,0.08493223900978382,0.06912729237228632,4.4900900837125475,0.08493223900978382,0.08493223900978382,0.01894335076212883,0.019125252962112427,0.02208358235657215,0.019173424690961838,0.029836853966116905,0.0541691780090332,0.07535632699728012,0.3143303692340851
122.0,0.059102473923793204,0.12177754635922611,4.26165984195756,0.059102473923793204,0.059102473923793204,0.019980331882834435,0.020311864092946053,0.023946497589349747,0.020388076081871986,0.03276326507329941,0.06545454263687134,0.10941717773675919,0.6819586157798767
123.0,0.07185407011554791,0.06916162534616888,4.346481631393328,0.07185407011554791,0.07185407011554791,0.019828183576464653,0.02007479779422283,0.023121844977140427,0.02010069042444229,0.030891409143805504,0.05470027029514313,0.07574021071195602,0.30883559584617615
124.0,0.05809702523625814,0.12306813430041075,4.341207147017526,0.05809702523625814,0.05809702523625814,0.02028817869722843,0.020692743360996246,0.02423558197915554,0.020672451704740524,0.032911885529756546,0.0656067505478859,0.10948368161916733,0.6906538009643555
125.0,0.07211521210578772,0.07164586195722222,4.28879578594457,0.07211521210578772,0.07211521210578772,0.019647449254989624,0.01991853304207325,0.022943399846553802,0.01993480697274208,0.03083711676299572,0.05486074835062027,0.07950563728809357,0.3255192041397095
126.0,0.05593162803695752,0.11864178022369742,4.250124183701801,0.05593162803695752,0.05593162803695752,0.019615255296230316,0.019921796396374702,0.023519815877079964,0.020019054412841797,0.032265350222587585,0.06400234997272491,0.10569921135902405,0.6640914082527161
127.0,0.07236539414868905,0.07512087328359485,4.273650070369208,0.07236539414868905,0.07236539414868905,0.02060183696448803,0.021016692742705345,0.024100694805383682,0.020903021097183228,0.03265123441815376,0.05761758238077164,0.07927065342664719,0.3448052704334259
128.0,0.07320664450526237,0.11870074574835598,4.451698286303887,0.07320664450526237,0.07320664450526237,0.019795982167124748,0.020170364528894424,0.023694878444075584,0.020189249888062477,0.03226396441459656,0.06396737694740295,0.10533153265714645,0.6641926169395447
129.0,0.0748750613285945,0.0749814270529896,4.2713714492031105,0.0748750613285945,0.0748750613285945,0.020159408450126648,0.020483076572418213,0.02353842183947563,0.020429881289601326,0.03164726868271828,0.05564321577548981,0.0784178078174591,0.3495323359966278
130.0,0.06444248843651551,0.11942051653750241,4.408830847202809,0.06444248843651551,0.06444248843651551,0.01921865902841091,0.019596951082348824,0.023192273452878,0.019640211015939713,0.032131094485521317,0.06305151432752609,0.1025945246219635,0.6759389042854309
131.0,0.07806342381697434,0.07032079994678497,4.341076217542942,0.07806342381697434,0.07806342381697434,0.01996779255568981,0.02022646553814411,0.02333049848675728,0.020226312801241875,0.03124253638088703,0.055282678455114365,0.07546862959861755,0.31682148575782776
132.0,0.06027568848087238,0.12221382209099829,4.307230506823149,0.06027568848087238,0.06027568848087238,0.019611431285738945,0.01999388076364994,0.02351905032992363,0.01998586393892765,0.03240245208144188,0.06468678265810013,0.10837818682193756,0.6891329288482666
133.0,0.08292618250617614,0.07025812636129558,4.291842771956263,0.08292618250617614,0.08292618250617614,0.019653085619211197,0.01990760676562786,0.02298092655837536,0.019924109801650047,0.030809469521045685,0.054758310317993164,0.07760048657655716,0.3164310157299042
134.0,0.05755025062423486,0.07595082675106823,4.21479510947003,0.05755025062423486,0.05755025062423486,0.018712686374783516,0.018849307671189308,0.022050032392144203,0.01901032216846943,0.02945023588836193,0.0540340282022953,0.07709942758083344,0.36840057373046875
135.0,0.06536785484506534,0.0693506789393723,4.405762313116484,0.06536785484506534,0.06536785484506534,0.018462566658854485,0.01866886205971241,0.021599888801574707,0.018629714846611023,0.028829067945480347,0.052314769476652145,0.06991637498140335,0.32638418674468994
136.0,0.05433023448746938,0.08347518392838538,4.274472338595877,0.05433023448746938,0.05433023448746938,0.01901429332792759,0.019208554178476334,0.02238370105624199,0.0193166583776474,0.02999654784798622,0.05578349158167839,0.08343436568975449,0.4186638593673706
137.0,0.0637498816045431,0.07036168780177832,4.049590069327752,0.0637498816045431,0.0637498816045431,0.019166739657521248,0.019429264590144157,0.02248896285891533,0.019414223730564117,0.03009195625782013,0.05363394692540169,0.07640120387077332,0.32226720452308655
138.0,0.0603157367843848,0.07432015612721443,4.371906939568652,0.0603157367843848,0.0603157367843848,0.01841476373374462,0.018498612567782402,0.021781494840979576,0.01866726763546467,0.029149573296308517,0.054202787578105927,0.07310814410448074,0.360738605260849
139.0,0.05353879799636511,0.07445926102809608,4.229711890437534,0.05353879799636511,0.05353879799636511,0.019452881067991257,0.019726907834410667,0.022824062034487724,0.01972959004342556,0.0305759459733963,0.05478193610906601,0.07952488213777542,0.3490578830242157
140.0,0.05859004218990986,0.07258091564290226,4.170128962372832,0.05859004218990986,0.05859004218990986,0.019002364948391914,0.019178006798028946,0.022437481209635735,0.019338371232151985,0.030035793781280518,0.055235520005226135,0.07891446352005005,0.33650532364845276
141.0,0.05624101167688003,0.07712292368523777,4.133018678956369,0.05624101167688003,0.05624101167688003,0.019760465249419212,0.02002095989882946,0.02308708056807518,0.020009689033031464,0.031228533014655113,0.055237509310245514,0.07663442194461823,0.37100473046302795
142.0,0.0627745917210212,0.08273026603274047,4.331853363514574,0.0627745917210212,0.0627745917210212,0.018761776387691498,0.019014574587345123,0.02230164408683777,0.019093628972768784,0.02985750325024128,0.0564998984336853,0.08477116376161575,0.4115419387817383
143.0,0.05778517917944835,0.07710433006286621,4.14252374450683,0.05778517917944835,0.05778517917944835,0.01943007856607437,0.01965182274580002,0.02274164929986,0.019698651507496834,0.030579587444663048,0.054803039878606796,0.07707197219133377,0.37285783886909485
144.0,0.058525352810437865,0.08742357394658029,4.277973136173194,0.058525352810437865,0.058525352810437865,0.019038308411836624,0.019284037873148918,0.02261982299387455,0.01942010223865509,0.030435511842370033,0.05730384588241577,0.08572185784578323,0.4455651044845581
145.0,0.06309286103798793,0.07860529632307589,4.130737970600345,0.06309286103798793,0.06309286103798793,0.020627589896321297,0.021215008571743965,0.024091612547636032,0.020932266488671303,0.03337572515010834,0.06238025426864624,0.09146036952733994,0.35475954413414
146.0,0.08507434679911687,0.09767572744749486,4.556320385549753,0.08507434679911687,0.08507434679911687,0.017659785225987434,0.017888855189085007,0.02123156003654003,0.0177786685526371,0.029208051040768623,0.057152364403009415,0.08336661010980606,0.5371199250221252
147.0,0.06939409157404533,0.06290271272882819,4.345938351294329,0.06939409157404533,0.06939409157404533,0.020037753507494926,0.02051463909447193,0.02352355420589447,0.020260773599147797,0.03162144869565964,0.056420501321554184,0.07657685875892639,0.2542661726474762
148.0,0.0666417135642125,0.1216829027980566,4.3263916745324185,0.0666417135642125,0.0666417135642125,0.019247421994805336,0.019705940037965775,0.023181606084108353,0.0196035448461771,0.03190208598971367,0.06390306353569031,0.10624977201223373,0.6896697878837585
149.0,0.0828662531880232,0.06918217870406806,4.365127150363721,0.0828662531880232,0.0828662531880232,0.019056694582104683,0.019359953701496124,0.022388871759176254,0.01929023489356041,0.02999056503176689,0.05331830680370331,0.07469413429498672,0.3153586685657501
150.0,0.05766318251307194,0.12707628612406552,4.3143674308470645,0.05766318251307194,0.05766318251307194,0.01950421929359436,0.019941972568631172,0.023473912850022316,0.019848423078656197,0.03259224072098732,0.06604547798633575,0.11259231716394424,0.7226117253303528
151.0,0.08499388683300751,0.06713488535024226,4.2798309805902175,0.08499388683300751,0.08499388683300751,0.019933249801397324,0.02026139572262764,0.023472802713513374,0.02016758732497692,0.031119586899876595,0.05515212565660477,0.07546845823526382,0.2915038764476776
152.0,0.05643064127518581,0.1183382470626384,4.216697457414974,0.05643064127518581,0.05643064127518581,0.020150600001215935,0.020655954256653786,0.02415919117629528,0.020506199449300766,0.03264264762401581,0.06457003951072693,0.10642499476671219,0.6575963497161865
153.0,0.07064606335300666,0.07136343885213137,4.23021643706565,0.07064606335300666,0.07064606335300666,0.019609900191426277,0.019948884844779968,0.023074941709637642,0.019863685593008995,0.0308105256408453,0.05445311218500137,0.07776899635791779,0.3253774642944336
154.0,0.05581321509984823,0.07684942288324237,4.14834672769784,0.05581321509984823,0.05581321509984823,0.01824868656694889,0.018395114690065384,0.021584423258900642,0.018519330769777298,0.028853457421064377,0.05395018681883812,0.07745230197906494,0.3777918815612793
155.0,0.07013188273860858,0.06738836504518986,4.357308184149617,0.07013188273860858,0.07013188273860858,0.018161581829190254,0.01835775189101696,0.02136380597949028,0.01832870952785015,0.02843385748565197,0.05174160748720169,0.06951719522476196,0.3132024109363556
156.0,0.052229398574966654,0.06835558474995196,4.232380401499452,0.052229398574966654,0.052229398574966654,0.019978037104010582,0.020382018759846687,0.023599520325660706,0.020216280594468117,0.031347546726465225,0.05480875447392464,0.07522406429052353,0.3012884557247162
157.0,0.06485823198006703,0.15088397171348333,4.320947706491216,0.06485823198006703,0.06485823198006703,0.020437754690647125,0.02101200446486473,0.024666108191013336,0.02069690078496933,0.034913841634988785,0.07349026203155518,0.13098378479480743,0.8808711171150208
158.0,0.09251825454143378,0.07832319312728941,4.476360478610747,0.09251825454143378,0.09251825454143378,0.01897025853395462,0.019222578033804893,0.022430812940001488,0.01919766329228878,0.02979227900505066,0.05449753254652023,0.07637612521648407,0.38609829545021057
159.0,0.053848847890129455,0.14474500599317253,4.249913192751027,0.053848847890129455,0.053848847890129455,0.020334947854280472,0.020902534946799278,0.024548331275582314,0.020644614472985268,0.03468429297208786,0.0725620836019516,0.12840886414051056,0.8358743786811829
160.0,0.08993624781186764,0.073472069343552,4.323163070286823,0.08993624781186764,0.08993624781186764,0.019767986610531807,0.019970739260315895,0.023268194869160652,0.020074352622032166,0.031059905886650085,0.05535200238227844,0.07926410436630249,0.3390192687511444
161.0,0.05759138484986929,0.08578416309319437,4.271888291108147,0.05759138484986929,0.05759138484986929,0.018810125067830086,0.01897883228957653,0.022223355248570442,0.01909092254936695,0.029842479154467583,0.055176060646772385,0.08155164122581482,0.44059988856315613
162.0,0.06717118821465053,0.07731972122564912,4.172005587811326,0.06717118821465053,0.06717118821465053,0.020232195034623146,0.020836735144257545,0.023702798411250114,0.02050803042948246,0.03272969648241997,0.06046004965901375,0.08323808759450912,0.35685017704963684
163.0,0.07389041322928208,0.09215950383804739,4.38621370234161,0.07389041322928208,0.07389041322928208,0.01787123642861843,0.018145224079489708,0.021466990932822227,0.018099535256624222,0.029151640832424164,0.054854586720466614,0.07871615886688232,0.4989706575870514
164.0,0.07033694449525613,0.057450524531304836,4.268154205389918,0.07033694449525613,0.07033694449525613,0.01979181356728077,0.020329974591732025,0.02327544242143631,0.020037302747368813,0.03145192191004753,0.056733787059783936,0.07767416536808014,0.21030978858470917
165.0,0.06276167642611724,0.10864527383819222,4.213139219177273,0.06276167642611724,0.06276167642611724,0.018994756042957306,0.019415300339460373,0.022847814485430717,0.01934576779603958,0.031058238819241524,0.060262247920036316,0.09532628208398819,0.6019117832183838
166.0,0.07968541664572862,0.06132908281870186,4.302529428330562,0.07968541664572862,0.07968541664572862,0.019549844786524773,0.019948439672589302,0.02294612117111683,0.019751040264964104,0.03043101169168949,0.05378501117229462,0.07202157378196716,0.25219962000846863
167.0,0.05885708131469213,0.09711428661830723,4.229764397524502,0.05885708131469213,0.05885708131469213,0.01922241598367691,0.01966618001461029,0.0230852160602808,0.019665278494358063,0.03129749745130539,0.05993650108575821,0.09093652665615082,0.5131046772003174
168.0,0.06816825041404137,0.06735643954016268,4.233322316866329,0.06816825041404137,0.06816825041404137,0.020382989197969437,0.020852938294410706,0.024041369557380676,0.02053835801780224,0.032695919275283813,0.05839096009731293,0.07624725997447968,0.285701721906662
169.0,0.06998738216666076,0.09654348134063184,4.2836451927888195,0.06998738216666076,0.06998738216666076,0.0187078844755888,0.019042696803808212,0.02249183878302574,0.01897367835044861,0.03018047660589218,0.05902425944805145,0.08824747800827026,0.5156795382499695
170.0,0.07042149568979557,0.0669348081573844,4.185993072968544,0.07042149568979557,0.07042149568979557,0.019756430760025978,0.020219525322318077,0.023287015035748482,0.019932234659790993,0.03111913800239563,0.055235106498003006,0.07596800476312637,0.2899610102176666
171.0,0.060018448588939816,0.10843678331002593,4.1656194212512565,0.060018448588939816,0.060018448588939816,0.019293522462248802,0.019813470542430878,0.023251429200172424,0.019695771858096123,0.031665682792663574,0.06166850030422211,0.09867048263549805,0.5934354066848755
172.0,0.07690644436157666,0.06704583531245589,4.247281888848429,0.07690644436157666,0.07690644436157666,0.01962333917617798,0.019983870908617973,0.023160217329859734,0.019822463393211365,0.030687492340803146,0.05447142943739891,0.07441625744104385,0.2942016124725342
173.0,0.05559399423117821,0.06032613874413073,4.024597557165131,0.05559399423117821,0.05559399423117821,0.01958274282515049,0.020083514973521233,0.023240352049469948,0.019800309091806412,0.03078211098909378,0.05350390449166298,0.07410785555839539,0.24150831997394562
174.0,0.0598483314880958,0.11237057321704924,4.2648573867153265,0.0598483314880958,0.0598483314880958,0.018775982782244682,0.019254764541983604,0.022698352113366127,0.01915377750992775,0.03100205585360527,0.0600198470056057,0.09503588825464249,0.6330239176750183
175.0,0.0721494099841668,0.07078010844998062,4.333626574441239,0.0721494099841668,0.0721494099841668,0.0198605265468359,0.020164309069514275,0.0235087051987648,0.02006060816347599,0.03114597126841545,0.05517202988266945,0.07253223657608032,0.32379648089408875
176.0,0.0639304667711258,0.11703418102115393,4.311106219521952,0.0639304667711258,0.0639304667711258,0.019523512572050095,0.020038316026329994,0.023522134870290756,0.019853608682751656,0.03187314048409462,0.06369595229625702,0.10414320230484009,0.6536235809326172
177.0,0.07462580387408917,0.06876451661810279,4.22367371099517,0.07462580387408917,0.07462580387408917,0.01986711658537388,0.02028542011976242,0.023564545437693596,0.020096788182854652,0.031099436804652214,0.054169636219739914,0.07641277462244034,0.3046204149723053
178.0,0.058224572298618466,0.11922473646700382,4.214182824242959,0.058224572298618466,0.058224572298618466,0.019422654062509537,0.019967902451753616,0.02341524511575699,0.01981823891401291,0.03196874260902405,0.06352746486663818,0.10412325710058212,0.6715543866157532
179.0,0.07860394653219444,0.07106256438419223,4.289787268530619,0.07860394653219444,0.07860394653219444,0.019170988351106644,0.019471315667033195,0.022745326161384583,0.019376615062355995,0.030151695013046265,0.053453974425792694,0.07412951439619064,0.3300010859966278
180.0,0.055102763697505,0.11850763438269496,4.2271373904776715,0.055102763697505,0.055102763697505,0.01944471336901188,0.02000356838107109,0.023467309772968292,0.01982799358665943,0.03207366541028023,0.06406763941049576,0.10520410537719727,0.6639720797538757
181.0,0.07889291758720691,0.06994598638266325,4.260147890413036,0.07889291758720691,0.07889291758720691,0.0198509618639946,0.02015160582959652,0.02347247675061226,0.020085236057639122,0.030992232263088226,0.054721325635910034,0.07533175498247147,0.3149622976779938
182.0,0.055047085938545376,0.10851830965839326,4.16929782391484,0.055047085938545376,0.055047085938545376,0.01999565400183201,0.02048930525779724,0.02397138625383377,0.02030012756586075,0.03203336521983147,0.062339141964912415,0.09923233836889267,0.5897851586341858
183.0,0.06656326468174274,0.07110977196134627,4.145269119596516,0.06656326468174274,0.06656326468174274,0.019585197791457176,0.019992604851722717,0.02326004020869732,0.01979500986635685,0.030768204480409622,0.053936898708343506,0.07638674974441528,0.3251534700393677
184.0,0.0551127390219615,0.10690639866515994,4.138423177350216,0.0551127390219615,0.0551127390219615,0.0194548312574625,0.01997312344610691,0.023449964821338654,0.019780892878770828,0.03152867406606674,0.06139637157320976,0.09738848358392715,0.582278847694397
185.0,0.0662138370367197,0.07135321339592338,4.196004133360355,0.0662138370367197,0.0662138370367197,0.019699832424521446,0.02003750391304493,0.02333930693566799,0.0199319776147604,0.030884455889463425,0.05413093790411949,0.07637694478034973,0.3264247477054596
186.0,0.053828274401334614,0.07485354295931756,4.090354207573156,0.053828274401334614,0.053828274401334614,0.018838489428162575,0.01911468803882599,0.022355422377586365,0.019111329689621925,0.02969120256602764,0.05380525812506676,0.07770365476608276,0.3582082986831665
187.0,0.06724643306090282,0.06726799416355789,4.285785471912688,0.06724643306090282,0.06724643306090282,0.018106194213032722,0.018414216116070747,0.021531200036406517,0.018235955387353897,0.028491221368312836,0.05168398469686508,0.06975708156824112,0.3119240999221802
188.0,0.05213867185207514,0.07139154290780425,4.21237361962521,0.05213867185207514,0.05213867185207514,0.019693922251462936,0.020078781992197037,0.02343755215406418,0.019897060468792915,0.030888652428984642,0.05387646332383156,0.07473603636026382,0.3285238742828369
189.0,0.06133486874974691,0.13106855750083923,4.207113296910204,0.06133486874974691,0.06133486874974691,0.01956658624112606,0.020141882821917534,0.023705465719103813,0.019899530336260796,0.032803550362586975,0.06691157817840576,0.11366192996501923,0.7518579363822937
190.0,0.08236348485717407,0.07455618074163795,4.345029398009337,0.08236348485717407,0.08236348485717407,0.0188936535269022,0.019111908972263336,0.022440167143940926,0.01912541501224041,0.02980576641857624,0.05396457016468048,0.07525523751974106,0.3578527271747589
191.0,0.056200841011909336,0.08309083385393023,4.209173172049019,0.056200841011909336,0.056200841011909336,0.01878766529262066,0.019054632633924484,0.022224437445402145,0.018977398052811623,0.02969556674361229,0.05487680435180664,0.08003291487693787,0.42107725143432617
192.0,0.06444340743697606,0.0688945425208658,4.091179465496378,0.06444340743697606,0.06444340743697606,0.0201828945428133,0.020828576758503914,0.023853128775954247,0.02040936052799225,0.03251715004444122,0.059432368725538254,0.08128907531499863,0.29264378547668457
193.0,0.0706691830777205,0.09251769841648638,4.3289200405159685,0.0706691830777205,0.0706691830777205,0.018513482064008713,0.018939770758152008,0.022298604249954224,0.01879272609949112,0.02989269234240055,0.05617966130375862,0.0822659358382225,0.4932587146759033
194.0,0.06617495847436097,0.0553869791328907,4.222802669653048,0.06617495847436097,0.06617495847436097,0.019771020859479904,0.020351894199848175,0.023448331281542778,0.019947877153754234,0.031311869621276855,0.05630951374769211,0.07612228393554688,0.19583304226398468
195.0,0.06301982500232182,0.09111962676979601,4.200469918500698,0.06301982500232182,0.06301982500232182,0.01867043413221836,0.018999705091118813,0.022251369431614876,0.018898658454418182,0.029917240142822266,0.056377749890089035,0.08429325371980667,0.4795486032962799
196.0,0.07102203340484546,0.056604256853461266,4.17022622369462,0.07102203340484546,0.07102203340484546,0.019435185939073563,0.019900834187865257,0.02300109900534153,0.0195560771971941,0.03049461357295513,0.054418426007032394,0.07147553563117981,0.21455228328704834
197.0,0.05661922750564722,0.10245777433738112,4.215842938453367,0.05661922750564722,0.05661922750564722,0.019006041809916496,0.019528968259692192,0.0228668712079525,0.019325783476233482,0.03089071623980999,0.05914483964443207,0.09170730412006378,0.5571916699409485
198.0,0.07421838520811154,0.05760136526077986,4.136959567474333,0.07421838520811154,0.07421838520811154,0.019463416188955307,0.01992907002568245,0.02308243326842785,0.01959197036921978,0.03054935485124588,0.05432159826159477,0.072865329682827,0.22100774943828583
199.0,0.05654244182201532,0.08785016345791519,4.184737093406154,0.05654244182201532,0.05654244182201532,0.018954472616314888,0.019400930032134056,0.022711751982569695,0.0193097535520792,0.03061445616185665,0.057418301701545715,0.08347189426422119,0.4509197473526001
200.0,0.06268792714063938,0.06609517429023981,4.0922799801790175,0.06268792714063938,0.06268792714063938,0.020139262080192566,0.020699329674243927,0.02387557551264763,0.020255159586668015,0.03191215917468071,0.0561518557369709,0.07716058939695358,0.27856746315956116
201.0,0.0669803754068338,0.09410608164034784,4.2381506531387725,0.0669803754068338,0.0669803754068338,0.018713587895035744,0.01915265992283821,0.022510936483740807,0.018907131627202034,0.029899362474679947,0.059251245111227036,0.08928795903921127,0.49512577056884766
202.0,0.06762117691911183,0.06749835493974388,4.107717722835019,0.06762117691911183,0.06762117691911183,0.01952061429619789,0.019900377839803696,0.023109648376703262,0.019671330228447914,0.030742749571800232,0.054391197860240936,0.07191655039787292,0.30073437094688416
203.0,0.05836136323901323,0.10068757575936615,4.222256189900917,0.05836136323901323,0.05836136323901323,0.01877485029399395,0.019363529980182648,0.022693511098623276,0.019083956256508827,0.03060881607234478,0.059335820376873016,0.09102306514978409,0.5446170568466187
204.0,0.07103402712024175,0.06653695972636342,4.106241131667871,0.07103402712024175,0.07103402712024175,0.019313573837280273,0.01970592327415943,0.022900784388184547,0.019478248432278633,0.030260687693953514,0.05308527499437332,0.07249865680932999,0.29505252838134766
205.0,0.05499895662069321,0.06250913650728762,4.016979277078797,0.05499895662069321,0.05499895662069321,0.018531853333115578,0.018918026238679886,0.022063231095671654,0.0187202300876379,0.029117438942193985,0.05215706303715706,0.07161013782024384,0.2689551115036011
206.0,0.0602405472443654,0.06361087411642075,4.18372825935079,0.0602405472443654,0.0602405472443654,0.018366320058703423,0.018731964752078056,0.021832091733813286,0.018490303307771683,0.028960583731532097,0.05110509321093559,0.06884520500898361,0.2825554311275482
207.0,0.053464104349796586,0.07030823128297925,4.127275983355173,0.053464104349796586,0.053464104349796586,0.018477415665984154,0.018870847299695015,0.022011131048202515,0.018667222931981087,0.029170608147978783,0.05311055853962898,0.07553793489933014,0.3266201317310333
208.0,0.05774225767415304,0.06738805072382092,4.162843406890514,0.05774225767415304,0.05774225767415304,0.018890103325247765,0.019245875999331474,0.022418560460209846,0.019062580540776253,0.029677104204893112,0.05223412066698074,0.07200638204813004,0.30556967854499817
209.0,0.054740079606954865,0.07234072731807828,4.172522730470136,0.054740079606954865,0.054740079606954865,0.01853487826883793,0.01889769360423088,0.02209501713514328,0.01879834197461605,0.02945297583937645,0.05356667563319206,0.07639234513044357,0.340987890958786
210.0,0.05675595497282652,0.06830089981667697,4.063388599767308,0.05675595497282652,0.05675595497282652,0.01879202201962471,0.019122105091810226,0.022272223606705666,0.018975716084241867,0.029564116150140762,0.05257812514901161,0.07304494827985764,0.3120579421520233
211.0,0.05674662956824669,0.0732273815665394,4.301860154442563,0.05674662956824669,0.05674662956824669,0.0189653430134058,0.019320344552397728,0.022482460364699364,0.019268512725830078,0.030506476759910583,0.056221868842840195,0.07355533540248871,0.3454987108707428
212.0,0.05700615420937538,0.07524840580299497,4.227568021186385,0.05700615420937538,0.05700615420937538,0.01831124536693096,0.018720215186476707,0.021709026768803596,0.018437672406435013,0.028798839077353477,0.05432034656405449,0.07882871478796005,0.36286118626594543
213.0,0.05710066625705132,0.07511875312775373,4.054175813764035,0.05710066625705132,0.05710066625705132,0.01995503157377243,0.020648155361413956,0.023546328768134117,0.02019610069692135,0.03242117539048195,0.05908891186118126,0.08341638743877411,0.3416779339313507
214.0,0.07735158846928523,0.07573937089182436,4.392509728382378,0.07735158846928523,0.07735158846928523,0.017984308302402496,0.018407482653856277,0.021529320627450943,0.018174974247813225,0.02875618264079094,0.052881404757499695,0.07365607470273972,0.3745252192020416
215.0,0.05722193219340765,0.06595464330166578,4.161711847925823,0.05722193219340765,0.05722193219340765,0.01999526098370552,0.020630938932299614,0.02374473214149475,0.020124508067965508,0.03230481222271919,0.05807822570204735,0.07848777621984482,0.2742708921432495
216.0,0.07221629986396202,0.08747364697046578,4.369974134627009,0.07221629986396202,0.07221629986396202,0.018246402963995934,0.018710434436798096,0.021841688081622124,0.018450964242219925,0.029172347858548164,0.05569048225879669,0.08080141246318817,0.45687544345855713
217.0,0.06546795482818897,0.057809964986518025,4.219706102423279,0.06546795482818897,0.06546795482818897,0.01968982443213463,0.020171914249658585,0.0233196709305048,0.01980263739824295,0.031377069652080536,0.05552761256694794,0.07177528738975525,0.22081570327281952
218.0,0.06340885133697437,0.09801499918103218,4.150504340170893,0.06340885133697437,0.06340885133697437,0.018129203468561172,0.01869119517505169,0.021909477189183235,0.018336838111281395,0.029574958607554436,0.05748223513364792,0.08688463270664215,0.5331114530563354
219.0,0.07226353310621701,0.06011435226537287,4.245609143852455,0.07226353310621701,0.07226353310621701,0.018565623089671135,0.019002653658390045,0.022029556334018707,0.018702158704400063,0.029206542298197746,0.051606643944978714,0.06880683451890945,0.2529948055744171
220.0,0.0551558300279654,0.1019357000477612,4.201230359898606,0.0551558300279654,0.0551558300279654,0.018766257911920547,0.019419848918914795,0.022526701912283897,0.01912105642259121,0.030657395720481873,0.058723438531160355,0.09128937125205994,0.554981529712677
221.0,0.07470924980365314,0.06251612422056496,4.278833339397621,0.07470924980365314,0.07470924980365314,0.01884390413761139,0.019238142296671867,0.02228325419127941,0.019029837101697922,0.02982904575765133,0.053501542657613754,0.07054132223129272,0.2668619453907013
222.0,0.05269520128002533,0.0915921600535512,4.118305930364112,0.05269520128002533,0.05269520128002533,0.018651798367500305,0.019272128120064735,0.022340189665555954,0.019027914851903915,0.03072621114552021,0.0587487630546093,0.08877617865800858,0.4751940965652466
223.0,0.06345586822583126,0.06782028498128057,4.0714466967271346,0.06345586822583126,0.06345586822583126,0.019266806542873383,0.01972881145775318,0.02276538498699665,0.019396668300032616,0.03046107478439808,0.05315321683883667,0.07202465832233429,0.30576565861701965
224.0,0.06284189997957303,0.09177836589515209,4.281159265189556,0.06284189997957303,0.06284189997957303,0.0183239858597517,0.018856186419725418,0.021897265687584877,0.018484607338905334,0.029159583151340485,0.05813310667872429,0.08518879115581512,0.4841834008693695
225.0,0.06570105397930512,0.07323257601819932,4.1920239521441385,0.06570105397930512,0.06570105397930512,0.019273055717349052,0.019671857357025146,0.022709282115101814,0.019495977088809013,0.03103301301598549,0.05643310025334358,0.07171354442834854,0.34553077816963196
226.0,0.058185497155556314,0.060167835326865315,4.1297714100644365,0.058185497155556314,0.058185497155556314,0.017846545204520226,0.01833249442279339,0.021280478686094284,0.01794310286641121,0.028132325038313866,0.05139105021953583,0.07033427059650421,0.2560824155807495
227.0,0.05754939509698978,0.06499358429573476,4.290865702193306,0.05754939509698978,0.05754939509698978,0.018047573044896126,0.018379690125584602,0.021161608397960663,0.018188640475273132,0.028460687026381493,0.05169263109564781,0.06435278058052063,0.29966506361961365
228.0,0.05845233167593296,0.09770715702325106,4.260866281710918,0.05845233167593296,0.05845233167593296,0.018278375267982483,0.018896393477916718,0.021847816184163094,0.018524568527936935,0.029682019725441933,0.058420002460479736,0.08766178041696548,0.5283463001251221
229.0,0.07108502462506294,0.07026798860169947,4.230329717455749,0.07108502462506294,0.07108502462506294,0.01905117556452751,0.019508719444274902,0.022462185472249985,0.019316967576742172,0.030391206964850426,0.05506893992424011,0.07263176888227463,0.32371294498443604
230.0,0.05439551991338913,0.061159581411629915,4.100139711914426,0.05439551991338913,0.05439551991338913,0.01838509365916252,0.01897510141134262,0.021973012015223503,0.01851077377796173,0.02893332578241825,0.051879242062568665,0.07150765508413315,0.2591124475002289
231.0,0.05834801652683662,0.0957662626169622,4.3412939470993965,0.05834801652683662,0.05834801652683662,0.018791142851114273,0.019401200115680695,0.02239224873483181,0.019233008846640587,0.03143951669335365,0.06001674383878708,0.08683321624994278,0.5080230236053467
232.0,0.05559942412834901,0.061788437655195594,4.1156247638822725,0.05559942412834901,0.05559942412834901,0.018615979701280594,0.0192572008818388,0.022167997434735298,0.018767409026622772,0.029251812025904655,0.052731920033693314,0.07408688962459564,0.2594282925128937
233.0,0.056564023288396686,0.09943844424560666,4.227328755215445,0.056564023288396686,0.056564023288396686,0.018730539828538895,0.019428009167313576,0.022497449070215225,0.019167564809322357,0.03090776316821575,0.058813292533159256,0.0899907574057579,0.5359721779823303
234.0,0.06386428240400094,0.06915401411242783,4.250530130907858,0.06386428240400094,0.06386428240400094,0.019467433914542198,0.019925715401768684,0.023023078218102455,0.019668277353048325,0.030685070902109146,0.05391998589038849,0.07152732461690903,0.3150152266025543
235.0,0.062196093396498606,0.10636177333071828,4.231325137541717,0.062196093396498606,0.062196093396498606,0.018467117100954056,0.01906556822359562,0.02227131836116314,0.018542243167757988,0.02990039624273777,0.06116440147161484,0.09627997130155563,0.5852031707763672
236.0,0.06915364500421745,0.07425278890877962,4.2831555867690305,0.06915364500421745,0.06915364500421745,0.01947958767414093,0.019906817004084587,0.02292480878531933,0.019737940281629562,0.031536176800727844,0.05778700113296509,0.07334867119789124,0.3493013083934784
237.0,0.057703452614637524,0.11122314585372806,4.224861278644373,0.057703452614637524,0.057703452614637524,0.01890939101576805,0.019669879227876663,0.022720618173480034,0.019201740622520447,0.030833406373858452,0.06181878596544266,0.09899722784757614,0.617634117603302
238.0,0.07178517574301133,0.0697605456225574,4.282760300071543,0.07178517574301133,0.07178517574301133,0.018813593313097954,0.019323572516441345,0.0223005972802639,0.01899918168783188,0.029531890526413918,0.052128784358501434,0.07236670702695847,0.3246200382709503
239.0,0.05525028762909082,0.10889698937535286,4.134427290861567,0.05525028762909082,0.05525028762909082,0.01838577166199684,0.019124696031212807,0.022174863144755363,0.01871471107006073,0.030566688627004623,0.06028349697589874,0.0968853160738945,0.6050403714179993
240.0,0.07243140185108551,0.07154426327906549,4.28288248807744,0.07243140185108551,0.07243140185108551,0.018187209963798523,0.01867572031915188,0.021563706919550896,0.01838911883533001,0.0288153775036335,0.05199281871318817,0.07143127173185349,0.34329888224601746
241.0,0.051056912455421224,0.10725381877273321,4.041374043475846,0.051056912455421224,0.051056912455421224,0.018685340881347656,0.01945437490940094,0.022421495988965034,0.01906561851501465,0.030883053317666054,0.06046781316399574,0.09646046906709671,0.5905923843383789
242.0,0.07322585210204124,0.07365215080790222,4.28797244266703,0.07322585210204124,0.07322585210204124,0.018314724788069725,0.01888296753168106,0.02163536101579666,0.01860295608639717,0.029271990060806274,0.05381457880139351,0.07074826210737228,0.35794636607170105
243.0,0.05029587060786211,0.06758323195390403,4.009086382055819,0.05029587060786211,0.05029587060786211,0.01802939549088478,0.018646733835339546,0.02158595249056816,0.01822276972234249,0.028651216998696327,0.052153412252664566,0.0743846744298935,0.3089917004108429
244.0,0.05856890374651322,0.06575767835602164,4.23329878986799,0.05856890374651322,0.05856890374651322,0.01793438382446766,0.018438030034303665,0.02122311294078827,0.01804281771183014,0.028232863172888756,0.05035031586885452,0.06860842555761337,0.30323147773742676
245.0,0.0531156684916753,0.10292524914257228,4.229675540578071,0.0531156684916753,0.0531156684916753,0.018300747498869896,0.019053461030125618,0.021905850619077682,0.018690764904022217,0.0306002888828516,0.05907789617776871,0.09346747398376465,0.5623055100440979
246.0,0.07105889830451745,0.07371915061958134,4.309247979540118,0.07105889830451745,0.07105889830451745,0.01890442706644535,0.01952444389462471,0.02221876010298729,0.01922743208706379,0.03046572022140026,0.05599360913038254,0.07373812049627304,0.34968069195747375
247.0,0.05380412463385325,0.0627656972501427,4.198064972528165,0.05380412463385325,0.05380412463385325,0.018224593251943588,0.018835803493857384,0.021672403439879417,0.018291041254997253,0.02843363769352436,0.050814636051654816,0.06915892660617828,0.27669453620910645
248.0,0.05802832988019173,0.09232212882488966,4.354468251793083,0.05802832988019173,0.05802832988019173,0.01884041354060173,0.019455859437584877,0.02229999750852585,0.019296323880553246,0.031522348523139954,0.059224214404821396,0.08355047553777695,0.4843873977661133
249.0,0.052779403156959094,0.06891625397838652,4.212194861960281,0.052779403156959094,0.052779403156959094,0.01792200095951557,0.01851985976099968,0.021440861746668816,0.01806946098804474,0.028438733890652657,0.05208009108901024,0.07392094284296036,0.3209380805492401
250.0,0.05707760527729988,0.06327303033322096,4.0806004156965905,0.05707760527729988,0.05707760527729988,0.01797986775636673,0.01845156028866768,0.021128367632627487,0.018098875880241394,0.028344709426164627,0.05068928375840187,0.06660855561494827,0.2848830223083496
251.0,0.054514835946835004,0.06727526732720435,4.183334003576866,0.054514835946835004,0.054514835946835004,0.017571311444044113,0.018187230452895164,0.02092166431248188,0.017743581905961037,0.02788463607430458,0.05146382004022598,0.07154440134763718,0.31288549304008484
252.0,0.056253626656073794,0.0695925927720964,4.2879793049691575,0.056253626656073794,0.056253626656073794,0.017941581085324287,0.018428504467010498,0.02096441760659218,0.018185891211032867,0.02884531207382679,0.05378592386841774,0.06623110920190811,0.3323580026626587
253.0,0.05336758523033215,0.06272421055473387,4.143144053306807,0.05336758523033215,0.05336758523033215,0.018237067386507988,0.018880926072597504,0.02153545245528221,0.01831837370991707,0.0284355990588665,0.05238679051399231,0.07304459810256958,0.2709548771381378
254.0,0.052375114881075345,0.09960660221986473,4.187218403911678,0.052375114881075345,0.052375114881075345,0.018878931179642677,0.019640907645225525,0.022407978773117065,0.01933223381638527,0.03138114884495735,0.06030089780688286,0.09366077929735184,0.5312499403953552
255.0,0.06359038530634,0.0736974929459393,4.192281108975962,0.06359038530634,0.06359038530634,0.0188918299973011,0.019467387348413467,0.022229649126529694,0.019184255972504616,0.03001607023179531,0.0545254610478878,0.072218157351017,0.35304713249206543
256.0,0.057851213531998485,0.10514712822623551,4.198167597015536,0.057851213531998485,0.057851213531998485,0.01841030642390251,0.019150162115693092,0.02203292027115822,0.018448827788233757,0.029699640348553658,0.060540273785591125,0.09447461366653442,0.5784202814102173
257.0,0.06747008917423394,0.07696640701033175,4.281883559807354,0.06747008917423394,0.06747008917423394,0.018634473904967308,0.019238615408539772,0.021910272538661957,0.018961848691105843,0.030116070061922073,0.05560341104865074,0.07294804602861404,0.37831851840019226
258.0,0.05756605158631618,0.07339022378437221,4.19433099692094,0.05756605158631618,0.05756605158631618,0.0177595317363739,0.01840806193649769,0.020991841331124306,0.017830740660429,0.027918042615056038,0.052706729620695114,0.07378298044204712,0.3577238619327545
259.0,0.053446134409079187,0.05929585243575275,4.110947236319525,0.053446134409079187,0.053446134409079187,0.018991783261299133,0.019656067714095116,0.022357502952218056,0.019159851595759392,0.030749496072530746,0.05473000183701515,0.06766047328710556,0.24106164276599884
260.0,0.06917663334080806,0.07089558010920882,4.2492846432886076,0.06917663334080806,0.06917663334080806,0.017563946545124054,0.01829693466424942,0.020705975592136383,0.017689036205410957,0.027763253077864647,0.0518484003841877,0.07213187962770462,0.3411652147769928
261.0,0.054051488208083004,0.05525883077643812,4.116330124884323,0.054051488208083004,0.054051488208083004,0.01828005351126194,0.01897135190665722,0.021408390253782272,0.018438564613461494,0.029110223054885864,0.05192239582538605,0.06580347567796707,0.21813619136810303
262.0,0.06265161988826898,0.07743249787017703,4.174188797946227,0.06265161988826898,0.06265161988826898,0.017415670678019524,0.01817251183092594,0.020568575710058212,0.017553608864545822,0.027683593332767487,0.05221809819340706,0.07301495969295502,0.3928329646587372
263.0,0.059460077434778214,0.060985365184023976,4.30652237821405,0.059460077434778214,0.059460077434778214,0.018035052344202995,0.0187284667044878,0.020952126011252403,0.018261190503835678,0.02886981889605522,0.052520107477903366,0.06375160813331604,0.2667645514011383
264.0,0.05828257635808908,0.08171523897908628,4.123044699909588,0.05828257635808908,0.05828257635808908,0.017384963110089302,0.018109790980815887,0.020546257495880127,0.017526185140013695,0.027942249551415443,0.05328184738755226,0.07539130747318268,0.42353931069374084
265.0,0.06181650608778,0.06301590008661151,4.271204970481708,0.06181650608778,0.06181650608778,0.017918463796377182,0.0186185110360384,0.02085469663143158,0.018160149455070496,0.028759023174643517,0.05289424955844879,0.06432590633630753,0.2825962007045746
266.0,0.05584492921256102,0.08868269994854927,4.259983663559525,0.05584492921256102,0.05584492921256102,0.017862355336546898,0.018684720620512962,0.021031362935900688,0.018063688650727272,0.02886151149868965,0.053751036524772644,0.08050713688135147,0.4706997871398926
267.0,0.06391564642007534,0.06128702871501446,4.306607342186793,0.06391564642007534,0.06391564642007534,0.01790749467909336,0.018653927370905876,0.02080555260181427,0.01815476082265377,0.028515594080090523,0.05186839401721954,0.06410787999629974,0.2702826261520386
268.0,0.055548883544710964,0.0895529412664473,4.184971141588718,0.055548883544710964,0.055548883544710964,0.017647242173552513,0.018443090841174126,0.02082834579050541,0.017823396250605583,0.028616543859243393,0.054786715656518936,0.08111979812383652,0.47715839743614197
269.0,0.06483213804089107,0.06483475957065821,4.286955964823604,0.06483213804089107,0.06483213804089107,0.017960725352168083,0.0187446977943182,0.02090430073440075,0.018218103796243668,0.028678124770522118,0.052579257637262344,0.06550724059343338,0.2960856258869171
270.0,0.05471627786755562,0.05923772673122585,4.2315548877880405,0.05471627786755562,0.05471627786755562,0.01735280267894268,0.01819154992699623,0.020490849390625954,0.017480291426181793,0.02716120518743992,0.048805877566337585,0.06537232547998428,0.25904691219329834
271.0,0.057549610877266295,0.08426273171789944,4.353661561297644,0.057549610877266295,0.057549610877266295,0.01851752959191799,0.019122576341032982,0.021555792540311813,0.018991079181432724,0.030674533918499947,0.05730535462498665,0.08152049779891968,0.42641448974609375
272.0,0.05162910601267448,0.0598389923106879,4.189123962794545,0.05162910601267448,0.05162910601267448,0.017574705183506012,0.018376968801021576,0.020629694685339928,0.017673993483185768,0.02737569995224476,0.05035926774144173,0.06973591446876526,0.25698569416999817
273.0,0.05616474251907606,0.08354736934415996,4.3548551709800325,0.05616474251907606,0.05616474251907606,0.018716508522629738,0.019474513828754425,0.02184927463531494,0.019278664141893387,0.03111724928021431,0.0579264797270298,0.08255132287740707,0.417464941740036
274.0,0.05226014067347233,0.06585457059554756,4.16790317191086,0.05226014067347233,0.05226014067347233,0.017812447622418404,0.01862501911818981,0.02095380425453186,0.01790195144712925,0.02779274806380272,0.051881395280361176,0.07187648862600327,0.29999271035194397
275.0,0.05329253825430687,0.06393674435093999,4.182455705685858,0.05329253825430687,0.05329253825430687,0.017814386636018753,0.018519269302487373,0.02060985006392002,0.018121907487511635,0.02876461111009121,0.05342939868569374,0.06485779583454132,0.28937673568725586
276.0,0.054707951413897365,0.05813723988831043,4.1490756991719655,0.054707951413897365,0.054707951413897365,0.017490308731794357,0.01835942640900612,0.020630469545722008,0.017639150843024254,0.027474690228700638,0.049545444548130035,0.06758727878332138,0.24637115001678467
277.0,0.05189114694411938,0.0808053391519934,4.1244783012706225,0.05189114694411938,0.05189114694411938,0.018202653154730797,0.018971072509884834,0.021085558459162712,0.018489990383386612,0.029360905289649963,0.05482609570026398,0.07845764607191086,0.4070487916469574
278.0,0.05271598596412402,0.057366195134818554,4.155289867732585,0.05271598596412402,0.05271598596412402,0.018608668819069862,0.019478412345051765,0.0218291524797678,0.01871238276362419,0.029023630544543266,0.05440542846918106,0.08066660165786743,0.21620528399944305
279.0,0.0555486733523699,0.08821424981579185,4.247819539398181,0.0555486733523699,0.0555486733523699,0.018681226298213005,0.019517147913575172,0.021917343139648438,0.019157685339450836,0.0308542437851429,0.057713061571121216,0.08833860605955124,0.44953468441963196
280.0,0.057508083346944586,0.06127974996343255,4.10570447195138,0.057508083346944586,0.057508083346944586,0.017936114221811295,0.018754731863737106,0.021009376272559166,0.01810075342655182,0.028001537546515465,0.049244225025177,0.06503171473741531,0.27215954661369324
281.0,0.058113966996853166,0.08647109754383564,4.236184956365457,0.058113966996853166,0.058113966996853166,0.01784377545118332,0.018680663779377937,0.020965533331036568,0.018027551472187042,0.028377704322338104,0.052696142345666885,0.07767769694328308,0.4574997127056122
282.0,0.058280435032569446,0.06431935727596283,4.2821035298137184,0.058280435032569446,0.058280435032569446,0.0183011032640934,0.01906435377895832,0.021282367408275604,0.018676968291401863,0.02956371381878853,0.05443643406033516,0.06646216660737991,0.28676775097846985
283.0,0.06016892466980677,0.08497431105934083,4.2873430109707265,0.06016892466980677,0.06016892466980677,0.01729860156774521,0.0181773342192173,0.02042420208454132,0.017407957464456558,0.027495311573147774,0.05306200310587883,0.0769120305776596,0.4490170478820801
284.0,0.05961332126305653,0.06356034055352211,4.318592088378386,0.05961332126305653,0.05961332126305653,0.01802240125834942,0.018931368365883827,0.020929386839270592,0.0183941051363945,0.028712520375847816,0.052331797778606415,0.06476538628339767,0.28639575839042664
285.0,0.05730755097017838,0.09085599309764802,4.316204399997316,0.05730755097017838,0.05730755097017838,0.017847200855612755,0.018712103366851807,0.02091561071574688,0.018016323447227478,0.028453567996621132,0.05376169830560684,0.07961913198232651,0.4895223081111908
286.0,0.0630468399478839,0.06646447069942951,4.383609307428983,0.0630468399478839,0.0630468399478839,0.0177562665194273,0.01848326250910759,0.02052588202059269,0.018126053735613823,0.0286503117531538,0.053506769239902496,0.06589903682470322,0.3087681829929352
287.0,0.05618763614732485,0.09169581974856555,4.261714236798845,0.05618763614732485,0.05618763614732485,0.017668969929218292,0.01852230168879032,0.020770732313394547,0.017835795879364014,0.028368093073368073,0.0536443367600441,0.07989305257797241,0.4968632757663727
288.0,0.06345139587154755,0.06335218204185367,4.397722701634674,0.06345139587154755,0.06345139587154755,0.017856432124972343,0.01879333332180977,0.020573019981384277,0.018226496875286102,0.028158320114016533,0.05140109732747078,0.06334671378135681,0.2884620428085327
289.0,0.05589300494354505,0.09165951469913125,4.253794245272214,0.05589300494354505,0.05589300494354505,0.01780959591269493,0.018558410927653313,0.02077184058725834,0.017953813076019287,0.02855897694826126,0.05338563024997711,0.08044018596410751,0.49579766392707825
290.0,0.06347575411200523,0.06590771512128413,4.399070086737425,0.06347575411200523,0.06347575411200523,0.01782286912202835,0.018657799810171127,0.020555460825562477,0.01819017343223095,0.028479373082518578,0.05243159085512161,0.06536645442247391,0.305757999420166
291.0,0.05568184288075337,0.09314144821837544,4.365225996232775,0.05568184288075337,0.05568184288075337,0.017877183854579926,0.018710726872086525,0.020906444638967514,0.018008040264248848,0.028516024351119995,0.053254690021276474,0.07986537367105484,0.5079931020736694
292.0,0.06728152214334561,0.06501213135197759,4.4560568649147685,0.06728152214334561,0.06728152214334561,0.017565706744790077,0.018265511840581894,0.02004360221326351,0.017895059660077095,0.02808077447116375,0.05294446647167206,0.06066345423460007,0.30463847517967224
293.0,0.05873223150578829,0.0982834487222135,4.264063306352529,0.05873223150578829,0.05873223150578829,0.018165823072195053,0.019002007320523262,0.021253233775496483,0.018375709652900696,0.029443703591823578,0.0550861656665802,0.08641268312931061,0.5385282635688782
294.0,0.06716493975657684,0.06270690355449915,4.457122353620605,0.06716493975657684,0.06716493975657684,0.01847202703356743,0.019462866708636284,0.02149229869246483,0.01895865425467491,0.03002413921058178,0.05488184094429016,0.06594707816839218,0.2724163234233856
295.0,0.06267501471134332,0.10172048979438841,4.506324077528115,0.06267501471134332,0.06267501471134332,0.018077639862895012,0.01893199421465397,0.021257469430565834,0.018208622932434082,0.02911638841032982,0.055237431079149246,0.08581095933914185,0.5671234130859375
296.0,0.0684262949686784,0.06069013522937894,4.470142196936395,0.0684262949686784,0.0684262949686784,0.018071461468935013,0.01921945810317993,0.02111523412168026,0.01831626147031784,0.028323927894234657,0.049369700253009796,0.06665317714214325,0.26445186138153076
297.0,0.0619580507851564,0.11794680985622108,4.5464742353045455,0.0619580507851564,0.0619580507851564,0.019224397838115692,0.019643668085336685,0.022565044462680817,0.019000103697180748,0.031853679567575455,0.06128311902284622,0.09446944296360016,0.6755350232124329
298.0,0.08893422696452874,0.06754811038263142,4.572509210778274,0.08893422696452874,0.08893422696452874,0.020613307133316994,0.021863985806703568,0.024821076542139053,0.020995523780584335,0.03312591090798378,0.057542167603969574,0.08775021135807037,0.2736726999282837
299.0,0.0731650095146436,0.09885885403491557,4.407998888059465,0.0731650095146436,0.0731650095146436,0.020706359297037125,0.022013723850250244,0.024929409846663475,0.020452499389648438,0.03415805101394653,0.06918308883905411,0.09536534547805786,0.5040623545646667
300.0,0.07139884107387982,0.08253874396905303,4.747102465205388,0.07139884107387982,0.07139884107387982,0.022780105471611023,0.024165010079741478,0.026854438707232475,0.023601192981004715,0.0382404662668705,0.07285966724157333,0.09906106442213058,0.35274800658226013
301.0,0.08465827414049552,0.08139709639362991,4.683184905780177,0.08465827414049552,0.08465827414049552,0.02024136111140251,0.021526016294956207,0.024403180927038193,0.020403537899255753,0.030855247750878334,0.05894409865140915,0.0808628499507904,0.3939404785633087
302.0,0.06884522650104302,0.10498612956143916,4.7187179152697185,0.06884522650104302,0.06884522650104302,0.026308182626962662,0.027366982772946358,0.030345745384693146,0.027173493057489395,0.04590751230716705,0.0953105092048645,0.13269102573394775,0.4547855854034424
303.0,0.07827296795753333,0.1046013820450753,4.4214923506767105,0.07827296795753333,0.07827296795753333,0.019903481006622314,0.021318549290299416,0.02449761889874935,0.02019692026078701,0.03152899816632271,0.06121049448847771,0.09650525450706482,0.561649739742279
304.0,0.0590904879455383,0.06183854187838733,4.369622797676671,0.0590904879455383,0.0590904879455383,0.018784308806061745,0.019884495064616203,0.022566476836800575,0.019128888845443726,0.03072429448366165,0.05454907938838005,0.07227398455142975,0.25679680705070496
305.0,0.06830271161519565,0.09510006732307374,4.3679798586816965,0.06830271161519565,0.06830271161519565,0.01793508045375347,0.01904870569705963,0.021483344957232475,0.018138080835342407,0.02912718988955021,0.0566585510969162,0.08341967314481735,0.5149899125099182
306.0,0.061654433608055115,0.07016189047135413,4.329148455859796,0.061654433608055115,0.061654433608055115,0.017629118636250496,0.018722403794527054,0.020679762586951256,0.017889445647597313,0.027368027716875076,0.047363538295030594,0.06238225847482681,0.3492605686187744
307.0,0.060160501645161554,0.10462972754612565,4.266005108236964,0.060160501645161554,0.060160501645161554,0.020079638808965683,0.02140047773718834,0.02375810593366623,0.02068115770816803,0.0329475998878479,0.06109311059117317,0.10303127765655518,0.5540464520454407
308.0,0.05949905285468468,0.06856281962245703,4.2544033857133305,0.05949905285468468,0.05949905285468468,0.017769915983080864,0.01893003284931183,0.020637499168515205,0.018069297075271606,0.02779361605644226,0.04871244728565216,0.06872247904539108,0.3278672695159912
309.0,0.056216563599613995,0.08521335036493838,4.252286798291275,0.056216563599613995,0.056216563599613995,0.017923614010214806,0.018837392330169678,0.020928431302309036,0.01813865266740322,0.029169118031859398,0.053975921124219894,0.08344478905200958,0.4392888844013214
310.0,0.05577181265331232,0.06777484132908285,4.272579899229318,0.05577181265331232,0.05577181265331232,0.01777329295873642,0.018883192911744118,0.02049204520881176,0.018123412504792213,0.028088826686143875,0.05113103985786438,0.0649278312921524,0.3227790892124176
311.0,0.056809962225648075,0.08253634115681052,4.2837175828117555,0.056809962225648075,0.056809962225648075,0.01769849844276905,0.018825871869921684,0.020720213651657104,0.017911607399582863,0.027990853413939476,0.053062353283166885,0.07593529671430588,0.42814603447914124
312.0,0.05606472348937622,0.06803444097749889,4.3226036323596695,0.05606472348937622,0.05606472348937622,0.017855480313301086,0.01895197108387947,0.0204798374325037,0.018226061016321182,0.028195209801197052,0.051364485174417496,0.06439582258462906,0.32480666041374207
313.0,0.055098238616035536,0.08284014207310975,4.361758682741709,0.055098238616035536,0.055098238616035536,0.017644764855504036,0.018689503893256187,0.02061541937291622,0.01782638393342495,0.028031574562191963,0.05269748345017433,0.07638221979141235,0.4308337867259979
314.0,0.05712913664487692,0.07011551852338016,4.329834533306191,0.05712913664487692,0.05712913664487692,0.017492426559329033,0.018478278070688248,0.019974200055003166,0.01782054826617241,0.02753843553364277,0.05132108926773071,0.06303154677152634,0.3452676236629486
315.0,0.05307941038448077,0.082133759977296,4.331177931716028,0.05307941038448077,0.05307941038448077,0.017783118411898613,0.018804684281349182,0.020736129954457283,0.01797359436750412,0.028351081535220146,0.05299845710396767,0.07886859774589539,0.42155441641807556
316.0,0.05536164099780413,0.06490439060144126,4.242529536558327,0.05536164099780413,0.05536164099780413,0.017553785815835,0.018640123307704926,0.019975241273641586,0.0178738534450531,0.027310810983181,0.04993542283773422,0.06372270733118057,0.3042231798171997
317.0,0.05299788813751478,0.08051361492834985,4.200817922278572,0.05299788813751478,0.05299788813751478,0.017651429399847984,0.018648387864232063,0.020456690341234207,0.017827242612838745,0.02781098522245884,0.05201161652803421,0.07533310353755951,0.41436946392059326
318.0,0.05504173126358252,0.06462128483690321,4.316195705780983,0.05504173126358252,0.05504173126358252,0.017775671556591988,0.018910910934209824,0.020259102806448936,0.018135687336325645,0.027900945395231247,0.05101888254284859,0.0654192641377449,0.2975498139858246
319.0,0.05307654936153155,0.08173824101686478,4.259665635286397,0.05307654936153155,0.05307654936153155,0.01763940043747425,0.018613068386912346,0.02038760669529438,0.017804909497499466,0.027620384469628334,0.051457688212394714,0.07392758131027222,0.4264552891254425
320.0,0.057101503014564514,0.0688301979098469,4.351587252117158,0.057101503014564514,0.057101503014564514,0.017706599086523056,0.0187126062810421,0.02019655518233776,0.018062649294734,0.027667472139000893,0.05097324773669243,0.06352026015520096,0.333802193403244
321.0,0.05260980043273706,0.0823215909767896,4.352561219386813,0.05260980043273706,0.05260980043273706,0.017692338675260544,0.018756940960884094,0.020540155470371246,0.017910292372107506,0.027857910841703415,0.05245817080140114,0.07658131420612335,0.42677560448646545
322.0,0.054848951359207816,0.06491149915382266,4.3357807802025015,0.054848951359207816,0.054848951359207816,0.01763671450316906,0.01874568872153759,0.02002393826842308,0.01797519624233246,0.027555469423532486,0.050951287150382996,0.06570902466773987,0.30069467425346375
323.0,0.05279913644951124,0.08174068597145379,4.203848075336191,0.05279913644951124,0.05279913644951124,0.017675915732979774,0.01864062249660492,0.020394576713442802,0.017849786207079887,0.027708224952220917,0.05157170072197914,0.07499148696660995,0.4250931739807129
324.0,0.05557408097844858,0.06696422910317779,4.337391992615104,0.05557408097844858,0.05557408097844858,0.01774592697620392,0.01880844309926033,0.02015860006213188,0.018106279894709587,0.02763012982904911,0.05080234631896019,0.06380530446767807,0.3186568021774292
325.0,0.05287065457266111,0.08175414730794728,4.356978982375962,0.05287065457266111,0.05287065457266111,0.017746269702911377,0.018808478489518166,0.020508181303739548,0.017972558736801147,0.02783423662185669,0.052437152713537216,0.07713576406240463,0.42159053683280945
326.0,0.054175678783884414,0.06579196616075933,4.296321657312178,0.054175678783884414,0.054175678783884414,0.017753347754478455,0.018798833712935448,0.020127711817622185,0.0181136317551136,0.027935167774558067,0.05216863006353378,0.06603016704320908,0.305408239364624
327.0,0.051821078102176,0.07805018872022629,4.1989344399134385,0.051821078102176,0.051821078102176,0.017741871997714043,0.01859194040298462,0.020266877487301826,0.0179057065397501,0.027952125295996666,0.051071859896183014,0.07627478986978531,0.3945963382720947
328.0,0.05241945772789992,0.057977607008069754,4.290168545150183,0.05241945772789992,0.05241945772789992,0.017564943060278893,0.018669603392481804,0.01974673755466938,0.01784771867096424,0.026892684400081635,0.04885617643594742,0.06217021122574806,0.2520727813243866
329.0,0.05376645535803758,0.077356758993119,4.446885253860563,0.05376645535803758,0.05376645535803758,0.017674902454018593,0.01853781007230282,0.020147304981946945,0.017828097566962242,0.02744307555258274,0.05000205338001251,0.07203201949596405,0.3951888084411621
330.0,0.057575735908288225,0.06924354983493686,4.405445182235356,0.057575735908288225,0.057575735908288225,0.017945142462849617,0.018743939697742462,0.02032311074435711,0.018297523260116577,0.028453007340431213,0.0528242401778698,0.06283286958932877,0.3345285654067993
331.0,0.05348828979409658,0.07628994178958237,4.2527334407686475,0.05348828979409658,0.05348828979409658,0.017503783106803894,0.018559018149971962,0.019993430003523827,0.01767815835773945,0.02688637375831604,0.05085425078868866,0.07302138954401016,0.385823130607605
332.0,0.052077835998856105,0.05889993812888861,4.174460260966399,0.052077835998856105,0.052077835998856105,0.01773497462272644,0.018853899091482162,0.019935252144932747,0.01804952882230282,0.0274529829621315,0.05068282410502434,0.06452907621860504,0.2539609670639038
333.0,0.05188145932669823,0.07448502769693732,4.194266627570429,0.05188145932669823,0.05188145932669823,0.017803944647312164,0.018685923889279366,0.020203573629260063,0.01803038828074932,0.02788938768208027,0.0505756177008152,0.07461521029472351,0.3680761754512787
334.0,0.051365260751201555,0.0556661793962121,4.343340410038547,0.051365260751201555,0.051365260751201555,0.017647255212068558,0.018746087327599525,0.0197956170886755,0.0179135724902153,0.026855293661355972,0.049060922116041183,0.0608028881251812,0.23450779914855957
335.0,0.05471970843007931,0.07381428801454604,4.469882650275923,0.05471970843007931,0.05471970843007931,0.017568478360772133,0.018473295494914055,0.01987823285162449,0.01770353876054287,0.02692427672445774,0.04893939197063446,0.06919150054454803,0.3718355894088745
336.0,0.054025149116149314,0.06371980905532837,4.292466467320168,0.054025149116149314,0.054025149116149314,0.017861250787973404,0.01881592534482479,0.020185139030218124,0.018229542300105095,0.028149433434009552,0.052275460213422775,0.06388702243566513,0.2903546988964081
337.0,0.05543843341561464,0.0782135205809027,4.449135827737287,0.05543843341561464,0.05543843341561464,0.017657246440649033,0.01865355297923088,0.020074184983968735,0.01779775321483612,0.027208758518099785,0.05101160705089569,0.07366685569286346,0.39963820576667786
338.0,0.05580670673113603,0.06566053768619895,4.369393116932399,0.05580670673113603,0.05580670673113603,0.01765747182071209,0.018546057865023613,0.019941776990890503,0.01796066015958786,0.02760639414191246,0.05131741240620613,0.06298498064279556,0.3092695474624634
339.0,0.05107210390269756,0.07826688350178301,4.260579130690409,0.05107210390269756,0.05107210390269756,0.017840683460235596,0.018873779103159904,0.020342208445072174,0.018077416345477104,0.02777850441634655,0.051387496292591095,0.07647772878408432,0.39535725116729736
340.0,0.053030115050765186,0.0598743106238544,4.33791821743528,0.053030115050765186,0.053030115050765186,0.017796099185943604,0.018855605274438858,0.01998620666563511,0.0181106124073267,0.027414079755544662,0.050527095794677734,0.06318797916173935,0.2631168067455292
341.0,0.05172003318484013,0.0749292685650289,4.331540154235715,0.05172003318484013,0.05172003318484013,0.01775004342198372,0.01856232061982155,0.020038506016135216,0.017958281561732292,0.027562562376260757,0.049493927508592606,0.07264099270105362,0.3754275143146515
342.0,0.050115449783893734,0.05345331039279699,4.360604785373788,0.050115449783893734,0.050115449783893734,0.017614709213376045,0.018701309338212013,0.019682684913277626,0.01786569505929947,0.026627538725733757,0.04857311025261879,0.061099179089069366,0.21746225655078888
343.0,0.055350226135208055,0.07427229429595172,4.483234462895344,0.055350226135208055,0.055350226135208055,0.01760580576956272,0.018567107617855072,0.019839104264974594,0.01772172376513481,0.026747580617666245,0.04886607825756073,0.06950798630714417,0.37532296776771545
344.0,0.05483097611711575,0.06531025399453938,4.487058087156286,0.05483097611711575,0.05483097611711575,0.017938202247023582,0.018758097663521767,0.0201067253947258,0.018285349011421204,0.02837085910141468,0.05246403068304062,0.06213415414094925,0.30442461371421814
345.0,0.05338370384505162,0.07440647319890559,4.285750411776521,0.05338370384505162,0.05338370384505162,0.017545444890856743,0.018562359735369682,0.019785193726420403,0.017702048644423485,0.0267717856913805,0.05028785020112991,0.07350928336381912,0.37108781933784485
346.0,0.05081289720076781,0.055987920612096786,4.382492763940703,0.05081289720076781,0.05081289720076781,0.017680246382951736,0.018702808767557144,0.019731532782316208,0.017951225861907005,0.02698356844484806,0.0501156784594059,0.06244503706693649,0.23429326713085175
347.0,0.05335928972523946,0.07623331830836833,4.412764288918579,0.05335928972523946,0.05335928972523946,0.017780790105462074,0.018739856779575348,0.02001979947090149,0.017942290753126144,0.02720043435692787,0.04914463311433792,0.07188347727060318,0.3871552646160126
348.0,0.053279972133728176,0.06463280017487705,4.398113825194428,0.053279972133728176,0.053279972133728176,0.017879268154501915,0.018748313188552856,0.02005554549396038,0.018192145973443985,0.028259025886654854,0.05216113105416298,0.06291190534830093,0.2988550662994385
349.0,0.05324370528642948,0.07536583440378308,4.4395962722421265,0.05324370528642948,0.05324370528642948,0.017671914771199226,0.0186166912317276,0.019810039550065994,0.017815187573432922,0.02701791189610958,0.04986881464719772,0.07341670989990234,0.3787094056606293
350.0,0.05033934474564516,0.058032107539474964,4.326492145073692,0.05033934474564516,0.05033934474564516,0.017938505858182907,0.018962649628520012,0.02003026194870472,0.018216503784060478,0.027437666431069374,0.0508362241089344,0.06326615810394287,0.24756889045238495
351.0,0.05286104146104593,0.07645632349886,4.321567522865736,0.05286104146104593,0.05286104146104593,0.017841637134552002,0.018847867846488953,0.0200010035187006,0.017984488978981972,0.026943152770400047,0.04929468780755997,0.07111598551273346,0.389621764421463
352.0,0.05195774281254181,0.06253435648977757,4.394292427003716,0.05195774281254181,0.05195774281254181,0.017930632457137108,0.018865123391151428,0.02004515379667282,0.018211450427770615,0.02788046933710575,0.05110117420554161,0.06262284517288208,0.2836180031299591
353.0,0.05362217156932904,0.07635242328979075,4.430617484337406,0.05362217156932904,0.05362217156932904,0.017690761014819145,0.018578123301267624,0.019775234162807465,0.017834149301052094,0.027125529944896698,0.049444593489170074,0.07365260273218155,0.38671839237213135
354.0,0.050878360867500305,0.06291798618622124,4.357785166753921,0.050878360867500305,0.050878360867500305,0.01786755584180355,0.0188046433031559,0.019909145310521126,0.01810995675623417,0.02766254171729088,0.05094391107559204,0.06273887306451797,0.2873072624206543
355.0,0.05304796263002432,0.0770154888741672,4.378494487453157,0.05304796263002432,0.05304796263002432,0.01791481114923954,0.019005095586180687,0.02003949135541916,0.018083635717630386,0.027050934731960297,0.05020672082901001,0.07358097285032272,0.39024224877357483
356.0,0.05089436328181854,0.06364863086491823,4.389184292550697,0.05089436328181854,0.05089436328181854,0.017948053777217865,0.018853140994906425,0.020032675936818123,0.018194738775491714,0.02818496897816658,0.052109114825725555,0.06377916038036346,0.29008719325065613
357.0,0.05364492292014452,0.07613871712237597,4.513665234046539,0.05364492292014452,0.05364492292014452,0.01766074076294899,0.01860707998275757,0.019694596529006958,0.017765633761882782,0.02666589990258217,0.04926605522632599,0.07136213034391403,0.38808760046958923
358.0,0.05120273779791135,0.06276169675402343,4.368853686692888,0.05120273779791135,0.05120273779791135,0.018204951658844948,0.019175678491592407,0.02035650424659252,0.01847800984978676,0.028211357071995735,0.05146675556898117,0.06292527914047241,0.2832750380039215
359.0,0.05321167796277083,0.07694914075545967,4.427729163070128,0.05321167796277083,0.05321167796277083,0.01781143620610237,0.018790028989315033,0.01988793909549713,0.017997300252318382,0.027217663824558258,0.04982798174023628,0.07414116710424423,0.38991960883140564
360.0,0.05098530807747291,0.06253211945295334,4.400076209518097,0.05098530807747291,0.05098530807747291,0.017627492547035217,0.01844037137925625,0.01953623816370964,0.017801400274038315,0.027501652017235756,0.05108658969402313,0.061892665922641754,0.28637054562568665
361.0,0.05313767306506634,0.07586098252795637,4.513219103834199,0.05313767306506634,0.05313767306506634,0.01788865588605404,0.01889594830572605,0.019896704703569412,0.01804739609360695,0.026985017582774162,0.04916239529848099,0.07199901342391968,0.38401272892951965
362.0,0.05078574055089401,0.059226820012554526,4.450908781969513,0.05078574055089401,0.05078574055089401,0.018316958099603653,0.019322268664836884,0.020403489470481873,0.018565135076642036,0.028017647564411163,0.05106824263930321,0.06182394549250603,0.25629687309265137
363.0,0.054134963223567374,0.07844263152219355,4.494382443334883,0.054134963223567374,0.054134963223567374,0.01763244718313217,0.018436385318636894,0.01965295523405075,0.017746206372976303,0.026882629841566086,0.048423413187265396,0.07150454074144363,0.4072624742984772
364.0,0.053673785323133834,0.05879870825447142,4.464333805036025,0.053673785323133834,0.053673785323133834,0.017716117203235626,0.018581509590148926,0.019565850496292114,0.017860552296042442,0.027220897376537323,0.050286706537008286,0.06292541325092316,0.2562326192855835
365.0,0.05742479015428286,0.08379032253287733,4.59730071011022,0.05742479015428286,0.05742479015428286,0.018655065447092056,0.019497007131576538,0.020663505420088768,0.018805723637342453,0.028551671653985977,0.05071553960442543,0.07986597716808319,0.4335680902004242
366.0,0.058884493433512174,0.0557736367918551,4.559831069486307,0.058884493433512174,0.058884493433512174,0.017826780676841736,0.018757576122879982,0.01962660253047943,0.017942581325769424,0.026950331404805183,0.04964035376906395,0.063838429749012,0.23160643875598907
367.0,0.05863783680475675,0.08576057013124228,4.6210009408279324,0.05863783680475675,0.05863783680475675,0.01767360232770443,0.01835247501730919,0.019652660936117172,0.017645997926592827,0.027261730283498764,0.05055045336484909,0.07651446014642715,0.4584331810474396
368.0,0.06069380661042837,0.07256267755292356,4.615728217935632,0.06069380661042837,0.06069380661042837,0.019152922555804253,0.019936423748731613,0.021349092945456505,0.01946169324219227,0.03149167820811272,0.05686866492033005,0.0764509066939354,0.3357900381088257
369.0,0.06332840569890462,0.08893148857168853,4.702954455286515,0.06332840569890462,0.06332840569890462,0.018349245190620422,0.019317297264933586,0.020380282774567604,0.0182815995067358,0.028042491525411606,0.05210253223776817,0.07715517282485962,0.47782328724861145
370.0,0.06671261013700412,0.08024304802529514,4.674517886364767,0.06671261013700412,0.06671261013700412,0.01956431195139885,0.020507758483290672,0.02214961126446724,0.020008191466331482,0.033339064568281174,0.06137154623866081,0.0883643850684166,0.3766395151615143
371.0,0.07198073600347225,0.09688467718660831,4.765247388803283,0.07198073600347225,0.07198073600347225,0.02012621983885765,0.021372219547629356,0.022591672837734222,0.019794391468167305,0.030828218907117844,0.061929576098918915,0.08696778118610382,0.5114673376083374
372.0,0.09339030029682013,0.13852462521754205,5.110404091873819,0.09339030029682013,0.09339030029682013,0.02693338133394718,0.02847513183951378,0.031232139095664024,0.027614085003733635,0.044694941490888596,0.09117508679628372,0.14401496946811676,0.7140572667121887
373.0,0.08585824559514339,0.06587097444571555,4.925170585265888,0.08585824559514339,0.08585824559514339,0.02459583431482315,0.02635645680129528,0.029347028583288193,0.02492932602763176,0.04162117466330528,0.08554106205701828,0.12518516182899475,0.16939175128936768
374.0,0.08283264906360553,0.18940562987700105,5.021327031327455,0.08283264906360553,0.08283264906360553,0.03484375402331352,0.036414530128240585,0.04058104008436203,0.035300929099321365,0.06319043040275574,0.13520145416259766,0.20648008584976196,0.9632328152656555
375.0,0.08690811779636604,0.061360233929008245,5.0861886345510365,0.08690811779636604,0.08690811779636604,0.024209463968873024,0.026057597249746323,0.02918117679655552,0.024539638310670853,0.04028148204088211,0.0823567807674408,0.1303737610578537,0.13388197124004364
376.0,0.08764591899055701,0.12411405867896974,5.004197903238107,0.08764591899055701,0.08764591899055701,0.022556550800800323,0.023552730679512024,0.02631775662302971,0.0231920275837183,0.03807103633880615,0.07563914358615875,0.11221891641616821,0.6713643074035645
377.0,0.06700257383860074,0.08228524029254913,4.625076735773116,0.06700257383860074,0.06700257383860074,0.01899096369743347,0.020928923040628433,0.023205682635307312,0.019529098644852638,0.03007919155061245,0.055482637137174606,0.0850147008895874,0.40505072474479675
378.0,0.057754083178364314,0.07461173855699599,4.39860008067426,0.057754083178364314,0.057754083178364314,0.017675330862402916,0.018999464809894562,0.020187875255942345,0.018039140850305557,0.028152694925665855,0.05246296897530556,0.06852944195270538,0.3728469908237457
379.0,0.06308124071130386,0.06358730979263783,4.581788761291596,0.06308124071130386,0.06308124071130386,0.0177272018045187,0.019145417958498,0.02037353441119194,0.0179024375975132,0.02710140310227871,0.049482159316539764,0.06935364753007889,0.2876126766204834
380.0,0.047570652256791406,0.06896031531505287,4.247665749502488,0.047570652256791406,0.047570652256791406,0.01808004267513752,0.019787989556789398,0.02139287069439888,0.01858394593000412,0.02836301550269127,0.050341326743364334,0.07457239925861359,0.32056093215942383
381.0,0.054435999920734994,0.06314049451611936,4.28943391935143,0.054435999920734994,0.054435999920734994,0.017871838063001633,0.019501371309161186,0.020641889423131943,0.01825995184481144,0.027834435924887657,0.04903416335582733,0.07190809398889542,0.2800722122192383
382.0,0.04483688837633683,0.06448956369422376,4.174104366623316,0.04483688837633683,0.04483688837633683,0.01756495051085949,0.019117308780550957,0.020404785871505737,0.017970619723200798,0.027327023446559906,0.04790430888533592,0.07047213613986969,0.2951553761959076
383.0,0.04816985373886732,0.09077611495740712,4.219518393385444,0.04816985373886732,0.04816985373886732,0.018373830243945122,0.019601035863161087,0.021277600899338722,0.0186245646327734,0.029476597905158997,0.05315219610929489,0.08688363432884216,0.47881945967674255
384.0,0.051837749779224396,0.06769285281188786,4.264533069617956,0.051837749779224396,0.051837749779224396,0.017941461876034737,0.019391575828194618,0.020479988306760788,0.018286684527993202,0.027564305812120438,0.048854049295186996,0.06429087370634079,0.3247338831424713
385.0,0.05880906046009981,0.0792599932756275,4.374816309481576,0.05880906046009981,0.05880906046009981,0.018189316615462303,0.019664259627461433,0.020887427031993866,0.018418731167912483,0.027585279196500778,0.052259765565395355,0.0758863165974617,0.40118885040283203
386.0,0.04843556766326611,0.06805392052046955,4.321659027329146,0.04843556766326611,0.04843556766326611,0.018635397776961327,0.020024944096803665,0.021317627280950546,0.019087418913841248,0.029231280088424683,0.05218309909105301,0.06663578003644943,0.31731581687927246
387.0,0.05684516206383705,0.07909003994427621,4.4262908416394176,0.05684516206383705,0.05684516206383705,0.017984217032790184,0.019410381093621254,0.02057802677154541,0.018268030136823654,0.027360154315829277,0.05187644436955452,0.07732868194580078,0.39991438388824463
388.0,0.048106241398132764,0.0654567030724138,4.349573493287961,0.048106241398132764,0.048106241398132764,0.01782556064426899,0.019094400107860565,0.020080087706446648,0.018116872757673264,0.02728198654949665,0.04960770159959793,0.06533186137676239,0.306315153837204
389.0,0.05370552293383158,0.07941248407587409,4.483957028332004,0.05370552293383158,0.05370552293383158,0.017882660031318665,0.019173698499798775,0.020384933799505234,0.018154064193367958,0.027447298169136047,0.050713520497083664,0.07548645883798599,0.4060572385787964
390.0,0.05003171614729441,0.06444233725778759,4.357663365543017,0.05003171614729441,0.05003171614729441,0.017897460609674454,0.019088327884674072,0.020165201276540756,0.01817018911242485,0.027429478242993355,0.04947146028280258,0.06255583465099335,0.30076074600219727
391.0,0.052415418796814404,0.07880555954761803,4.353123706086507,0.052415418796814404,0.052415418796814404,0.017859408631920815,0.01911412924528122,0.020290445536375046,0.018144099041819572,0.027644040063023567,0.05111565813422203,0.07758548855781555,0.39869120717048645
392.0,0.048073598685172886,0.06173701444640756,4.313116469349838,0.048073598685172886,0.048073598685172886,0.01770447939634323,0.018848638981580734,0.019795844331383705,0.01791813038289547,0.02683744579553604,0.04881451278924942,0.0638890266418457,0.28008803725242615
393.0,0.05206643875974875,0.07743348926305771,4.394267308790827,0.05206643875974875,0.05206643875974875,0.01785738207399845,0.019141899421811104,0.020150987431406975,0.018096791580319405,0.026980966329574585,0.05048323795199394,0.07509703189134598,0.39165961742401123
394.0,0.04665401606605603,0.05804431322030723,4.311872440238168,0.04665401606605603,0.04665401606605603,0.018076583743095398,0.01938566006720066,0.020298011600971222,0.018321767449378967,0.027378462255001068,0.0485638789832592,0.06507076323032379,0.24725937843322754
395.0,0.05272240377962589,0.0781429554335773,4.327845424705305,0.05272240377962589,0.05272240377962589,0.01783077046275139,0.019051093608140945,0.020024709403514862,0.018031680956482887,0.026966558769345284,0.050044700503349304,0.07449058443307877,0.39870354533195496
396.0,0.047543864124096356,0.06436509150080383,4.312143879154555,0.047543864124096356,0.047543864124096356,0.018084650859236717,0.01923169195652008,0.020219847559928894,0.018277406692504883,0.02821815386414528,0.05115656182169914,0.06845074892044067,0.29128167033195496
397.0,0.057984271158392615,0.08066197345033288,4.606755051115312,0.057984271158392615,0.057984271158392615,0.017868636175990105,0.019053520634770393,0.01993749476969242,0.018005898222327232,0.027234558016061783,0.05097228288650513,0.07677774131298065,0.4154456555843353
398.0,0.05621585479149452,0.07125698029994965,4.397228772171277,0.05621585479149452,0.05621585479149452,0.01801322214305401,0.018869483843445778,0.019976643845438957,0.01815088652074337,0.028394881635904312,0.05113619565963745,0.06659585237503052,0.3489186763763428
399.0,0.04977833823515819,0.07770224590785801,4.470482957212477,0.04977833823515819,0.04977833823515819,0.017719943076372147,0.01897544041275978,0.01993975043296814,0.017898669466376305,0.026483792811632156,0.050716206431388855,0.07535672932863235,0.3945274353027344
400.0,0.0479894270404027,0.09354403731413186,4.377992383032916,0.0479894270404027,0.0479894270404027,0.02034761570394039,0.02145489864051342,0.02317311242222786,0.020787334069609642,0.03345002979040146,0.06138819083571434,0.0950210765004158,0.47273004055023193
401.0,0.049263547676113933,0.083533268654719,4.506471208729668,0.049263547676113933,0.049263547676113933,0.01852862909436226,0.01993391290307045,0.021051252260804176,0.018646003678441048,0.02764543704688549,0.05455230921506882,0.08402621001005173,0.423882395029068
402.0,0.04838384788196821,0.08603506488725543,4.406422300572557,0.04838384788196821,0.04838384788196821,0.019607258960604668,0.020767420530319214,0.022277066484093666,0.020003411918878555,0.03184693679213524,0.05692518129944801,0.09121468663215637,0.4256385564804077
403.0,0.047647881536529615,0.0813942807726562,4.382083085242174,0.047647881536529615,0.047647881536529615,0.018253523856401443,0.019676322117447853,0.020822491496801376,0.018482286483049393,0.027184123173356056,0.05207164213061333,0.07824244350194931,0.41642141342163086
404.0,0.04942276615362901,0.08492691675201058,4.4020296381374076,0.04942276615362901,0.04942276615362901,0.019472822546958923,0.02059406042098999,0.022066833451390266,0.01986147277057171,0.03153735399246216,0.05571785941720009,0.087102010846138,0.42306292057037354
405.0,0.0444623830799873,0.08291569584980607,4.287787211372979,0.0444623830799873,0.0444623830799873,0.01827017031610012,0.01941569894552231,0.020359521731734276,0.018424561247229576,0.028271695598959923,0.05052478238940239,0.07854404300451279,0.4295150935649872
406.0,0.0517095742890468,0.05675358697772026,4.411523126816093,0.0517095742890468,0.0517095742890468,0.01779753528535366,0.01879662461578846,0.019403904676437378,0.017872316762804985,0.026413919404149055,0.04662593454122543,0.05837254226207733,0.24874591827392578
407.0,0.04989404962039911,0.07544796005822718,4.433645849886681,0.04989404962039911,0.04989404962039911,0.01801474392414093,0.01910349354147911,0.01997993513941765,0.01813601329922676,0.027618227526545525,0.048694729804992676,0.07418791204690933,0.37784862518310547
408.0,0.04827808545759091,0.05402018129825592,4.3988714260372035,0.04827808545759091,0.04827808545759091,0.018056921660900116,0.019228052347898483,0.020000942051410675,0.018165748566389084,0.027191732078790665,0.04807987064123154,0.06132068857550621,0.2201174944639206
409.0,0.05201575389275184,0.07621467462740839,4.383082120940738,0.05201575389275184,0.05201575389275184,0.017925582826137543,0.019094029441475868,0.01980985328555107,0.018078502267599106,0.02709784358739853,0.04967006668448448,0.07493418455123901,0.38310733437538147
410.0,0.04780115373432636,0.059553197119385004,4.336662709431831,0.04780115373432636,0.04780115373432636,0.018001144751906395,0.0189502015709877,0.019776983186602592,0.018091805279254913,0.0274655818939209,0.049604952335357666,0.0642661303281784,0.26026877760887146
411.0,0.04993719392671035,0.07776501728221774,4.381209705245867,0.04993719392671035,0.04993719392671035,0.01802481897175312,0.01920095458626747,0.020021706819534302,0.018177885562181473,0.02736302651464939,0.049136534333229065,0.07451466470956802,0.3956805467605591
412.0,0.04705668470034233,0.05561758601106703,4.391853475298886,0.04705668470034233,0.04705668470034233,0.018039798364043236,0.0191760566085577,0.01990645006299019,0.018145136535167694,0.02711404673755169,0.04772843047976494,0.06307105720043182,0.231759712100029
413.0,0.0505976823086922,0.07885149540379643,4.440377854990103,0.0505976823086922,0.0505976823086922,0.01795644871890545,0.019025083631277084,0.01980280689895153,0.01808272860944271,0.027167638763785362,0.04815465956926346,0.07318190485239029,0.4074406921863556
414.0,0.050219894315187745,0.05984148080460727,4.441524358344972,0.050219894315187745,0.050219894315187745,0.018088294193148613,0.019012050703167915,0.01980290375649929,0.0181764904409647,0.027727747336030006,0.04940706863999367,0.06610161811113358,0.2604156732559204
415.0,0.05578009669597332,0.08160168654285371,4.572798395870229,0.05578009669597332,0.05578009669597332,0.017934588715434074,0.01889423280954361,0.019691459834575653,0.017989495769143105,0.02728663571178913,0.05005374923348427,0.07722654938697815,0.4237367808818817
416.0,0.054361970378802374,0.06915578315965831,4.404582489479595,0.054361970378802374,0.054361970378802374,0.0183367021381855,0.01912759430706501,0.02020539902150631,0.01841525360941887,0.02898683212697506,0.05181261897087097,0.07062307745218277,0.325738787651062
417.0,0.048004679525127776,0.0836460804566741,4.385784946844042,0.048004679525127776,0.048004679525127776,0.01851530931890011,0.01940419152379036,0.020531773567199707,0.018610753118991852,0.02864188142120838,0.04952636733651161,0.08188289403915405,0.4320554733276367
418.0,0.05285185288924437,0.06209239084273577,4.465695267992644,0.05285185288924437,0.05285185288924437,0.01792101375758648,0.01872928999364376,0.01944057084619999,0.018004080280661583,0.027011528611183167,0.04710327833890915,0.0618399940431118,0.2866893708705902
419.0,0.04752158975371948,0.08230683370493352,4.431393943776777,0.04752158975371948,0.04752158975371948,0.017904404550790787,0.018856244161725044,0.019701939076185226,0.017974723130464554,0.02733072265982628,0.04981066659092903,0.07711882144212723,0.42975714802742004
420.0,0.049620034746252574,0.058496419340372086,4.335491218835978,0.049620034746252574,0.049620034746252574,0.01805921457707882,0.0190080888569355,0.019855117425322533,0.018191389739513397,0.027512282133102417,0.048918358981609344,0.06641650199890137,0.2500104010105133
421.0,0.04614735208451748,0.07889828132465482,4.357324526045868,0.04614735208451748,0.04614735208451748,0.018414435908198357,0.01937549188733101,0.020297251641750336,0.01852676458656788,0.028169482946395874,0.049716100096702576,0.07898322492837906,0.39770349860191345
422.0,0.04765559288744743,0.05266883643344045,4.39196439781297,0.04765559288744743,0.04765559288744743,0.017957350239157677,0.01899954490363598,0.019684741273522377,0.018092632293701172,0.026589279994368553,0.047078099101781845,0.06239082291722298,0.210558220744133
423.0,0.0486857657535718,0.07723011006601155,4.315055139026829,0.0486857657535718,0.0486857657535718,0.017973361536860466,0.019096769392490387,0.019753357395529747,0.018125426024198532,0.02694658376276493,0.048473916947841644,0.0739203542470932,0.3935511112213135
424.0,0.04608453423357927,0.05594906210899353,4.357282406296886,0.04608453423357927,0.04608453423357927,0.018048269674181938,0.018976328894495964,0.019754379987716675,0.018170028924942017,0.02717861533164978,0.04820801690220833,0.06426464021205902,0.23299221694469452
425.0,0.04930156397704895,0.078195970505476,4.531933949646643,0.04930156397704895,0.04930156397704895,0.017971156165003777,0.018965890631079674,0.019640667364001274,0.018062513321638107,0.02686016447842121,0.047465980052948,0.07123517990112305,0.4053662121295929
426.0,0.0495861848959556,0.06060675089247525,4.4661250689790615,0.0495861848959556,0.0495861848959556,0.01837524026632309,0.019218096509575844,0.02009592205286026,0.018460897728800774,0.028487635776400566,0.05074918642640114,0.06736928224563599,0.2620977461338043
427.0,0.05571648206275243,0.08023126935586333,4.627662991256293,0.05571648206275243,0.05571648206275243,0.017911389470100403,0.018653299659490585,0.019492914900183678,0.01787782832980156,0.027050649747252464,0.049129679799079895,0.0762309804558754,0.4155034124851227
428.0,0.05481733782933308,0.07097402983345091,4.441801434950324,0.05481733782933308,0.05481733782933308,0.01855272799730301,0.01925572194159031,0.020384183153510094,0.01862315461039543,0.02946709282696247,0.05284559354186058,0.0712495893239975,0.3374141752719879
429.0,0.048886413900898054,0.07675978913903236,4.4787855484679095,0.048886413900898054,0.048886413900898054,0.01801752857863903,0.019298281520605087,0.019895263016223907,0.018174519762396812,0.02640198916196823,0.04926096647977829,0.07516171783208847,0.3878680467605591
430.0,0.05066298836698899,0.09551251353695989,4.563770447315977,0.05066298836698899,0.05066298836698899,0.020883100107312202,0.02188820019364357,0.023627931252121925,0.021286897361278534,0.0346798337996006,0.06410478055477142,0.0977557972073555,0.47987356781959534
431.0,0.04750894124691303,0.0602617880795151,4.462845006381925,0.04750894124691303,0.04750894124691303,0.017314638942480087,0.01799141988158226,0.0186119694262743,0.017361031845211983,0.025343218818306923,0.046932075172662735,0.07167961448431015,0.26686033606529236
432.0,0.04992284912329454,0.09409862919710577,4.457063204576688,0.04992284912329454,0.04992284912329454,0.020179355517029762,0.021110866218805313,0.022597648203372955,0.020467959344387054,0.03255932033061981,0.05834714323282242,0.0946744903922081,0.4828522503376007
433.0,0.04634198102240379,0.06682843388989568,4.4566588734325725,0.04634198102240379,0.04634198102240379,0.018764548003673553,0.020029034465551376,0.020576417446136475,0.018849322572350502,0.02775452844798565,0.04860243201255798,0.07160096615552902,0.30845022201538086
434.0,0.04917538853792044,0.07655497803352773,4.491497216112263,0.04917538853792044,0.04917538853792044,0.018423784524202347,0.019329916685819626,0.020342962816357613,0.018574915826320648,0.02835208550095558,0.0511329248547554,0.08106683939695358,0.37521639466285706
435.0,0.0469815182284667,0.06167152361012995,4.435320843728191,0.0469815182284667,0.0469815182284667,0.01752139814198017,0.018150363117456436,0.018663315102458,0.017514821141958237,0.02563699521124363,0.04677174985408783,0.06908421963453293,0.2800293266773224
436.0,0.049590340457283534,0.08584854076616466,4.459927118668256,0.049590340457283534,0.049590340457283534,0.019631914794445038,0.020500125363469124,0.021908942610025406,0.01983315870165825,0.03154371306300163,0.05603396147489548,0.08767586201429367,0.4296606481075287
437.0,0.04973446792707993,0.07825697609223425,4.519580483805753,0.04973446792707993,0.04973446792707993,0.018777843564748764,0.020117783918976784,0.020919503644108772,0.018769189715385437,0.027382800355553627,0.05438745766878128,0.08519241958856583,0.38050881028175354
438.0,0.05438287326922783,0.0935765658505261,4.6199011186798025,0.05438287326922783,0.05438287326922783,0.019947966560721397,0.020865818485617638,0.02258404903113842,0.020292846485972404,0.033059436827898026,0.06123800575733185,0.09424298256635666,0.47638142108917236
439.0,0.047296253677744135,0.08163778856396675,4.517662246892933,0.047296253677744135,0.047296253677744135,0.018045151606202126,0.019266437739133835,0.02007613517343998,0.018128063529729843,0.02671964466571808,0.05261803790926933,0.08443739265203476,0.41381144523620605
440.0,0.0529569317228519,0.10490640951320529,4.638892602243446,0.0529569317228519,0.0529569317228519,0.022039802744984627,0.023039299994707108,0.02498713880777359,0.022399866953492165,0.03676992282271385,0.0689438059926033,0.1068006157875061,0.5342708230018616
441.0,0.05021721253601404,0.0649726518895477,4.402303077582104,0.05021721253601404,0.05021721253601404,0.020407062023878098,0.021875936537981033,0.023858508095145226,0.02081451565027237,0.03162401169538498,0.06250379234552383,0.103700190782547,0.2349971979856491
442.0,0.0669639749595752,0.1278040122706443,4.635427733868818,0.0669639749595752,0.0669639749595752,0.025520477443933487,0.026675377041101456,0.029201127588748932,0.026031052693724632,0.044367168098688126,0.09090198576450348,0.13355326652526855,0.6461816430091858
443.0,0.05750034391306914,0.06928840558975935,4.576452410912629,0.05750034391306914,0.05750034391306914,0.02020644024014473,0.021656472235918045,0.02302236668765545,0.02024969644844532,0.030748125165700912,0.06062677875161171,0.09784737229347229,0.27994999289512634
444.0,0.06330603447097999,0.10277078323997557,4.62583859966055,0.06330603447097999,0.06330603447097999,0.02201448567211628,0.023037903010845184,0.02478112280368805,0.022444777190685272,0.03632686287164688,0.06772711127996445,0.10235978662967682,0.5234742164611816
445.0,0.05321974708483769,0.06949628773145378,4.554147312788874,0.05321974708483769,0.05321974708483769,0.01926719956099987,0.020693574100732803,0.022403908893465996,0.0195147804915905,0.029228398576378822,0.05670224875211716,0.09028597921133041,0.29787421226501465
446.0,0.06072715383309584,0.13037782162427902,4.63233187095701,0.06072715383309584,0.06072715383309584,0.025743886828422546,0.027068186551332474,0.029570741578936577,0.0262626800686121,0.043000396341085434,0.0870651826262474,0.13736341893672943,0.6669480800628662
447.0,0.06540246866643429,0.06560170208103955,4.695192907816997,0.06540246866643429,0.06540246866643429,0.022990772500634193,0.02419082447886467,0.026903165504336357,0.023290107026696205,0.037438783794641495,0.07902120053768158,0.12208711355924606,0.18889164924621582
448.0,0.07817043421360162,0.17174217104911804,4.59498084344799,0.07817043421360162,0.07817043421360162,0.03534932807087898,0.03690054267644882,0.04088589549064636,0.03587168827652931,0.06320260465145111,0.13235785067081451,0.21079950034618378,0.8185699582099915
449.0,0.08151258843449447,0.0767526593990624,4.637462177221787,0.08151258843449447,0.08151258843449447,0.024734260514378548,0.026181232184171677,0.02948766015470028,0.02512533962726593,0.04106193780899048,0.08674128353595734,0.13362008333206177,0.24706947803497314
450.0,0.09291593701793598,0.17938859201967716,4.710260310002974,0.09291593701793598,0.09291593701793598,0.037515830248594284,0.03914017230272293,0.04352115839719772,0.03794703260064125,0.06798098981380463,0.146953746676445,0.23061692714691162,0.8314328789710999
451.0,0.07871124019416478,0.06819546595215797,4.683502742317874,0.07871124019416478,0.07871124019416478,0.02296551503241062,0.02484004944562912,0.02698754519224167,0.023303257301449776,0.036485228687524796,0.07369278371334076,0.1164126992225647,0.22087664902210236
452.0,0.06411944150638121,0.08512548916041851,4.451236299754879,0.06411944150638121,0.06411944150638121,0.019936177879571915,0.021282929927110672,0.022638853639364243,0.020523671060800552,0.03173388913273811,0.055659595876932144,0.08192574977874756,0.4273030459880829
453.0,0.0608957396963468,0.08510551392100751,4.482927339629891,0.0608957396963468,0.0608957396963468,0.01814703829586506,0.019709628075361252,0.021057846024632454,0.018364718183875084,0.027602020651102066,0.05247943475842476,0.0769917368888855,0.44649168848991394
454.0,0.04345680873554487,0.05472747725434601,4.238361563584738,0.04345680873554487,0.04345680873554487,0.017481505870819092,0.018869252875447273,0.019895805045962334,0.01795586571097374,0.027381421998143196,0.0497610978782177,0.0658591240644455,0.22061574459075928
455.0,0.05423822798407995,0.0707487806212157,4.372405259122767,0.05423822798407995,0.05423822798407995,0.01743381656706333,0.01898518018424511,0.020102951675653458,0.017826074734330177,0.026761453598737717,0.047681938856840134,0.07228865474462509,0.3449101746082306
456.0,0.04396970412478997,0.09019873663783073,4.157397510587908,0.04396970412478997,0.04396970412478997,0.01903875172138214,0.02043677121400833,0.02156318910419941,0.019404597580432892,0.03032052330672741,0.05315311253070831,0.08737391233444214,0.47029903531074524
457.0,0.04788003389078837,0.07304641441442072,4.3231991950960325,0.04788003389078837,0.04788003389078837,0.017904212698340416,0.019336296245455742,0.02028791978955269,0.018132664263248444,0.026790326461195946,0.049716006964445114,0.07557770609855652,0.3566261827945709
458.0,0.0436030812561512,0.08514757500961423,4.3417093281757015,0.0436030812561512,0.0436030812561512,0.01854807883501053,0.01969076693058014,0.02081822045147419,0.018847748637199402,0.02960006333887577,0.051905952394008636,0.0832425132393837,0.43852725625038147
459.0,0.04530439239281874,0.07070908229798079,4.296450689585813,0.04530439239281874,0.04530439239281874,0.01807652972638607,0.019508538767695427,0.020517228171229362,0.018327539786696434,0.02688657119870186,0.05012907460331917,0.07709410041570663,0.33513307571411133
460.0,0.04430737475363108,0.08087189053185284,4.30005079155448,0.04430737475363108,0.04430737475363108,0.018741397187113762,0.019940119236707687,0.02086484432220459,0.01909462921321392,0.02966342307627201,0.051345355808734894,0.08155341446399689,0.405771940946579
461.0,0.04595148592041089,0.09822357632219791,4.377346109635518,0.04595148592041089,0.04595148592041089,0.018655534833669662,0.020148541778326035,0.021678386256098747,0.018962537869811058,0.028352774679660797,0.054997269064188004,0.08637712150812149,0.5366164445877075
462.0,0.05047190604874721,0.08297377778217196,4.207305719183359,0.05047190604874721,0.05047190604874721,0.01913790963590145,0.020271889865398407,0.021458150818943977,0.019544577226042747,0.03104150854051113,0.05541730672121048,0.08635612577199936,0.41056275367736816
463.0,0.04746856841330345,0.08307434851303697,4.250417561227109,0.04746856841330345,0.04746856841330345,0.018016289919614792,0.019353214651346207,0.02062665857374668,0.018277980387210846,0.026923874393105507,0.051996417343616486,0.08026553690433502,0.4291348159313202
464.0,0.04675768358776203,0.07608543848618865,4.229894807281053,0.04675768358776203,0.04675768358776203,0.01857338473200798,0.019637327641248703,0.020575040951371193,0.01886165887117386,0.02944617159664631,0.05226869881153107,0.07799826562404633,0.37132295966148376
465.0,0.04877625763989412,0.07941580400802195,4.354690631641501,0.04877625763989412,0.04877625763989412,0.018108798190951347,0.019438257440924644,0.02068154513835907,0.018370864912867546,0.026939719915390015,0.051519788801670074,0.07987978309392929,0.4003876745700836
466.0,0.048602636760244004,0.07945032836869359,4.361957594654114,0.048602636760244004,0.048602636760244004,0.018851030617952347,0.01989530771970749,0.0209223460406065,0.01921246014535427,0.03025585412979126,0.05419186130166054,0.077688068151474,0.3945856988430023
467.0,0.04769265737671118,0.07918611145578325,4.43785515340447,0.04769265737671118,0.04769265737671118,0.017800552770495415,0.019057510420680046,0.02027423493564129,0.01808038167655468,0.026430213823914528,0.04970114305615425,0.07640530914068222,0.40573954582214355
468.0,0.046837204637435764,0.10095211560837924,4.387358137442012,0.046837204637435764,0.046837204637435764,0.020429646596312523,0.021484360098838806,0.023094791918992996,0.020814504474401474,0.033414363861083984,0.062136486172676086,0.10308094322681427,0.5231618285179138
469.0,0.057504840195178986,0.06287190481089056,4.400054784126561,0.057504840195178986,0.057504840195178986,0.018103882670402527,0.01928604207932949,0.0201693307608366,0.018238509073853493,0.026637665927410126,0.04924686253070831,0.07774851471185684,0.27354443073272705
470.0,0.053976198085225545,0.09846812556497753,4.451694706156219,0.053976198085225545,0.053976198085225545,0.02028685063123703,0.021297037601470947,0.022824564948678017,0.020674295723438263,0.03259476274251938,0.05904402211308479,0.09615157544612885,0.5148718953132629
471.0,0.05440391514163751,0.08100103749893606,4.428716019108746,0.05440391514163751,0.05440391514163751,0.017606940120458603,0.0187786053866148,0.020053805783391,0.017792267724871635,0.026567600667476654,0.05108113959431648,0.08122549206018448,0.4149024486541748
472.0,0.0496801775521957,0.10077026300132275,4.443756615891785,0.0496801775521957,0.0496801775521957,0.020247478038072586,0.021089231595396996,0.022884851321578026,0.02052716538310051,0.03324592486023903,0.06218976527452469,0.10055612772703171,0.5254215598106384
473.0,0.0493360750663739,0.06344868033193052,4.27507476392911,0.0493360750663739,0.0493360750663739,0.017819862812757492,0.019072672352194786,0.019910287111997604,0.018101463094353676,0.02632269077003002,0.048560306429862976,0.07618535310029984,0.28161680698394775
474.0,0.04449955087441664,0.09187609003856778,4.295645355006699,0.04449955087441664,0.04449955087441664,0.019718123599886894,0.020900240167975426,0.022016514092683792,0.020151084288954735,0.03122791089117527,0.0549171157181263,0.09216215461492538,0.47391557693481445
475.0,0.04639423953799101,0.05924567999318242,4.356783590309833,0.04639423953799101,0.04639423953799101,0.017723191529512405,0.018967965617775917,0.01965925097465515,0.01800534687936306,0.026038534939289093,0.045775771141052246,0.06858458369970322,0.2592107951641083
476.0,0.04411759614371336,0.08503325469791889,4.164437180255917,0.04411759614371336,0.04411759614371336,0.01915399171411991,0.020205596461892128,0.021445106714963913,0.01957034133374691,0.030771495774388313,0.05519171059131622,0.09125078469514847,0.42267701029777527
477.0,0.043292213374605544,0.05640631983987987,4.211824659141933,0.043292213374605544,0.043292213374605544,0.01774582825601101,0.018959295004606247,0.019827131181955338,0.01801948994398117,0.02599048987030983,0.04675954207777977,0.07197143882513046,0.23197734355926514
478.0,0.045690413421163194,0.08017104957252741,4.191963584923449,0.045690413421163194,0.045690413421163194,0.018835702911019325,0.01995457522571087,0.02094940096139908,0.019228952005505562,0.029573241248726845,0.051679786294698715,0.0845034271478653,0.3966433107852936
479.0,0.04253480569101297,0.056413835380226374,4.2813083156044165,0.04253480569101297,0.04253480569101297,0.017844490706920624,0.01908005028963089,0.01997613161802292,0.018134107813239098,0.026084696874022484,0.04599829763174057,0.06958528608083725,0.23460762202739716
480.0,0.047009322219170056,0.08213041932322085,4.302153319633378,0.047009322219170056,0.047009322219170056,0.019154556095600128,0.020204931497573853,0.021429553627967834,0.01957000605762005,0.030577849596738815,0.05428880453109741,0.08993968367576599,0.4018779695034027
481.0,0.05229500194008534,0.059565708274021745,4.513491161501944,0.05229500194008534,0.05229500194008534,0.017811397090554237,0.018980417400598526,0.0197912510484457,0.018009377643465996,0.02589632198214531,0.04710755869746208,0.07365978509187698,0.2552695572376251
482.0,0.060854640001287826,0.0954602851998061,4.618960808635817,0.060854640001287826,0.060854640001287826,0.020034492015838623,0.020854968577623367,0.02254837192595005,0.020411796867847443,0.03258504346013069,0.059756722301244736,0.09543666243553162,0.4920542240142822
483.0,0.04828351979645399,0.06066773901693523,4.36237003649455,0.04828351979645399,0.04828351979645399,0.016934862360358238,0.01800411008298397,0.018927937373518944,0.017209988087415695,0.025386992841959,0.04590867832303047,0.06983985006809235,0.27312949299812317
484.0,0.04341257822055083,0.08963503735139966,4.234530233857985,0.04341257822055083,0.04341257822055083,0.019158029928803444,0.02013353630900383,0.021428478881716728,0.019595833495259285,0.03035981021821499,0.053490765392780304,0.08913856744766235,0.46377527713775635
485.0,0.04536670990861379,0.06409073015674949,4.355164640362733,0.04536670990861379,0.04536670990861379,0.017728067934513092,0.01892782188951969,0.019814126193523407,0.017949244007468224,0.025886382907629013,0.047392211854457855,0.07456918805837631,0.2904587984085083
486.0,0.04527060845150398,0.08895369549281895,4.303775165119911,0.04527060845150398,0.04527060845150398,0.019329838454723358,0.020215000957250595,0.02166716940701008,0.019715795293450356,0.03100373037159443,0.05550933629274368,0.09174104034900665,0.45244765281677246
487.0,0.045523782762197346,0.06222050730139017,4.328225968378091,0.045523782762197346,0.045523782762197346,0.017521418631076813,0.018730847164988518,0.0195746012032032,0.017824925482273102,0.02556927315890789,0.04504898935556412,0.06948690116405487,0.28400710225105286
488.0,0.04439611790271906,0.08749459497630596,4.35414184347112,0.04439611790271906,0.04439611790271906,0.019208308309316635,0.02023874595761299,0.021385380998253822,0.019669411703944206,0.030338134616613388,0.05313983932137489,0.08814945071935654,0.4478274881839752
489.0,0.04468035970169764,0.06389546860009432,4.4199551558665595,0.04468035970169764,0.04468035970169764,0.017482871189713478,0.018628839403390884,0.019442429766058922,0.017744574695825577,0.025391127914190292,0.044835831969976425,0.07083483785390854,0.29680323600769043
490.0,0.04764793082498587,0.08853117004036903,4.407403780954839,0.04764793082498587,0.04764793082498587,0.019202986732125282,0.020076656714081764,0.021488286554813385,0.01954440027475357,0.03090488538146019,0.05530039221048355,0.09321481734514236,0.44851693511009216
491.0,0.051868589881521,0.06517180264927447,4.479543332375593,0.051868589881521,0.051868589881521,0.017483772709965706,0.018651099875569344,0.019542858004570007,0.017712846398353577,0.025463944301009178,0.0464850515127182,0.07327517122030258,0.30275967717170715
492.0,0.05477291918717898,0.10367240593768656,4.4442245327718455,0.05477291918717898,0.05477291918717898,0.02105236053466797,0.021918803453445435,0.023664945736527443,0.021545153111219406,0.03607848659157753,0.06878414750099182,0.1041659489274025,0.5321694016456604
493.0,0.05532919672819284,0.06459084711968899,4.326557097708871,0.05532919672819284,0.05532919672819284,0.017116175964474678,0.01819031313061714,0.019199881702661514,0.017307769507169724,0.025352763012051582,0.047119297087192535,0.07692897319793701,0.2955116033554077
494.0,0.044504894516789,0.10015689046122134,4.409350574784885,0.044504894516789,0.044504894516789,0.019558429718017578,0.020586851984262466,0.02191132679581642,0.01994350366294384,0.030904553830623627,0.05451783165335655,0.09475826472043991,0.5390743613243103
495.0,0.0485477691086439,0.06341398088261485,4.219856858247686,0.0485477691086439,0.0485477691086439,0.01743183471262455,0.018433328717947006,0.019178379327058792,0.017692605033516884,0.025782320648431778,0.045324865728616714,0.06958402693271637,0.2938844859600067
496.0,0.046180012134405285,0.09079236001707613,4.370552038350824,0.046180012134405285,0.046180012134405285,0.018059417605400085,0.01871851645410061,0.019844602793455124,0.018163857981562614,0.02779191918671131,0.04899594932794571,0.08151400834321976,0.49325060844421387
497.0,0.044209158048033714,0.06786035629920661,4.327195544337875,0.044209158048033714,0.044209158048033714,0.017820127308368683,0.01879151724278927,0.01968773454427719,0.0181474220007658,0.02768268622457981,0.0503881573677063,0.07243745774030685,0.317927747964859
498.0,0.049800590540354066,0.08835602179169655,4.386446824821475,0.049800590540354066,0.049800590540354066,0.017816849052906036,0.018938377499580383,0.019908452406525612,0.01803715154528618,0.026623142883181572,0.051220353692770004,0.08085661381483078,0.4734472334384918
499.0,0.048303041893702284,0.07211859826929867,4.385490731803502,0.048303041893702284,0.048303041893702284,0.018392017111182213,0.019410504028201103,0.0203558336943388,0.018786577507853508,0.028983967378735542,0.05213082581758499,0.07527022063732147,0.34361883997917175
500.0,0.05118672764645173,0.08723853714764118,4.352343221445225,0.05118672764645173,0.05118672764645173,0.017745111137628555,0.018464835360646248,0.019403625279664993,0.01775979809463024,0.02697339653968811,0.04826945811510086,0.07791002094745636,0.4713820517063141
501.0,0.05139763065828727,0.07142221136018634,4.306772645141185,0.05139763065828727,0.05139763065828727,0.01798873580992222,0.018837153911590576,0.019654473289847374,0.018258456140756607,0.028150837868452072,0.05094757303595543,0.07163989543914795,0.3459005653858185
502.0,0.04691179583852108,0.08885600906796753,4.328414788195382,0.04691179583852108,0.04691179583852108,0.018018729984760284,0.018919145688414574,0.01976110227406025,0.018115852028131485,0.02747501991689205,0.04854016751050949,0.07916327565908432,0.4808547794818878
503.0,0.05173541318911772,0.0690916939638555,4.414100127838852,0.05173541318911772,0.05173541318911772,0.01770862378180027,0.018389444798231125,0.01900729350745678,0.017730770632624626,0.026703694835305214,0.04725808650255203,0.06685438007116318,0.3390812575817108
504.0,0.045848849014594004,0.08998361462727189,4.364898690103319,0.045848849014594004,0.045848849014594004,0.01760311983525753,0.018319085240364075,0.01935252919793129,0.01757478155195713,0.026978302747011185,0.0500519685447216,0.08161695301532745,0.48837217688560486
505.0,0.049624441334834464,0.06698947958648205,4.413428630611451,0.049624441334834464,0.049624441334834464,0.018042540177702904,0.019028235226869583,0.019964147359132767,0.018342111259698868,0.027995428070425987,0.04973514378070831,0.07266774028539658,0.3101404905319214
506.0,0.048622615778675445,0.08870189404115081,4.489254254350208,0.048622615778675445,0.048622615778675445,0.018293142318725586,0.019261358305811882,0.019958456978201866,0.018287599086761475,0.027656257152557373,0.049167267978191376,0.07860729098320007,0.47838377952575684
507.0,0.057758962019131735,0.07593800546601415,4.577178892916623,0.057758962019131735,0.057758962019131735,0.01769021712243557,0.018327049911022186,0.019197197631001472,0.017698608338832855,0.027517937123775482,0.050132665783166885,0.07140098512172699,0.38553938269615173
508.0,0.046093166017761596,0.08358737151138484,4.425179577335138,0.046093166017761596,0.046093166017761596,0.01702594757080078,0.018129907548427582,0.019567152485251427,0.017343668267130852,0.02592954970896244,0.049215853214263916,0.07825542986392975,0.443231463432312
509.0,0.05329311223557362,0.0680172429420054,4.524154881508729,0.05329311223557362,0.05329311223557362,0.018447987735271454,0.019392482936382294,0.020272037014365196,0.018838780000805855,0.02872440218925476,0.05139884725213051,0.07181107252836227,0.3152523338794708
510.0,0.052288889741668336,0.07152548455633223,4.548539154613046,0.052288889741668336,0.052288889741668336,0.01780194602906704,0.018864629790186882,0.019438957795500755,0.01791355572640896,0.025929352268576622,0.047321099787950516,0.07261983305215836,0.3523145020008087
511.0,0.055622588126705244,0.07958782161585987,4.566321829070319,0.055622588126705244,0.055622588126705244,0.018240928649902344,0.01909257285296917,0.020184854045510292,0.018583564087748528,0.029966585338115692,0.056000493466854095,0.0777972936630249,0.3968362808227539
512.0,0.050593971919554934,0.07896828721277416,4.486227574449477,0.050593971919554934,0.050593971919554934,0.018559979274868965,0.020077001303434372,0.021904094144701958,0.018889809027314186,0.028057433664798737,0.055555135011672974,0.08993127197027206,0.37877157330513
513.0,0.05611215732418574,0.11158374627120793,4.55989107455287,0.05611215732418574,0.05611215732418574,0.02339034713804722,0.024465413764119148,0.026517746970057487,0.024015773087739944,0.038546886295080185,0.07579027861356735,0.11779215186834335,0.5621513724327087
514.0,0.05725161831539411,0.058504835702478886,4.4831855900230115,0.05725161831539411,0.05725161831539411,0.019075442105531693,0.019901396706700325,0.02151467092335224,0.01904786378145218,0.02990594133734703,0.05953296646475792,0.09856139123439789,0.2004990130662918
515.0,0.059130207277261294,0.12597637809813023,4.5743898212121215,0.059130207277261294,0.059130207277261294,0.02523614652454853,0.026460055261850357,0.028637202456593513,0.02581121027469635,0.04255770146846771,0.08750627189874649,0.13117121160030365,0.6404312252998352
516.0,0.053382693145137564,0.06187190185301006,4.479383378433419,0.053382693145137564,0.053382693145137564,0.018559332937002182,0.02001781575381756,0.0210359338670969,0.01876034028828144,0.026957109570503235,0.05038544535636902,0.07640835642814636,0.26285088062286377
517.0,0.0456800707257711,0.08930559852160513,4.466559414212837,0.0456800707257711,0.0456800707257711,0.019583776593208313,0.02061683125793934,0.021770045161247253,0.020137786865234375,0.03145148977637291,0.057729046791791916,0.08635520190000534,0.4568006098270416
518.0,0.048683271528436586,0.08751982101239264,4.363517965091907,0.048683271528436586,0.048683271528436586,0.018516898155212402,0.019907988607883453,0.021732036024332047,0.01885165087878704,0.02846633642911911,0.0576026514172554,0.09495974332094193,0.44012126326560974
519.0,0.046622613015083164,0.08089639386162162,4.100308000264486,0.046622613015083164,0.046622613015083164,0.01876961439847946,0.019963840022683144,0.020973386242985725,0.01921263337135315,0.029636383056640625,0.05325598269701004,0.08073687553405762,0.4046224355697632
520.0,0.045863043946715504,0.08183166501112282,4.262840449924048,0.045863043946715504,0.045863043946715504,0.018201017752289772,0.019377993419766426,0.020270857959985733,0.018463172018527985,0.028110655024647713,0.04938344657421112,0.0798606276512146,0.42098554968833923
521.0,0.04121428685119519,0.06798461847938597,4.133993271504505,0.04121428685119519,0.04121428685119519,0.01778782345354557,0.018585968762636185,0.01916809007525444,0.01785445585846901,0.026593275368213654,0.046990614384412766,0.06862437725067139,0.32827234268188477
522.0,0.042923664387602076,0.07765165902674198,4.269401978264598,0.042923664387602076,0.042923664387602076,0.01783280447125435,0.01896044984459877,0.019760174676775932,0.018048223108053207,0.026317106559872627,0.04984888806939125,0.07752915471792221,0.3929164707660675
