epoch,train_loss,val_window_mae_kwh,grad_norm,l_state,w_state,loss,l_window,w_window,val_mae_soc_event_0.1,val_mae_soc_event_0.2,val_mae_soc_event_0.5,val_mae_time_60s,val_mae_time_120s,val_mae_time_300s,val_mae_time_600s,val_mae_full_trip
0.0,2.2318342740719137,0.2255408987402916,5.910461614600915,19.45869332093459,1.945869332093459,2.2318342740719137,0.28596489933820873,0.28596489933820873,0.02592533640563488,0.026282986626029015,0.03099430724978447,0.022233542054891586,0.04239236190915108,0.09707777202129364,0.15806621313095093,1.4013546705245972
1.0,2.010281970867744,0.2211504727602005,5.81572429870575,19.20187785075261,1.9201877850752607,2.010281970867744,0.09009414366804637,0.09009414366804637,0.024885646998882294,0.025400735437870026,0.02913598157465458,0.02176700346171856,0.04132843017578125,0.09319441765546799,0.15762431919574738,1.375867247581482
2.0,1.9243573592259333,0.17314434773288667,5.929248097833531,18.39260350740873,1.8392603507408731,1.9243573592259333,0.08509698911355092,0.08509698911355092,0.02167913131415844,0.02192123606801033,0.02552017569541931,0.01884794607758522,0.03427787870168686,0.0780666172504425,0.129261776804924,1.0555800199508667
3.0,1.7815291835711553,0.1342812639195472,5.859568075975631,16.932765300457294,1.6932765300457293,1.7815291835711553,0.08825263180411778,0.08825263180411778,0.020258700475096703,0.021113326773047447,0.023468725383281708,0.019297653809189796,0.03400150313973427,0.0739312469959259,0.10955684632062912,0.7726221084594727
4.0,1.686141325877263,0.19316924992017448,6.883950346250618,15.873763451209435,1.587376345120944,1.686141325877263,0.09876492619514465,0.09876492619514465,0.022314496338367462,0.022752633318305016,0.026012428104877472,0.01925617828965187,0.036057550460100174,0.07938844710588455,0.13541372120380402,1.2041585445404053
5.0,1.5963209133881788,0.10294358618557453,5.717178575483103,15.129085724170391,1.5129085724170392,1.5963209133881788,0.08341235438218483,0.08341235438218483,0.019102485850453377,0.01974238082766533,0.021086981520056725,0.018664859235286713,0.029835466295480728,0.06293673813343048,0.09244024753570557,0.5597395300865173
6.0,1.5535539113558257,0.35901712789200246,7.138043966281064,14.50508425785945,1.4505084257859455,1.5535539113558257,0.10304545725767429,0.10304545725767429,0.030892230570316315,0.03238968551158905,0.037384677678346634,0.026861773803830147,0.05477599799633026,0.13656455278396606,0.2643803656101227,2.2888877391815186
7.0,1.5539914002785316,0.08722224459052086,8.037436123002333,13.789332133073072,1.3789332133073076,1.5539914002785316,0.17505816656809586,0.17505816656809586,0.01924990676343441,0.019668322056531906,0.02250748500227928,0.018435372039675713,0.031551044434309006,0.06662023812532425,0.10088598728179932,0.418859601020813
8.0,1.4142233041616588,0.26992462994530797,7.608056763629438,13.19214681478647,1.319214681478647,1.4142233041616588,0.09500860365537497,0.09500860365537497,0.025576623156666756,0.027037808671593666,0.03077966347336769,0.022662244737148285,0.04337000474333763,0.10665073990821838,0.19881153106689453,1.7045084238052368
9.0,1.3760494314707243,0.1615827342029661,7.9423123991814455,12.751564099238468,1.275156409923847,1.3760494314707243,0.10089300888089034,0.10089300888089034,0.021029295399785042,0.021469619125127792,0.024531178176403046,0.018333986401557922,0.03307507932186127,0.07292664796113968,0.11740618944168091,0.9838898777961731
10.0,1.3243563679548411,0.16105807363055646,7.852074172414832,12.427546537839449,1.2427546537839451,1.3243563679548411,0.08160169938435921,0.08160169938435921,0.020631983876228333,0.02132103405892849,0.024270154535770416,0.017857402563095093,0.031945981085300446,0.07172803580760956,0.11835630983114243,0.982353687286377
11.0,1.3053291394160345,0.35761940968222916,8.379326453780847,12.169606098761925,1.2169606098761927,1.3053291394160345,0.0883685124035065,0.0883685124035065,0.03150508925318718,0.03264923021197319,0.03784818947315216,0.03099893219769001,0.0573236346244812,0.13679121434688568,0.2516632080078125,2.2821757793426514
12.0,1.3818857417656825,0.5517704230733216,9.211816399099332,11.962289773500883,1.1962289773500883,1.3818857417656825,0.18565675558952185,0.18565675558952185,0.04575905203819275,0.0483187735080719,0.05584050342440605,0.04030493646860123,0.08325907588005066,0.2149946540594101,0.43162205815315247,3.4940643310546875
13.0,1.3931957208193266,0.07756446534767747,8.393811348815749,11.711249663279606,1.1711249663279608,1.3931957208193266,0.2220707441178652,0.2220707441178652,0.019258491694927216,0.01976015791296959,0.022539490833878517,0.018389111384749413,0.03158640116453171,0.06559485197067261,0.09912235289812088,0.3442648649215698
14.0,1.2284795091702387,0.13706101151183248,7.118598129722236,11.455161809921265,1.1455161809921266,1.2284795091702387,0.082963316486432,0.082963316486432,0.019752060994505882,0.020111046731472015,0.023195436224341393,0.01751522161066532,0.031209265813231468,0.06835145503282547,0.11287566274404526,0.803477942943573
15.0,1.200150409570107,0.14684495865367353,6.725983520338516,11.267688677861141,1.126768867786114,1.200150409570107,0.07338150332753475,0.07338150332753475,0.022374078631401062,0.022997835651040077,0.02503802627325058,0.021576065570116043,0.0375586599111557,0.08059024065732956,0.1335551142692566,0.8310696482658386
16.0,1.2216936189394731,0.41259148879908025,7.695629749887157,10.980083318857046,1.0980083318857048,1.2216936189394731,0.12368525822575276,0.12368525822575276,0.03468909487128258,0.0365229956805706,0.04234350100159645,0.030366642400622368,0.06210995092988014,0.15845991671085358,0.3147786557674408,2.6214611530303955
17.0,1.2343500141914074,0.09185076993890107,7.280193565361562,10.58989484493549,1.0589894844935492,1.2343500141914074,0.17536049278882834,0.17536049278882834,0.019204093143343925,0.01953391171991825,0.022246794775128365,0.017783936113119125,0.030513208359479904,0.06409582495689392,0.1019563302397728,0.45947206020355225
18.0,1.1034513253432054,0.09838932822458446,6.557135882700583,10.275781759848961,1.0275781759848963,1.1034513253432054,0.075873134801021,0.075873134801021,0.019445985555648804,0.01973036862909794,0.02268991246819496,0.0179213285446167,0.031523413956165314,0.06593190878629684,0.10723855346441269,0.5026331543922424
19.0,1.0726674497127533,0.15691627585329115,6.501237605318481,10.009856425798857,1.0009856425798858,1.0726674497127533,0.0716817886210405,0.0716817886210405,0.019485048949718475,0.020173702389001846,0.023114493116736412,0.017559444531798363,0.03095836378633976,0.07132917642593384,0.1229315996170044,0.9497783780097961
20.0,1.0388093040539668,0.08090207958593965,6.657613226110158,9.652710657853346,0.9652710657853347,1.0388093040539668,0.07353823116192451,0.07353823116192451,0.018391286954283714,0.018931807950139046,0.02070772834122181,0.017635740339756012,0.02963225729763508,0.06296072900295258,0.09135210514068604,0.3876049816608429
21.0,1.005316172654812,0.42211757809855044,6.81626431347727,9.264707748706524,0.9264707748706525,1.005316172654812,0.07884537528913754,0.07884537528913754,0.03531311824917793,0.03722698241472244,0.04321242868900299,0.030920138582587242,0.06313174962997437,0.16095180809497833,0.3199520707130432,2.686232328414917
22.0,1.0703172133519099,0.17995676584541798,6.871611246045243,8.944172125596266,0.8944172125596268,1.0703172133519099,0.17589997930022386,0.17589997930022386,0.02127903699874878,0.022175399586558342,0.02523987740278244,0.018638158217072487,0.03383004665374756,0.07681109011173248,0.1334374099969864,1.1082431077957153
23.0,0.9427459560907804,0.11487108934670687,6.384218763129526,8.72062530884376,0.8720625308843759,0.9427459560907804,0.0706833962064523,0.0706833962064523,0.01948864944279194,0.019831335172057152,0.021490612998604774,0.01878437027335167,0.03109869547188282,0.064875528216362,0.10166939347982407,0.6417301297187805
24.0,0.9178502605511591,0.2190814008936286,6.7028392698108945,8.177149094068087,0.8177149094068088,0.9178502605511591,0.10013534931036142,0.10013534931036142,0.02248477004468441,0.023247266188263893,0.026784636080265045,0.019828680902719498,0.0366220586001873,0.08710488677024841,0.15829350054264069,1.3782854080200195
25.0,0.8763117836071894,0.08759464928880334,6.29954952020427,7.8399697083693285,0.7839969708369328,0.8763117836071894,0.09231480726828942,0.09231480726828942,0.019742686301469803,0.020269470289349556,0.022061973810195923,0.01883123256266117,0.03214122727513313,0.06707001477479935,0.10182810574769974,0.41881248354911804
26.0,0.8970164014742925,0.2995601745788008,6.907457061279408,7.981852164635291,0.7981852164635292,0.8970164014742925,0.09883116644162399,0.09883116644162399,0.026883643120527267,0.028280895203351974,0.03260958939790726,0.023892780765891075,0.04630986973643303,0.11542592942714691,0.22403620183467865,1.8990424871444702
27.0,0.8459221216348501,0.12162132654339075,6.332908473873208,7.255711757219755,0.7255711757219754,0.8459221216348501,0.12035093141289857,0.12035093141289857,0.019264014437794685,0.02010265924036503,0.0228856410831213,0.01772308349609375,0.031099198386073112,0.06839509308338165,0.11252280324697495,0.6809781193733215
28.0,0.7640895339158865,0.07741036522202194,6.201645733511934,6.90293840261606,0.6902938402616061,0.7640895339158865,0.07379568511476883,0.07379568511476883,0.0169509444385767,0.017592903226614,0.019500352442264557,0.016600457951426506,0.026861803606152534,0.05541224777698517,0.08490828424692154,0.3814559280872345
29.0,0.8081203401088715,0.21836026688106358,6.490578157879278,7.377738182361309,0.737773818236131,0.8081203401088715,0.07034650230063842,0.07034650230063842,0.022391952574253082,0.02366246096789837,0.02699098363518715,0.019814591854810715,0.03618241474032402,0.08674214035272598,0.16157156229019165,1.3695260286331177
30.0,0.7029658601834223,0.12014111480675638,5.942285804251184,6.152825593948364,0.6152825593948366,0.7029658601834223,0.08768328393881138,0.08768328393881138,0.02098887227475643,0.02152669057250023,0.022950615733861923,0.01993667706847191,0.034331757575273514,0.07128561288118362,0.11179368942975998,0.6583150029182434
31.0,0.692278252198146,0.23360685422085226,6.302652127076972,5.812085921947773,0.5812085921947772,0.692278252198146,0.11106964831168835,0.11106964831168835,0.02303321473300457,0.024024343118071556,0.0275837704539299,0.020212391391396523,0.03765552490949631,0.08929562568664551,0.16523021459579468,1.481819748878479
32.0,0.6691854894161224,0.1292735398747027,6.19775525036738,5.668339729309082,0.5668339729309082,0.6691854894161224,0.10235151705833581,0.10235151705833581,0.019102279096841812,0.02002645656466484,0.02242528833448887,0.017712196335196495,0.030985813587903976,0.06696615368127823,0.1055457592010498,0.7514243721961975
33.0,0.5843743062936343,0.1632526086177677,5.846875554486281,5.125303882818955,0.5125303882818957,0.5843743062936343,0.0718439040848842,0.0718439040848842,0.01958155259490013,0.02064182423055172,0.023374255746603012,0.0180656760931015,0.0317077562212944,0.07071984559297562,0.1256781965494156,0.9962517619132996
34.0,0.5664118849314176,0.05894260900095105,5.845527921556505,4.824581650587229,0.4824581650587229,0.5664118849314176,0.08395371328179653,0.08395371328179653,0.0173049233853817,0.0179444532841444,0.019520696252584457,0.016490403562784195,0.027100780978798866,0.05516239255666733,0.08260450512170792,0.23541271686553955
35.0,0.5278225609889398,0.22942782239988446,5.895565664865701,4.570990718328035,0.45709907183280357,0.5278225609889398,0.07072347975694217,0.07072347975694217,0.022883865982294083,0.024217812344431877,0.027621181681752205,0.020386546850204468,0.037343911826610565,0.08934994786977768,0.1681346744298935,1.4454846382141113
36.0,0.525751626262298,0.09582418482750654,5.7906124515954565,4.381608137717614,0.43816081377176136,0.525751626262298,0.08759081134429345,0.08759081134429345,0.01787782646715641,0.018748415634036064,0.02089870348572731,0.01674381084740162,0.028282439336180687,0.05912918969988823,0.09337017685174942,0.5115429162979126
37.0,0.4711660903233748,0.08437581663019955,5.586756898993499,4.079389755542461,0.4079389755542461,0.4711660903233748,0.06322711261992271,0.06322711261992271,0.018908189609646797,0.01899021863937378,0.02033356763422489,0.01789778843522072,0.028998563066124916,0.05747566372156143,0.08412764221429825,0.42827489972114563
38.0,0.47219541439643276,0.2255971236154437,5.7436906619412404,3.9277276626000037,0.39277276626000035,0.47219541439643276,0.07942263094278482,0.07942263094278482,0.022778866812586784,0.024208052083849907,0.027621934190392494,0.020614197477698326,0.037204671651124954,0.08895612508058548,0.16747860610485077,1.415914535522461
39.0,0.459284958931116,0.11628088960424066,5.676543016594015,3.706895874096797,0.37068958740967967,0.459284958931116,0.08859536366967055,0.08859536366967055,0.01901518739759922,0.02002672478556633,0.02222534455358982,0.017535259947180748,0.030187463387846947,0.06394525617361069,0.10676801204681396,0.6505438685417175
40.0,0.42774367332458496,0.07154529565013945,5.402211717033614,3.6388506339146542,0.3638850633914654,0.42774367332458496,0.06385859675132312,0.06385859675132312,0.018842998892068863,0.019001705572009087,0.020266443490982056,0.01779148168861866,0.029005875810980797,0.0568031370639801,0.08425530046224594,0.3263954222202301
41.0,0.4178492564421434,0.22185034304857254,5.838818733945116,3.428193110686082,0.34281931106860825,0.4178492564421434,0.07502994428460415,0.07502994428460415,0.02249862067401409,0.02392597123980522,0.027320582419633865,0.020392125472426414,0.03665469214320183,0.08729642629623413,0.1636601984500885,1.3930541276931763
42.0,0.42889696245010084,0.10649429145269096,5.44363625196899,3.4063946283780613,0.34063946283780616,0.42889696245010084,0.08825750190478104,0.08825750190478104,0.018660083413124084,0.019696727395057678,0.021645676344633102,0.017396925017237663,0.02953745797276497,0.061193376779556274,0.09908124059438705,0.5847428441047668
43.0,0.38466606461084807,0.0772278280928731,5.410964852667046,3.2267852746523342,0.3226785274652334,0.38466606461084807,0.06198752757448416,0.06198752757448416,0.01911475881934166,0.019185611978173256,0.020490817725658417,0.018056023865938187,0.029280418530106544,0.057062748819589615,0.08451073616743088,0.3701215088367462
44.0,0.4008993059396744,0.2082854495383799,5.627645371659909,3.2606472327159,0.32606472327159,0.4008993059396744,0.07483458175108983,0.07483458175108983,0.021698813885450363,0.02306465245783329,0.026359284296631813,0.019696921110153198,0.035164590924978256,0.08246775716543198,0.1518988162279129,1.3059327602386475
45.0,0.40051059883374435,0.10460463678464293,5.475366899619851,3.136638540488023,0.3136638540488023,0.40051059883374435,0.08684673103002402,0.08684673103002402,0.0187569260597229,0.019849469885230064,0.021686173975467682,0.017494739964604378,0.02959975227713585,0.06082667410373688,0.0982578694820404,0.5703654885292053
46.0,0.3775518307319054,0.0777789275161922,5.261271095579739,3.166093487005967,0.31660934870059676,0.3775518307319054,0.060942478477954865,0.060942478477954865,0.019146164879202843,0.01923539489507675,0.02048441395163536,0.01809007301926613,0.029274800792336464,0.05664687231183052,0.08309368789196014,0.37626001238822937
47.0,0.3798678276630548,0.2057419614866376,5.736533855232717,3.057676517046415,0.3057676517046415,0.3798678276630548,0.07410017429636075,0.07410017429636075,0.02163233608007431,0.02300853095948696,0.026292169466614723,0.019597042351961136,0.03489864990115166,0.08161145448684692,0.1495942324399948,1.2893012762069702
48.0,0.40000114188744473,0.09845626261085272,5.453245039349186,3.142967361670274,0.3142967361670274,0.40000114188744473,0.08570439769671513,0.08570439769671513,0.01868125982582569,0.019816117361187935,0.021464642137289047,0.01748632825911045,0.02948816679418087,0.05977194756269455,0.09508156776428223,0.525860071182251
49.0,0.361236639893972,0.08115761424414814,5.345878316357142,3.015966745523306,0.30159667455233063,0.361236639893972,0.059639956515568956,0.059639956515568956,0.01955549605190754,0.0196221973747015,0.02091134898364544,0.018414076417684555,0.029876768589019775,0.05735142156481743,0.08597735315561295,0.3975522518157959
50.0,0.38193274346681744,0.1948648588731885,5.651136480940696,3.0807101268034716,0.30807101268034714,0.38193274346681744,0.07386172132996413,0.07386172132996413,0.021125735715031624,0.022526007145643234,0.025609705597162247,0.019248155876994133,0.033943526446819305,0.07821419835090637,0.1425609290599823,1.2156906127929688
51.0,0.3799316413127459,0.09309794148430228,5.369217833580022,2.9516502893888035,0.2951650289388804,0.3799316413127459,0.08476661174343182,0.08476661174343182,0.018611665815114975,0.019800780341029167,0.02128395438194275,0.01750040426850319,0.029419658705592155,0.058579035103321075,0.09190211445093155,0.4876859188079834
52.0,0.35924470310027784,0.08435021131299436,5.384459076469826,3.0004343528013964,0.3000434352801396,0.35924470310027784,0.059201264897218116,0.059201264897218116,0.01947445049881935,0.019558126106858253,0.020841658115386963,0.018372517079114914,0.029728852212429047,0.05671190097928047,0.08347060531377792,0.42664358019828796
53.0,0.3612352025050383,0.1884692187886685,5.534907305693888,2.8739219032801113,0.28739219032801117,0.3612352025050383,0.07384301234896366,0.07384301234896366,0.020889118313789368,0.02235286310315132,0.025307970121502876,0.01912083476781845,0.033506929874420166,0.07630912214517593,0.1391645073890686,1.1711024045944214
54.0,0.3663744548192391,0.0807106418069452,5.600602288609071,2.822237308208759,0.2822237308208759,0.3663744548192391,0.08415072210706197,0.08415072210706197,0.018335044384002686,0.019476182758808136,0.020680753514170647,0.017403239384293556,0.02900187484920025,0.055940352380275726,0.08406960219144821,0.4007780849933624
55.0,0.36385650588915897,0.06521223136223853,5.401177524376284,3.0674375479037943,0.30674375479037946,0.36385650588915897,0.0571127485197324,0.0571127485197324,0.019293487071990967,0.01977778784930706,0.020757319405674934,0.018174802884459496,0.02964944764971733,0.055945537984371185,0.08089099079370499,0.27720847725868225
56.0,0.35237778150118315,0.25107645499520004,5.554164251264864,2.8181921197817874,0.2818192119781788,0.35237778150118315,0.07055855685701737,0.07055855685701737,0.023778371512889862,0.02505907416343689,0.02893262915313244,0.0212535597383976,0.039995092898607254,0.09719230979681015,0.18365822732448578,1.5887423753738403
57.0,0.3958620073703619,0.11450904957018793,5.698089453430182,2.7810280323028564,0.2781028032302857,0.3958620073703619,0.11775920110253188,0.11775920110253188,0.018763819709420204,0.02002064883708954,0.021764811128377914,0.0174698643386364,0.029259633272886276,0.05960474908351898,0.09693095088005066,0.6522579193115234
58.0,0.357100805410972,0.10716011235490441,5.524048107136529,2.998109826674828,0.2998109826674828,0.357100805410972,0.05728981901819889,0.05728981901819889,0.019822735339403152,0.020277464762330055,0.021478958427906036,0.018850263208150864,0.029915520921349525,0.05737951397895813,0.08815028518438339,0.6014061570167542
59.0,0.3647304979654459,0.16336191608570516,5.532448189456149,2.761889787820669,0.27618897878206694,0.3647304979654459,0.0885415137387239,0.0885415137387239,0.01961865834891796,0.02098366618156433,0.023392120376229286,0.017941752448678017,0.031246397644281387,0.06924652308225632,0.12452158331871033,0.9999446272850037
60.0,0.35268865754971135,0.09309864812530577,5.480112376526255,2.72345448915775,0.272345448915775,0.35268865754971135,0.08034320920705795,0.08034320920705795,0.0208129920065403,0.021407848224043846,0.02222890965640545,0.019300201907753944,0.03264477849006653,0.06336835026741028,0.09630423784255981,0.468721866607666
61.0,0.380917659172645,0.19601296028122306,5.929005870336691,2.905271429281968,0.29052714292819687,0.380917659172645,0.0903905094243013,0.0903905094243013,0.02098344825208187,0.022259259596467018,0.025348655879497528,0.018809914588928223,0.033753398805856705,0.07688267529010773,0.14112190902233124,1.2289444208145142
62.0,0.3651415396195192,0.11815798562020063,5.313760009576965,2.750428782059596,0.27504287820595963,0.3651415396195192,0.0900986515558683,0.0900986515558683,0.019637899473309517,0.020798034965991974,0.021978791803121567,0.01820572465658188,0.03103642351925373,0.06105201691389084,0.0986432433128357,0.6739117503166199
63.0,0.335107955795068,0.11444062786176801,5.505423932718388,2.672833731541267,0.2672833731541267,0.335107955795068,0.06782457805596866,0.06782457805596866,0.018647991120815277,0.019852178171277046,0.021274467930197716,0.017988089472055435,0.0304098017513752,0.06248689815402031,0.10607701539993286,0.6387885808944702
64.0,0.35883512519873106,0.09799094148911536,5.694245166402,2.843040998165424,0.2843040998165424,0.35883512519873106,0.07453102217270778,0.07453102217270778,0.018559889867901802,0.019526034593582153,0.02095472440123558,0.017120396718382835,0.028789779171347618,0.057037606835365295,0.08582112938165665,0.5361179709434509
65.0,0.33356545636287105,0.14724181755445898,5.185375759643145,2.713676237143003,0.27136762371430034,0.33356545636287105,0.06219782823553452,0.06219782823553452,0.01916121132671833,0.020509127527475357,0.02252921462059021,0.01790645532310009,0.030881443992257118,0.06712572276592255,0.11793649196624756,0.8818848729133606
66.0,0.33853264496876645,0.12414785381406546,5.494886860207624,2.6352830666762133,0.26352830666762134,0.33853264496876645,0.07500433305708262,0.07500433305708262,0.02116190642118454,0.02111612819135189,0.02265104651451111,0.01970748044550419,0.032102227210998535,0.06270197033882141,0.10420951247215271,0.7095325589179993
67.0,0.3829331329235664,0.16268344363197684,5.9744006103856435,2.8273972181173472,0.28273972181173473,0.3829331329235664,0.10019340910590611,0.10019340910590611,0.019639354199171066,0.02068932168185711,0.02346479333937168,0.017969362437725067,0.031705841422080994,0.07197998464107513,0.12604910135269165,0.989969789981842
68.0,0.3515231850055548,0.06334150186739862,5.357909125599923,2.695200562477112,0.26952005624771125,0.3515231850055548,0.0820031243448074,0.0820031243448074,0.018532907590270042,0.019480979070067406,0.020252583548426628,0.01752552203834057,0.02861819975078106,0.05346977710723877,0.07758358865976334,0.27126845717430115
69.0,0.3322967692063405,0.17321518762037158,5.493650082936586,2.610506717975323,0.26105067179753233,0.3322967692063405,0.07124609586137992,0.07124609586137992,0.020913852378726006,0.02240094356238842,0.025207526981830597,0.019127242267131805,0.03327614814043045,0.07391820102930069,0.13089492917060852,1.0599826574325562
70.0,0.3522520111157344,0.0857881831470877,5.407917945885786,2.771406366274907,0.2771406366274908,0.3522520111157344,0.07511137110682634,0.07511137110682634,0.01870708540081978,0.019732993096113205,0.020938895642757416,0.0174705907702446,0.02917487360537052,0.05576738715171814,0.08343536406755447,0.4410782754421234
71.0,0.33014463690611034,0.19680804782547057,5.1875260921443775,2.6945636730927687,0.2694563673092769,0.33014463690611034,0.0606882655276702,0.0606882655276702,0.02139279991388321,0.022848717868328094,0.025963330641388893,0.019340302795171738,0.03421471640467644,0.07840676605701447,0.14371643960475922,1.2285813093185425
72.0,0.34136952689060795,0.09022731403820217,5.482229685477939,2.611390700707069,0.2611390700707069,0.34136952689060795,0.08023045326654728,0.08023045326654728,0.018581602722406387,0.019645489752292633,0.021027257665991783,0.017300302162766457,0.028870241716504097,0.05637838691473007,0.08587241172790527,0.47414281964302063
73.0,0.33146418172579545,0.12445452040992677,5.505915154024155,2.710749947107755,0.2710749947107756,0.33146418172579545,0.06038918690039562,0.06038918690039562,0.01938178390264511,0.020459448918700218,0.022377070039510727,0.01740443706512451,0.02971578761935234,0.0629161149263382,0.09978923946619034,0.7235922813415527
74.0,0.326185031579091,0.06153227272443473,5.193336194056792,2.6471630885050845,0.26471630885050856,0.326185031579091,0.06146871054974886,0.06146871054974886,0.018591752275824547,0.01922398991882801,0.020122915506362915,0.01775910146534443,0.028653603047132492,0.053049467504024506,0.07572755962610245,0.2591297924518585
75.0,0.32327378254670364,0.14258075528778136,5.537764885947317,2.5885219482275157,0.25885219482275157,0.32327378254670364,0.0644215763761447,0.0644215763761447,0.019708720967173576,0.021014690399169922,0.023116199299693108,0.01781214401125908,0.030624354258179665,0.06538400053977966,0.112143874168396,0.8508420586585999
76.0,0.3284520678795301,0.07212113053537905,5.310005643243168,2.613495171070099,0.26134951710700993,0.3284520678795301,0.06710254229032077,0.06710254229032077,0.01923551969230175,0.019851861521601677,0.020720582455396652,0.017971742898225784,0.02959536947309971,0.056305233389139175,0.08092772215604782,0.33236101269721985
77.0,0.33934436509242427,0.1571073504164815,5.595053970124136,2.640674352645874,0.2640674352645874,0.33934436509242427,0.07527692816578425,0.07527692816578425,0.019610535353422165,0.020937111228704453,0.023333091288805008,0.017782840877771378,0.030978292226791382,0.06756527721881866,0.11838492006063461,0.9582667350769043
78.0,0.33019104026831114,0.06078646285459399,5.49689727578051,2.5639798182707567,0.25639798182707574,0.33019104026831114,0.0737930521942102,0.0737930521942102,0.01819000206887722,0.01895139552652836,0.020188109949231148,0.01709495671093464,0.028129998594522476,0.05356603488326073,0.07450494915246964,0.25566625595092773
79.0,0.3180585503578186,0.06891212682239711,5.492592277355055,2.571034495647137,0.2571034495647137,0.3180585503578186,0.060955095749634966,0.060955095749634966,0.01862342841923237,0.019462479278445244,0.020549651235342026,0.017785415053367615,0.029359159991145134,0.055432695895433426,0.08345047384500504,0.30663371086120605
80.0,0.3180289211181494,0.13204032112844288,5.443090743461901,2.546846032142639,0.25468460321426395,0.3180289211181494,0.06334431498096539,0.06334431498096539,0.019812215119600296,0.02083512954413891,0.02256450057029724,0.017862586304545403,0.030864009633660316,0.06416454911231995,0.10244983434677124,0.7777697443962097
81.0,0.31736732675479007,0.16739322408102453,5.408190263653561,2.4742970008116503,0.247429700081165,0.31736732675479007,0.06993762260446182,0.06993762260446182,0.020075634121894836,0.021561654284596443,0.02367577888071537,0.018467063084244728,0.03262345492839813,0.0718831792473793,0.13048890233039856,1.0203701257705688
82.0,0.3545131442638544,0.08810972212813795,5.719892244638354,2.6685370940428514,0.26685370940428516,0.3545131442638544,0.08765942660661843,0.08765942660661843,0.019691474735736847,0.020048722624778748,0.02135390415787697,0.018551688641309738,0.030259093269705772,0.05550868809223175,0.07789576053619385,0.4615684449672699
83.0,0.33225819353873914,0.17407817137427628,5.592118942197913,2.4814337079341593,0.24814337079341595,0.33225819353873914,0.08411482406350282,0.08411482406350282,0.020358534529805183,0.021492378786206245,0.024145735427737236,0.018626242876052856,0.03335392475128174,0.07581951469182968,0.13457892835140228,1.064250111579895
84.0,0.3219523991529758,0.06584107992239296,5.4685679133932314,2.3283498103802023,0.2328349810380202,0.3219523991529758,0.08911740722564551,0.08911740722564551,0.01916511170566082,0.020139532163739204,0.020960217341780663,0.01794028840959072,0.0296406839042902,0.05418490245938301,0.07867512106895447,0.28602278232574463
85.0,0.3398311688349797,0.2127594673074782,5.6946737515866195,2.7442821447665873,0.27442821447665877,0.3398311688349797,0.06540294564687289,0.06540294564687289,0.02201255038380623,0.023369306698441505,0.026581019163131714,0.01973145641386509,0.036267030984163284,0.08380553871393204,0.1556440144777298,1.3346648216247559
86.0,0.3478430750278326,0.09212046442553401,5.595317534252515,2.4709007189824033,0.24709007189824034,0.3478430750278326,0.10075300186872482,0.10075300186872482,0.018998073413968086,0.01996684819459915,0.021302560344338417,0.017279161140322685,0.028924813494086266,0.057575445622205734,0.08883935958147049,0.48407745361328125
87.0,0.28853518802386063,0.1139894484076649,5.066647611691495,2.337697914013496,0.23376979140134962,0.28853518802386063,0.05476539782606638,0.05476539782606638,0.01949932985007763,0.020681504160165787,0.021771129220724106,0.01865522563457489,0.0319189690053463,0.06522569805383682,0.11009898781776428,0.6240647435188293
88.0,0.3296567430863014,0.09569426835514605,5.619088728207853,2.5156916196529684,0.25156916196529683,0.3296567430863014,0.07808758175143829,0.07808758175143829,0.019202755764126778,0.020090052857995033,0.021371057257056236,0.017445659264922142,0.029368175193667412,0.057272110134363174,0.08832413703203201,0.5124801993370056
89.0,0.29627820734794325,0.13236956764012575,5.213933405013294,2.355920965854938,0.23559209658549385,0.29627820734794325,0.060686110017391354,0.060686110017391354,0.01939481869339943,0.02059323340654373,0.022105127573013306,0.018178585916757584,0.03160768002271652,0.06626125425100327,0.11576513200998306,0.7650507092475891
90.0,0.3131612441860713,0.10175575432367623,5.431117460160722,2.3764314972437344,0.23764314972437345,0.3131612441860713,0.07551808970478865,0.07551808970478865,0.019370462745428085,0.020396536216139793,0.021831830963492393,0.017484670504927635,0.02979571372270584,0.058181893080472946,0.09118526428937912,0.555799663066864
91.0,0.2980916580328575,0.14501950633712113,4.967614591795208,2.411510903101701,0.24115109031017007,0.2980916580328575,0.05694056746478264,0.05694056746478264,0.019626565277576447,0.020870884880423546,0.022573577240109444,0.01815052144229412,0.03193852677941322,0.06856194138526917,0.12164235860109329,0.8567916750907898
92.0,0.30332999848402464,0.1049231830984354,5.286516258119736,2.287275818678049,0.2287275818678049,0.30332999848402464,0.07460241521207187,0.07460241521207187,0.020896153524518013,0.02130894735455513,0.022552285343408585,0.01949584297835827,0.03187929093837738,0.057769253849983215,0.08950451761484146,0.5759791731834412
93.0,0.3536644887465697,0.15685252007097006,5.7657863048996365,2.6276953495465794,0.26276953495465794,0.3536644887465697,0.0908949518432984,0.0908949518432984,0.01999906823039055,0.021176746115088463,0.02323957160115242,0.01818894036114216,0.03227701038122177,0.07111001759767532,0.12650083005428314,0.9423279762268066
94.0,0.31737444950984073,0.04886369057931006,5.413159883959933,2.359406292438507,0.23594062924385073,0.31737444950984073,0.08143381172647843,0.08143381172647843,0.018961433321237564,0.01962985098361969,0.02059026248753071,0.01762101985514164,0.028832608833909035,0.05319123715162277,0.07557931542396545,0.1565037965774536
95.0,0.28822557972027707,0.16531323245726526,5.241867130231276,2.200474578600663,0.22004745786006635,0.28822557972027707,0.06817811813492042,0.06817811813492042,0.021075323224067688,0.022544201463460922,0.025098465383052826,0.019336553290486336,0.034060657024383545,0.07290039211511612,0.1284647434949875,0.9990255236625671
96.0,0.32711778237269473,0.08914708206430078,5.355606939643701,2.4984322144435,0.24984322144435006,0.32711778237269473,0.07727455362104453,0.07727455362104453,0.019471829757094383,0.020291643217206,0.0215250626206398,0.01768931932747364,0.02992119826376438,0.05671285092830658,0.08669782429933548,0.46086692810058594
97.0,0.29051660803648144,0.1859146577771753,5.197613172288611,2.3019890785217285,0.2301989078521728,0.29051660803648144,0.060317693708034664,0.060317693708034664,0.02134012058377266,0.02279523015022278,0.025438716635107994,0.01923568919301033,0.03428366035223007,0.07540445774793625,0.13934727013111115,1.1494721174240112
98.0,0.3097959951712535,0.09031813428737223,5.249285894371767,2.3037510560109067,0.2303751056010907,0.3097959951712535,0.07942088722036435,0.07942088722036435,0.019248265773057938,0.020190471783280373,0.021418161690235138,0.0175058301538229,0.0295556653290987,0.057175468653440475,0.08857270330190659,0.46887850761413574
99.0,0.286739312685453,0.14521179720759392,4.972751630345831,2.2791318526634803,0.22791318526634802,0.286739312685453,0.058826117847974486,0.058826117847974486,0.02098183147609234,0.021974127739667892,0.02365097589790821,0.018532980233430862,0.03266666829586029,0.06875738501548767,0.10961785912513733,0.8655125498771667
100.0,0.2824735458080585,0.1280521722510457,5.280357080328486,2.1199790376883287,0.2119979037688329,0.2824735458080585,0.07047564020523658,0.07047564020523658,0.019437916576862335,0.020593924447894096,0.021947793662548065,0.017928799614310265,0.03141600266098976,0.06500943750143051,0.11343289166688919,0.7346506118774414
101.0,0.3384858644925631,0.1131913485005498,5.362433838012829,2.6066375420643735,0.26066375420643734,0.3384858644925631,0.07782210925450692,0.07782210925450692,0.02092975378036499,0.02114945836365223,0.022881411015987396,0.01972111128270626,0.032303228974342346,0.06072846055030823,0.09590179473161697,0.6319155693054199
102.0,0.31269698991225314,0.14746664301492274,5.398690627015375,2.292197135778574,0.22921971357785742,0.31269698991225314,0.08347727157748662,0.08347727157748662,0.019964275881648064,0.021152233704924583,0.02281639538705349,0.018310241401195526,0.03255843371152878,0.06965743750333786,0.12385678291320801,0.8714173436164856
103.0,0.3146924273325847,0.060962252551689744,5.49065305977147,2.2994146071947537,0.22994146071947535,0.3146924273325847,0.08475096065264481,0.08475096065264481,0.01912778802216053,0.01964755356311798,0.02085127681493759,0.01758776791393757,0.029242994263768196,0.054180096834897995,0.07500093430280685,0.25205960869789124
104.0,0.2942585131296745,0.1809685102198273,5.0807757856435805,2.272726989709414,0.2272726989709414,0.2942585131296745,0.06698581776939906,0.06698581776939906,0.020870918408036232,0.022192705422639847,0.024606263265013695,0.018737083300948143,0.03392346203327179,0.07600497454404831,0.1381165236234665,1.1132961511611938
105.0,0.30017597400225127,0.07345494325272739,5.296705354404724,2.0990916398855357,0.20990916398855358,0.30017597400225127,0.09026680800777215,0.09026680800777215,0.01924235001206398,0.019968688488006592,0.021128274500370026,0.017549926415085793,0.02954472228884697,0.05522287264466286,0.08192689716815948,0.3430558145046234
106.0,0.2731615539926749,0.1930022737942636,4.952352843638035,2.1500522769414463,0.21500522769414457,0.2731615539926749,0.058156321255060345,0.058156321255060345,0.021450679749250412,0.02280770242214203,0.025380510836839676,0.019178077578544617,0.035096775740385056,0.07965420186519623,0.1469108611345291,1.1935393810272217
107.0,0.2966119715800652,0.07321185362525284,5.264263086202765,2.028461277484894,0.2028461277484894,0.2966119715800652,0.09376583592249797,0.09376583592249797,0.019338689744472504,0.02007080800831318,0.021174659952521324,0.01754051260650158,0.02952760085463524,0.055995069444179535,0.0838090106844902,0.3382384777069092
108.0,0.26834721519396854,0.1998608645517379,5.074344600628113,2.1368219623198876,0.21368219623198878,0.26834721519396854,0.05466501672680561,0.05466501672680561,0.02181355468928814,0.023211447522044182,0.025855522602796555,0.019463269039988518,0.035805266350507736,0.08159706741571426,0.15184828639030457,1.2392925024032593
109.0,0.3077723040030553,0.0821087269578129,5.324136311938097,2.122841706642738,0.2122841706642738,0.3077723040030553,0.09548812760756566,0.09548812760756566,0.01952717825770378,0.020380981266498566,0.02147151716053486,0.017620252445340157,0.029861116781830788,0.05695287138223648,0.08771412819623947,0.40334177017211914
110.0,0.2685048454082929,0.1825253765564412,4.732858362605256,2.1541723012924194,0.2154172301292419,0.2685048454082929,0.05308760860218452,0.05308760860218452,0.021205736324191093,0.02261759340763092,0.024971485137939453,0.018854007124900818,0.03421644866466522,0.07576648145914078,0.13906745612621307,1.1235038042068481
111.0,0.30601238115475726,0.0852037554141134,5.312496318705091,2.183269743735974,0.21832697437359735,0.30601238115475726,0.08768540334243041,0.08768540334243041,0.01958049088716507,0.020315906032919884,0.021453378722071648,0.01762617938220501,0.02986428141593933,0.056877728551626205,0.0862814411520958,0.4296306371688843
112.0,0.28680900369699186,0.18122188281267881,5.073928082367434,2.233999247734363,0.22339992477343634,0.28680900369699186,0.06340907485439227,0.06340907485439227,0.020859040319919586,0.022169267758727074,0.02457548677921295,0.01861296035349369,0.033911749720573425,0.07563979923725128,0.13663066923618317,1.1173760890960693
113.0,0.2876136474884473,0.07687904895283282,5.020857321300692,1.9994497024095976,0.19994497024095975,0.2876136474884473,0.08766866962497051,0.08766866962497051,0.019531773403286934,0.020395826548337936,0.02146534062922001,0.01784040592610836,0.03020894154906273,0.05603945255279541,0.08453979343175888,0.3650108575820923
114.0,0.27107672966443574,0.19175802916288376,5.188733236912987,2.137094635229844,0.21370946352298445,0.27107672966443574,0.05736725777387619,0.05736725777387619,0.021316319704055786,0.022669412195682526,0.025286627933382988,0.018961584195494652,0.03475791588425636,0.07839258015155792,0.14346973598003387,1.189210057258606
115.0,0.28936701210645527,0.08473047614097595,5.280555045195351,1.9543448090553284,0.19543448090553284,0.28936701210645527,0.09393253005467929,0.09393253005467929,0.019254308193922043,0.020119257271289825,0.021323896944522858,0.01738491654396057,0.029404103755950928,0.057585831731557846,0.0872957780957222,0.42547571659088135
116.0,0.2577714163523454,0.06260943505913019,4.895260739566261,2.0416460312329807,0.2041646031232981,0.2577714163523454,0.0536068117675873,0.0536068117675873,0.019341012462973595,0.020091868937015533,0.020903799682855606,0.01807010918855667,0.029813768342137337,0.05626856908202171,0.08015751838684082,0.25622883439064026
117.0,0.27056170942691654,0.14995495532639325,5.224825999600376,2.0066189811779904,0.20066189811779903,0.27056170942691654,0.06989980861544609,0.06989980861544609,0.02054283581674099,0.02179650217294693,0.023992760106921196,0.018006933853030205,0.032035961747169495,0.06823994964361191,0.11452040821313858,0.9005042910575867
118.0,0.27036457566114575,0.06316401599906385,5.015668243622523,2.035049883218912,0.20350498832189118,0.27036457566114575,0.06685958401514934,0.06685958401514934,0.01934596337378025,0.019788872450590134,0.020889082923531532,0.017886826768517494,0.029096055775880814,0.05412415415048599,0.07651235908269882,0.26766881346702576
119.0,0.28364669932768893,0.13397432654164732,5.370044725990018,2.136704582434434,0.2136704582434434,0.28364669932768893,0.069976234378723,0.069976234378723,0.019465681165456772,0.020618000999093056,0.02229016274213791,0.01781601458787918,0.03141196072101593,0.06402990221977234,0.11002954095602036,0.786133348941803
120.0,0.2928077154434644,0.059598582331091166,5.065744363481869,2.176513529740847,0.21765135297408467,0.2928077154434644,0.07515635971839611,0.07515635971839611,0.01866936683654785,0.019140535965561867,0.02037365734577179,0.017391616478562355,0.028507418930530548,0.054193705320358276,0.07508484274148941,0.24342751502990723
121.0,0.2603881095464413,0.155539371073246,4.967175315397702,2.010981587263254,0.20109815872632536,0.2603881095464413,0.059289948584941715,0.059289948584941715,0.02020496129989624,0.02163538709282875,0.023751819506287575,0.018250709399580956,0.03227245435118675,0.06855711340904236,0.12271490693092346,0.9369276165962219
122.0,0.27972896225177324,0.06750764278694987,5.097580204858146,2.0435462364783654,0.20435462364783658,0.27972896225177324,0.0753743310387318,0.0753743310387318,0.018818337470293045,0.01955323852598667,0.020704124122858047,0.01718406192958355,0.028666894882917404,0.05514261871576309,0.08149907737970352,0.29849278926849365
123.0,0.251139202943215,0.1650205773767084,5.081008772875156,1.91014891404372,0.191014891404372,0.251139202943215,0.060124307011182494,0.060124307011182494,0.02032257430255413,0.021716920658946037,0.0239285696297884,0.018106672912836075,0.03230613097548485,0.06992074102163315,0.12432042509317398,1.0095425844192505
124.0,0.28440770506858826,0.07550459541380405,5.100219160934807,2.1053429750295787,0.21053429750295788,0.28440770506858826,0.07387340699250881,0.07387340699250881,0.019020430743694305,0.019835982471704483,0.02092302404344082,0.01738596148788929,0.029291726648807526,0.05592991039156914,0.08404656499624252,0.35760316252708435
125.0,0.2549760232751186,0.10731046670116484,4.954424120132329,1.9794635772705078,0.19794635772705077,0.2549760232751186,0.05702965792555075,0.05702965792555075,0.019645174965262413,0.020721670240163803,0.022221310064196587,0.017381571233272552,0.030160749331116676,0.060008443892002106,0.09596965461969376,0.5923751592636108
126.0,0.2565404044894072,0.10448835766874254,5.166521843739659,1.9745877935336187,0.19745877935336184,0.2565404044894072,0.05908162189790836,0.05908162189790836,0.019256195053458214,0.02007201686501503,0.02134479023516178,0.017996422946453094,0.031100409105420113,0.06285420805215836,0.10480106621980667,0.558481752872467
127.0,0.26720498215693694,0.10443372349254787,5.130410697058584,1.9867308048101573,0.1986730804810157,0.26720498215693694,0.06853189663245128,0.06853189663245128,0.01957320235669613,0.020427998155355453,0.021847516298294067,0.017576539888978004,0.030404331162571907,0.05929814279079437,0.09150628000497818,0.5748357772827148
128.0,0.2543231317630181,0.11479330225847661,5.031070030486777,1.8791754795954778,0.1879175479595478,0.2543231317630181,0.06640558145367183,0.06640558145367183,0.019312916323542595,0.020404601469635963,0.021589821204543114,0.017831167206168175,0.03098713420331478,0.0620415024459362,0.10690676420927048,0.6392725110054016
129.0,0.27983666154054493,0.11381599516607821,5.303727765813732,2.117670701100276,0.21176707011002757,0.27983666154054493,0.06806958696016899,0.06806958696016899,0.0198185034096241,0.02083727717399597,0.02243771404027939,0.01753484271466732,0.03062080219388008,0.06044246628880501,0.09578228741884232,0.6430540680885315
130.0,0.2645778495531816,0.13808759720996022,5.064716784786207,2.0197252218539896,0.20197252218539896,0.2645778495531816,0.06260532513260841,0.06260532513260841,0.019546855241060257,0.020625386387109756,0.022372040897607803,0.017686638981103897,0.03152192756533623,0.06686986982822418,0.11790011078119278,0.8081779479980469
131.0,0.2654973119497299,0.08634817064739764,5.066123521608337,1.9735195545049815,0.19735195545049813,0.2654973119497299,0.0681453523441003,0.0681453523441003,0.020158467814326286,0.020606858655810356,0.02207956090569496,0.01893884502351284,0.0315144844353199,0.05781847983598709,0.08730226755142212,0.43236640095710754
132.0,0.2821198736245816,0.1456676460802555,5.0460828264212685,1.9551000732641954,0.19551000732641954,0.2821198736245816,0.08660986876258484,0.08660986876258484,0.019743995741009712,0.020909346640110016,0.022803504019975662,0.017688652500510216,0.03137807175517082,0.0672415941953659,0.11807140707969666,0.8675045967102051
133.0,0.25389917825277036,0.04797414457425475,5.144497615461118,1.8080432323309092,0.18080432323309095,0.25389917825277036,0.07309485226869583,0.07309485226869583,0.019165633246302605,0.019771777093410492,0.020871521905064583,0.01763427071273327,0.02949587069451809,0.054708331823349,0.07564437389373779,0.14650137722492218
134.0,0.25964291049883914,0.16455574543215334,4.901101817537083,1.915656722508944,0.1915656722508944,0.25964291049883914,0.06807723698707727,0.06807723698707727,0.020291613414883614,0.02153892256319523,0.02352576144039631,0.018157098442316055,0.033054158091545105,0.07281467318534851,0.13004426658153534,0.9970194697380066
135.0,0.2579701800759022,0.060837415512651205,5.040922806067848,1.7544569694078886,0.17544569694078888,0.2579701800759022,0.08252447929519874,0.08252447929519874,0.01907431147992611,0.01977834478020668,0.02079561911523342,0.017499268054962158,0.029399078339338303,0.05542237311601639,0.07919292896986008,0.2455374002456665
136.0,0.24277615317931542,0.16512598912231624,4.748253681411502,1.8468698033919702,0.18468698033919703,0.24277615317931542,0.05808917418695413,0.05808917418695413,0.021006885915994644,0.022555775940418243,0.025078576058149338,0.019100913777947426,0.034254785627126694,0.07277395576238632,0.12806110084056854,0.9981759190559387
137.0,0.25378336814733654,0.08792455494403839,4.797421864861237,1.7474878063568702,0.17474878063568702,0.25378336814733654,0.07903458292667682,0.07903458292667682,0.01967463828623295,0.020522939041256905,0.021662777289748192,0.017599843442440033,0.030310915783047676,0.05724034830927849,0.08893395215272903,0.44745102524757385
138.0,0.23715588450431824,0.17690196190960705,4.736534390887551,1.8072923055061927,0.18072923055061926,0.23715588450431824,0.056426651489276156,0.056426651489276156,0.02136564627289772,0.022898530587553978,0.02544258162379265,0.01905142515897751,0.03427780792117119,0.07488711178302765,0.13496892154216766,1.082323670387268
139.0,0.2584276285309058,0.08634881721809506,4.95807599497998,1.81769414131458,0.18176941413145797,0.2584276285309058,0.0766582079231739,0.0766582079231739,0.01916714757680893,0.02010280452668667,0.02122706174850464,0.017212633043527603,0.029530948027968407,0.057254496961832047,0.08906375616788864,0.4372316896915436
140.0,0.23911233246326447,0.11296937777660787,4.9058674724530045,1.8158264939601605,0.18158264939601607,0.23911233246326447,0.05752967742200081,0.05752967742200081,0.01961231790482998,0.0206602830439806,0.02228660136461258,0.017206545919179916,0.030295854434370995,0.06186676397919655,0.09871875494718552,0.6331079006195068
141.0,0.23437351504197487,0.06262457626871765,4.831989522816948,1.7497897377380958,0.17497897377380958,0.23437351504197487,0.05939453825927698,0.05939453825927698,0.018836015835404396,0.019497323781251907,0.020617594942450523,0.017385907471179962,0.029247021302580833,0.055661316961050034,0.08029408007860184,0.2594573497772217
142.0,0.238613479412519,0.14727851073257625,4.734968602017539,1.8089237625782306,0.18089237625782306,0.238613479412519,0.05772110117742649,0.05772110117742649,0.02074020728468895,0.02199947088956833,0.024401100352406502,0.01807035505771637,0.03253748267889023,0.06945972144603729,0.11797507852315903,0.8730446696281433
143.0,0.23466187715530396,0.07381788943894207,4.9133915999461975,1.6842137300051176,0.16842137300051177,0.23466187715530396,0.0662404983662642,0.0662404983662642,0.019403504207730293,0.01996796578168869,0.021147318184375763,0.017627567052841187,0.029835909605026245,0.05640867352485657,0.08174935728311539,0.34440281987190247
144.0,0.2506506832746359,0.13966396660543978,4.954292873786192,1.8375018009772668,0.1837501800977267,0.2506506832746359,0.06690049859193656,0.06690049859193656,0.019713662564754486,0.021087467670440674,0.023137522861361504,0.017650440335273743,0.031379107385873795,0.06514663994312286,0.11185396462678909,0.8273429274559021
145.0,0.23646367283967826,0.050413097720593214,4.908663288331092,1.6815634965896606,0.1681563496589661,0.23646367283967826,0.0683073212320988,0.0683073212320988,0.01885867677628994,0.0194411538541317,0.020655829459428787,0.01737121492624283,0.029171301051974297,0.055407337844371796,0.07619104534387589,0.16620822250843048
146.0,0.23551121468727404,0.15627424139529467,4.924141554806058,1.7548709878554711,0.1754870987855471,0.23551121468727404,0.060024115042044565,0.060024115042044565,0.020094769075512886,0.021462317556142807,0.023570921272039413,0.017839616164565086,0.03194674104452133,0.06857725977897644,0.12179672718048096,0.9449055790901184
147.0,0.2340715848482572,0.06428935122676194,4.871919739783033,1.6303154642765338,0.16303154642765336,0.2340715848482572,0.07104003658661476,0.07104003658661476,0.018887566402554512,0.019534923136234283,0.020591216161847115,0.017280369997024536,0.029159141704440117,0.055923864245414734,0.08092528581619263,0.2720124423503876
148.0,0.22839396733504075,0.1402799179777503,4.835012327075647,1.7081082554963918,0.17081082554963917,0.22839396733504075,0.05758313920635443,0.05758313920635443,0.020707638934254646,0.021823696792125702,0.02399517223238945,0.01791372336447239,0.03224179148674011,0.06779785454273224,0.11453539878129959,0.8232240676879883
149.0,0.23580055282666132,0.056920754024758935,4.9144140416477375,1.7303021504328802,0.173030215043288,0.23580055282666132,0.0627703362932572,0.0627703362932572,0.018795207142829895,0.019358951598405838,0.0205590408295393,0.017345765605568886,0.02912929467856884,0.05575030297040939,0.07894399762153625,0.21548347175121307
150.0,0.23680280263607317,0.12990892166271806,4.93081090562598,1.777338289297544,0.17773382892975442,0.23680280263607317,0.059068970095652804,0.059068970095652804,0.019871752709150314,0.02106008492410183,0.022965289652347565,0.017462991178035736,0.031014131382107735,0.06392576545476913,0.10609012097120285,0.7568812370300293
151.0,0.24053815809579995,0.06482005049474537,4.910062421893655,1.7681160339942346,0.17681160339942348,0.24053815809579995,0.06372655039796463,0.06372655039796463,0.019409719854593277,0.019898083060979843,0.021076327189803123,0.017624272033572197,0.029744615778326988,0.055817075073719025,0.07997245341539383,0.2750178575515747
152.0,0.24904354203205842,0.13009399990551174,4.973799698747481,1.8105246287125807,0.1810524628712581,0.24904354203205842,0.06799107961929761,0.06799107961929761,0.019436875358223915,0.02068476192653179,0.022514991462230682,0.017339996993541718,0.03067850135266781,0.06308147311210632,0.10631201416254044,0.7607033848762512
153.0,0.23197631079417008,0.04519256134517491,4.950124496622653,1.67316439977059,0.167316439977059,0.23197631079417008,0.06465986485664661,0.06465986485664661,0.01881508156657219,0.019403109326958656,0.020676713436841965,0.017432192340493202,0.02925604023039341,0.05539381131529808,0.0761401578783989,0.12442338466644287
154.0,0.23635931484974348,0.14492639643140137,4.889064739301611,1.7396336839749262,0.17396336839749263,0.23635931484974348,0.062395949489795245,0.062395949489795245,0.019685501232743263,0.020967800170183182,0.02291191928088665,0.01751313917338848,0.031215280294418335,0.06612587720155716,0.11567079275846481,0.8653208613395691
155.0,0.23132292467814225,0.05256411526352167,4.970520758702118,1.637433097912715,0.1637433097912715,0.23132292467814225,0.0675796098434008,0.0675796098434008,0.018845034763216972,0.019375808537006378,0.02058507688343525,0.017357036471366882,0.029145535081624985,0.0557013563811779,0.07862674444913864,0.18087632954120636
156.0,0.23520667277849638,0.1579377034213394,4.968549249966413,1.7570312160712023,0.1757031216071202,0.23520667277849638,0.05950354469510225,0.05950354469510225,0.020037848502397537,0.021392833441495895,0.023418055847287178,0.01774648204445839,0.031882144510746,0.06918387115001678,0.12277939915657043,0.9570609927177429
157.0,0.23137471481011465,0.06764634908176959,4.78930072293906,1.6156724232893724,0.16156724232893727,0.23137471481011465,0.06980747199402405,0.06980747199402405,0.018966227769851685,0.019697189331054688,0.020649390295147896,0.01730213686823845,0.029434893280267715,0.05658259242773056,0.08379169553518295,0.29474666714668274
158.0,0.2187261782013453,0.11018531047739089,4.771075664302779,1.6091966399779687,0.1609196639977969,0.2187261782013453,0.05780651090809932,0.05780651090809932,0.019714418798685074,0.020742855966091156,0.022450696676969528,0.01715967245399952,0.030475128442049026,0.062022577971220016,0.10059767216444016,0.6083194613456726
159.0,0.22100289739095247,0.10046466300264001,5.087134315034108,1.5963608530851512,0.1596360853085151,0.22100289739095247,0.06136680996188751,0.06136680996188751,0.019179563969373703,0.019828634336590767,0.021109245717525482,0.017804749310016632,0.031238911673426628,0.06443925201892853,0.10587186366319656,0.5242450833320618
160.0,0.22888497549753922,0.10263024852611125,5.119455142775262,1.6058911039279058,0.16058911039279058,0.22888497549753922,0.06829586152273875,0.06829586152273875,0.019359519705176353,0.020244061946868896,0.021777035668492317,0.017202910035848618,0.030107097700238228,0.05938310548663139,0.09131625294685364,0.5616520047187805
161.0,0.2312308939603659,0.1217411991674453,4.9775628781626295,1.6532070590899541,0.16532070590899542,0.2312308939603659,0.06591018919761364,0.06591018919761364,0.019073819741606712,0.020222583785653114,0.02167036011815071,0.017139246687293053,0.030280672013759613,0.06263428926467896,0.10791625827550888,0.6949923634529114
162.0,0.2219841955946042,0.10971298418007791,4.80242671935129,1.6011281059338496,0.16011281059338497,0.2219841955946042,0.06187138305260585,0.06187138305260585,0.019764961674809456,0.020818963646888733,0.02232775092124939,0.017460757866501808,0.030836204066872597,0.05966112017631531,0.09584990888834,0.610984206199646
163.0,0.2120366096496582,0.1274979179725051,4.72291707467697,1.5302234933926508,0.1530223493392651,0.2120366096496582,0.05901425733016087,0.05901425733016087,0.019177373498678207,0.020271940156817436,0.021779527887701988,0.01725035533308983,0.03089858964085579,0.06469327211380005,0.11332876235246658,0.7325835227966309
164.0,0.220867996605543,0.07314671436324716,4.577260207742121,1.565362966977633,0.15653629669776328,0.220867996605543,0.06433169744335689,0.06433169744335689,0.019908040761947632,0.020403269678354263,0.021505242213606834,0.018362315371632576,0.030996453016996384,0.056036654859781265,0.08288293331861496,0.33507880568504333
165.0,0.22914625589664167,0.15140030696056783,4.942716728192342,1.487636414858011,0.1487636414858011,0.22914625589664167,0.08038261274878795,0.08038261274878795,0.020126108080148697,0.02134026028215885,0.02348334528505802,0.01770634762942791,0.031831905245780945,0.06932410597801208,0.11769785732030869,0.9096925258636475
166.0,0.23982744893202415,0.062197044026106596,4.9819586532006355,1.663483766409067,0.16634837664090674,0.23982744893202415,0.07347907068637702,0.07347907068637702,0.01899838075041771,0.01965348608791828,0.020731991156935692,0.017159249633550644,0.02919284626841545,0.05522838234901428,0.0806063711643219,0.2560056447982788
167.0,0.21656158623787072,0.16245898930355906,4.857169748797539,1.5413944033476024,0.15413944033476026,0.21656158623787072,0.06242214114620136,0.06242214114620136,0.02017316408455372,0.021371707320213318,0.023397892713546753,0.01789974980056286,0.03288040682673454,0.07239049673080444,0.12946325540542603,0.9820952415466309
168.0,0.24814487191346976,0.06804134068079293,5.15532426298766,1.685187307687906,0.1685187307687906,0.24814487191346976,0.07962614068618187,0.07962614068618187,0.01880154386162758,0.019528299570083618,0.02053070068359375,0.01704244315624237,0.028968045487999916,0.05603662505745888,0.08149371296167374,0.3019293546676636
169.0,0.2132671452485598,0.14333769073709846,4.942295558320668,1.5345750084290137,0.15345750084290138,0.2132671452485598,0.05980964019321478,0.05980964019321478,0.02031691186130047,0.021523533388972282,0.02355557307600975,0.01769860088825226,0.03207111731171608,0.06852784007787704,0.1124468669295311,0.8505610823631287
170.0,0.22488507628440857,0.07406850648112595,4.822999899214422,1.604799408179063,0.1604799408179063,0.22488507628440857,0.06440513638349679,0.06440513638349679,0.020130138844251633,0.020648380741477013,0.02177765592932701,0.018132075667381287,0.031055964529514313,0.05875759199261665,0.08411282300949097,0.33793342113494873
171.0,0.2276131843145077,0.14301077811978757,4.823971992180256,1.5252664501850421,0.15252664501850421,0.2276131843145077,0.07508653602921046,0.07508653602921046,0.019568979740142822,0.020826326683163643,0.022518279030919075,0.01739574410021305,0.03135298192501068,0.06618154793977737,0.11616074293851852,0.8500816226005554
172.0,0.22613804787397385,0.07604447286576033,4.771206285123543,1.5473120671052198,0.154731206710522,0.22613804787397385,0.07140683955871142,0.07140683955871142,0.0195271298289299,0.020158004015684128,0.021257789805531502,0.017399806529283524,0.03008769266307354,0.05624239891767502,0.08393534272909164,0.35974761843681335
173.0,0.2113362940458151,0.1625851357821375,4.861896659484531,1.5022975068825941,0.15022975068825944,0.2113362940458151,0.061106541695503086,0.061106541695503086,0.02009126916527748,0.021371718496084213,0.023435797542333603,0.017730774357914925,0.032364677637815475,0.07069218903779984,0.1257549673318863,0.9892396926879883
174.0,0.23494875946870217,0.06884568883106112,4.847693533306368,1.5602375544034517,0.1560237554403452,0.23494875946870217,0.07892500379910836,0.07892500379910836,0.01913498342037201,0.019860439002513885,0.020886603742837906,0.017114542424678802,0.029479853808879852,0.056375421583652496,0.08431800454854965,0.3035956621170044
175.0,0.19889680582743424,0.16598554025404155,4.809363903219425,1.45555403140875,0.145555403140875,0.19889680582743424,0.053341398732020304,0.053341398732020304,0.020343583077192307,0.021630726754665375,0.023657340556383133,0.017974426969885826,0.033089831471443176,0.07246481627225876,0.1302853673696518,1.008438229560852
176.0,0.24415798485279083,0.07639904622919858,4.895421692520508,1.630476245513329,0.16304762455133293,0.24415798485279083,0.0811103622500713,0.0811103622500713,0.01932913437485695,0.020143287256360054,0.021147791296243668,0.01716989278793335,0.029818642884492874,0.057462166994810104,0.08872008323669434,0.35740137100219727
177.0,0.20485121240982643,0.17094893264584243,4.924648864329901,1.532559477365934,0.15325594773659337,0.20485121240982643,0.051595261033910975,0.051595261033910975,0.020598074421286583,0.021825315430760384,0.02404824085533619,0.018153872340917587,0.03357699513435364,0.07409496605396271,0.13317270576953888,1.0421212911605835
178.0,0.24797579989983484,0.08154387888498604,5.190007186085397,1.64617585677367,0.164617585677367,0.24797579989983484,0.08335821330547333,0.08335821330547333,0.01902228407561779,0.019888851791620255,0.020852699875831604,0.017059864476323128,0.029361369088292122,0.05765463784337044,0.0873740017414093,0.4011373221874237
179.0,0.20730443184192365,0.14819073537364602,4.764323178938895,1.5445489608324492,0.15445489608324492,0.20730443184192365,0.05284953575867873,0.05284953575867873,0.020715925842523575,0.02203858457505703,0.02398594282567501,0.01797429472208023,0.032767508178949356,0.0695398598909378,0.11954744905233383,0.8789563179016113
180.0,0.2202893335085649,0.08921519806608558,5.018198109362771,1.510261017542619,0.1510261017542619,0.2202893335085649,0.06926323100924492,0.06926323100924492,0.02014852501451969,0.020711751654744148,0.02184228040277958,0.017941610887646675,0.030936602503061295,0.06053021550178528,0.08801010251045227,0.4536004960536957
181.0,0.2220086741905946,0.13806642382405698,4.925930924682647,1.502600101324228,0.15026001013242282,0.2220086741905946,0.0717486604475058,0.0717486604475058,0.019435105845332146,0.020596694201231003,0.02224748395383358,0.017205985262989998,0.03120291605591774,0.06519908457994461,0.11363589763641357,0.8150082230567932
182.0,0.2149751942891341,0.05320550478063524,4.8745370518607745,1.4487066177221446,0.14487066177221447,0.2149751942891341,0.07010453194379807,0.07010453194379807,0.019428160041570663,0.02005964145064354,0.02109653316438198,0.017574550583958626,0.030363822355866432,0.05697476491332054,0.07935506850481033,0.18079149723052979
183.0,0.22582391477548158,0.1581567528191954,5.127950622960122,1.621014145704416,0.16210141457044164,0.22582391477548158,0.0637224972821199,0.0637224972821199,0.020064713433384895,0.02132912166416645,0.023320656269788742,0.017636826261878014,0.032304372638463974,0.06958381831645966,0.12235152721405029,0.9586629867553711
184.0,0.23281584737392572,0.06906613963656127,5.043179239106561,1.5506299229768605,0.15506299229768608,0.23281584737392572,0.077752852669129,0.077752852669129,0.0191898625344038,0.019842632114887238,0.020856153219938278,0.017038123682141304,0.02939814142882824,0.05666471645236015,0.08401868492364883,0.30552080273628235
185.0,0.21081936703278467,0.1713472637347877,4.904288985101119,1.5651335670397832,0.15651335670397837,0.21081936703278467,0.05430600648889175,0.05430600648889175,0.020593266934156418,0.021924972534179688,0.023999402299523354,0.01808064617216587,0.03358423337340355,0.07305595278739929,0.1328335553407669,1.0467060804367065
186.0,0.22822662041737482,0.08078054711222649,4.915709982358978,1.466567264153407,0.14665672641534072,0.22822662041737482,0.08156989170954777,0.08156989170954777,0.019286349415779114,0.02004900947213173,0.021042093634605408,0.01707516983151436,0.029753629118204117,0.05800343677401543,0.08871560543775558,0.39231908321380615
187.0,0.192787847839869,0.15379135706461966,4.790167261892359,1.3989253777724047,0.13989253777724045,0.192787847839869,0.052895305678248405,0.052895305678248405,0.021161848679184914,0.022442080080509186,0.024706648662686348,0.018382055684924126,0.0337514653801918,0.07167363166809082,0.12357746809720993,0.9146356582641602
188.0,0.20622138564403242,0.09126015310175717,4.865257445691984,1.3858263996931224,0.13858263996931222,0.20622138564403242,0.06763874366879463,0.06763874366879463,0.020410696044564247,0.02092757821083069,0.02202000468969345,0.018036115914583206,0.03128477931022644,0.061298441141843796,0.0895867571234703,0.4665168523788452
189.0,0.20502521670781648,0.12907965504564345,4.9055676316670915,1.3598888195477998,0.13598888195477998,0.20502521670781648,0.06903632988150303,0.06903632988150303,0.01937364600598812,0.020504020154476166,0.02188803255558014,0.017186162993311882,0.03114134632050991,0.06372874230146408,0.11079589277505875,0.7480193972587585
190.0,0.21339859240330183,0.05117095122113824,5.074598190407314,1.4202511860774114,0.14202511860774114,0.21339859240330183,0.0713734755722376,0.0713734755722376,0.01916184462606907,0.01962200179696083,0.020728815346956253,0.01711779087781906,0.029141588136553764,0.055738721042871475,0.0770188495516777,0.17083799839019775
191.0,0.2024474058013696,0.1469943830743432,4.995474739133105,1.3995151198827303,0.13995151198827305,0.2024474058013696,0.06249589272416555,0.06249589272416555,0.019758062437176704,0.02088887430727482,0.022742852568626404,0.017356857657432556,0.031913962215185165,0.06750078499317169,0.11773660778999329,0.878057062625885
192.0,0.22049406285469347,0.06419318332336843,5.020476146320614,1.4599721615131085,0.14599721615131084,0.22049406285469347,0.0744968423476586,0.0744968423476586,0.019261932000517845,0.01985437609255314,0.0208110511302948,0.01709580235183239,0.029654107987880707,0.056768156588077545,0.08317956328392029,0.2669204771518707
193.0,0.19646463371240175,0.16175818303599954,4.886724617789058,1.418470478974856,0.1418470478974856,0.19646463371240175,0.05461758375167847,0.05461758375167847,0.020382439717650414,0.02166016586124897,0.023490043357014656,0.017828723415732384,0.033163633197546005,0.07058893889188766,0.12757377326488495,0.9793777465820312
194.0,0.2186775138744941,0.08086253213696182,5.046924074906571,1.402791637640733,0.1402791637640733,0.2186775138744941,0.07839834890686549,0.07839834890686549,0.019360223785042763,0.02012990228831768,0.021127937361598015,0.017073212191462517,0.029940849170088768,0.05790656432509422,0.08898469805717468,0.3923768699169159
195.0,0.18661909034618965,0.16703002527356148,4.906963250540868,1.3568095885790312,0.13568095885790313,0.18661909034618965,0.0509381302847312,0.0509381302847312,0.020594904199242592,0.021854108199477196,0.02378864400088787,0.018025526776909828,0.03361038118600845,0.07218475639820099,0.13058120012283325,1.0156006813049316
196.0,0.2118881241633342,0.07668883912265301,5.053038310001316,1.318612786439749,0.1318612786439749,0.2118881241633342,0.08002684723872405,0.08002684723872405,0.019210997968912125,0.019921688362956047,0.020810704678297043,0.016980012878775597,0.029724080115556717,0.05815346539020538,0.08755887299776077,0.3611508905887604
197.0,0.1874541571507087,0.14988335175439715,4.921878308174877,1.3439887349422162,0.1343988734942216,0.1874541571507087,0.053055280103133276,0.053055280103133276,0.02141251228749752,0.022681983187794685,0.024881385266780853,0.01853230595588684,0.03413284942507744,0.07202678918838501,0.12474292516708374,0.8806560635566711
198.0,0.19560585228296426,0.05493519967421889,4.860444388934844,1.2940895832501924,0.12940895832501925,0.19560585228296426,0.0661968901180304,0.0661968901180304,0.019061455503106117,0.01959884911775589,0.020550573244690895,0.017079317942261696,0.029451506212353706,0.057309333235025406,0.07895556092262268,0.19747500121593475
199.0,0.19370879175571296,0.14164727367460728,4.933315445350686,1.375231073452876,0.1375231073452876,0.19370879175571296,0.05618568237584371,0.05618568237584371,0.020659849047660828,0.021844465285539627,0.023864801973104477,0.017788879573345184,0.03286828100681305,0.06813058257102966,0.11664936691522598,0.8313719630241394
200.0,0.19922559192547432,0.08926288946531713,5.204405559115464,1.3243173544223492,0.13243173544223494,0.19922559192547432,0.06679385527968407,0.06679385527968407,0.020184680819511414,0.020680569112300873,0.021855955943465233,0.01781860552728176,0.030957067385315895,0.06136456876993179,0.08780767768621445,0.4534339904785156
201.0,0.21296960000808424,0.12645721505396068,5.282258092155231,1.4202030530342689,0.14202030530342688,0.21296960000808424,0.07094929166711293,0.07094929166711293,0.019364668056368828,0.020476559177041054,0.021982047706842422,0.017002055421471596,0.03090818226337433,0.06328912079334259,0.1067003607749939,0.7319347262382507
202.0,0.20191986973469073,0.04551987466402352,5.227612366627505,1.3324463321612432,0.13324463321612431,0.20191986973469073,0.06867523634662995,0.06867523634662995,0.019158579409122467,0.0195830799639225,0.02065734937787056,0.017142340540885925,0.02935798652470112,0.05577342212200165,0.0754912719130516,0.12699496746063232
203.0,0.20616329174775344,0.14508824702352285,5.211078872089228,1.407216952397273,0.14072169523972733,0.20616329174775344,0.06544159467403705,0.06544159467403705,0.019836435094475746,0.021018052473664284,0.02278955839574337,0.01729528047144413,0.0319373793900013,0.06687533855438232,0.11467534303665161,0.8662785887718201
204.0,0.20308358164934012,0.05795849789865315,5.081336925978035,1.309533729003026,0.13095337290030257,0.20308358164934012,0.07213020439331348,0.07213020439331348,0.019292864948511124,0.019911540672183037,0.020851943641901016,0.017186060547828674,0.029893022030591965,0.056768983602523804,0.08063245564699173,0.21913111209869385
205.0,0.1981441298356423,0.15445034112781286,5.229976442579848,1.3971372292591975,0.13971372292591974,0.1981441298356423,0.05843040690972255,0.05843040690972255,0.020122744143009186,0.021372158080339432,0.023157285526394844,0.017564864829182625,0.03257957845926285,0.06893286854028702,0.12097486108541489,0.9308983683586121
206.0,0.20786950909174406,0.0673939271364361,5.241244372843306,1.3153793353300829,0.13153793353300827,0.20786950909174406,0.07633157074451447,0.07633157074451447,0.019233081489801407,0.01981928013265133,0.020781222730875015,0.016996191814541817,0.029458308592438698,0.057001180946826935,0.08390286564826965,0.291959285736084
207.0,0.19098924215023333,0.1623999618459493,5.06911467755136,1.372832715511322,0.1372832715511322,0.19098924215023333,0.05370596652993789,0.05370596652993789,0.020462526008486748,0.021791575476527214,0.023570718243718147,0.017915841192007065,0.03340893238782883,0.07139941304922104,0.1290735900402069,0.9815770983695984
208.0,0.20804477368409818,0.07766992226243019,5.324940646495538,1.285720719740941,0.1285720719740941,0.20804477368409818,0.07947269741159219,0.07947269741159219,0.01940019428730011,0.02008206397294998,0.021050352603197098,0.017047809436917305,0.029808783903717995,0.057991400361061096,0.089146189391613,0.36683258414268494
209.0,0.18298002905570543,0.07060865475796163,5.180826663048086,1.3028243780136108,0.13028243780136106,0.18298002905570543,0.05269758790158308,0.05269758790158308,0.019593873992562294,0.020322073251008987,0.0210246704518795,0.01780131459236145,0.031020458787679672,0.05889198184013367,0.08599116653203964,0.31022369861602783
210.0,0.19523152307822153,0.16897874744608998,5.232204785994464,1.2638877309285677,0.12638877309285676,0.19523152307822153,0.06884274975611614,0.06884274975611614,0.02198392152786255,0.023244448006153107,0.025409391149878502,0.019022973254323006,0.03488409146666527,0.07465647906064987,0.1296454817056656,1.022983193397522
211.0,0.20229684102993745,0.1611445238813758,5.460656378556329,1.2694315543541541,0.1269431554354154,0.20229684102993745,0.07535368347397217,0.07535368347397217,0.0217132605612278,0.022272473201155663,0.023933183401823044,0.020795797929167747,0.03702918812632561,0.08033949136734009,0.14301647245883942,0.940056324005127
212.0,0.22319525021773118,0.13738551153801382,5.382806574516663,1.2360835258777325,0.12360835258777327,0.22319525021773118,0.09958689459241353,0.09958689459241353,0.02037128247320652,0.02152385748922825,0.02356703020632267,0.017829153686761856,0.03246348723769188,0.06917288154363632,0.11377491801977158,0.8003814816474915
213.0,0.18695146475846952,0.08360984083265066,4.292492448816828,1.2747275875164912,0.12747275875164915,0.18695146475846952,0.059478701307223394,0.059478701307223394,0.019715476781129837,0.020462917163968086,0.021416936069726944,0.017412008717656136,0.03051944077014923,0.057371918112039566,0.08776982873678207,0.4142102003097534
214.0,0.17984670859116775,0.19058652641251683,4.844474602214529,1.2188890209564796,0.12188890209564796,0.17984670859116775,0.05795780254098085,0.05795780254098085,0.02131984755396843,0.0227354746311903,0.024855218827724457,0.018786011263728142,0.03527281805872917,0.07742748409509659,0.14445610344409943,1.1798392534255981
215.0,0.2090076609299733,0.0998180063907057,5.067376473541286,1.2252823343643775,0.12252823343643778,0.2090076609299733,0.08647942084532517,0.08647942084532517,0.01962861232459545,0.020649027079343796,0.021913042291998863,0.01718568429350853,0.030690288171172142,0.060099877417087555,0.09493710845708847,0.5334404110908508
216.0,0.17901434577428377,0.12066462216898799,4.74784736447597,1.230003792505998,0.12300037925059978,0.17901434577428377,0.05601396311361056,0.05601396311361056,0.02056579664349556,0.021068647503852844,0.022178890183568,0.01916656084358692,0.034254010766744614,0.07194988429546356,0.12090171128511429,0.6552314758300781
217.0,0.2061314107133792,0.1399224647320807,5.029604496885274,1.2137243610162,0.12137243610162003,0.2061314107133792,0.08475897461175919,0.08475897461175919,0.020848292857408524,0.02213793247938156,0.024085357785224915,0.01813437044620514,0.03320406377315521,0.06966252624988556,0.11814413219690323,0.8131630420684814
218.0,0.18334733522855318,0.07575809117406607,4.686214768109741,1.2129117112893324,0.12129117112893323,0.18334733522855318,0.06205615917077431,0.06205615917077431,0.019115321338176727,0.019690169021487236,0.020655017346143723,0.01746729575097561,0.029905617237091064,0.058270782232284546,0.08335331082344055,0.3576072156429291
219.0,0.18865259564839876,0.1287719481624663,4.988419473515565,1.2104334372740526,0.12104334372740527,0.18865259564839876,0.06760924868285656,0.06760924868285656,0.020249029621481895,0.021483376622200012,0.023222938179969788,0.017517680302262306,0.032134052366018295,0.06612533330917358,0.10935709625482559,0.7400860786437988
220.0,0.18331316915842202,0.08033671556040645,4.791264655465934,1.2097417987309969,0.12097417987309972,0.18331316915842202,0.06233898507287869,0.06233898507287869,0.01890973001718521,0.01945142261683941,0.02044370397925377,0.017383510246872902,0.029929962009191513,0.05825819447636604,0.08650198578834534,0.3918152153491974
221.0,0.18679445867355055,0.12824953999370337,4.667369256853006,1.2479604390951304,0.12479604390951304,0.18679445867355055,0.06199841373241865,0.06199841373241865,0.020117050036787987,0.021406492218375206,0.023038312792778015,0.017383381724357605,0.03188179060816765,0.06465599685907364,0.1100073829293251,0.7375059127807617
222.0,0.18992755160881922,0.0518695954233408,4.85405959052035,1.258781868677873,0.1258781868677873,0.18992755160881922,0.06404936628846022,0.06404936628846022,0.019176339730620384,0.01962486281991005,0.020689256489276886,0.01710774563252926,0.02925989404320717,0.055869799107313156,0.07739544659852982,0.17583341896533966
223.0,0.1972391800238536,0.12908160081133246,4.959667112652699,1.299341238462008,0.12993412384620082,0.1972391800238536,0.06730505250967465,0.06730505250967465,0.019886255264282227,0.021140586584806442,0.022811954841017723,0.017224377021193504,0.03149254247546196,0.06428119540214539,0.1059916689991951,0.7498242259025574
224.0,0.18715907346743804,0.044173528673127294,4.671360190199755,1.2396502128014197,0.12396502128014199,0.18715907346743804,0.0631940496655611,0.0631940496655611,0.01885543391108513,0.01943909004330635,0.020434565842151642,0.017025625333189964,0.02929358184337616,0.055918920785188675,0.07669096440076828,0.11573004722595215
225.0,0.189514285669877,0.13156219152733684,4.953961081093289,1.248359854404743,0.12483598544047428,0.189514285669877,0.0646783013183337,0.0646783013183337,0.01957648992538452,0.020864738151431084,0.022390523925423622,0.017104241997003555,0.031138353049755096,0.06316620856523514,0.10696280002593994,0.7712941765785217
226.0,0.18663832602592614,0.05305839283391833,4.8440274118620446,1.2070059180259705,0.12070059180259704,0.18663832602592614,0.06593773227471572,0.06593773227471572,0.018687449395656586,0.019235773012042046,0.020264849066734314,0.016894347965717316,0.028843356296420097,0.05631555616855621,0.07794484496116638,0.1862809658050537
227.0,0.18021515699533316,0.14326257049106061,4.642475669687654,1.2178940635461073,0.12178940635461076,0.18021515699533316,0.05842575058341026,0.05842575058341026,0.019957266747951508,0.02131880819797516,0.023020973429083824,0.01738273724913597,0.031877290457487106,0.0662686675786972,0.1157611832022667,0.8505136370658875
228.0,0.18475651110594088,0.06340258778072894,4.8664311702779335,1.1896293873970325,0.11896293873970326,0.18475651110594088,0.06579356755201633,0.06579356755201633,0.018598303198814392,0.01927206479012966,0.020238159224390984,0.016732893884181976,0.028795482590794563,0.05673474445939064,0.08173832297325134,0.26511073112487793
229.0,0.17753632481281573,0.14604821428656578,4.844138377418677,1.194210566007174,0.11942105660071739,0.17753632481281573,0.05811526311131624,0.05811526311131624,0.020766714587807655,0.021987607702612877,0.02397959679365158,0.01795719563961029,0.03281554579734802,0.06891587376594543,0.11607571691274643,0.865887463092804
230.0,0.18255708309320304,0.1049638781696558,4.8895755280674,1.1772684271519,0.11772684271519,0.18255708309320304,0.06483023900252122,0.06483023900252122,0.01903260312974453,0.019814273342490196,0.020707527175545692,0.017270604148507118,0.030943620949983597,0.06239516660571098,0.10484227538108826,0.564704954624176
231.0,0.1874519964823356,0.14923442131839693,4.962532027136711,1.1997092985189879,0.11997092985189878,0.1874519964823356,0.0674810644525748,0.0674810644525748,0.020878851413726807,0.022169094532728195,0.024413369596004486,0.01820184849202633,0.03325306996703148,0.0710049569606781,0.1221436932682991,0.8818104863166809
232.0,0.18395987382301918,0.05901976162567735,4.750834347089551,1.1847619666503026,0.11847619666503027,0.18395987382301918,0.06548367827557601,0.06548367827557601,0.018631838262081146,0.019281459972262383,0.02026985213160515,0.01667972095310688,0.028886012732982635,0.05641946941614151,0.08102789521217346,0.2309618443250656
233.0,0.18021263010226762,0.12481910013593733,4.875063245503369,1.2120071328603303,0.12120071328603305,0.18021263010226762,0.05901191340616116,0.05901191340616116,0.020001528784632683,0.021200617775321007,0.022931301966309547,0.01724395528435707,0.031621053814888,0.06468953937292099,0.10736794024705887,0.7134968638420105
234.0,0.1804549046433889,0.0644212372135371,4.745469148146691,1.1885361167100759,0.11885361167100758,0.1804549046433889,0.06160129019274162,0.06160129019274162,0.01862366311252117,0.019182443618774414,0.02015070430934429,0.017005201429128647,0.02921844832599163,0.05691321939229965,0.0815139189362526,0.2727622985839844
235.0,0.17400205937715676,0.12719477154314518,4.658673866616332,1.1641002572499788,0.11641002572499788,0.17400205937715676,0.05759202832212815,0.05759202832212815,0.02000141143798828,0.021298442035913467,0.023005617782473564,0.017280763015151024,0.03181833773851395,0.06479179114103317,0.11093410104513168,0.7284277081489563
236.0,0.17907971487595484,0.06034541316330433,4.806345594273482,1.1610982968257024,0.11610982968257023,0.17907971487595484,0.0629698821844963,0.0629698821844963,0.019093841314315796,0.019720960408449173,0.02069360390305519,0.016891593113541603,0.029209626838564873,0.05601930618286133,0.08164048194885254,0.23949389159679413
237.0,0.18011575077588743,0.12472018622793257,4.808769337671925,1.167975168961745,0.1167975168961745,0.18011575077588743,0.06331822992517398,0.06331822992517398,0.019571760669350624,0.020800437778234482,0.022429734468460083,0.016919894143939018,0.031019030138850212,0.06309307366609573,0.10385904461145401,0.7200685143470764
238.0,0.17646820900531915,0.04684437834657729,4.6467580643869715,1.147563996223303,0.1147563996223303,0.17646820900531915,0.06171180852330648,0.06171180852330648,0.018687307834625244,0.019303100183606148,0.0203278549015522,0.01676405593752861,0.02894708886742592,0.05551939085125923,0.07766545563936234,0.1375407725572586
239.0,0.1774411963728758,0.13349711569026113,4.973724259428143,1.155776702440702,0.11557767024407019,0.1774411963728758,0.06186352125727213,0.06186352125727213,0.019434703513979912,0.020703407004475594,0.02230261079967022,0.016878925263881683,0.030972911044955254,0.06365906447172165,0.10860917717218399,0.7854161262512207
240.0,0.18194591540556687,0.06219246773980558,4.860862128730927,1.167529319341366,0.11675293193413659,0.18194591540556687,0.06519298198131415,0.06519298198131415,0.01850893720984459,0.019265703856945038,0.020215248689055443,0.01653479039669037,0.028615586459636688,0.056211937218904495,0.08224161714315414,0.25594592094421387
241.0,0.16808756727438706,0.1404535120818764,4.557810478021695,1.129350144129533,0.1129350144129533,0.16808756727438706,0.05515255105610077,0.05515255105610077,0.019749466329813004,0.021083269268274307,0.022730883210897446,0.017146648839116096,0.031589072197675705,0.06550467759370804,0.11499261111021042,0.8308314681053162
242.0,0.17743489490105555,0.06664342922158539,4.6378856275529134,1.1285761824020972,0.11285761824020973,0.17743489490105555,0.06457727459760812,0.06457727459760812,0.018595831468701363,0.01938263699412346,0.020275354385375977,0.016599489375948906,0.02888067625463009,0.05618689954280853,0.08365537971258163,0.2895711660385132
243.0,0.17369870096445084,0.153534647077322,4.677358991834617,1.199278528873737,0.1199278528873737,0.17369870096445084,0.05377084446641115,0.05377084446641115,0.020971743389964104,0.02222234010696411,0.024242613464593887,0.018120763823390007,0.033343151211738586,0.07019101828336716,0.11948397010564804,0.9197015762329102
244.0,0.1869515341061812,0.10919603076763451,4.863247272857189,1.232101504619305,0.1232101504619305,0.1869515341061812,0.06374138378753112,0.06374138378753112,0.018902333453297615,0.019925277680158615,0.02078857272863388,0.01697981357574463,0.030365921556949615,0.06055249646306038,0.10275629907846451,0.6032975316047668
245.0,0.18917834701446387,0.05134140164591372,4.915251826513922,1.266051017321073,0.12660510173210732,0.18917834701446387,0.06257324407880123,0.06257324407880123,0.01868969388306141,0.019343823194503784,0.020326748490333557,0.016857288777828217,0.02875298261642456,0.05544348061084747,0.07863105088472366,0.1726861447095871
246.0,0.1825360180093692,0.14654291281476617,4.679218823691948,1.2479795240438902,0.12479795240438901,0.1825360180093692,0.05773806342711815,0.05773806342711815,0.019668342545628548,0.020866097882390022,0.022529201582074165,0.01729303039610386,0.03217468783259392,0.0683736503124237,0.12112631648778915,0.870311975479126
247.0,0.20376165039264238,0.08716892753727734,4.854842294161847,1.3077267408370972,0.13077267408370974,0.20376165039264238,0.07298897321407612,0.07298897321407612,0.019385911524295807,0.02037469856441021,0.021439505741000175,0.016936011612415314,0.030133048072457314,0.058503683656454086,0.09524426609277725,0.43533429503440857
248.0,0.17137812536496383,0.12596973357722163,3.9134193353278968,1.1999662289252648,0.1199966228925265,0.17137812536496383,0.05138149886177136,0.05138149886177136,0.019176876172423363,0.020324483513832092,0.02158059924840927,0.017050648108124733,0.031125526875257492,0.0641280859708786,0.1109936460852623,0.7233780026435852
249.0,0.1844684716600638,0.045829023933038116,4.5683065318630485,1.2254730990299811,0.12254730990299811,0.1844684716600638,0.061921158948769935,0.061921158948769935,0.01921982690691948,0.01986934430897236,0.02069995552301407,0.01718122884631157,0.029656492173671722,0.055671822279691696,0.08038145303726196,0.12395206838846207
250.0,0.1798816111225348,0.13219971675425768,4.855730853876729,1.1473172627962553,0.11473172627962554,0.1798816111225348,0.06514988266504727,0.06514988266504727,0.019299088045954704,0.020434735342860222,0.02204562909901142,0.017062664031982422,0.031196745112538338,0.06529395282268524,0.11204273253679276,0.7702221870422363
251.0,0.18240109429909632,0.06597166485153139,4.8893722177604415,1.156256446471581,0.1156256446471581,0.18240109429909632,0.06677544862031937,0.06677544862031937,0.01907491683959961,0.019879916682839394,0.020800020545721054,0.01690124161541462,0.029239019379019737,0.056511059403419495,0.08517903089523315,0.28018811345100403
252.0,0.17442878106465706,0.14978541480377316,4.6996292214334625,1.1597892687870905,0.11597892687870905,0.17442878106465706,0.05844985120571577,0.05844985120571577,0.01985638029873371,0.0212065652012825,0.022725209593772888,0.017339693382382393,0.032170191407203674,0.06807135045528412,0.12061140686273575,0.8963025212287903
253.0,0.1860222971210113,0.07458412810228765,4.866452341282332,1.154996197957259,0.1154996197957259,0.1860222971210113,0.07052267600710575,0.07052267600710575,0.019150367006659508,0.019981976598501205,0.020877240225672722,0.016908224672079086,0.029473578557372093,0.056542444974184036,0.08792976289987564,0.3458094298839569
254.0,0.16358987528544205,0.15649269940331578,4.751302550843542,1.0955589688741243,0.10955589688741246,0.16358987528544205,0.054033976764633104,0.054033976764633104,0.020066063851118088,0.021385585889220238,0.023062096908688545,0.01757616549730301,0.03268737345933914,0.06941170990467072,0.12299805879592896,0.9447545409202576
255.0,0.18334011103098208,0.08581555564887822,4.673628622200657,1.1134068805437822,0.11134068805437822,0.18334011103098208,0.07199942119992696,0.07199942119992696,0.019279858097434044,0.020247187465429306,0.021160922944545746,0.016903070732951164,0.029981987550854683,0.05811957269906998,0.09323158115148544,0.42760026454925537
256.0,0.163904430774542,0.11347817676141858,4.526955576508537,1.118889989761206,0.1118889989761206,0.163904430774542,0.052015428932813496,0.052015428932813496,0.019440777599811554,0.020689822733402252,0.02202104963362217,0.016893789172172546,0.030880140140652657,0.06282860040664673,0.1046827957034111,0.6303884387016296
257.0,0.16822991290917763,0.06442417996004224,4.520590481409357,1.1047499752961671,0.11047499752961672,0.16822991290917763,0.05775491391810087,0.05775491391810087,0.01998039148747921,0.020645547658205032,0.021593565121293068,0.017730463296175003,0.03078412264585495,0.05875139310956001,0.08422994613647461,0.261678010225296
258.0,0.1779229652423125,0.11640610406175256,4.829993357901556,1.095030399469229,0.10950303994692288,0.1779229652423125,0.06841992386258565,0.06841992386258565,0.018992077559232712,0.02012871392071247,0.021393021568655968,0.016579901799559593,0.03022589348256588,0.061233703047037125,0.10268524289131165,0.6600102782249451
259.0,0.1760003910614894,0.06445104326121509,4.72657978287713,1.1317647374593294,0.11317647374593297,0.1760003910614894,0.06282391828986314,0.06282391828986314,0.019220203161239624,0.019894031807780266,0.020887590944767,0.01701006479561329,0.029432246461510658,0.05575687065720558,0.08026938140392303,0.2731379568576813
260.0,0.16862126611746275,0.1335478585679084,4.671442613704254,1.1096473909341371,0.11096473909341371,0.16862126611746275,0.057656525705869384,0.057656525705869384,0.01957567036151886,0.020854713395237923,0.022115400061011314,0.016999078914523125,0.03148322179913521,0.06475988775491714,0.11145003885030746,0.7811448574066162
261.0,0.17914790029709154,0.0959341290872544,4.779958979004347,1.105542813356106,0.11055428133561061,0.17914790029709154,0.06859361982116333,0.06859361982116333,0.019610602408647537,0.02052336372435093,0.02157082036137581,0.017068900167942047,0.030344519764184952,0.05893940478563309,0.09317570924758911,0.5062397122383118
262.0,0.16619018579904848,0.09294398524798453,4.767953831954243,1.0897667018266826,0.10897667018266824,0.16619018579904848,0.0572135138970155,0.0572135138970155,0.019081177189946175,0.019691230729222298,0.02064143680036068,0.01767442747950554,0.031053151935338974,0.06320637464523315,0.09941956400871277,0.47278451919555664
263.0,0.1830630245117041,0.1095685746986419,4.964648004079797,1.0951040868575757,0.10951040868575755,0.1830630245117041,0.07355261536744925,0.07355261536744925,0.019928693771362305,0.021145036444067955,0.022659532725811005,0.017329171299934387,0.03139815106987953,0.06453047692775726,0.105850450694561,0.5937070846557617
264.0,0.16996411635325506,0.08239837316796184,4.759679924568542,1.1204728209055388,0.11204728209055387,0.16996411635325506,0.05791683523700787,0.05791683523700787,0.01862506940960884,0.019430970773100853,0.020255401730537415,0.016795389354228973,0.029706323519349098,0.059852033853530884,0.0937868058681488,0.4007349908351898
265.0,0.1783746641415816,0.12793854344636202,4.927592223746254,1.1588308627788837,0.1158830862778884,0.1783746641415816,0.062491574396307654,0.062491574396307654,0.02028651162981987,0.02151341177523136,0.023237129673361778,0.0176374688744545,0.03213365748524666,0.06764578074216843,0.11176414042711258,0.729290246963501
266.0,0.17613886984495017,0.08913292223587632,4.680978896607077,1.1516873836517334,0.11516873836517337,0.17613886984495017,0.06097012987503639,0.06097012987503639,0.018595000728964806,0.019497528672218323,0.02031773515045643,0.016555313020944595,0.029446620494127274,0.05893319472670555,0.0949910506606102,0.4547269344329834
267.0,0.17174195784788865,0.1314565979409963,4.842134167321438,1.1214619049659142,0.11214619049659141,0.17174195784788865,0.05959576425644068,0.05959576425644068,0.02029036171734333,0.021484825760126114,0.023220244795084,0.017563913017511368,0.03214263543486595,0.06755975633859634,0.11101182550191879,0.7583792209625244
268.0,0.1784242821427492,0.09157041530124843,4.89135633556157,1.178207250741812,0.11782072507418119,0.1784242821427492,0.060603554432208724,0.060603554432208724,0.018451038748025894,0.019376706331968307,0.020236138254404068,0.016451871022582054,0.029114414006471634,0.058329060673713684,0.09432873874902725,0.47627535462379456
269.0,0.17708356965046662,0.1124272309243679,4.838014764564175,1.1909119257560143,0.11909119257560143,0.17708356965046662,0.057992375670717314,0.057992375670717314,0.019763698801398277,0.020874572917819023,0.022329876199364662,0.01700972020626068,0.030993090942502022,0.06310578435659409,0.10270937532186508,0.6226317286491394
270.0,0.17662511880581194,0.08585663652047515,4.578348157988336,1.1644327823932354,0.11644327823932356,0.17662511880581194,0.06018184326015986,0.06018184326015986,0.01873483695089817,0.019650666043162346,0.020299352705478668,0.016722390428185463,0.0296179186552763,0.058287736028432846,0.09335073083639145,0.43018946051597595
271.0,0.17007781221316412,0.12846724619157612,4.822028664553684,1.1032114349878752,0.1103211434987875,0.17007781221316412,0.059756666995011844,0.059756666995011844,0.020476192235946655,0.021687421947717667,0.023376071825623512,0.01775747537612915,0.03242574259638786,0.06876755505800247,0.11264017969369888,0.7306073307991028
272.0,0.17083145448794732,0.08488181023858488,4.716304901089936,1.0983067040260022,0.10983067040260025,0.17083145448794732,0.06100078213673372,0.06100078213673372,0.018550489097833633,0.019435858353972435,0.020243899896740913,0.01655411161482334,0.029402077198028564,0.058858633041381836,0.09361406415700912,0.42239534854888916
273.0,0.1695338825766857,0.11786551820114255,4.498710732716345,1.1248042583465576,0.11248042583465577,0.1695338825766857,0.05705345264421059,0.05705345264421059,0.019840961322188377,0.020982349291443825,0.022400451824069023,0.016983123496174812,0.03125547245144844,0.0635479986667633,0.10577544569969177,0.6621383428573608
274.0,0.16978502388183886,0.08437400381080806,4.729257615261561,1.1250831828667567,0.11250831828667567,0.16978502388183886,0.05727670126809524,0.05727670126809524,0.018545396625995636,0.01944701559841633,0.020330796018242836,0.016526399180293083,0.02928020805120468,0.05866919085383415,0.09276899695396423,0.41942402720451355
275.0,0.16961224377155304,0.11673101433552802,4.7297761712101485,1.1064792321278498,0.110647923212785,0.16961224377155304,0.05896431637498049,0.05896431637498049,0.019931817427277565,0.021101089194417,0.02266782522201538,0.01727847196161747,0.03139292076230049,0.06554487347602844,0.1084534302353859,0.6474776864051819
276.0,0.1693602232978894,0.0849688658490777,4.577384139396086,1.0958566986597502,0.10958566986597501,0.1693602232978894,0.05977455096749159,0.05977455096749159,0.018632175400853157,0.0195666141808033,0.020282769575715065,0.016583433374762535,0.02940746583044529,0.05788300931453705,0.09276124089956284,0.4246342182159424
277.0,0.16248194930645135,0.1313809345010668,4.602060499228688,1.05401005423986,0.105401005423986,0.16248194930645135,0.05708094600301523,0.05708094600301523,0.020346757024526596,0.021541835740208626,0.023117346689105034,0.017511656507849693,0.03219401836395264,0.06741862744092941,0.11155868321657181,0.7573585510253906
278.0,0.16476900932880548,0.0881518479436636,4.535272409090749,1.0680011258675501,0.10680011258675505,0.16476900932880548,0.05796889416300333,0.05796889416300333,0.018675699830055237,0.019636711105704308,0.02041848935186863,0.016537891700863838,0.029422884806990623,0.05773055553436279,0.09374614804983139,0.44904640316963196
279.0,0.16449361810317406,0.1124967047944665,4.587492874959643,1.0780361248896673,0.10780361248896674,0.16449361810317406,0.05669000458258849,0.05669000458258849,0.019766468554735184,0.020885488018393517,0.02225697971880436,0.016956793144345284,0.03106689639389515,0.06298038363456726,0.10387217998504639,0.6221884489059448
280.0,0.16462342326457685,0.08623794210143387,4.517741340374555,1.0845543123208559,0.10845543123208559,0.16462342326457685,0.056167988249888785,0.056167988249888785,0.01860237494111061,0.019558710977435112,0.02027689479291439,0.016568005084991455,0.02939322032034397,0.05788418650627136,0.09289021044969559,0.4347299337387085
281.0,0.16160532774833533,0.13408492342568934,4.553711153501687,1.0606840367500598,0.10606840367500599,0.16160532774833533,0.05553692350020775,0.05553692350020775,0.020509980618953705,0.021758606657385826,0.023268865421414375,0.017616061493754387,0.0325179360806942,0.0679011270403862,0.11436378955841064,0.7747430205345154
282.0,0.16310357646300241,0.045484147034585476,4.591574397550668,1.059903078354322,0.1059903078354322,0.16310357646300241,0.05711326633508389,0.05711326633508389,0.018825344741344452,0.01963082142174244,0.020514819771051407,0.01669641025364399,0.02899729087948799,0.05657527968287468,0.08233609795570374,0.12029711157083511
283.0,0.1673683518400559,0.1226333484519273,4.572541616533569,1.088950528548314,0.10889505285483139,0.1673683518400559,0.05847329789629349,0.05847329789629349,0.01919068954885006,0.02038176916539669,0.021661439910531044,0.01661304570734501,0.030667340382933617,0.06219862774014473,0.10644018650054932,0.703913688659668
284.0,0.1844210670544551,0.07110370392911136,4.66993869581086,1.2161865876271174,0.12161865876271177,0.1844210670544551,0.06280240645775428,0.06280240645775428,0.019010981544852257,0.019918018952012062,0.020961154252290726,0.016515130177140236,0.029436644166707993,0.05892956629395485,0.09429124742746353,0.30976688861846924
285.0,0.17945073086481828,0.12980133458040655,4.833538632428228,1.2590050330528846,0.12590050330528849,0.17945073086481828,0.053550222888588905,0.053550222888588905,0.019593458622694016,0.020846549421548843,0.022385509684681892,0.016905758529901505,0.03122168779373169,0.06439068168401718,0.10888779163360596,0.7541792392730713
286.0,0.19526877196935508,0.0644066845998168,4.9147685365665374,1.2919922700295081,0.1291992270029508,0.19526877196935508,0.06606954250198144,0.06606954250198144,0.018857311457395554,0.019709387794137,0.020599037408828735,0.016595231369137764,0.028946205973625183,0.05758053809404373,0.08805569261312485,0.2649100720882416
287.0,0.17329478951600882,0.13148142909631133,4.470813430665881,1.2108985277322621,0.12108985277322624,0.17329478951600882,0.05220493473685705,0.05220493473685705,0.019580112770199776,0.02086716890335083,0.022253068163990974,0.016888845711946487,0.03139718249440193,0.06401880085468292,0.11092519760131836,0.7659210562705994
288.0,0.19068965659691736,0.07569846231490374,4.772423331061327,1.2587660872019255,0.12587660872019255,0.19068965659691736,0.06481304707435462,0.06481304707435462,0.01947510428726673,0.020408563315868378,0.021476352587342262,0.016884170472621918,0.03029545024037361,0.0600113719701767,0.09632842987775803,0.34070825576782227
289.0,0.17868267916716063,0.14822679432108998,4.721250026896102,1.226516102369015,0.1226516102369015,0.17868267916716063,0.0560310660646512,0.0560310660646512,0.02029118686914444,0.02165357582271099,0.023590220138430595,0.01753198727965355,0.03261038288474083,0.06877061724662781,0.11976934224367142,0.8815970420837402
290.0,0.18371785775973246,0.06618305901065469,4.748861203946583,1.170116779895929,0.1170116779895929,0.18371785775973246,0.06670618057250977,0.06670618057250977,0.01867811195552349,0.01951887272298336,0.020367184653878212,0.016481919214129448,0.02879030629992485,0.056323956698179245,0.08632239699363708,0.2829817235469818
291.0,0.15930525729289421,0.14721920364536345,4.589332512200464,1.0745922946012938,0.10745922946012938,0.15930525729289421,0.05184602622802441,0.05184602622802441,0.020784612745046616,0.022077616304159164,0.023849494755268097,0.01780109666287899,0.033287178725004196,0.06962904334068298,0.12072190642356873,0.8696026802062988
292.0,0.16875350188750488,0.05578805087134242,4.5170713060986305,1.0946814509538503,0.10946814509538504,0.16875350188750488,0.05928535415576054,0.05928535415576054,0.018662216141819954,0.01940307766199112,0.02026829496026039,0.016517983749508858,0.02902800962328911,0.05650220066308975,0.08336799591779709,0.2025546282529831
293.0,0.1616034651031861,0.11748991743661463,4.747503261177723,1.0704378760777986,0.10704378760777987,0.1616034651031861,0.05455967497367125,0.05455967497367125,0.019613277167081833,0.020788628607988358,0.022236691787838936,0.016818109899759293,0.031090158969163895,0.06332695484161377,0.10609591752290726,0.6599496006965637
294.0,0.16565072192595556,0.0616180959623307,4.6860161899628086,1.0369129043359022,0.10369129043359021,0.16565072192595556,0.061959430002249204,0.061959430002249204,0.019018448889255524,0.019734390079975128,0.02059764787554741,0.016669785603880882,0.029163885861635208,0.0571444034576416,0.08192650973796844,0.2486896961927414
295.0,0.1615462010869613,0.12355243507772684,4.485949772851736,1.042337396970162,0.10423373969701624,0.1615462010869613,0.05731246075951136,0.05731246075951136,0.019810106605291367,0.02106807380914688,0.02251506969332695,0.016901947557926178,0.03152931481599808,0.0637739971280098,0.11221039295196533,0.7006105780601501
296.0,0.16899742529942438,0.05006610625423491,4.723264501915599,1.0795965080077832,0.10795965080077832,0.16899742529942438,0.06103777398283665,0.06103777398283665,0.01870771124958992,0.019466185942292213,0.020340928807854652,0.016474468633532524,0.02877771109342575,0.055949341505765915,0.08226152509450912,0.15855097770690918
297.0,0.16917356906028894,0.12644725432619452,4.779934063196685,1.117090880870819,0.11170908808708192,0.16917356906028894,0.05746448125976782,0.05746448125976782,0.019594047218561172,0.02085716649889946,0.02237667515873909,0.016923008486628532,0.03118378110229969,0.06444492936134338,0.10812608152627945,0.7280723452568054
298.0,0.17079759102601272,0.05625288933515549,4.536023073357243,1.1043123534092536,0.11043123534092537,0.17079759102601272,0.060366352303670004,0.060366352303670004,0.01880514807999134,0.019593117758631706,0.02040940150618553,0.016556551679968834,0.029163574799895287,0.05625510215759277,0.0854015126824379,0.20383870601654053
299.0,0.16923330838863665,0.13363637030124664,4.854362643593749,1.1197067224062407,0.11197067224062406,0.16923330838863665,0.05726263414208706,0.05726263414208706,0.019761202856898308,0.021106543019413948,0.022632598876953125,0.01708352193236351,0.031543243676424026,0.06530820578336716,0.11160900443792343,0.7800466418266296
300.0,0.17750594134514147,0.058409022400155663,4.807837287205616,1.1226780299956982,0.11226780299956982,0.17750594134514147,0.06523813765782577,0.06523813765782577,0.01875438168644905,0.01954844780266285,0.020409369841217995,0.016590232029557228,0.028873495757579803,0.05618920922279358,0.08448511362075806,0.22242192924022675
301.0,0.16962200575149977,0.1462473615538329,4.501584374155522,1.1849053181134737,0.11849053181134737,0.16962200575149977,0.05113147385418415,0.05113147385418415,0.02020139992237091,0.0216340571641922,0.02331787347793579,0.01738397218286991,0.032470863312482834,0.06835479289293289,0.12244967371225357,0.864166259765625
302.0,0.18466306592409426,0.07418498769402504,4.6430395763318,1.2037215347473438,0.12037215347473437,0.18466306592409426,0.06429090866675743,0.06429090866675743,0.018993064761161804,0.019877947866916656,0.02065134234726429,0.01660275086760521,0.029379846528172493,0.05735373497009277,0.09221086651086807,0.338410347700119
303.0,0.17180965095758438,0.10795006295666099,4.816697124658,1.1982314265691316,0.11982314265691317,0.17180965095758438,0.0519865070684598,0.0519865070684598,0.019898243248462677,0.021002333611249924,0.022304600104689598,0.017109034582972527,0.03125623241066933,0.06387906521558762,0.10524838417768478,0.5829026103019714
304.0,0.17797299073292658,0.08846058556810021,4.741843921394414,1.2148765784043531,0.12148765784043535,0.17797299073292658,0.05648533054269277,0.05648533054269277,0.01889047585427761,0.01972685195505619,0.020429303869605064,0.017054712399840355,0.03033168986439705,0.06057693436741829,0.09656530618667603,0.44410941004753113
305.0,0.17335551862533277,0.1276895252522081,4.92777527904441,1.1171501599825346,0.11171501599825347,0.17335551862533277,0.06164050102233887,0.06164050102233887,0.020406337454915047,0.02160058729350567,0.02325456775724888,0.017647024244070053,0.03251849114894867,0.06865987181663513,0.11380860954523087,0.7236207127571106
306.0,0.16907106741116598,0.10109320585615933,4.631084277840197,1.1128980013040395,0.11128980013040397,0.16907106741116598,0.057781266048550606,0.057781266048550606,0.01893698237836361,0.01990327425301075,0.020881513133645058,0.01662789098918438,0.03000878356397152,0.05973703786730766,0.09926096349954605,0.5433892011642456
307.0,0.16663837146300536,0.04378635250031948,4.7700910722625585,1.0919670646007245,0.10919670646007246,0.16663837146300536,0.05744166299700737,0.05744166299700737,0.019115088507533073,0.019801268354058266,0.020627833902835846,0.016958555206656456,0.029441872611641884,0.05625767260789871,0.08067309111356735,0.10741543769836426
308.0,0.16628276728666747,0.1386454119347036,4.832881810160032,1.0764373540878296,0.10764373540878297,0.16628276728666747,0.05863903033045622,0.05863903033045622,0.019717585295438766,0.020823530852794647,0.02270755171775818,0.01729676127433777,0.03204451501369476,0.06750800460577011,0.1163819432258606,0.8126834034919739
309.0,0.18225134622592193,0.0801851658616215,4.923020808507882,1.1068232655525208,0.11068232655525206,0.18225134622592193,0.07156901634656467,0.07156901634656467,0.019485581666231155,0.02042197622358799,0.0215001180768013,0.01692024990916252,0.03022626042366028,0.05972491204738617,0.09476736187934875,0.3784348666667938
310.0,0.16019780131486747,0.07687725522555411,4.4957756742600585,1.0889442196259131,0.1088944219625913,0.16019780131486747,0.051303376658604696,0.051303376658604696,0.0190550796687603,0.019787579774856567,0.02057626098394394,0.017317434772849083,0.03098805993795395,0.0629420354962349,0.0992228165268898,0.34512877464294434
311.0,0.17571411854945695,0.10978388180956244,4.9064796673342155,1.051395567563864,0.10513955675638637,0.17571411854945695,0.07057455984445718,0.07057455984445718,0.019981609657406807,0.0211026631295681,0.022926393896341324,0.017418360337615013,0.03162173554301262,0.06570333242416382,0.10813254863023758,0.5913844108581543
312.0,0.16448939591646194,0.08633494540117681,4.65331467302923,1.0726038332168872,0.10726038332168872,0.16448939591646194,0.057229011391217895,0.057229011391217895,0.018942106515169144,0.019759545102715492,0.020755721256136894,0.01694192737340927,0.030109824612736702,0.06088054180145264,0.09553990513086319,0.42774999141693115
313.0,0.16686450231533784,0.11906201718375087,4.567614414830301,1.0835287364629598,0.10835287364629598,0.16686450231533784,0.05851162769473516,0.05851162769473516,0.020127873867750168,0.02130216732621193,0.022648366168141365,0.017169686034321785,0.03191063553094864,0.06509531289339066,0.11003410071134567,0.6642079949378967
314.0,0.1600917256795443,0.04718484473414719,4.412940112545697,1.0577551057705512,0.10577551057705512,0.1600917256795443,0.05431621306790756,0.05431621306790756,0.019266687333583832,0.020101193338632584,0.020978190004825592,0.016903042793273926,0.029646651819348335,0.05787530913949013,0.08529984951019287,0.12740783393383026
315.0,0.16105338243337777,0.12933252728544176,4.516272018173137,1.0423773504220522,0.10423773504220524,0.16105338243337777,0.05681564658880234,0.05681564658880234,0.019624236971139908,0.02081424742937088,0.022192521020770073,0.016880512237548828,0.03138846531510353,0.06374021619558334,0.10880289226770401,0.7512171268463135
316.0,0.16654856789570588,0.06650279182940722,4.511637535368147,1.0402383185349977,0.10402383185349977,0.16654856789570588,0.06252473707382496,0.06252473707382496,0.019053321331739426,0.01993449591100216,0.020785419270396233,0.016613652929663658,0.029453398659825325,0.05774347484111786,0.09007060527801514,0.2783679664134979
317.0,0.1571176453278615,0.1309180692769587,4.755090348611559,1.0359504589667687,0.10359504589667687,0.1571176453278615,0.05352259756853947,0.05352259756853947,0.020636551082134247,0.021837448701262474,0.02332952246069908,0.017718451097607613,0.0328594446182251,0.06833985447883606,0.11482501775026321,0.7477982640266418
318.0,0.16639389670812166,0.052972195437178016,4.689300593660378,1.0728378410522754,0.10728378410522756,0.16639389670812166,0.05911011148530703,0.05911011148530703,0.018954405561089516,0.019745465368032455,0.02064714953303337,0.016699405387043953,0.029178662225604057,0.0569593571126461,0.08347257971763611,0.17812053859233856
319.0,0.16175456459705645,0.1173051439691335,4.507422495683328,1.096496893809392,0.10964968938093919,0.16175456459705645,0.05210487358272076,0.05210487358272076,0.02026943676173687,0.02143552340567112,0.022747663781046867,0.017243798822164536,0.0320499986410141,0.06451936066150665,0.10972335189580917,0.6504520177841187
320.0,0.1623863996221469,0.06573146372102201,4.474788968096549,1.0523110696902642,0.1052311069690264,0.1623863996221469,0.057155291764782026,0.057155291764782026,0.019823146983981133,0.020606108009815216,0.021380731835961342,0.017233720049262047,0.030506569892168045,0.059636350721120834,0.08627132326364517,0.2703937590122223
321.0,0.16771032030765826,0.11485606245696545,4.601633930813132,1.072383422117967,0.10723834221179665,0.16771032030765826,0.0604719751729415,0.0604719751729415,0.019875070080161095,0.020997490733861923,0.02233136259019375,0.016941476613283157,0.031427931040525436,0.06290993094444275,0.10719748586416245,0.637167751789093
322.0,0.16341092437505722,0.06750623509287834,4.666794626598562,1.0621211872651026,0.10621211872651028,0.16341092437505722,0.05719880616435638,0.05719880616435638,0.0193979199975729,0.02020711451768875,0.0209856778383255,0.016814788803458214,0.02994547411799431,0.058070987462997437,0.08702796697616577,0.28759995102882385
323.0,0.16769305616617203,0.1276373330038041,4.858065710581317,1.0923271523072169,0.10923271523072167,0.16769305616617203,0.05846033761134514,0.05846033761134514,0.019918687641620636,0.021171415224671364,0.022649938240647316,0.017040258273482323,0.031724218279123306,0.06487593799829483,0.11108729988336563,0.7326309084892273
324.0,0.17486619146970603,0.058612619526684284,4.795492956407353,1.1228914169164805,0.11228914169164804,0.17486619146970603,0.0625770493195607,0.0625770493195607,0.01918962225317955,0.01999076083302498,0.020832829177379608,0.01671738363802433,0.02945052646100521,0.05750545114278793,0.08701946586370468,0.21819491684436798
325.0,0.16373799970516792,0.1344898308161646,4.710688381473689,1.12270548251959,0.11227054825195898,0.16373799970516792,0.05146745449075332,0.05146745449075332,0.019953981041908264,0.021219486370682716,0.022829333320260048,0.017093127593398094,0.031888581812381744,0.06564774364233017,0.11266133934259415,0.7846250534057617
326.0,0.17704789913617647,0.07155292574316263,4.7876398999034295,1.119501836024798,0.1119501836024798,0.17704789913617647,0.06509771255346444,0.06509771255346444,0.01930833049118519,0.020156726241111755,0.021076882258057594,0.016711855307221413,0.029721910133957863,0.058485135436058044,0.09266146272420883,0.31430110335350037
327.0,0.15183341617767626,0.057310633827000856,4.424397751655216,1.0481573457901294,0.10481573457901296,0.15183341617767626,0.04701767790202911,0.04701767790202911,0.019401006400585175,0.020067928358912468,0.020818617194890976,0.01697598583996296,0.03000251203775406,0.05748662352561951,0.08273021131753922,0.2110021859407425
328.0,0.1606388304096002,0.14780933409929276,4.531850806733815,1.0415693842447722,0.10415693842447722,0.1606388304096002,0.05648189038038254,0.05648189038038254,0.020238840952515602,0.021462202072143555,0.02307254634797573,0.01746591553092003,0.03288251534104347,0.0690988078713417,0.1221790537238121,0.8760747909545898
329.0,0.17777027648228866,0.09562417585402727,4.810172496227265,1.0554312146626985,0.10554312146626985,0.17777027648228866,0.0722271530674054,0.0722271530674054,0.01985512487590313,0.020746495574712753,0.021781107410788536,0.01702781207859516,0.031004128977656364,0.061039142310619354,0.10071608424186707,0.4928235113620758
330.0,0.15666930434795526,0.08534091175533831,4.725694864727865,1.084362926391455,0.10843629263914549,0.15666930434795526,0.04823301073450308,0.04823301073450308,0.019614437595009804,0.02041003108024597,0.021498562768101692,0.017458857968449593,0.031415458768606186,0.06370219588279724,0.09980661422014236,0.40882113575935364
331.0,0.18047193953624138,0.12211866467259824,4.70368939071435,1.1224053364533644,0.11224053364533643,0.18047193953624138,0.0682314049739104,0.0682314049739104,0.0206570066511631,0.02181614376604557,0.023198850452899933,0.017645876854658127,0.03294583037495613,0.06834234297275543,0.1176803782582283,0.6746628880500793
332.0,0.16531622409820557,0.0588349774479866,4.860313520493852,1.1280475098353167,0.11280475098353165,0.16531622409820557,0.05251147067890717,0.05251147067890717,0.01990191452205181,0.020689241588115692,0.02177511341869831,0.017447486519813538,0.030547503381967545,0.06059848889708519,0.08761336654424667,0.21210670471191406
333.0,0.17378851198233092,0.115745282266289,4.755292740470941,1.1301155227881212,0.11301155227881211,0.17378851198233092,0.060776957955497965,0.060776957955497965,0.019515207037329674,0.020429594442248344,0.021663852035999298,0.01687570847570896,0.031053276732563972,0.061900246888399124,0.10419370979070663,0.650330662727356
334.0,0.17426555431806123,0.061948746209964156,4.578864582630256,1.1257689388898702,0.112576893888987,0.17426555431806123,0.06168865813658787,0.06168865813658787,0.01930331438779831,0.020114297047257423,0.020966162905097008,0.016659997403621674,0.029757184907794,0.05888380855321884,0.09050934761762619,0.2393958568572998
335.0,0.1561306703549165,0.10927335731685162,4.3838241637889,1.0553052241985614,0.10553052241985615,0.1561306703549165,0.050600144725579485,0.050600144725579485,0.02041509933769703,0.021434195339679718,0.022512784227728844,0.017339736223220825,0.03193297237157822,0.06389280408620834,0.10689115524291992,0.58976811170578
336.0,0.15885403408454016,0.08277286356315017,4.765162131940814,1.0238531208955324,0.10238531208955325,0.15885403408454016,0.056468722625420645,0.056468722625420645,0.019162647426128387,0.01993384398519993,0.020933708176016808,0.016963865607976913,0.030295342206954956,0.061008796095848083,0.09401720017194748,0.3998675048351288
337.0,0.16222136754256028,0.11299661826342344,4.797160267370649,1.0167405238518348,0.10167405238518348,0.16222136754256028,0.06054731300817086,0.06054731300817086,0.020401019603013992,0.0214760173112154,0.023201623931527138,0.017636749893426895,0.03224119171500206,0.06748642027378082,0.1124207004904747,0.6091092228889465
338.0,0.16318596784885114,0.09990410110913217,4.4667668751732785,1.0735868651133318,0.10735868651133318,0.16318596784885114,0.05582728122289364,0.05582728122289364,0.019519926980137825,0.0204901285469532,0.021518906578421593,0.016795529052615166,0.03070535883307457,0.06085378676652908,0.10248643159866333,0.5268627405166626
339.0,0.16386831895663187,0.05642771627753973,4.545158897111314,1.0830747851958642,0.10830747851958641,0.16386831895663187,0.05556084000720428,0.05556084000720428,0.019730746746063232,0.02038981392979622,0.021097609773278236,0.017290320247411728,0.03014974109828472,0.05769440531730652,0.08173292875289917,0.20333616435527802
340.0,0.16809832362028268,0.1294718594290316,4.60569743221807,1.080202272305122,0.10802022723051218,0.16809832362028268,0.06007809335222611,0.06007809335222611,0.01994236186146736,0.020996682345867157,0.02279810793697834,0.017289532348513603,0.032239124178886414,0.06678270548582077,0.11336672306060791,0.7423596382141113
341.0,0.17312359580626854,0.08320869994349778,4.581734606349223,1.060734157378857,0.10607341573788573,0.17312359580626854,0.06705018132925034,0.06705018132925034,0.019988616928458214,0.02086367830634117,0.021685123443603516,0.017048094421625137,0.031028948724269867,0.06014961376786232,0.09650927037000656,0.39839625358581543
342.0,0.1667281028169852,0.13865714333951473,4.8822349589360705,1.1424383314756246,0.11424383314756247,0.1667281028169852,0.05248426932554979,0.05248426932554979,0.020344585180282593,0.021422460675239563,0.02335953526198864,0.017614634707570076,0.03289060294628143,0.06853530555963516,0.11530710011720657,0.8097829222679138
343.0,0.19276199145958975,0.06606096401810646,4.9256024291153375,1.2183804443249335,0.12183804443249338,0.19276199145958975,0.07092394393223983,0.07092394393223983,0.02005038410425186,0.020818905904889107,0.02156277373433113,0.017242619767785072,0.030634623020887375,0.05919784680008888,0.08711408823728561,0.27186647057533264
344.0,0.16860632942273066,0.14572782395407557,4.483254094236527,1.1823313327936025,0.11823313327936023,0.16860632942273066,0.05037319402282055,0.05037319402282055,0.020769651979207993,0.022002561017870903,0.02356364019215107,0.017782818526029587,0.033561479300260544,0.0696067288517952,0.12190061807632446,0.8566350936889648
345.0,0.18579579488589212,0.08528663613833487,4.742185960192314,1.147803856776311,0.11478038567763107,0.18579579488589212,0.07101540482388093,0.07101540482388093,0.02034166269004345,0.02115524373948574,0.021902987733483315,0.01736675575375557,0.03143724054098129,0.060559071600437164,0.09518367052078247,0.41434645652770996
346.0,0.16037091727440173,0.0778956227004528,4.730757888879559,1.1003952714113088,0.1100395271411309,0.16037091727440173,0.0503313855196421,0.0503313855196421,0.020145278424024582,0.02089734375476837,0.021964197978377342,0.017849521711468697,0.03190084919333458,0.06476493179798126,0.09822577238082886,0.34741708636283875
347.0,0.1767381550027774,0.11040987516753376,5.021523389476002,1.0688437246359312,0.10688437246359311,0.1767381550027774,0.06985378380005176,0.06985378380005176,0.021182242780923843,0.022213708609342575,0.023957664147019386,0.018201928585767746,0.033379100263118744,0.06886547803878784,0.11468692868947983,0.5807919502258301
348.0,0.16253162576602057,0.08311901264823973,4.692013630441515,1.077340263586778,0.1077340263586778,0.16253162576602057,0.05479760152789263,0.05479760152789263,0.020747944712638855,0.021533140912652016,0.022368283942341805,0.01779317297041416,0.0320407971739769,0.06073509529232979,0.08987361192703247,0.39986005425453186
349.0,0.1634076444002298,0.11979067954234779,4.328921892249798,1.0252901751261492,0.10252901751261492,0.1634076444002298,0.0608786278619216,0.0608786278619216,0.020996415987610817,0.02193829044699669,0.023003822192549706,0.01764526776969433,0.033005502074956894,0.06408221274614334,0.10848861187696457,0.669165313243866
350.0,0.15322615550114557,0.07367299124598503,4.511746313156925,1.0216096066511595,0.10216096066511594,0.15322615550114557,0.05106519162654877,0.05106519162654877,0.02047334797680378,0.02123304456472397,0.02239680476486683,0.01789272204041481,0.03163066506385803,0.06328288465738297,0.09145040065050125,0.3210240602493286
351.0,0.16283227847172663,0.12286562449298799,4.723175915298222,1.010430049437743,0.1010430049437743,0.16283227847172663,0.06178927120680992,0.06178927120680992,0.02061627060174942,0.02177341841161251,0.023231495171785355,0.017522122710943222,0.0328754186630249,0.06677453219890594,0.11447203159332275,0.6856597065925598
352.0,0.15406405524565622,0.0612791299354285,4.734091487631956,0.9964963793754578,0.09964963793754578,0.15406405524565622,0.054414414729063325,0.054414414729063325,0.019814174622297287,0.02061064913868904,0.02161932736635208,0.017287082970142365,0.030430862680077553,0.0604560412466526,0.08595456928014755,0.23406033217906952
353.0,0.157480850815773,0.11901668016798794,4.716856741491198,0.9967302794639881,0.0996730279463988,0.157480850815773,0.057807822640125565,0.057807822640125565,0.020587923005223274,0.021652702242136,0.023147523403167725,0.01757758855819702,0.03261212632060051,0.06568054109811783,0.1104285717010498,0.6604464650154114
354.0,0.1577495915385393,0.058963075280189514,4.6446396296123025,1.0339798239561229,0.10339798239561225,0.1577495915385393,0.05435160733759403,0.05435160733759403,0.01926640048623085,0.02011711709201336,0.02095329947769642,0.016733551397919655,0.02967876009643078,0.058350805193185806,0.08498463034629822,0.22162003815174103
355.0,0.15526932707199684,0.10617458052001894,4.497952635325655,1.0366252889999976,0.10366252889999977,0.15526932707199684,0.051606797971404515,0.051606797971404515,0.02089959941804409,0.021840708330273628,0.022973526269197464,0.01783900521695614,0.03250250592827797,0.0648440420627594,0.10378598421812057,0.5647112727165222
356.0,0.16352829107871422,0.059401138219982386,4.511636557661083,1.0279896717805128,0.1027989671780513,0.16352829107871422,0.06072932281173193,0.06072932281173193,0.019339991733431816,0.020182648673653603,0.021029479801654816,0.01678859442472458,0.02979666367173195,0.05855598300695419,0.08493867516517639,0.22457706928253174
357.0,0.1520092309667514,0.11758107366040349,4.659909511520248,1.0118021896252265,0.10118021896252266,0.1520092309667514,0.050829011803636186,0.050829011803636186,0.020923497155308723,0.021884530782699585,0.02314380742609501,0.017837535589933395,0.0328071229159832,0.06580781191587448,0.10829681903123856,0.649947464466095
358.0,0.16008513879317504,0.06653620209544897,4.757177477709529,1.0040150491090922,0.10040150491090921,0.16008513879317504,0.05968363382495367,0.05968363382495367,0.019236257299780846,0.020059021189808846,0.02093152329325676,0.01669110544025898,0.0297094713896513,0.058644723147153854,0.08643267303705215,0.28058484196662903
359.0,0.15250487969471857,0.09923349879682064,4.685252550507938,1.0010456993029668,0.10010456993029669,0.15250487969471857,0.05240030558063434,0.05240030558063434,0.02033541537821293,0.021206477656960487,0.02243182435631752,0.017362289130687714,0.031649261713027954,0.06216183304786682,0.10091274976730347,0.5178081393241882
360.0,0.15886144168101823,0.07393016549758613,4.558590102514239,1.0288483936053057,0.10288483936053056,0.15886144168101823,0.05597660103096412,0.05597660103096412,0.01939484290778637,0.020249640569090843,0.021030431613326073,0.016770396381616592,0.030106373131275177,0.05919501185417175,0.09080076217651367,0.33389386534690857
361.0,0.1550526682000894,0.12125769164413214,4.697082723039832,1.0249879199724932,0.10249879199724932,0.1550526682000894,0.05255387551509417,0.05255387551509417,0.02110721543431282,0.02213185839354992,0.023369230329990387,0.018051357939839363,0.033247265964746475,0.0674365907907486,0.11358169466257095,0.6711363196372986
362.0,0.16072796457088911,0.08146188105456531,4.745445093673025,1.04324743610162,0.10432474361016203,0.16072796457088911,0.05640321998642041,0.05640321998642041,0.019535228610038757,0.02042238414287567,0.021436035633087158,0.01680751144886017,0.03027072735130787,0.059945058077573776,0.09454146772623062,0.38873663544654846
363.0,0.15609669570739454,0.11970701673999429,4.707345499761642,1.0422857678853548,0.10422857678853549,0.15609669570739454,0.051868115623409934,0.051868115623409934,0.0210143830627203,0.02204154059290886,0.02339484542608261,0.018060600385069847,0.03309905156493187,0.06775312125682831,0.11357585340738297,0.6587167382240295
364.0,0.15970940257494265,0.08063403842970729,4.660071268100018,1.0383292161501372,0.10383292161501372,0.15970940257494265,0.05587647797969671,0.05587647797969671,0.019528307020664215,0.020385030657052994,0.021185433492064476,0.016789061948657036,0.0302826426923275,0.05952313542366028,0.09382233023643494,0.3835563659667969
365.0,0.15612672555905122,0.11991663230583072,4.5320946548043315,1.0489118443085597,0.10489118443085597,0.15612672555905122,0.051235537976026535,0.051235537976026535,0.021103056147694588,0.02208554930984974,0.023314040154218674,0.01804625242948532,0.033194515854120255,0.06728381663560867,0.11325783282518387,0.6610479950904846
366.0,0.16320432607944196,0.08116224990226328,4.43439249438135,1.091708990243765,0.10917089902437652,0.16320432607944196,0.05403342714103369,0.05403342714103369,0.019783705472946167,0.02062630094587803,0.021421579644083977,0.016914313659071922,0.030740588903427124,0.06001650169491768,0.09590509533882141,0.38388991355895996
367.0,0.16173569227640444,0.06427943124435842,4.680530094539105,1.0924355273063366,0.10924355273063367,0.16173569227640444,0.05249213742522093,0.05249213742522093,0.020560603588819504,0.021238381043076515,0.02193356491625309,0.01787390373647213,0.031273145228624344,0.06125246360898018,0.08704182505607605,0.25306156277656555
368.0,0.16924424125598028,0.11486761807464063,4.772850905076127,1.0976115006666918,0.10976115006666917,0.16924424125598028,0.059483088266391024,0.059483088266391024,0.020021703094244003,0.020820165053009987,0.022251389920711517,0.01709476113319397,0.03171456605195999,0.06360622495412827,0.10740676522254944,0.6360253691673279
369.0,0.1724394399386186,0.06926682498306036,4.927080174869959,1.065537732381087,0.1065537732381087,0.1724394399386186,0.06588566561157887,0.06588566561157887,0.020481018349528313,0.021269256249070168,0.022126829251646996,0.01756935752928257,0.031416647136211395,0.06196717172861099,0.0936242938041687,0.28568002581596375
370.0,0.15642011910676956,0.12081910739652812,4.702908114138941,1.0266301333904266,0.1026630133390427,0.15642011910676956,0.05375710358986488,0.05375710358986488,0.020136896520853043,0.020943932235240936,0.02244916558265686,0.01722087152302265,0.03193334490060806,0.06402797996997833,0.10843512415885925,0.6814055442810059
371.0,0.16454937480963194,0.08871174394153059,4.4059836352467,1.0015131441446452,0.10015131441446451,0.16454937480963194,0.06439805618272378,0.06439805618272378,0.02050120383501053,0.02125992812216282,0.0218326635658741,0.017412248998880386,0.0318051353096962,0.06061827018857002,0.09617649763822556,0.4400880038738251
372.0,0.1474120462170014,0.06917965854518116,4.447145969499522,0.9883181269352252,0.09883181269352254,0.1474120462170014,0.048580232434547864,0.048580232434547864,0.01997382938861847,0.020693134516477585,0.021790364757180214,0.017479630187153816,0.03115697018802166,0.06242174655199051,0.09137392789125443,0.28854766488075256
373.0,0.1645306979234402,0.11072250246070325,4.791697826327079,1.0127817392349243,0.10127817392349246,0.1645306979234402,0.06325252182208575,0.06325252182208575,0.02103673852980137,0.02203783392906189,0.023550817742943764,0.018066158518195152,0.03325052186846733,0.0673738569021225,0.11441304534673691,0.5860510468482971
374.0,0.15799021892822707,0.08934011217206717,4.749584669008734,1.0645627746215234,0.10645627746215233,0.15799021892822707,0.05153394003327076,0.05153394003327076,0.019875377416610718,0.02073146030306816,0.021887531504034996,0.0171065516769886,0.030938545241951942,0.06177625060081482,0.09830643981695175,0.44409874081611633
375.0,0.16575109844024366,0.11042139935307205,4.811718025806251,1.075013449558845,0.10750134495588451,0.16575109844024366,0.05824975311183012,0.05824975311183012,0.020924538373947144,0.021851107478141785,0.023260364308953285,0.017917122691869736,0.03284217417240143,0.06595433503389359,0.11072719842195511,0.5898943543434143
376.0,0.15491938762939894,0.08244252321310341,4.751280926069749,1.0195637803811293,0.10195637803811294,0.15491938762939894,0.05296300623852473,0.05296300623852473,0.019716834649443626,0.02057495526969433,0.021584557369351387,0.017044134438037872,0.030637461692094803,0.060607098042964935,0.09356516599655151,0.39580997824668884
377.0,0.15575361595704004,0.11486610071733594,4.709224077443376,1.002874798499621,0.10028747984996209,0.15575361595704004,0.05546613295490925,0.05546613295490925,0.021007774397730827,0.02198113687336445,0.023324323818087578,0.01798783428966999,0.03304697200655937,0.06652624160051346,0.11203524470329285,0.623019278049469
378.0,0.1551820022555498,0.08693255414254963,4.567919713809251,1.006409913301468,0.10064099133014677,0.1551820022555498,0.054541009836472,0.054541009836472,0.019695356488227844,0.020589442923665047,0.021439436823129654,0.016885749995708466,0.030561082065105438,0.060030747205019,0.09682154655456543,0.4294370710849762
379.0,0.15003500420313615,0.12546937726438046,4.66935229203102,0.9700520588801458,0.09700520588801458,0.15003500420313615,0.0530297951056407,0.0530297951056407,0.021332453936338425,0.02237481251358986,0.023707175627350807,0.018221748992800713,0.03379051387310028,0.06873813271522522,0.11747459322214127,0.6981155872344971
380.0,0.15381982635993224,0.08481241716071963,4.734782599349803,0.9955653594090388,0.09955653594090388,0.15381982635993224,0.05426328887160008,0.05426328887160008,0.019829344004392624,0.020718930289149284,0.021801019087433815,0.01704098843038082,0.030787566676735878,0.06094600260257721,0.09639159590005875,0.4109838902950287
381.0,0.15298742399765894,0.12113306182436645,4.682943292468074,0.9979722614471729,0.09979722614471731,0.15298742399765894,0.05319019664938633,0.05319019664938633,0.02117736265063286,0.02220970205962658,0.023659294471144676,0.018191656097769737,0.0334925651550293,0.06876139342784882,0.1158977746963501,0.6656747460365295
382.0,0.15451781165141326,0.08660922548733652,4.612734472130347,1.0072185672246492,0.10072185672246495,0.15451781165141326,0.05379595535878952,0.05379595535878952,0.01982727274298668,0.020726514980196953,0.021652594208717346,0.01697014458477497,0.030751315876841545,0.06052228435873985,0.09807904809713364,0.42434462904930115
383.0,0.15251586471612638,0.12593870982527733,4.601573728450691,1.0048341361375956,0.10048341361375955,0.15251586471612638,0.05203244921106558,0.05203244921106558,0.021485162898898125,0.022549284622073174,0.02396196313202381,0.01843450404703617,0.034064315259456635,0.0701218843460083,0.11987626552581787,0.6970162987709045
384.0,0.15476583059017474,0.0756069973576814,4.721000655371387,1.0169211694827447,0.10169211694827446,0.15476583059017474,0.05307371412905363,0.05307371412905363,0.019732292741537094,0.020527789369225502,0.02157158963382244,0.017033904790878296,0.030569305643439293,0.060860589146614075,0.09231144189834595,0.3422490656375885
385.0,0.15744058386637613,0.10172199201770127,4.717566095574156,1.0338789981145124,0.10338789981145124,0.15744058386637613,0.05405267987113733,0.05405267987113733,0.020935477688908577,0.02177172526717186,0.023115023970603943,0.017871391028165817,0.03256496042013168,0.06526657938957214,0.10821317881345749,0.5240375995635986
386.0,0.15998378224097765,0.0812020837329328,4.27115576574852,1.0777327418327332,0.10777327418327332,0.15998378224097765,0.0522105059084984,0.0522105059084984,0.019941668957471848,0.020829346030950546,0.0215399619191885,0.017061954364180565,0.031035125255584717,0.06046667695045471,0.09734686464071274,0.3813950717449188
387.0,0.15951847055783638,0.12505191448144615,4.443811563407621,1.061144246504857,0.10611442465048569,0.15951847055783638,0.053404044933043994,0.053404044933043994,0.0216099563986063,0.022607173770666122,0.02401917800307274,0.01851753517985344,0.034176044166088104,0.06970451027154922,0.11995115131139755,0.6898297667503357
388.0,0.15264232112811163,0.07409294508397579,4.671881013699866,1.0148904575751378,0.10148904575751379,0.15264232112811163,0.051153271100842036,0.051153271100842036,0.019919011741876602,0.020759858191013336,0.02159389667212963,0.017167989164590836,0.030974647030234337,0.061015669256448746,0.09404114633798599,0.32727134227752686
389.0,0.15508292787350142,0.11303961905650795,4.522741946255963,1.02046704521546,0.102046704521546,0.15508292787350142,0.05303621979860159,0.05303621979860159,0.021226366981863976,0.022102845832705498,0.023310719057917595,0.018012776970863342,0.03326978161931038,0.06599240005016327,0.11372846364974976,0.6066735982894897
390.0,0.14967350432505974,0.08019879180938005,4.700376999898349,0.9926375127755679,0.09926375127755678,0.14967350432505974,0.05040975129948212,0.05040975129948212,0.020075084641575813,0.020907290279865265,0.021974248811602592,0.01729094237089157,0.031151819974184036,0.06171346828341484,0.09563668817281723,0.3728407919406891
391.0,0.15174313520009702,0.11360096768476069,4.891259890131466,0.9669981277905978,0.0966998127790598,0.15174313520009702,0.055043321675979175,0.055043321675979175,0.02133788727223873,0.022264007478952408,0.023705441504716873,0.01828712970018387,0.03354775533080101,0.06789851933717728,0.11452757567167282,0.6072394251823425
392.0,0.14742390983379805,0.08770515490323305,4.6483016492251705,0.9508450375153468,0.09508450375153468,0.14742390983379805,0.05233940424827429,0.05233940424827429,0.019917020574212074,0.020783230662345886,0.02182125300168991,0.017114931717514992,0.03091326728463173,0.061056628823280334,0.0976843610405922,0.4323505461215973
393.0,0.1521583285469275,0.06413890770636499,4.8272604556547565,0.9713318095757411,0.09713318095757412,0.1521583285469275,0.055025145268211,0.055025145268211,0.02031758986413479,0.02097463421523571,0.021756064146757126,0.017697473987936974,0.03084098920226097,0.058940399438142776,0.08491513878107071,0.25766897201538086
394.0,0.15235625035487688,0.12883391766808927,4.495390237386665,0.960505838577564,0.0960505838577564,0.15235625035487688,0.05630566509297261,0.05630566509297261,0.020531857386231422,0.02146039716899395,0.02308550290763378,0.017617318779230118,0.03291863575577736,0.06641114503145218,0.11489494889974594,0.7337515354156494
395.0,0.1648103938652919,0.08714689710177481,4.76612476687425,0.9817579136444972,0.09817579136444972,0.1648103938652919,0.06663460141191116,0.06663460141191116,0.020799150690436363,0.02166411280632019,0.02249235287308693,0.017658840864896774,0.032394424080848694,0.06180335208773613,0.10205215215682983,0.4183107912540436
396.0,0.14999806193205026,0.13880592631176114,4.729511679824482,1.0280736914047828,0.10280736914047828,0.14999806193205026,0.047190692132482163,0.047190692132482163,0.02084622159600258,0.021922467276453972,0.023913860321044922,0.01789301075041294,0.033606089651584625,0.06944382935762405,0.11955302208662033,0.8032689094543457
397.0,0.17123945343952912,0.0917052251752466,4.916607950763036,1.0249633949536543,0.10249633949536543,0.17123945343952912,0.06874311457459743,0.06874311457459743,0.021060019731521606,0.021917710080742836,0.02297552488744259,0.018018854781985283,0.0327376052737236,0.0649799332022667,0.10538637638092041,0.44656577706336975
398.0,0.1519298404455185,0.07698413426987827,4.411183506412824,1.034765594280683,0.1034765594280683,0.1519298404455185,0.04845327898286856,0.04845327898286856,0.020262684673070908,0.021104376763105392,0.021816415712237358,0.01761016994714737,0.03179497271776199,0.06266558915376663,0.09657057374715805,0.34404829144477844
399.0,0.16979823318811563,0.11724297376349568,4.622743690193551,1.093248610313122,0.10932486103131221,0.16979823318811563,0.06047336843151312,0.06047336843151312,0.0212708730250597,0.022313348948955536,0.024050211533904076,0.0182877816259861,0.03390255570411682,0.07004627585411072,0.12061136960983276,0.6274613738059998
400.0,0.1610128294963103,0.07839730521664023,4.585413751999576,1.1240588564139147,0.11240588564139145,0.1610128294963103,0.048606942336146645,0.048606942336146645,0.021054264158010483,0.02191728912293911,0.022675305604934692,0.017833029851317406,0.03232157602906227,0.061579734086990356,0.09293180704116821,0.35686543583869934
401.0,0.1667376418526356,0.10509403003379703,4.775225068914538,1.0727905722764821,0.10727905722764824,0.1667376418526356,0.05945858387992932,0.05945858387992932,0.02124994434416294,0.022081283852458,0.02315649762749672,0.018010444939136505,0.0331505611538887,0.06546889990568161,0.10999148339033127,0.5476431250572205
402.0,0.15819689516837782,0.07514927140437067,4.734667402862622,1.0659536788096795,0.10659536788096796,0.15819689516837782,0.051601523390183084,0.051601523390183084,0.020332936197519302,0.021098729223012924,0.022436628118157387,0.01760825887322426,0.0318843275308609,0.06410448998212814,0.09720657020807266,0.32652223110198975
403.0,0.15939514912091768,0.10421131341718137,4.8208660147726,0.9990999675714053,0.09990999675714055,0.15939514912091768,0.059485149498169236,0.059485149498169236,0.02123323082923889,0.022010276094079018,0.0228887926787138,0.018024617806077003,0.03314930573105812,0.06421324610710144,0.10571994632482529,0.5464510917663574
404.0,0.15464377804444387,0.09832176216877997,4.722381709187331,1.0160203553163087,0.10160203553163089,0.15464377804444387,0.0530417375266552,0.0530417375266552,0.020426860079169273,0.02128935605287552,0.022542720660567284,0.017785748466849327,0.032586656510829926,0.06414463371038437,0.10428246110677719,0.5035156607627869
405.0,0.1599818175801864,0.12669192114844918,4.770076005501636,0.9951501809633695,0.09951501809633695,0.1599818175801864,0.06046679644630505,0.06046679644630505,0.02184835821390152,0.022841287776827812,0.02404746226966381,0.018625076860189438,0.03446044400334358,0.06935542076826096,0.11740174144506454,0.7049555778503418
406.0,0.16755923686119226,0.10075612110085785,4.831446423958575,1.1322701825545385,0.11322701825545385,0.16755923686119226,0.05433221763143173,0.05433221763143173,0.02043246105313301,0.021293599158525467,0.022833505645394325,0.017609067261219025,0.03206826001405716,0.0639709010720253,0.10365748405456543,0.5241836905479431
407.0,0.19064578184714684,0.1250370517373085,5.007822806660252,1.3231835136046777,0.1323183513604678,0.19064578184714684,0.058327426990637414,0.058327426990637414,0.021762918680906296,0.02272479049861431,0.02364283800125122,0.018308380618691444,0.03423326835036278,0.0656060203909874,0.10899854451417923,0.7050196528434753
