epoch,train_loss,val_window_mae_kwh,grad_norm,l_state,w_state,w_boundary,w_prior,w_dynamics,dynamics_residual_mae,loss,l_window,l_boundary,dynamics_residual_rmse,w_window,l_prior,l_dynamics,val_mae_soc_event_0.1,val_mae_soc_event_0.2,val_mae_soc_event_0.5,val_mae_time_60s,val_mae_time_120s,val_mae_time_300s,val_mae_time_600s,val_mae_full_trip
0.0,2.0926396617522607,0.06397583906073123,0.8913942043664875,19.55761564694918,1.9557615646949178,0.0,0.00021439815357622978,0.00037936006936853606,0.014492583317825427,2.0926396617522607,0.13628434103268844,0.0,0.018897496020564668,0.13628434103268844,0.002143981535762298,0.00037936006936853606,0.013377528637647629,0.014103535562753677,0.015115577727556229,0.013603842817246914,0.021851932629942894,0.044602349400520325,0.07992030680179596,0.30923163890838623
1.0,1.9873801103005042,0.10200561303645372,1.082864139217065,19.179747874920185,1.9179747874920183,0.0,0.003135091969026969,0.0009950536410682476,0.019599347948454894,1.9873801103005042,0.06527515228551167,0.0,0.029379916162444994,0.06527515228551167,0.031350919690269693,0.0009950536410682476,0.014122767373919487,0.014746521599590778,0.01659988798201084,0.013831271789968014,0.02403447777032852,0.05081947520375252,0.09043307602405548,0.5914574265480042
2.0,1.873395250393794,0.05094187438953668,1.261890847651433,17.84690948633047,1.7846909486330473,0.0,0.004464616168003816,0.013426557595196825,0.041972694058830924,1.873395250393794,0.07081309276131484,0.0,0.109203208811008,0.07081309276131484,0.04464616168003816,0.013426557595196825,0.012057352811098099,0.012662811204791069,0.014047129079699516,0.01238203514367342,0.02008681371808052,0.03845163434743881,0.06586312502622604,0.23198409378528595
3.0,1.7720244893660912,0.04574915929697454,1.1690725817191248,16.471056681412918,1.647105668141292,0.0,0.004121806959693249,0.05712725967168808,0.08437166506281266,1.7720244893660912,0.06366970877234752,0.0,0.23820915932838732,0.06366970877234752,0.041218069596932486,0.05712725967168808,0.011920519173145294,0.012487411499023438,0.013971241191029549,0.01225234568119049,0.020150452852249146,0.03792523965239525,0.06757361441850662,0.18971244990825653
4.0,1.6886982321739197,0.08903385302983224,1.1982083956312808,15.57607181255634,1.5576071812556345,0.0,0.005618096365091892,0.07219847965125854,0.10057552817922372,1.6886982321739197,0.053274445522290007,0.0,0.26086861812151396,0.053274445522290007,0.05618096365091892,0.07219847965125854,0.013383719138801098,0.013917535543441772,0.015608647838234901,0.013208148069679737,0.022561240941286087,0.045867905020713806,0.08339627087116241,0.5043273568153381
5.0,1.6499428336436932,0.04869012103881687,1.384791763586151,14.974016556373009,1.497401655637301,0.0,0.0037566635471123913,0.07431186449069244,0.10395481895941955,1.6499428336436932,0.07447262509511067,0.0,0.2680441175515835,0.07447262509511067,0.03756663547112392,0.07431186449069244,0.012567822821438313,0.013204595074057579,0.01450471580028534,0.012601271271705627,0.02055167779326439,0.041159044951200485,0.06851578503847122,0.206416055560112
6.0,1.5904802359067476,0.050843018922023475,1.4067742314109664,14.427586665520302,1.4427586665520304,0.0,0.0032425924992332098,0.08321284961241943,0.10517481657174918,1.5904802359067476,0.06126606464385986,0.0,0.28288670228077817,0.06126606464385986,0.03242592499233209,0.08321284961241943,0.012649101205170155,0.013261147774755955,0.014688887633383274,0.012562675401568413,0.020913301035761833,0.04208018258213997,0.07161717116832733,0.21897168457508087
7.0,1.5552037908480718,0.04811579699162394,1.5551366416575345,14.07560110092163,1.4075601100921633,0.0,0.0027852388958518326,0.07948199946146745,0.1012798106441131,1.5552037908480718,0.06537646055221558,0.0,0.27831396345908826,0.06537646055221558,0.027852388958518322,0.07948199946146745,0.012710911221802235,0.013394922018051147,0.014500501565635204,0.01281930785626173,0.02058088593184948,0.042011063545942307,0.07143065333366394,0.19747813045978546
8.0,1.5141174105497508,0.04461933800484985,1.624541762129159,13.768250171954815,1.3768250171954814,0.0,0.003374800043037305,0.07652531478267449,0.09891312225506856,1.5141174105497508,0.05739226321188303,0.0,0.273114338517189,0.05739226321188303,0.03374800043037304,0.07652531478267449,0.012570256367325783,0.013186126947402954,0.014474939554929733,0.012571352533996105,0.02084440551698208,0.041874293237924576,0.07053258270025253,0.17090074717998505
9.0,1.4888901527111347,0.05269030586350709,1.6941871329727145,13.492281950437105,1.3492281950437108,0.0,0.003941102218455993,0.0776508914736601,0.09968730807304382,1.4888901527111347,0.058069925468701586,0.0,0.2756203768345026,0.058069925468701586,0.039411022184559934,0.0776508914736601,0.012664522044360638,0.01326591894030571,0.014701277017593384,0.012591967359185219,0.021163109689950943,0.04224707558751106,0.07076983153820038,0.2341187447309494
10.0,1.4607762602659373,0.04890087398234755,1.7443495561501885,13.20593837591318,1.320593837591318,0.0,0.0032394746031898713,0.07634567039517257,0.09856574839124313,1.4607762602659373,0.060597210262830443,0.0,0.2722858419785133,0.060597210262830443,0.03239474603189872,0.07634567039517257,0.01293151918798685,0.013668007217347622,0.014702877961099148,0.013179030269384384,0.021246975287795067,0.042413417249917984,0.07519793510437012,0.1978672295808792
11.0,1.4372704854378333,0.08791557105723768,1.805420189175364,13.001532334547777,1.3001532334547776,0.0,0.004340408602729441,0.07337524799200204,0.09754844325093123,1.4372704854378333,0.059401566305985816,0.0,0.2675071335755862,0.059401566305985816,0.0434040860272944,0.07337524799200204,0.013415496796369553,0.014037730172276497,0.015781395137310028,0.0132023049518466,0.02286595106124878,0.047041524201631546,0.08393975347280502,0.49304041266441345
12.0,1.42104500073653,0.049275490338914096,1.9310297812942734,12.715789061326246,1.2715789061326248,0.0,0.004326143488287926,0.07638309609431487,0.09869468928529666,1.42104500073653,0.06875683854405697,0.0,0.27289752203684586,0.06875683854405697,0.04326143488287926,0.07638309609431487,0.012944177724421024,0.01367088221013546,0.014751567505300045,0.013195433653891087,0.02135150507092476,0.04253273084759712,0.07450318336486816,0.2012544423341751
13.0,1.3861277332672706,0.10119048249907792,1.8558728479445874,12.4565676175631,1.2456567617563101,0.0,0.004708134010434151,0.07569006601205239,0.0984187197799866,1.3861277332672706,0.060072703000444636,0.0,0.27095045493199277,0.060072703000444636,0.04708134010434151,0.07569006601205239,0.01380904484540224,0.014419336803257465,0.016252044588327408,0.013579189777374268,0.023549694567918777,0.04974427819252014,0.09004140645265579,0.5881288647651672
14.0,1.3755345894740179,0.04701006622053683,2.01961355279527,12.209457910977877,1.2209457910977877,0.0,0.005351349654105993,0.07743757132154244,0.09864288167311595,1.3755345894740179,0.07179988003694095,0.0,0.27454349398612976,0.07179988003694095,0.053513496541059934,0.07743757132154244,0.012677253223955631,0.01333443634212017,0.014539406634867191,0.012880818918347359,0.021084647625684738,0.04158608242869377,0.07143726199865341,0.18854062259197235
15.0,1.3325101183010981,0.07619412953499705,1.9275583535975,11.920214286217323,1.1920214286217323,0.0,0.004789605464499731,0.07963137085048053,0.09890138701750682,1.3325101183010981,0.05606773180457262,0.0,0.27687197694411647,0.05606773180457262,0.047896054644997306,0.07963137085048053,0.013090969063341618,0.013687239028513432,0.015456306748092175,0.012945648282766342,0.022346019744873047,0.04486227408051491,0.07683157175779343,0.4103330075740814
16.0,1.3100360448543842,0.04741880449000746,2.040034443947215,11.658662502582256,1.1658662502582255,0.0,0.004654726543678687,0.07864136592699932,0.09756526064414245,1.3100360448543842,0.06087367279598346,0.0,0.27579139402279484,0.06087367279598346,0.046547265436786875,0.07864136592699932,0.012712675146758556,0.013378217816352844,0.014598976820707321,0.012929534539580345,0.021144770085811615,0.04160574823617935,0.07103512436151505,0.1919453889131546
17.0,1.2808518822376544,0.08460688136983663,2.010212169690945,11.386191881619967,1.138619188161997,0.0,0.0049301885641538186,0.08224113557774287,0.0971448911497226,1.2808518822376544,0.055061368128428094,0.0,0.28096094269018906,0.055061368128428094,0.04930188564153818,0.08224113557774287,0.013302898965775967,0.013899669982492924,0.01576199010014534,0.013115686364471912,0.02275349572300911,0.046354275196790695,0.08039721846580505,0.471269816160202
18.0,1.251758731328524,0.049063753336668015,2.0796082864256307,11.046671280494103,1.1046671280494105,0.0,0.004345641098916531,0.07992907556203696,0.09490827814890788,1.251758731328524,0.06281688193289134,0.0,0.2763906740225278,0.06281688193289134,0.043456410989165306,0.07992907556203696,0.01291739847511053,0.013638482429087162,0.014728284440934658,0.013205570168793201,0.021299466490745544,0.04198138043284416,0.07304359972476959,0.20169584453105927
19.0,1.2282894849777222,0.09364796534646302,2.039789673985271,10.831349941400381,1.083134994140038,0.0,0.0048390318353015655,0.07941070972726895,0.09240078639525634,1.2282894849777222,0.060904742720035404,0.0,0.2749652782311806,0.060904742720035404,0.048390318353015646,0.07941070972726895,0.013532106764614582,0.014108160510659218,0.016040388494729996,0.013343652710318565,0.023118916898965836,0.04825622960925102,0.08488325774669647,0.5359010100364685
20.0,1.1885875371786265,0.046774932532571256,2.0336208275221703,10.44668753330524,1.0446687533305243,0.0,0.005333333648741246,0.07325193142661682,0.08983676594037276,1.1885875371786265,0.06533350910131748,0.0,0.262808688558065,0.06533350910131748,0.05333333648741245,0.07325193142661682,0.012606191448867321,0.013242661021649837,0.014513801783323288,0.012868684716522694,0.021090343594551086,0.04101993888616562,0.07026142627000809,0.18859641253948212
21.0,1.1472229751256795,0.07719284284394234,1.9323748423363993,10.20005519573505,1.0200055195735052,0.0,0.005021303268865898,0.06775745262320225,0.08696008530946878,1.1472229751256795,0.0544386890072089,0.0,0.2529473533997169,0.0544386890072089,0.05021303268865897,0.06775745262320225,0.013077222742140293,0.01365590374916792,0.015501994639635086,0.012982224114239216,0.02238161675632,0.044630806893110275,0.07640470564365387,0.4189082682132721
22.0,1.10588538646698,0.04725253744982183,1.954956223731672,9.814632635850172,0.9814632635850173,0.0,0.004758538119494915,0.0606814339183844,0.08427337385140933,1.10588538646698,0.05898212426556991,0.0,0.23909917015295762,0.05898212426556991,0.04758538119494915,0.0606814339183844,0.012540608644485474,0.013174902647733688,0.014484981074929237,0.012789413332939148,0.02101975306868553,0.040914375334978104,0.06944061070680618,0.19365565478801727
23.0,1.0622094571590424,0.08940554107539356,1.8812118232222421,9.512547364601723,0.9512547364601722,0.0,0.005140264425426722,0.053889030017531835,0.08147515986974423,1.0622094571590424,0.05192541889846325,0.0,0.22570461722520682,0.05192541889846325,0.051402644254267216,0.053889030017531835,0.013393918052315712,0.013961242511868477,0.015899065881967545,0.013229023665189743,0.022902796044945717,0.04717513918876648,0.08254142105579376,0.506141722202301
24.0,1.0259313101951892,0.048767750966362655,1.9936387755169973,9.080531853895922,0.9080531853895922,0.0,0.00427805044903205,0.05049040712989294,0.07978039464125267,1.0259313101951892,0.06310963859924903,0.0,0.21847222516169915,0.06310963859924903,0.042780504490320496,0.05049040712989294,0.012555655092000961,0.013220628723502159,0.014437432400882244,0.012839207425713539,0.02069394662976265,0.04056595638394356,0.06856177747249603,0.2072674036026001
25.0,0.9807099012228159,0.10101983742788434,1.9130609160397383,8.727886970226582,0.8727886970226582,0.0,0.004813382781755466,0.04668338367572197,0.07742286301576175,0.9807099012228159,0.05642442777752876,0.0,0.20934496590724358,0.05642442777752876,0.04813382781755466,0.04668338367572197,0.01375481765717268,0.014296662993729115,0.016301851719617844,0.013593381270766258,0.02350783906877041,0.04970744624733925,0.08868413418531418,0.588312566280365
26.0,0.9411737024784088,0.048015224281698465,2.0103938500599012,8.24653277030358,0.824653277030358,0.0,0.0051503518596291535,0.04433906465195692,0.075775946275546,0.9411737024784088,0.06703098777395028,0.0,0.20395460954079261,0.06703098777395028,0.05150351859629154,0.04433906465195692,0.012469426728785038,0.013109260238707066,0.014456447213888168,0.01269783265888691,0.02094545215368271,0.04075855389237404,0.06855304539203644,0.20113177597522736
27.0,0.8850802481174469,0.08481208770535886,1.9423464468803568,7.875271503741924,0.7875271503741923,0.0,0.00476849707416617,0.04164580807376366,0.07291095102062592,0.8850802481174469,0.05113877972158102,0.0,0.19711086784417814,0.05113877972158102,0.0476849707416617,0.04164580807376366,0.013255160301923752,0.01382459793239832,0.015733441337943077,0.013105989433825016,0.02265939675271511,0.0460740365087986,0.0802445262670517,0.47359955310821533
28.0,0.8457476061124068,0.04937054438050836,2.0575262335644706,7.405088864839994,0.7405088864839994,0.0,0.003816256342599025,0.03869914041402248,0.07030076848772857,0.8457476061124068,0.06272329920186447,0.0,0.19003863804615462,0.06272329920186447,0.038162563425990254,0.03869914041402248,0.012554657645523548,0.013234100304543972,0.014448710717260838,0.012840323150157928,0.02057100273668766,0.04043358191847801,0.06843557208776474,0.2124464064836502
29.0,0.7995180052060348,0.10471973684616387,1.9328136070674045,7.027073566730206,0.7027073566730206,0.0,0.0045606412494984955,0.03476851641272123,0.06780579600196618,0.7995180052060348,0.05748147316850149,0.0,0.1801266515484223,0.05748147316850149,0.045606412494984955,0.03476851641272123,0.013917060568928719,0.014452122151851654,0.016483983024954796,0.013729913160204887,0.02380729466676712,0.05054955556988716,0.09083642065525055,0.6139815449714661
30.0,0.7639455382640545,0.049437705776654184,2.0231665660141926,6.582898103273832,0.6582898103273831,0.0,0.005048710107803346,0.03235864252425157,0.06533973750013572,0.7639455382640545,0.06824836364159217,0.0,0.17407856079248282,0.06824836364159217,0.05048710107803345,0.03235864252425157,0.012486846186220646,0.013142894022166729,0.014525513164699078,0.012673689052462578,0.02099647931754589,0.040849700570106506,0.06806492805480957,0.21276159584522247
31.0,0.7047136655220618,0.07479501864872873,1.9098118825035943,6.193167393024151,0.6193167393024152,0.0,0.004722510142108569,0.029895604946292363,0.06354222475336148,0.7047136655220618,0.05077879832914242,0.0,0.16722661084853685,0.05077879832914242,0.047225101421085686,0.029895604946292363,0.012917720712721348,0.01347931008785963,0.015298978425562382,0.012910689227283001,0.02211225964128971,0.04403256997466087,0.07570463418960571,0.40190398693084717
32.0,0.6720176522548382,0.04811044852249324,1.9959952806975276,5.799411278504592,0.5799411278504591,0.0,0.004673218347418767,0.02845137666624326,0.06145581832298866,0.6720176522548382,0.05895192835193414,0.0,0.16266744068035713,0.05895192835193414,0.046732183474187665,0.02845137666624326,0.012457480654120445,0.01310036238282919,0.014517100527882576,0.012655711732804775,0.02103758603334427,0.0408095121383667,0.06833907216787338,0.2019667625427246
33.0,0.6248012712368598,0.05726414953824133,1.9523617477733315,5.42932943197397,0.5429329431973972,0.0,0.004319577399068154,0.026330450406441323,0.05986881313415674,0.6248012712368598,0.05121828458057,0.0,0.15713431571538633,0.05121828458057,0.04319577399068154,0.026330450406441323,0.012561345472931862,0.013175122439861298,0.014775658026337624,0.012695548124611378,0.02142391912639141,0.0418105311691761,0.0707521066069603,0.27091896533966064
34.0,0.5924838575033041,0.05350948928389698,1.952039983146365,5.080762377152076,0.5080762377152077,0.0,0.004502696572588041,0.025563467723818924,0.059366054546374544,0.5924838575033041,0.05434144775454815,0.0,0.15484156115696981,0.05434144775454815,0.0450269657258804,0.025563467723818924,0.012558872811496258,0.013180093839764595,0.014703971333801746,0.012667934410274029,0.02132565528154373,0.04141245782375336,0.06968199461698532,0.24254493415355682
35.0,0.5534692716140014,0.0462830918841064,1.9628301279204008,4.709694403868455,0.47096944038684563,0.0,0.0038002770609007436,0.023813539399550512,0.05783514678478241,0.5534692716140014,0.05488600452932028,0.0,0.14998223632574081,0.05488600452932028,0.03800277060900743,0.023813539399550512,0.012408548034727573,0.013035008683800697,0.0143634844571352,0.012676873244345188,0.02079600654542446,0.04045838117599487,0.06850060075521469,0.1880258321762085
36.0,0.5202708530884522,0.10491873626597226,1.8264492495817248,4.416669423763569,0.4416669423763568,0.0,0.005785550685742727,0.023211960609142598,0.05799776716874196,0.5202708530884522,0.04960640118672298,0.0,0.14818610136325544,0.04960640118672298,0.05785550685742727,0.023211960609142598,0.013886678032577038,0.014380755834281445,0.016403386369347572,0.013709252700209618,0.02366509661078453,0.05040647089481354,0.09009776264429092,0.6168004870414734
37.0,0.5047318774920243,0.04646008159033954,2.0274652294977904,4.097909331321716,0.40979093313217163,0.0,0.004914149068869078,0.02130300415536532,0.05638099891635088,0.5047318774920243,0.06872379206694089,0.0,0.1423447630726374,0.06872379206694089,0.049141490688690774,0.02130300415536532,0.012423597276210785,0.01305138599127531,0.014272954314947128,0.012719308026134968,0.02049684338271618,0.03999590501189232,0.06784436851739883,0.1908762902021408
38.0,0.4735606817098764,0.0971233150921762,1.8782479982550555,3.914988114283635,0.39149881142836357,0.0,0.004946832394657227,0.023844078899576113,0.05850422067137865,0.4735606817098764,0.05327096266242174,0.0,0.14990098717120978,0.05327096266242174,0.04946832394657227,0.023844078899576113,0.013568371534347534,0.014059756882488728,0.01602681167423725,0.01342038344591856,0.023041455075144768,0.04848991706967354,0.0857376679778099,0.5626421570777893
39.0,0.45714142803962415,0.04455474065616727,2.0792953765475066,3.645681592134329,0.3645681592134329,0.0,0.0051649617031216625,0.020710148562032443,0.056381006653492265,0.45714142803962415,0.06669814655413994,0.0,0.14080386150341767,0.06669814655413994,0.05164961703121662,0.020710148562032443,0.012348947115242481,0.012952126562595367,0.014205429702997208,0.012638521380722523,0.02050507627427578,0.03988855332136154,0.0681176632642746,0.17578160762786865
40.0,0.4391516630466168,0.06770454091019928,1.9693807927360338,3.546228977350088,0.35462289773500877,0.0,0.004582060436503246,0.026496011047409132,0.05733957657447228,0.4391516630466168,0.05345068599742193,0.0,0.15440309620820558,0.05345068599742193,0.04582060436503245,0.026496011047409132,0.012684151530265808,0.013253376819193363,0.014959019608795643,0.012675484642386436,0.021579569205641747,0.042383939027786255,0.07304015755653381,0.3510606288909912
41.0,0.4112513925020511,0.04381952993571758,2.0436495973479314,3.309365465090825,0.33093654650908255,0.0,0.004209494504791039,0.019045130492976077,0.05439408753926937,0.4112513925020511,0.05706021318641993,0.0,0.13480528558676058,0.05706021318641993,0.0420949450479104,0.019045130492976077,0.012319866567850113,0.012930463999509811,0.014180954545736313,0.012597672641277313,0.020432107150554657,0.039729442447423935,0.06735420972108841,0.1710115224123001
42.0,0.4093785320337002,0.07009799720253795,2.129081638267628,3.2740862919734073,0.3274086291973408,0.0,0.0044751921597008535,0.02427589026494668,0.054334636204517804,0.4093785320337002,0.05321881346977674,0.0,0.14762668082347283,0.05321881346977674,0.04475192159700852,0.02427589026494668,0.01269953791052103,0.013259154744446278,0.014983111061155796,0.012702206149697304,0.021600214764475822,0.04264343902468681,0.07437191158533096,0.3685244023799896
43.0,0.3961691546898622,0.048596000066027045,2.1650839901534313,3.1557389681155863,0.3155738968115587,0.0,0.0044164254903220216,0.01840367275648392,0.054194262967659876,0.3961691546898622,0.05777514840547855,0.0,0.1310441024028338,0.05777514840547855,0.044164254903220214,0.01840367275648392,0.012399752624332905,0.013026379980146885,0.01439227256923914,0.012557375244796276,0.02075549215078354,0.04032539203763008,0.06758397817611694,0.2077273577451706
44.0,0.38301355219804323,0.05574522272218019,2.154576904288392,3.058652006662809,0.30586520066628087,0.0,0.00433543913352948,0.019483502954244614,0.051815805240319326,0.38301355219804323,0.05332940229429649,0.0,0.1343261685508948,0.05332940229429649,0.0433543913352948,0.019483502954244614,0.012384300120174885,0.012940348125994205,0.014500033110380173,0.01253873948007822,0.020988451316952705,0.04111449792981148,0.07153678685426712,0.2599586248397827
45.0,0.3613500457543593,0.04567087162286043,1.9957429119654466,2.8386206718591542,0.28386206718591545,0.0,0.004782968995949397,0.01567773399158166,0.05221586817732224,0.3613500457543593,0.05702727431288132,0.0,0.12262496065634948,0.05702727431288132,0.047829689959493965,0.01567773399158166,0.012289357371628284,0.012863933108747005,0.014268268831074238,0.0124977370724082,0.020691633224487305,0.040053464472293854,0.06956043839454651,0.18314214050769806
46.0,0.35952090185422164,0.05692268011625856,2.1423350608399567,2.856616047712473,0.28566160477124736,0.0,0.004320338891389278,0.01773497025267436,0.05460323393344879,0.35952090185422164,0.05180398346139835,0.0,0.13007407578138205,0.05180398346139835,0.04320338891389278,0.01773497025267436,0.012471900321543217,0.013045154511928558,0.01460397057235241,0.012559711933135986,0.02103007584810257,0.0410233773291111,0.07116550207138062,0.26948174834251404
47.0,0.3562956498219417,0.04622328875120729,2.134741837935022,2.7620054254165063,0.2762005425416506,0.0,0.003818563830394012,0.020368917272067986,0.05559913900036078,0.3562956498219417,0.05590762154987225,0.0,0.13622464411533797,0.05590762154987225,0.03818563830394011,0.020368917272067986,0.012346240691840649,0.012934142723679543,0.014105702750384808,0.012641520239412785,0.020255817100405693,0.03956245258450508,0.06842882186174393,0.18951161205768585
48.0,0.36368705561527837,0.06627293059136719,2.2193850496540715,2.8421810131806593,0.28421810131806596,0.0,0.004266505760069077,0.019530717605868213,0.05227541235777048,0.36368705561527837,0.0556717194043673,0.0,0.13580657427127546,0.0556717194043673,0.04266505760069077,0.019530717605868213,0.012681153602898121,0.013256983831524849,0.014925736002624035,0.012654400430619717,0.021487882360816002,0.04232170805335045,0.07319734990596771,0.3396582305431366
49.0,0.3613870098040654,0.045699629466980696,2.2938690849800576,2.7925138290111837,0.27925138290111834,0.0,0.0041832082546674285,0.020928351029467124,0.0521410213640103,0.3613870098040654,0.057024057811269395,0.0,0.13956240335336098,0.057024057811269395,0.04183208254667429,0.020928351029467124,0.01234948169440031,0.01294486504048109,0.014233584515750408,0.012559718452394009,0.02051636204123497,0.04019103944301605,0.0683554857969284,0.18444649875164032
50.0,0.3358652832416388,0.08102634130045772,2.0761629426764654,2.6585004879878116,0.26585004879878116,0.0,0.0047999700603003695,0.014731707624517955,0.048886325783454455,0.3358652832416388,0.0504835511629398,0.0,0.11988137777035053,0.0504835511629398,0.04799970060300369,0.014731707624517955,0.013040921650826931,0.013584897853434086,0.01540523860603571,0.01291897427290678,0.0221412256360054,0.044694721698760986,0.0778273195028305,0.44859743118286133
51.0,0.33999659694158113,0.04745301930233836,2.1137290422595507,2.5542240005273085,0.25542240005273087,0.0,0.0040129940526989795,0.018335958584569968,0.051961866995463006,0.33999659694158113,0.06222523777530743,0.0,0.13188525633170053,0.06222523777530743,0.04012994052698979,0.018335958584569968,0.012448390014469624,0.013070515356957912,0.014274992048740387,0.01272050105035305,0.02039276994764805,0.03997843712568283,0.0678408294916153,0.19889771938323975
52.0,0.33512628307709325,0.08415304974187165,2.0375728653527014,2.580976481621082,0.2580976481621082,0.0,0.004557154635683848,0.017257959581911564,0.04880803737502832,0.33512628307709325,0.05521351614823708,0.0,0.12795995634335738,0.05521351614823708,0.04557154635683848,0.017257959581911564,0.013148901052772999,0.013674047775566578,0.015479552559554577,0.013065988197922707,0.02224682830274105,0.04565296694636345,0.08096420764923096,0.4689919054508209
53.0,0.3328070044517517,0.04396931908559054,2.1249143043573855,2.518958334739392,0.2518958334739392,0.0,0.005037820160102386,0.013100879553418893,0.04425056823171102,0.3328070044517517,0.06277246945179425,0.0,0.11275878319373497,0.06277246945179425,0.05037820160102386,0.013100879553418893,0.012340185232460499,0.012911521829664707,0.014131828211247921,0.012593477964401245,0.020442096516489983,0.04006756469607353,0.06927312165498734,0.1699947565793991
54.0,0.31493685910334956,0.06104446656536311,1.931321442417379,2.425974401143881,0.24259744011438814,0.0,0.0045845452696084985,0.013994541950523853,0.04556676774070813,0.31493685910334956,0.05376032711221622,0.0,0.11714550738151257,0.05376032711221622,0.045845452696084976,0.013994541950523853,0.012562395073473454,0.013132416643202305,0.014749690890312195,0.012616734020411968,0.021270839497447014,0.04200585559010506,0.07305794954299927,0.2989598512649536
55.0,0.3154421357008127,0.04456722806207836,2.0664795542387955,2.4165914975679836,0.24165914975679836,0.0,0.004192180680827453,0.01446567396991528,0.04500723257660866,0.3154421357008127,0.055125120597390026,0.0,0.11890110660057801,0.055125120597390026,0.04192180680827452,0.01446567396991528,0.012363862246274948,0.012953706085681915,0.014172947965562344,0.012625928036868572,0.020412128418684006,0.039963651448488235,0.06837521493434906,0.17567038536071777
56.0,0.3112215411204558,0.06693069194443524,1.9470253208720136,2.38555364883863,0.23855536488386303,0.0,0.0045156286671184575,0.015462566811877947,0.04650947566215809,0.3112215411204558,0.0526879750765287,0.0,0.12249492280758344,0.0526879750765287,0.04515628667118458,0.015462566811877947,0.012695170007646084,0.013268152251839638,0.01496125478297472,0.012676363810896873,0.021585235372185707,0.042594607919454575,0.07385130226612091,0.3438134491443634
57.0,0.31942651248895204,0.059021897381171584,2.1165352141541396,2.4450746270326467,0.24450746270326468,0.0,0.005075770960404323,0.015756080571848612,0.04535347853715603,0.31942651248895204,0.05408719583199574,0.0,0.12359815262831174,0.05408719583199574,0.05075770960404323,0.015756080571848612,0.012485732324421406,0.013023977167904377,0.014611512422561646,0.012601448222994804,0.021099725738167763,0.04202570393681526,0.07377281039953232,0.2825542688369751
58.0,0.3141946976001446,0.047122709918767214,2.050292084485326,2.371856776567606,0.23718567765676055,0.0,0.004583921928245287,0.014127596711310057,0.04505027085542679,0.3141946976001446,0.05829749714869719,0.0,0.11766433887756787,0.05829749714869719,0.045839219282452874,0.014127596711310057,0.012375329621136189,0.012984956614673138,0.014313291758298874,0.012595709413290024,0.020718015730381012,0.04033651575446129,0.06873060017824173,0.19492726027965546
59.0,0.3012537428965935,0.060468318057246506,1.9439046620187799,2.2997239323762746,0.22997239323762747,0.0,0.004895955295516895,0.014901749216593228,0.045163098722696304,0.3012537428965935,0.0514836385846138,0.0,0.12073691762410678,0.0514836385846138,0.04895955295516895,0.014901749216593228,0.012494654394686222,0.012958117760717869,0.01453725527971983,0.012640895321965218,0.021133800968527794,0.04228613153100014,0.0753258466720581,0.2923698425292969
60.0,0.31452849220771056,0.045112374355085194,2.0534554448518842,2.3089729226552524,0.23089729226552524,0.0,0.004617778917487997,0.014259168412536383,0.0444389942746896,0.31452849220771056,0.06475425311006032,0.0,0.11795261387641613,0.06475425311006032,0.046177789174879975,0.014259168412536383,0.012356149032711983,0.01293211244046688,0.014093211852014065,0.012660009786486626,0.020252220332622528,0.03953933343291283,0.06828518956899643,0.18078076839447021
61.0,0.30534545274881214,0.08127029275055975,1.9619463645834736,2.3306320859835696,0.233063208598357,0.0,0.0049532442496946225,0.013760279004390422,0.04403850665459266,0.30534545274881214,0.053568717665397204,0.0,0.11521601676940918,0.053568717665397204,0.04953244249694622,0.013760279004390422,0.013020286336541176,0.013538513332605362,0.01531235035508871,0.012986889109015465,0.021998148411512375,0.045150358229875565,0.08029957860708237,0.44785621762275696
62.0,0.3159102419247994,0.04446228570304811,2.1180604950988253,2.317794006604415,0.2317794006604415,0.0,0.0051590879376118,0.01616537947064409,0.04453658513151682,0.3159102419247994,0.06280636529509838,0.0,0.12479551594990951,0.06280636529509838,0.051590879376118,0.01616537947064409,0.012297917157411575,0.01285423245280981,0.014100216329097748,0.012566684745252132,0.02035471796989441,0.03982320800423622,0.06872443854808807,0.1749768704175949
63.0,0.29827087888350856,0.061274650623090565,1.9617870877769477,2.284244042176467,0.22842440421764668,0.0,0.004656523616554645,0.013166505807580857,0.043343269194547944,0.29827087888350856,0.05202344088600232,0.0,0.11299046988670643,0.05202344088600232,0.046565236165546454,0.013166505807580857,0.012562586925923824,0.013130024075508118,0.014744115993380547,0.01261565275490284,0.021253669634461403,0.0417686402797699,0.07307146489620209,0.3010510504245758
64.0,0.2955937276665981,0.05402059364132583,1.9449201426218918,2.2149172654518714,0.22149172654518715,0.0,0.0051053081424190455,0.01545152419175093,0.04508387956481714,0.2955937276665981,0.053545173114308946,0.0,0.12252766467057742,0.053545173114308946,0.05105308142419045,0.01545152419175093,0.01238725520670414,0.012889024801552296,0.014411271549761295,0.012546787038445473,0.020876429975032806,0.041210297495126724,0.07278033345937729,0.24506334960460663
65.0,0.2992379470513417,0.04663078032899648,1.9810835783221523,2.2336938289495616,0.22336938289495614,0.0,0.004633365421054456,0.014018990171070281,0.042701128583688006,0.2992379470513417,0.05721621158031317,0.0,0.11649578981674634,0.05721621158031317,0.04633365421054455,0.014018990171070281,0.012334698811173439,0.012917053885757923,0.014219270087778568,0.012578045018017292,0.02050625905394554,0.04008600860834122,0.06830350309610367,0.1921014040708542
66.0,0.29718476361953294,0.054675310384482145,2.0006186086813735,2.2563349925554714,0.22563349925554718,0.0,0.004754162078293471,0.013395466411916109,0.04311636004310388,0.29718476361953294,0.05340163438366009,0.0,0.11357356435977496,0.05340163438366009,0.0475416207829347,0.013395466411916109,0.012380746193230152,0.012847097590565681,0.01436462253332138,0.01255133468657732,0.02086259424686432,0.041206203401088715,0.07350070774555206,0.24968917667865753
67.0,0.30311427265405655,0.04333718679845333,2.037554029314546,2.230490844983321,0.2230490844983321,0.0,0.005087419083485236,0.015616538791129222,0.043374218906347566,0.30311427265405655,0.059361229005914465,0.0,0.12216571259957093,0.059361229005914465,0.05087419083485237,0.015616538791129222,0.012283405289053917,0.0128106027841568,0.014147063717246056,0.01249752938747406,0.020481359213590622,0.04003220796585083,0.06978756934404373,0.16465775668621063
68.0,0.29010145366191864,0.042757088551297784,1.8580151615897287,2.213775235873002,0.22137752358730023,0.0,0.0044366394312909015,0.0129610627101591,0.04261632464252985,0.29010145366191864,0.05132622214464041,0.0,0.11161588877439499,0.05132622214464041,0.044366394312909015,0.0129610627101591,0.012291560880839825,0.012821853160858154,0.014148905873298645,0.012504556216299534,0.020492250099778175,0.040060948580503464,0.06976615637540817,0.1599704772233963
69.0,0.28683038686330503,0.05882222263608128,1.9045318648048342,2.14305475124946,0.214305475124946,0.0,0.00467290490722427,0.016211778570253115,0.04582442228610699,0.28683038686330503,0.05164023359807638,0.0,0.1255229189991951,0.05164023359807638,0.0467290490722427,0.016211778570253115,0.01252109743654728,0.013093635439872742,0.014668071642518044,0.012579082511365414,0.021121209487318993,0.041431065648794174,0.07211677730083466,0.2830468416213989
70.0,0.29349254300961125,0.04920866549946368,2.061102984741154,2.1971987669284525,0.2197198766928453,0.0,0.004711600206792354,0.01438019138116103,0.041905286363684215,0.29349254300961125,0.05468086898326874,0.0,0.11730182457428712,0.05468086898326874,0.047116002067923546,0.01438019138116103,0.012340323999524117,0.012857151217758656,0.014297064393758774,0.012505020014941692,0.0206877700984478,0.04060076177120209,0.07145872712135315,0.20892250537872314
71.0,0.29235599075372404,0.048271556734107435,2.0312894174290923,2.18160703090521,0.218160703090521,0.0,0.004123485575501736,0.01480154929539332,0.044550856288809046,0.29235599075372404,0.055270247018108,0.0,0.1193941545027953,0.055270247018108,0.041234855755017355,0.01480154929539332,0.012347904965281487,0.012940948829054832,0.014235844835639,0.012609652243554592,0.020395508036017418,0.03981977328658104,0.06765567511320114,0.20616714656352997
72.0,0.2928995043039322,0.07312557194381952,1.9855455231724977,2.1653351967151346,0.21653351967151352,0.0,0.005320063527100362,0.0159350884003708,0.04287394508719444,0.2928995043039322,0.05511082336306572,0.0,0.12257859282768689,0.05511082336306572,0.05320063527100361,0.0159350884003708,0.01282445341348648,0.01328803040087223,0.014922195114195347,0.012921138666570187,0.021567950025200844,0.044174809008836746,0.08051271736621857,0.3847932815551758
73.0,0.2962810081931261,0.044217550312168896,2.050190945958464,2.135680377483368,0.21356803774833677,0.0,0.005305746326652858,0.013166116944585856,0.04364013815155396,0.2962810081931261,0.06424110583387889,0.0,0.11340473477657025,0.06424110583387889,0.05305746326652857,0.013166116944585856,0.012311362661421299,0.01285305805504322,0.014174997806549072,0.012511638924479485,0.020428217947483063,0.040104940533638,0.06902497261762619,0.17233121395111084
74.0,0.2859477870739423,0.05215056904125959,1.9682566394801466,2.1363431811332703,0.21363431811332698,0.0,0.004591413644643932,0.016200733478539266,0.042329376276869043,0.2859477870739423,0.051521317746776804,0.0,0.1235559364924064,0.051521317746776804,0.0459141364464393,0.016200733478539266,0.012355808168649673,0.012812559492886066,0.014230884611606598,0.012517057359218597,0.020699158310890198,0.04072512686252594,0.07348842918872833,0.2303755283355713
75.0,0.2892329945014073,0.043914912501350045,2.0660607619861535,2.1253051941211405,0.21253051941211415,0.0,0.004715871126749196,0.012207330813488135,0.040447831726991214,0.2892329945014073,0.05977926718500944,0.0,0.10759807893863091,0.05977926718500944,0.047158711267491944,0.012207330813488135,0.01228336337953806,0.01280447281897068,0.014080927707254887,0.012491660192608833,0.020299717783927917,0.039924439042806625,0.06950263679027557,0.16993208229541779
76.0,0.27701744494529873,0.07697065093088895,1.9377741977300513,2.0749497688733616,0.20749497688733615,0.0,0.005128444079309702,0.01367794002334659,0.041341612402063146,0.27701744494529873,0.05071607948495792,0.0,0.11351158355291073,0.05071607948495792,0.05128444079309702,0.01367794002334659,0.012946147471666336,0.013492373749613762,0.015234985388815403,0.012872526422142982,0.021862134337425232,0.04384518787264824,0.07688649743795395,0.4186253547668457
77.0,0.2813565100614841,0.04573293053545058,2.0253467419045252,2.0553330779075623,0.20553330779075624,0.0,0.0049909901733581835,0.012733995771178832,0.04135981517342421,0.2813565100614841,0.05809821475010652,0.0,0.1102055895787019,0.05809821475010652,0.049909901733581834,0.012733995771178832,0.012333260849118233,0.01286250725388527,0.014265885576605797,0.012496890500187874,0.020578131079673767,0.0404449887573719,0.07061287760734558,0.1822689026594162
78.0,0.2771275375898068,0.051474310108460486,1.9313104039473812,2.0662938998295712,0.20662938998295713,0.0,0.0046809845747282875,0.014082322918021908,0.04164262775045175,0.2771275375898068,0.05173483963769216,0.0,0.11608704895927356,0.05173483963769216,0.04680984574728287,0.014082322918021908,0.0124187171459198,0.012983446940779686,0.014479150995612144,0.012529510073363781,0.02080904133617878,0.04099700227379799,0.0708463117480278,0.2267313003540039
79.0,0.2828018539226972,0.04846075735986233,2.1001095048659555,2.1252757035768948,0.21252757035768952,0.0,0.004796687055092591,0.012545592778433975,0.03925477899610996,0.2828018539226972,0.0529319943430332,0.0,0.10854329254764777,0.0529319943430332,0.04796687055092592,0.012545592778433975,0.012348738498985767,0.012873539701104164,0.014287146739661694,0.012489529326558113,0.02061106637120247,0.04059851914644241,0.07140465825796127,0.20307286083698273
80.0,0.27285844202225024,0.05102046299725771,2.0056739463374007,2.0226345566602855,0.2022634556660285,0.0,0.004606878119879044,0.014109881344036413,0.04225296670427689,0.27285844202225024,0.05187822333895243,0.0,0.11544409680825013,0.05187822333895243,0.04606878119879044,0.014109881344036413,0.012387231923639774,0.01292220875620842,0.014402326196432114,0.01251577865332365,0.020716853439807892,0.04091285541653633,0.07157676666975021,0.22272968292236328
81.0,0.2733374255207869,0.044795967754907906,2.116303829532208,2.041046197597797,0.20410461975977973,0.0,0.004250157731943406,0.012098310013803152,0.03998147280743489,0.2733374255207869,0.05288433871017052,0.0,0.10722311528829429,0.05288433871017052,0.042501577319434054,0.012098310013803152,0.012313434854149818,0.012849112041294575,0.014031016267836094,0.012605221010744572,0.020163659006357193,0.03956050053238869,0.0690842717885971,0.1777605265378952
82.0,0.28465019911527634,0.057304250774905086,2.0274334900083812,2.073597408257998,0.2073597408257998,0.0,0.004599839011923625,0.017126539847455345,0.04723352709641823,0.28465019911527634,0.05556407298606176,0.0,0.12786978483200073,0.05556407298606176,0.045998390119236246,0.017126539847455345,0.012498916126787663,0.013057200238108635,0.014625420793890953,0.012586231343448162,0.021044330671429634,0.0417066253721714,0.07243330776691437,0.27048197388648987
83.0,0.2865955394047957,0.053826571558602154,2.1292390819544442,2.1349332745258627,0.21349332745258623,0.0,0.005113258814582459,0.015942425180513125,0.0422307000710414,0.2865955394047957,0.05204651920268169,0.0,0.12252576993061946,0.05204651920268169,0.05113258814582458,0.015942425180513125,0.012409544549882412,0.012904222123324871,0.014369609765708447,0.01254802942276001,0.020806312561035156,0.04121836647391319,0.07340338081121445,0.2429531067609787
84.0,0.2716720774769783,0.046570461592637,1.99957428167609,1.9833826514390798,0.198338265143908,0.0,0.0046471781813754495,0.013364705113837352,0.044097184848326906,0.2716720774769783,0.05532192811369896,0.0,0.1134009579053292,0.05532192811369896,0.046471781813754484,0.013364705113837352,0.012368433177471161,0.012917669489979744,0.014268767088651657,0.012567396275699139,0.020510664209723473,0.040394220501184464,0.06913252919912338,0.190404012799263
85.0,0.26493239345458836,0.07745757151860744,1.9031075775680546,1.9373071881440969,0.1937307188144097,0.0,0.005920326064985533,0.013492894645493764,0.039429547265172005,0.26493239345458836,0.051788450290377326,0.0,0.11299954526699506,0.051788450290377326,0.05920326064985532,0.013492894645493764,0.013022063300013542,0.013460205867886543,0.015034735202789307,0.013111664913594723,0.021765882149338722,0.04545789957046509,0.08336108177900314,0.41444703936576843
86.0,0.282723435988793,0.044867589604109526,2.0446524227837495,1.9740821398221529,0.1974082139822153,0.0,0.005577842740771862,0.011449676974175068,0.0395433298097207,0.282723435988793,0.06828770098777917,0.0,0.10452311084820674,0.06828770098777917,0.05577842740771862,0.011449676974175068,0.012361968867480755,0.012887793593108654,0.014218194410204887,0.012524202466011047,0.020401064306497574,0.04046798124909401,0.06963907927274704,0.17644043266773224
87.0,0.27277062317499745,0.050356773659586906,2.0975583855442177,2.021897403093485,0.20218974030934847,0.0,0.004704605866796696,0.014372973022266077,0.040463411034299776,0.27277062317499745,0.051503305395062156,0.0,0.11591082983292066,0.051503305395062156,0.047046058667966954,0.014372973022266077,0.012409813702106476,0.012927467003464699,0.014341809786856174,0.012529072351753712,0.02069588378071785,0.04103536531329155,0.0724174752831459,0.2164973020553589
88.0,0.2664803908421443,0.05504937784280628,2.0099538380884177,1.9617283344268799,0.196172833442688,0.0,0.0048984007551693,0.013346095426151386,0.04320159497169348,0.2664803908421443,0.05206305175446547,0.0,0.11271690462644283,0.05206305175446547,0.048984007551693,0.013346095426151386,0.012485566549003124,0.013013719581067562,0.014537541195750237,0.01258332934230566,0.020903825759887695,0.0415881983935833,0.07271555066108704,0.2525672912597656
89.0,0.265388497366355,0.04388212494086474,2.0762268807962005,1.94473430285087,0.19447343028508698,0.0,0.004489806358917403,0.01336659168681273,0.03960817923339514,0.265388497366355,0.05305866295328507,0.0,0.11245162785053253,0.05305866295328507,0.04489806358917402,0.01336659168681273,0.012357114814221859,0.012880115769803524,0.014073931612074375,0.012594131752848625,0.020281685516238213,0.040148619562387466,0.06970253586769104,0.16901886463165283
90.0,0.27605617963350737,0.06214370427187532,2.004939897146106,2.0325698806689334,0.20325698806689335,0.0,0.0048264766111969955,0.013813112020635834,0.04239477202869379,0.27605617963350737,0.054159593696777635,0.0,0.11260456821093193,0.054159593696777635,0.04826476611196995,0.013813112020635834,0.01264689676463604,0.013209096156060696,0.014839445240795612,0.012674330733716488,0.021366393193602562,0.04266226664185524,0.07391640543937683,0.3058348000049591
91.0,0.26421700417995453,0.0556213790550828,2.0349436603732323,1.9299881687531104,0.19299881687531106,0.0,0.005170043844443101,0.012744120752009062,0.03892737168532152,0.26421700417995453,0.05330401830948316,0.0,0.10923149837897374,0.05330401830948316,0.051700438444431014,0.012744120752009062,0.0124880475923419,0.012986208312213421,0.014455144293606281,0.012589513324201107,0.02089337445795536,0.04178450629115105,0.07413468509912491,0.25563955307006836
92.0,0.2584305783877006,0.04824607621412724,1.9919755979776614,1.8545945149201613,0.1854594514920161,0.0,0.004666514272013536,0.01172966782290202,0.04124742689040991,0.2584305783877006,0.05657494211426148,0.0,0.10601451018681893,0.05657494211426148,0.04666514272013536,0.01172966782290202,0.012463738210499287,0.013028503395617008,0.014414150267839432,0.012613116763532162,0.02071492187678814,0.040993303060531616,0.06961341947317123,0.20212745666503906
93.0,0.25118940380903393,0.075814618030563,1.9021539864091657,1.8068281320425181,0.18068281320425184,0.0,0.00580978634265753,0.011853274011697907,0.03747064004150721,0.25118940380903393,0.05284352801167048,0.0,0.10567364067985462,0.05284352801167048,0.058097863426575296,0.011853274011697907,0.013019082136452198,0.013456718996167183,0.014983797445893288,0.013094390742480755,0.02167377807199955,0.04539774730801582,0.08312396705150604,0.40176746249198914
94.0,0.2720250894243901,0.04500346549320966,2.0400303715578243,1.8594932235204256,0.18594932235204256,0.0,0.0055007770729179565,0.010987865702750592,0.038920040314014144,0.2720250894243901,0.06958712207583281,0.0,0.10219665731375034,0.06958712207583281,0.05500777072917957,0.010987865702750592,0.012431741692125797,0.012959865853190422,0.014304582960903645,0.012554644607007504,0.020475128665566444,0.040869299322366714,0.06988867372274399,0.17654378712177277
95.0,0.25634707854344296,0.04594911343883723,2.0512837106221387,1.8533258529809804,0.1853325852980981,0.0,0.004457201178257282,0.012943554257687468,0.03861950108638176,0.25634707854344296,0.05361373765537372,0.0,0.11000384877507503,0.05361373765537372,0.04457201178257282,0.012943554257687468,0.012414230965077877,0.012848966754972935,0.014165067113935947,0.01255127228796482,0.02059294655919075,0.04095494747161865,0.07337244600057602,0.18069303035736084
96.0,0.2642652690410614,0.04431560996454209,2.104021015108936,1.8535424975248485,0.18535424975248482,0.0,0.004553666692943528,0.01283616411428039,0.04147216620353552,0.2642652690410614,0.06152119114995003,0.0,0.11045110282989648,0.06152119114995003,0.04553666692943527,0.01283616411428039,0.012401753105223179,0.012912423349916935,0.01415050309151411,0.012558998540043831,0.02027113363146782,0.040447089821100235,0.0698927640914917,0.17189021408557892
97.0,0.25185042505080885,0.07935959636233747,2.0517177272105247,1.83370945086846,0.18337094508684598,0.0,0.004976628885532801,0.012792878049927263,0.038046760054735035,0.25185042505080885,0.05070996814622329,0.0,0.10936272746095291,0.05070996814622329,0.04976628885532801,0.012792878049927263,0.013161545619368553,0.013700238429009914,0.015513323247432709,0.012993295677006245,0.022299908101558685,0.045054417103528976,0.07672470808029175,0.43542933464050293
98.0,0.26188759161875796,0.06056269467808306,2.0519420492427383,1.8429101980649507,0.18429101980649512,0.0,0.005229576505147494,0.012529840979438562,0.039898795720476374,0.26188759161875796,0.05983715103222774,0.0,0.10808887561926475,0.05983715103222774,0.052295765051474936,0.012529840979438562,0.0126531682908535,0.013205922208726406,0.014773303642868996,0.01267171185463667,0.02120390348136425,0.042514581233263016,0.07361486554145813,0.29386410117149353
99.0,0.24976403380815798,0.042608429095707834,2.0392701311991726,1.793374987748953,0.1793374987748953,0.0,0.004318457533820317,0.011858212045178963,0.038664560621747605,0.24976403380815798,0.05424985891351333,0.0,0.10560908340490781,0.05424985891351333,0.04318457533820318,0.011858212045178963,0.012407992035150528,0.012933935038745403,0.014031847938895226,0.012644343078136444,0.020219193771481514,0.04022221639752388,0.07090207934379578,0.1575058251619339
100.0,0.2501851893388308,0.05580668186303228,1.9527241727736895,1.7741396564703722,0.1774139656470372,0.0,0.004558526527566407,0.012362922255236369,0.0410151590521519,0.2501851893388308,0.05584977137354704,0.0,0.10858169771157779,0.05584977137354704,0.045585265275664054,0.012362922255236369,0.012562346644699574,0.013101690448820591,0.014598743990063667,0.012610583566129208,0.020958907902240753,0.04204230383038521,0.07311861217021942,0.25746026635169983
101.0,0.24300759916122144,0.05140437569934875,2.0334028272915896,1.7515981059807997,0.17515981059807995,0.0,0.005036480459742821,0.01120504212135879,0.03737019761823691,0.24300759916122144,0.051606264538489856,0.0,0.1028078507918578,0.051606264538489856,0.05036480459742821,0.01120504212135879,0.012470494955778122,0.012920727021992207,0.014263964258134365,0.012572652660310268,0.020734591409564018,0.041512127965688705,0.07421208173036575,0.22254836559295654
102.0,0.25573989233145344,0.04539034271147102,2.0361947899458768,1.766704912369068,0.17667049123690678,0.0,0.004587649460881949,0.011904154653446032,0.03952084968869503,0.25573989233145344,0.0625775924955423,0.0,0.10613132153566067,0.0625775924955423,0.045876494608819485,0.011904154653446032,0.01247383002191782,0.013005274347960949,0.014320291578769684,0.012582304887473583,0.020439285784959793,0.04100608080625534,0.06970302015542984,0.17959265410900116
103.0,0.24056797188061935,0.048114029224961996,1.9907659310790298,1.71577715415221,0.171577715415221,0.0,0.004544358643201681,0.010774886683345987,0.03716194500716833,0.24056797188061935,0.05367101256090861,0.0,0.10039408848835872,0.05367101256090861,0.04544358643201681,0.010774886683345987,0.012474393472075462,0.012890178710222244,0.014216314069926739,0.012600495480000973,0.020704668015241623,0.04136266931891441,0.07424980401992798,0.19641371071338654
104.0,0.25262172520160675,0.042623565532267094,2.033670758172333,1.7158981836759126,0.17158981836759127,0.0,0.004873551297574662,0.011422475799918175,0.039670207466070466,0.25262172520160675,0.06473587797238277,0.0,0.1046216871875983,0.06473587797238277,0.048735512975746624,0.011422475799918175,0.012423068284988403,0.012917367741465569,0.014199762605130672,0.012527293525636196,0.020337827503681183,0.04078809544444084,0.07094401121139526,0.15685109794139862
105.0,0.23806925117969513,0.06907085527200252,2.0367823587716827,1.7051017238543584,0.17051017238543587,0.0,0.004985953122377396,0.011134003199493656,0.03773425677074836,0.23806925117969513,0.05143911993274322,0.0,0.10214344727305266,0.05143911993274322,0.049859531223773956,0.011134003199493656,0.012858333997428417,0.01340450905263424,0.015029669739305973,0.012844846583902836,0.02152041159570217,0.04385639727115631,0.07619301974773407,0.35685965418815613
106.0,0.24286907108930442,0.0430422272766009,2.0302852751889278,1.7083891538473277,0.17083891538473275,0.0,0.004961222367217908,0.011251307056786923,0.03904946707189083,0.24286907108930442,0.05581762512715963,0.0,0.10322268536457649,0.05581762512715963,0.04961222367217907,0.011251307056786923,0.012445785105228424,0.012952975928783417,0.014272264204919338,0.012522812932729721,0.02037583477795124,0.04098410904407501,0.07100262492895126,0.15978141129016876
107.0,0.236171156167984,0.05270706920418888,2.0185771997588127,1.6784373567654536,0.16784373567654537,0.0,0.004346827510744334,0.01096277110851728,0.0378951236892205,0.236171156167984,0.05301781930029392,0.0,0.10155020797481903,0.05301781930029392,0.04346827510744333,0.01096277110851728,0.012633039616048336,0.013202113099396229,0.014707164838910103,0.012617175467312336,0.021029824391007423,0.041965946555137634,0.07133328169584274,0.23416800796985626
108.0,0.23733817442105368,0.059255504282191396,1.9487383147395894,1.6744182476630578,0.16744182476630579,0.0,0.005154662049160554,0.011027957366492886,0.038415951224473804,0.23733817442105368,0.053713723157460876,0.0,0.10188450692937924,0.053713723157460876,0.051546620491605535,0.011027957366492886,0.012611537240445614,0.013017007149755955,0.014377607963979244,0.012719987891614437,0.020889408886432648,0.04209478572010994,0.07729672640562057,0.28103697299957275
109.0,0.2488998002730883,0.0451355108525604,2.0742402019186508,1.6547315304095929,0.1654731530409593,0.0,0.004816338147681494,0.010509168908286553,0.03685892502275797,0.2488998002730883,0.06810114131524013,0.0,0.09959024993272927,0.06810114131524013,0.04816338147681493,0.010509168908286553,0.012450819835066795,0.012998776510357857,0.014200255274772644,0.012596335262060165,0.02023727260529995,0.040612656623125076,0.07025788724422455,0.17773008346557617
110.0,0.23317566972512466,0.0574284924659878,1.9476665450787936,1.6572016477584839,0.1657201647758484,0.0,0.004944084935749953,0.011704306368930982,0.037586167168158754,0.23317566972512466,0.05080711798599133,0.0,0.10439348163513038,0.05080711798599133,0.049440849357499525,0.011704306368930982,0.012609126977622509,0.012983666732907295,0.014344288967549801,0.01273236982524395,0.020918432623147964,0.042179543524980545,0.07756728678941727,0.2660932242870331
111.0,0.249069988154448,0.044795188354328275,2.14497348282468,1.6388376584419837,0.16388376584419836,0.0,0.005064539493133243,0.010435543184240278,0.036050173525626845,0.249069988154448,0.06968614201133068,0.0,0.09828067284363967,0.06968614201133068,0.050645394931332424,0.010435543184240278,0.012456933967769146,0.012982180342078209,0.01421916764229536,0.012572512030601501,0.0202625785022974,0.04077565297484398,0.07066437602043152,0.17442810535430908
112.0,0.22532429488805625,0.04701391304843128,2.0401959708375528,1.581119220990401,0.1581119220990401,0.0,0.0045908267323214276,0.011012255393255215,0.039184407832530826,0.22532429488805625,0.05160928703844547,0.0,0.10278453620580527,0.05160928703844547,0.04590826732321428,0.011012255393255215,0.012449286878108978,0.01292719878256321,0.01423321571201086,0.012527800165116787,0.020466702058911324,0.04099017754197121,0.07257129997015,0.18994562327861786
113.0,0.2380471401489698,0.04727406823076308,2.1040316358949678,1.6531439056763282,0.16531439056763284,0.0,0.004335834436978285,0.010728921400956236,0.0365532089311343,0.2380471401489698,0.057667986991313785,0.0,0.10059221948568638,0.057667986991313785,0.04335834436978285,0.010728921400956236,0.01262908149510622,0.01318575069308281,0.01463252492249012,0.012617192231118679,0.02084098383784294,0.04189232364296913,0.07020256668329239,0.19219212234020233
114.0,0.25364065628785354,0.04831722693052143,2.171624603011625,1.7881087339841402,0.178810873398414,0.0,0.00439379604246754,0.01283281882150242,0.03891684731038717,0.25364065628785354,0.05760316851620491,0.0,0.10847281807890305,0.05760316851620491,0.04393796042467539,0.01283281882150242,0.012502558529376984,0.012974108569324017,0.014280661009252071,0.012566945515573025,0.02059399150311947,0.041349347680807114,0.07347352802753448,0.19879667460918427
115.0,0.24254709081007883,0.04714872653130442,2.173962698572091,1.6800414461355944,0.16800414461355945,0.0,0.004709062327702459,0.009060941690292496,0.033387744082854345,0.24254709081007883,0.06077293736430315,0.0,0.09198419004678726,0.06077293736430315,0.04709062327702458,0.009060941690292496,0.012607921846210957,0.013135884888470173,0.014552774839103222,0.012597570195794106,0.020691843703389168,0.041932594031095505,0.07150367647409439,0.19016754627227783
116.0,0.23077777314644593,0.05214577971491963,2.0627990118636723,1.6314305112912104,0.16314305112912109,0.0,0.004815753549337387,0.011083658068225933,0.0369098477352124,0.23077777314644593,0.05173530716162462,0.0,0.10344216399467908,0.05173530716162462,0.04815753549337387,0.011083658068225933,0.012584353797137737,0.012972382828593254,0.014312001876533031,0.012675204314291477,0.020804714411497116,0.04194876179099083,0.07566358894109726,0.2262052297592163
117.0,0.2544971544008989,0.045632073655724525,2.150591617478506,1.7006632456412683,0.17006632456412682,0.0,0.004571628291159869,0.010801824329134364,0.03510702902880999,0.2544971544008989,0.06905737404639904,0.0,0.1003104431124834,0.06905737404639904,0.04571628291159868,0.010801824329134364,0.012576397508382797,0.013122512958943844,0.014220989309251308,0.01280110515654087,0.020362157374620438,0.040948860347270966,0.07220657914876938,0.1788179874420166
118.0,0.226837283716752,0.079395423643291,2.0223924364191026,1.573320141205421,0.15733201412054207,0.0,0.004815637048047323,0.009216054002396189,0.03332745828307592,0.226837283716752,0.05547356949402736,0.0,0.09289613480751331,0.05547356949402736,0.04815637048047323,0.009216054002396189,0.013236269354820251,0.013798615895211697,0.015455439686775208,0.013115775771439075,0.022172268480062485,0.045680269598960876,0.07944820076227188,0.4322565495967865
119.0,0.23747758681957537,0.04581070062704384,2.060756404450508,1.624682875779959,0.1624682875779959,0.0,0.004677047064671149,0.009187696322512168,0.032779586143218555,0.23747758681957537,0.06114454954289473,0.0,0.09309167013718532,0.06114454954289473,0.0467704706467115,0.009187696322512168,0.01255846954882145,0.013121413066983223,0.014316262677311897,0.01267971470952034,0.020346172153949738,0.04114942252635956,0.07113736867904663,0.1811767816543579
120.0,0.22763286932156637,0.07189522706903517,2.1020723983412752,1.607175730741941,0.16071757307419413,0.0,0.004969693555568274,0.009873314527794719,0.03294944046781613,0.22763286932156637,0.0520722813044603,0.0,0.0953687303341352,0.0520722813044603,0.049696935555682734,0.009873314527794719,0.013033069670200348,0.01359453983604908,0.015163426287472248,0.012982177548110485,0.021696079522371292,0.044816408306360245,0.07848150283098221,0.3753946125507355
121.0,0.22374239105444688,0.04310713708400726,2.059203427718458,1.5052316051263075,0.1505231605126308,0.0,0.0048034799428513415,0.008604155495189704,0.03374195428421864,0.22374239105444688,0.05981159181548999,0.0,0.09025317688400929,0.05981159181548999,0.048034799428513415,0.008604155495189704,0.0125221386551857,0.013042584992945194,0.014153724536299706,0.012720446102321148,0.0202771183103323,0.04081312566995621,0.07185255736112595,0.1594754010438919
122.0,0.22125224941051924,0.05768866080325097,1.9586156739433962,1.5017718443503747,0.1501771844350375,0.0,0.004405700848796048,0.0105532778856846,0.03498800070239948,0.22125224941051924,0.056116087505450614,0.0,0.10048096913557786,0.056116087505450614,0.044057008487960465,0.0105532778856846,0.012757055461406708,0.013339340686798096,0.014866309240460396,0.01268881093710661,0.021211819723248482,0.04292812943458557,0.07290936261415482,0.27080845832824707
123.0,0.22362344826643282,0.04516565159428865,2.08209640428161,1.5488667809046233,0.1548866780904623,0.0,0.0047194646098292796,0.009414530824869871,0.033042810284174405,0.22362344826643282,0.05460277414665772,0.0,0.09288259452352157,0.05460277414665772,0.04719464609829279,0.009414530824869871,0.012529593892395496,0.013021092861890793,0.01431736908853054,0.012575769796967506,0.020481716841459274,0.04146072641015053,0.07278573513031006,0.17415320873260498
124.0,0.21910439317043012,0.047215305850841105,1.9944416054538592,1.4754266693041875,0.14754266693041876,0.0,0.004347082120008194,0.009953455659202658,0.03609156422317028,0.21910439317043012,0.057261187296647295,0.0,0.09818565759521264,0.057261187296647295,0.04347082120008194,0.009953455659202658,0.012678622268140316,0.013218918815255165,0.014644930139183998,0.012643039226531982,0.02077646739780903,0.04215158522129059,0.07052871584892273,0.19108016788959503
125.0,0.22084601395405257,0.04561218828894198,1.979781822381938,1.4919336346479564,0.14919336346479564,0.0,0.004529085089094364,0.011154625976744752,0.03400936464850719,0.22084601395405257,0.0559689373924182,0.0,0.10200660503827609,0.0559689373924182,0.04529085089094364,0.011154625976744752,0.012537850998342037,0.012980921193957329,0.014261244796216488,0.012610452249646187,0.020573358982801437,0.04139343649148941,0.07381978631019592,0.17672045528888702
126.0,0.2247992026118132,0.04528585227672011,2.0522983195683646,1.4895285367965698,0.14895285367965697,0.0,0.004787002072239725,0.008788138789196428,0.0330728180706501,0.2247992026118132,0.06227120069357065,0.0,0.09081349665155777,0.06227120069357065,0.047870020722397245,0.008788138789196428,0.012606978416442871,0.013128742575645447,0.014487974345684052,0.012610082514584064,0.020566221326589584,0.04187006875872612,0.07160238176584244,0.17541436851024628
127.0,0.21268823398993567,0.06020964030176401,1.9377947040743744,1.465895047554603,0.14658950475546031,0.0,0.005164966123321882,0.009442419798758168,0.033221833407878876,0.21268823398993567,0.051491348359447256,0.0,0.09425627497526315,0.051491348359447256,0.05164966123321882,0.009442419798758168,0.012690441682934761,0.013215270824730396,0.014643997885286808,0.01270853541791439,0.020979175344109535,0.04293282330036163,0.07568944245576859,0.288817435503006
128.0,0.22221373652036375,0.058514449978247285,1.9979294352827008,1.4807748244358943,0.14807748244358943,0.0,0.0049382614150929914,0.010213581218312565,0.0329956473925939,0.22221373652036375,0.058984412166934744,0.0,0.09748938049261387,0.058984412166934744,0.04938261415092991,0.010213581218312565,0.01288481056690216,0.013455244712531567,0.015022112987935543,0.012741776183247566,0.021458717063069344,0.043153319507837296,0.072235606610775,0.2771640121936798
129.0,0.21173614951280448,0.05279596522450447,2.0091862073967097,1.404861894937662,0.1404861894937662,0.0,0.0047263917871392695,0.008832726681318421,0.032591643528296396,0.21173614951280448,0.05769084508602436,0.0,0.0909037644473406,0.05769084508602436,0.04726391787139269,0.008832726681318421,0.012584907002747059,0.013089562766253948,0.014439561404287815,0.012604172341525555,0.020667269825935364,0.04194420203566551,0.07418503612279892,0.2328530102968216
130.0,0.21781359899502534,0.049926500651054084,2.0254500278439855,1.4278388160925646,0.14278388160925642,0.0,0.004836629506630393,0.00935484947135242,0.03359229045991714,0.21781359899502534,0.060838241273393996,0.0,0.0946611613035202,0.060838241273393996,0.04836629506630393,0.00935484947135242,0.012671737000346184,0.013216741383075714,0.014647703617811203,0.012615793384611607,0.020750943571329117,0.04224464297294617,0.07160525023937225,0.21165919303894043
131.0,0.21250024036719248,0.04080490150954574,2.023085402082737,1.4544579753508935,0.14544579753508935,0.0,0.004334680678752752,0.010668539191381289,0.033764101851444975,0.21250024036719248,0.0520512223816835,0.0,0.09914037069449058,0.0520512223816835,0.043346806787527524,0.010668539191381289,0.012526593171060085,0.013060713186860085,0.014261367730796337,0.012616385705769062,0.020352398976683617,0.04112956300377846,0.07193323224782944,0.14055895805358887
132.0,0.21915741436756575,0.0479754323605448,2.1087919325288893,1.493097002689655,0.1493097002689655,0.0,0.004183004620986489,0.009934475358862143,0.034381770313932344,0.21915741436756575,0.05573023153612247,0.0,0.09722632141067432,0.05573023153612247,0.04183004620986489,0.009934475358862143,0.012639030814170837,0.013174259103834629,0.01456726249307394,0.012600146234035492,0.020645013079047203,0.042067673057317734,0.07179521769285202,0.19631485641002655
133.0,0.21141670988156244,0.039069091668352485,2.062458975204405,1.4624526913349445,0.14624526913349445,0.0,0.004485033137293963,0.009989006910473108,0.03351077072035808,0.21141670988156244,0.05069739557802677,0.0,0.09640291791695815,0.05069739557802677,0.044850331372939624,0.009989006910473108,0.01252664066851139,0.012965640984475613,0.014151234179735184,0.012676761485636234,0.02042793110013008,0.04110904410481453,0.07308794558048248,0.12560753524303436
134.0,0.21913813054561615,0.04772456060163677,2.0883937728377933,1.43278896350127,0.143278896350127,0.0,0.004276411953525475,0.00967809002703199,0.03363749083991234,0.21913813054561615,0.06190473142151649,0.0,0.0956489836367277,0.06190473142151649,0.042764119535254747,0.00967809002703199,0.012601700611412525,0.013160242699086666,0.0144047187641263,0.012694143690168858,0.020438365638256073,0.041460562497377396,0.0719459056854248,0.19509084522724152
135.0,0.2061441454749841,0.05123044888023287,2.0447502000678193,1.3778406152358422,0.13778406152358424,0.0,0.004689531329159554,0.008617761491153102,0.03171106392087845,0.2061441454749841,0.05505278491630004,0.0,0.08952722755762246,0.05505278491630004,0.04689531329159553,0.008617761491153102,0.012598692439496517,0.013113608583807945,0.014473853632807732,0.012601161375641823,0.02068469300866127,0.04198433831334114,0.07342562824487686,0.22096161544322968
136.0,0.20836007537750098,0.05648034380283207,2.030007700067348,1.3718936580878038,0.1371893658087804,0.0,0.0045926223509013655,0.010684917931659864,0.035484661133243486,0.20836007537750098,0.05589316957272016,0.0,0.10147852851794316,0.05589316957272016,0.04592622350901365,0.010684917931659864,0.012883870862424374,0.013451190665364265,0.015005585737526417,0.012743755243718624,0.0214052926748991,0.043158844113349915,0.07214067876338959,0.26105353236198425
137.0,0.22059387541734254,0.05127971153706312,2.0750023605592847,1.4763098129859338,0.14763098129859337,0.0,0.004753876807024846,0.010398931281927686,0.033633846789598465,0.22059387541734254,0.057810082171971984,0.0,0.09816707985905501,0.057810082171971984,0.047538768070248455,0.010398931281927686,0.012610088102519512,0.013104680925607681,0.014459090307354927,0.012621249072253704,0.02072347328066826,0.04204365611076355,0.07390803098678589,0.22076742351055145
138.0,0.22570712233965212,0.05110359098762274,2.1816238781020862,1.5092475093328035,0.1509247509332804,0.0,0.0049143015245835375,0.00937288634192485,0.03243085598716369,0.22570712233965212,0.06049518344494013,0.0,0.09386071706047425,0.06049518344494013,0.04914301524583537,0.00937288634192485,0.012750834226608276,0.013305431231856346,0.014757972210645676,0.012666808441281319,0.02092556282877922,0.0427062064409256,0.07207966595888138,0.2196362465620041
139.0,0.22272305305187517,0.04893362754955888,2.112732254866737,1.5795252644098723,0.15795252644098723,0.0,0.004827402173899687,0.008412768527005728,0.03152767296593923,0.22272305305187517,0.05153035601744285,0.0,0.0892960036603304,0.05153035601744285,0.04827402173899687,0.008412768527005728,0.012613140046596527,0.013049045577645302,0.01437679585069418,0.012665552087128162,0.020653823390603065,0.041612204164266586,0.07469651848077774,0.20180194079875946
140.0,0.23045513377739832,0.04755273705814034,2.2859488415212206,1.5040228000053992,0.15040228000053993,0.0,0.005065149394795299,0.010277280386967154,0.03536252620128485,0.23045513377739832,0.06471042320705377,0.0,0.09831849256387123,0.06471042320705377,0.050651493947952986,0.010277280386967154,0.012698289938271046,0.01324324868619442,0.014599255286157131,0.012651036493480206,0.020708467811346054,0.042435768991708755,0.07279600203037262,0.19128982722759247
141.0,0.19722527437485182,0.0410809179302305,2.060732794430384,1.3435803193312426,0.1343580319331243,0.0,0.0042407481358028385,0.007654801333466401,0.03320407996383997,0.19722527437485182,0.05097169099518886,0.0,0.08536952762649609,0.05097169099518886,0.042407481358028375,0.007654801333466401,0.01261442806571722,0.013115924783051014,0.014284785836935043,0.012753179296851158,0.020443666726350784,0.041290078312158585,0.07278142124414444,0.14136385917663574
142.0,0.22315395164948243,0.06274380930699408,2.081906124537199,1.5153375130433302,0.151533751304333,0.0,0.004439459812755769,0.01059234726171081,0.03411489682128796,0.22315395164948243,0.05658839256144487,0.0,0.10051230971629803,0.05658839256144487,0.04439459812755768,0.01059234726171081,0.013024884276092052,0.013606476597487926,0.015205263160169125,0.012845435179769993,0.021729089319705963,0.044075120240449905,0.07361792773008347,0.3078462779521942
143.0,0.21409866099174207,0.058925556601025164,2.103379800333371,1.4463086265784044,0.14463086265784045,0.0,0.005175309570936056,0.009814508841373026,0.031851241508355506,0.21409866099174207,0.05447797749478083,0.0,0.09422562500605217,0.05447797749478083,0.05175309570936056,0.009814508841373026,0.012762452475726604,0.013286263681948185,0.014670523814857006,0.012754000723361969,0.020971523597836494,0.04313978925347328,0.0764087662100792,0.2774111330509186
144.0,0.23634653710401976,0.0462879806291312,2.2820366290886045,1.5824522651158845,0.15824522651158845,0.0,0.004437995230993972,0.008535512490198016,0.033794449642300606,0.23634653710401976,0.06512780501865424,0.0,0.09019408690241668,0.06512780501865424,0.04437995230993973,0.008535512490198016,0.012728181667625904,0.013304146938025951,0.014541475102305412,0.01277412660419941,0.02055812068283558,0.04206520691514015,0.07224559783935547,0.1820869892835617
145.0,0.22024249915893263,0.05499927117489278,2.2008965953937376,1.5375304772303655,0.15375304772303652,0.0,0.004906090284482791,0.010449047128741559,0.03663462729981312,0.22024249915893263,0.05113431137914841,0.0,0.09911893508755244,0.05113431137914841,0.049060902844827906,0.010449047128741559,0.012793107889592648,0.013233263976871967,0.014601894654333591,0.012806219048798084,0.020987842231988907,0.04280686378479004,0.07715228199958801,0.24561269581317902
146.0,0.2254172024818567,0.045062203891575336,2.228180739452195,1.4425050983062158,0.1442505098306216,0.0,0.004773520172322885,0.007500605415911055,0.032998053930126704,0.2254172024818567,0.06889256863639905,0.0,0.08355054545861024,0.06889256863639905,0.04773520172322886,0.007500605415911055,0.012785222381353378,0.013339368626475334,0.014591055922210217,0.01279440987855196,0.02063778229057789,0.042449284344911575,0.07279793918132782,0.17110256850719452
147.0,0.21883460535452917,0.04858674923889339,2.05841172387204,1.5481082888749929,0.1548108288874993,0.0,0.004531574041511005,0.00900986187088375,0.03269936774785702,0.21883460535452917,0.05048233815110647,0.0,0.09299301814574462,0.05048233815110647,0.04531574041511004,0.00900986187088375,0.01279385108500719,0.01331518404185772,0.014655777253210545,0.012757468968629837,0.020881934091448784,0.042864009737968445,0.07416300475597382,0.19726276397705078
148.0,0.2053072269146259,0.05123380525037646,2.060120927977385,1.334367912549239,0.1334367912549239,0.0,0.004205361001480084,0.009484107355372263,0.03020627939930329,0.2053072269146259,0.058180962331019916,0.0,0.09286070844301811,0.058180962331019916,0.04205361001480084,0.009484107355372263,0.013018001802265644,0.013589631766080856,0.01507565751671791,0.01282989326864481,0.021444151178002357,0.04387299343943596,0.071977399289608,0.21806271374225616
149.0,0.22671573895674485,0.050515874405391514,2.115498503231859,1.55781043951328,0.15578104395132802,0.0,0.004202092711168987,0.007332731503993273,0.02977663278579712,0.22671573895674485,0.05939986499456259,0.0,0.08315915843615165,0.05939986499456259,0.04202092711168986,0.007332731503993273,0.012825177051126957,0.01335340179502964,0.014712117612361908,0.012771088629961014,0.020930135622620583,0.0430765300989151,0.07444954663515091,0.212008997797966
150.0,0.20027805520937994,0.05567724187858403,2.096811936064549,1.27957939184629,0.127957939184629,0.0,0.004590716907897821,0.009528227875797221,0.03227437287569046,0.20027805520937994,0.05820117145776749,0.0,0.09296013414859772,0.05820117145776749,0.04590716907897821,0.009528227875797221,0.01298556849360466,0.013564713299274445,0.015055082738399506,0.012811625376343727,0.021385975182056427,0.04395825043320656,0.07322222739458084,0.25243449211120605
151.0,0.18796430241603118,0.050221424316987395,1.981240164775261,1.210943157856281,0.12109431578562813,0.0,0.004716626454431277,0.007987757302963963,0.03195214429153846,0.18796430241603118,0.054165600870664306,0.0,0.08722637192561077,0.054165600870664306,0.04716626454431277,0.007987757302963963,0.012799772433936596,0.013269547373056412,0.014609587378799915,0.012796655297279358,0.02091834507882595,0.04257966950535774,0.07581637799739838,0.2089814394712448
152.0,0.20892073385990584,0.048454252537339926,2.087852286566627,1.3049716307566717,0.13049716307566717,0.0,0.0049179685436404105,0.008950887695671273,0.031031127302692488,0.20892073385990584,0.06455471295003708,0.0,0.0917114781645628,0.06455471295003708,0.049179685436404094,0.008950887695671273,0.012833756394684315,0.01338118128478527,0.014741997234523296,0.012762149795889854,0.020906131714582443,0.04311514273285866,0.07357820868492126,0.1963154524564743
153.0,0.197676838017427,0.07209252344910055,2.076434864009221,1.3177371758681078,0.13177371758681078,0.0,0.004455675492779567,0.009251460021075148,0.029801932665017936,0.197676838017427,0.052195980285222716,0.0,0.09180338824024567,0.052195980285222716,0.044556754927795664,0.009251460021075148,0.01334517914801836,0.013948924839496613,0.015620964579284191,0.013113022781908512,0.02235228568315506,0.04583335295319557,0.07651767879724503,0.3760087788105011
154.0,0.21606983301731256,0.06329156481660903,2.161291412542639,1.4408511473582342,0.14408511473582342,0.0,0.005263343116698358,0.007732400742287819,0.029752306210306976,0.21606983301731256,0.0589889706327365,0.0,0.0851928611787466,0.0589889706327365,0.05263343116698357,0.007732400742287819,0.01296611875295639,0.01351433526724577,0.014960374683141708,0.012895350344479084,0.021241793408989906,0.04416635259985924,0.07729316502809525,0.30929502844810486
155.0,0.20628011455902687,0.057538283290341496,2.193340941965564,1.3221116432776818,0.13221116432776817,0.0,0.005167521568588339,0.00975252130928521,0.03250498252992447,0.20628011455902687,0.05914890393614769,0.0,0.09412036664210834,0.05914890393614769,0.051675215685883395,0.00975252130928521,0.013010191731154919,0.013587767258286476,0.015079007484018803,0.012830398976802826,0.0213531032204628,0.04399450495839119,0.07385756820440292,0.26659372448921204
156.0,0.1914262232872156,0.043169812532141805,2.109819283145051,1.2414991809771612,0.12414991809771612,0.0,0.004224325057405692,0.007325868498390684,0.031684829065432914,0.1914262232872156,0.055726112941136725,0.0,0.08356080548121379,0.055726112941136725,0.042243250574056916,0.007325868498390684,0.012790549546480179,0.013338249176740646,0.014569167047739029,0.012824755162000656,0.020646581426262856,0.04241567850112915,0.073237344622612,0.15553617477416992
157.0,0.1993782583337564,0.04976283246651292,2.155472814171097,1.3015343042520375,0.13015343042520375,0.0,0.003602957546424407,0.008580927235575823,0.03082723055894558,0.1993782583337564,0.05704094326266876,0.0,0.090533986974221,0.05704094326266876,0.036029575464244075,0.008580927235575823,0.01292070560157299,0.013522494584321976,0.014852453023195267,0.012857042253017426,0.020919160917401314,0.04294281080365181,0.07197682559490204,0.20811116695404053
158.0,0.20103587955236435,0.06395537778735161,2.0598764788949304,1.2761606253110445,0.12761606253110444,0.0,0.004710544380717553,0.008940970972896768,0.029364312067627907,0.20103587955236435,0.05976830222285711,0.0,0.09020597459031986,0.05976830222285711,0.047105443807175525,0.008940970972896768,0.012971030548214912,0.013538052327930927,0.014954416081309319,0.012888670898973942,0.02125304378569126,0.04430204629898071,0.07731294631958008,0.3144228160381317
159.0,0.22494274492447192,0.04611929529346526,2.229164881373089,1.4852899175423842,0.14852899175423842,0.0,0.004833305523229333,0.007987318363470526,0.029561222315980837,0.22494274492447192,0.06359312454095253,0.0,0.08683753328827712,0.06359312454095253,0.04833305523229333,0.007987318363470526,0.01291322149336338,0.013491286896169186,0.014833942987024784,0.012808166444301605,0.0209391750395298,0.04331269487738609,0.07240810990333557,0.17824776470661163
160.0,0.1937882246879431,0.03992141189519316,2.1914583690908733,1.2724796396035414,0.12724796396035415,0.0,0.004282409998659904,0.009203992945213731,0.031232953286514833,0.1937882246879431,0.05305385159758421,0.0,0.09056080619876201,0.05305385159758421,0.04282409998659904,0.009203992945213731,0.01284043863415718,0.01331239566206932,0.014441407285630703,0.012951148673892021,0.020764995366334915,0.042268406599760056,0.0744011178612709,0.12839138507843018
161.0,0.21127144877727216,0.04466601461172104,2.2612744455465488,1.358078053364387,0.13580780533643871,0.0,0.004339680397130836,0.0074499290024575135,0.031229807637058772,0.21127144877727216,0.06367403268814087,0.0,0.08424871844741014,0.06367403268814087,0.04339680397130836,0.0074499290024575135,0.012862322852015495,0.013416357338428497,0.014679839834570885,0.012854417786002159,0.020763283595442772,0.042838484048843384,0.07346033304929733,0.16645307838916779
162.0,0.1892458229110791,0.045549731818027794,2.1578545120379173,1.2503931270195887,0.1250393127019589,0.0,0.004409189450626191,0.008245817958735503,0.030833712707345303,0.1892458229110791,0.051551500478616126,0.0,0.08854587376117706,0.051551500478616126,0.0440918945062619,0.008245817958735503,0.012856505811214447,0.01341753639280796,0.014700415544211864,0.012834073975682259,0.020805465057492256,0.0429101437330246,0.07348980754613876,0.1733839064836502
163.0,0.17488916046344316,0.09677897021174431,2.007778538944341,1.130821631504939,0.11308216315049391,0.0,0.005352416906792384,0.006783770970427073,0.027879593464044426,0.17488916046344316,0.04967080658444992,0.0,0.07976895284194213,0.04967080658444992,0.05352416906792384,0.006783770970427073,0.014101983979344368,0.014707282185554504,0.016426190733909607,0.013813536614179611,0.02361309342086315,0.05048674717545509,0.0863591879606247,0.5547237396240234
164.0,0.20930829013769442,0.04441328905522823,2.146363476499815,1.3109271297088037,0.13109271297088038,0.0,0.004874574178113387,0.007736624576724493,0.028802266487708457,0.20930829013769442,0.0656043763917226,0.0,0.08553610914028607,0.0656043763917226,0.048745741781133875,0.007736624576724493,0.012871845625340939,0.013438411056995392,0.01471826434135437,0.012835054658353329,0.020822232589125633,0.04298705980181694,0.07310757786035538,0.1645258665084839
165.0,0.18546575078597435,0.057597890147008,2.041524196648985,1.2016982321555798,0.12016982321555797,0.0,0.0047746606135311035,0.008748792971556004,0.02909429672245796,0.18546575078597435,0.05177247194716564,0.0,0.08913024027760212,0.05177247194716564,0.04774660613531104,0.008748792971556004,0.012950102798640728,0.01349293440580368,0.014927167445421219,0.012848690152168274,0.02117772586643696,0.04384632781147957,0.07566626369953156,0.26587390899658203
166.0,0.20659476174758032,0.07406554429326206,2.1564395411077717,1.3836030409886286,0.13836030409886288,0.0,0.005226529776476896,0.006707487368168166,0.02807381426772246,0.20659476174758032,0.056300437794281885,0.0,0.07923493906855583,0.056300437794281885,0.052265297764768966,0.006707487368168166,0.013449244201183319,0.014052212238311768,0.01572144404053688,0.013200764544308186,0.022505279630422592,0.04642625153064728,0.07695578783750534,0.39021337032318115
167.0,0.1920678816162623,0.056347092147916555,2.130742577463733,1.1968704599600573,0.11968704599600574,0.0,0.005305018576865013,0.008297728759666475,0.029468638965716727,0.1920678816162623,0.058778086820474036,0.0,0.0867979059425684,0.058778086820474036,0.05305018576865013,0.008297728759666475,0.0129471430554986,0.013483721762895584,0.01490908395498991,0.012847857549786568,0.021128369495272636,0.04376320168375969,0.0755498856306076,0.25614747405052185
168.0,0.20112527792270368,0.05439555598422885,2.1958063881294247,1.3069276901391835,0.13069276901391838,0.0,0.004942030602922807,0.0068259284509202605,0.028248904416194327,0.20112527792270368,0.058664545989953555,0.0,0.08011884041703664,0.058664545989953555,0.04942030602922806,0.0068259284509202605,0.013078130781650543,0.013648155145347118,0.015129276551306248,0.01287708431482315,0.021425362676382065,0.04430798813700676,0.07315003126859665,0.24154841899871826
169.0,0.18498305861766523,0.043171591591089964,2.16206763296131,1.1761340177976167,0.1176134017797617,0.0,0.004391056012648802,0.00796874644807898,0.029117269011644218,0.18498305861766523,0.05500985366793779,0.0,0.08659196100555934,0.05500985366793779,0.04391056012648802,0.00796874644807898,0.012858002446591854,0.013433103449642658,0.014618591405451298,0.01291078794747591,0.02072840742766857,0.04271109029650688,0.07310903817415237,0.15500371158123016
170.0,0.1844069751409384,0.048415393684990704,2.1127005231978906,1.18230244746575,0.11823024474657498,0.0,0.004104921168002945,0.007530228485568211,0.02816924065924608,0.1844069751409384,0.05454157937604647,0.0,0.0836455483849232,0.05454157937604647,0.041049211680029445,0.007530228485568211,0.012984417378902435,0.013547533191740513,0.014933578670024872,0.012852903455495834,0.021075144410133362,0.0437687523663044,0.0730871707201004,0.19507364928722382
171.0,0.1786658173570266,0.04760711546987295,2.148355712065366,1.1201416712540846,0.11201416712540847,0.0,0.0040191086797186975,0.008007931612575283,0.028595619476758517,0.1786658173570266,0.05462460363140473,0.0,0.08624860214499327,0.05462460363140473,0.04019108679718696,0.008007931612575283,0.012949534691870213,0.013568224385380745,0.014669501222670078,0.013113211840391159,0.020887918770313263,0.04294753074645996,0.07403117418289185,0.18868982791900635
172.0,0.17796849745970506,0.0744096648413688,2.0064867390998207,1.093233035160945,0.10932330351609451,0.0,0.004547073616861151,0.007502108928747475,0.028191150452655096,0.17796849745970506,0.056596009633862056,0.0,0.08376199608811966,0.056596009633862056,0.04547073616861151,0.007502108928747475,0.013427963480353355,0.01403749454766512,0.015687577426433563,0.013195171020925045,0.022429559379816055,0.046555180102586746,0.07741068303585052,0.39253368973731995
173.0,0.18062937202361914,0.052223860868252814,2.0528520592660113,1.0942030824147737,0.10942030824147737,0.0,0.005129678246493524,0.00788919732440263,0.028392752131017353,0.18062937202361914,0.05819019302725792,0.0,0.08535575236265476,0.05819019302725792,0.05129678246493523,0.00788919732440263,0.012946894392371178,0.013495655730366707,0.014912202022969723,0.012827053666114807,0.021109504625201225,0.04377362132072449,0.0741267129778862,0.22459924221038818
174.0,0.16749383107973978,0.05280994938220829,2.0345476834886904,1.0157694747814765,0.10157694747814767,0.0,0.004482369508164433,0.007536014452433357,0.028483716126244802,0.16749383107973978,0.05389849497721745,0.0,0.0840163454413414,0.05389849497721745,0.044823695081644334,0.007536014452433357,0.013128487393260002,0.013701185584068298,0.015215939842164516,0.01292336918413639,0.021602407097816467,0.044426459819078445,0.07246691733598709,0.2290148288011551
175.0,0.18029387639119074,0.044694293406791985,2.110350951835171,1.0693358458005464,0.10693358458005467,0.0,0.004476025743553272,0.008809750290730825,0.02903475282857051,0.18029387639119074,0.06007451435121206,0.0,0.089890417857812,0.06007451435121206,0.04476025743553272,0.008809750290730825,0.012881583534181118,0.013407330960035324,0.014715339057147503,0.012866300530731678,0.02091704122722149,0.04302595555782318,0.07450603693723679,0.1652347594499588
176.0,0.18293931507147276,0.051174515625461936,2.158608542568409,1.1295241186252007,0.11295241186252009,0.0,0.0048239313531667,0.007554110166473458,0.02822578318703633,0.18293931507147276,0.05760886204930452,0.0,0.08391966785375889,0.05760886204930452,0.048239313531666994,0.007554110166473458,0.012998432852327824,0.013560245744884014,0.014994708821177483,0.012841906398534775,0.021184459328651428,0.04396261274814606,0.0734546110033989,0.216399148106575
177.0,0.1917087773864086,0.04364726657513529,2.2207293898770044,1.249596554499406,0.1249596554499406,0.0,0.004183700988785579,0.0074904815902790195,0.02833263661998969,0.1917087773864086,0.05507494279971489,0.0,0.08355961854641254,0.05507494279971489,0.04183700988785578,0.0074904815902790195,0.012883920222520828,0.013443761505186558,0.014644340611994267,0.012942728586494923,0.020823156461119652,0.04277133569121361,0.0740308165550232,0.1576380729675293
178.0,0.18424598414164323,0.07391359948087484,2.156103749574215,1.1765318925564106,0.11765318925564104,0.0,0.004757502846992933,0.008301646914333105,0.028552691667125776,0.18424598414164323,0.05353364190803124,0.0,0.0872884003015665,0.05353364190803124,0.04757502846992933,0.008301646914333105,0.01343873143196106,0.014048893004655838,0.015707621350884438,0.01318973209708929,0.02248089760541916,0.04652510955929756,0.07711829245090485,0.3887995183467865
179.0,0.20217903875387633,0.06690493447240442,2.196579760321677,1.3258815957949712,0.13258815957949713,0.0,0.005274442654962724,0.006187165227647011,0.027423548655441173,0.20217903875387633,0.058129272208764,0.0,0.07639327874550453,0.058129272208764,0.05274442654962723,0.006187165227647011,0.013156226836144924,0.013722180388867855,0.015199067071080208,0.013013183139264584,0.02157554402947426,0.04529082775115967,0.07809453457593918,0.3351879119873047
180.0,0.1911408299436936,0.04706030339002609,2.2761643021925635,1.1854276061058044,0.11854276061058044,0.0,0.0049312821517770115,0.008181855306387521,0.029038836176578816,0.1911408299436936,0.05948492641059252,0.0,0.08686228211109455,0.05948492641059252,0.049312821517770104,0.008181855306387521,0.013007232919335365,0.01358192041516304,0.014964666217565536,0.012863656505942345,0.02110176905989647,0.04375769570469856,0.07263422012329102,0.1845712661743164
181.0,0.20043005163852984,0.06515067000873387,2.1385798999807846,1.3406556432063763,0.13406556432063765,0.0,0.004969031714762632,0.006103690489768409,0.026202984870626375,0.20043005163852984,0.055291762575507164,0.0,0.07572191724410424,0.055291762575507164,0.049690317147626326,0.006103690489768409,0.013132302090525627,0.013673583045601845,0.015119235031306744,0.013033528812229633,0.021435009315609932,0.044957444071769714,0.07886771857738495,0.3209865391254425
182.0,0.18509134478293932,0.047459259047172964,2.1696886205026247,1.120264151921639,0.11202641519216389,0.0,0.005041014714739643,0.007832551106380729,0.027529590763151646,0.18509134478293932,0.06019136309623718,0.0,0.08429184068854038,0.06019136309623718,0.05041014714739644,0.007832551106380729,0.013006100431084633,0.013567388989031315,0.014954046346247196,0.012883353047072887,0.021032586693763733,0.04380061849951744,0.07348926365375519,0.18694071471691132
183.0,0.19368110711757952,0.055089290603064,2.207919132744412,1.2738898809139545,0.12738898809139548,0.0,0.004566672745232399,0.00665846281649115,0.027510175839639626,0.19368110711757952,0.05506697999170193,0.0,0.07939642266585277,0.05506697999170193,0.04566672745232399,0.00665846281649115,0.013049202971160412,0.013602866791188717,0.015023878775537014,0.012911174446344376,0.0212551336735487,0.0441703200340271,0.07549066841602325,0.24521107971668243
184.0,0.1806365939287039,0.07342877064365894,2.1098114149281204,1.1608394315609565,0.11608394315609567,0.0,0.005109705818960301,0.008533072845938686,0.0280774816727409,0.1806365939287039,0.05090987137877024,0.0,0.08754375777565516,0.05090987137877024,0.051097058189603,0.008533072845938686,0.013385909609496593,0.013995534740388393,0.015561685897409916,0.01318424753844738,0.022102687507867813,0.04624461755156517,0.0787186399102211,0.3842368423938751
185.0,0.20985877399261182,0.046173059614375234,2.2520474011487215,1.4191050712878888,0.1419105071287889,0.0,0.004595257313205646,0.0053594684667097265,0.024761713181550685,0.20985877399261182,0.05799353781801004,0.0,0.07080766315070483,0.05799353781801004,0.04595257313205646,0.0053594684667097265,0.012964455410838127,0.013529909774661064,0.01477089710533619,0.012966187670826912,0.020878953859210014,0.04329521581530571,0.07440951466560364,0.17656934261322021
186.0,0.16982319607184485,0.08632809855043888,2.06433859789887,1.039497556594702,0.10394975565947019,0.0,0.005292303802875372,0.0077878259964144,0.027431800460013058,0.16982319607184485,0.05279330966564325,0.0,0.08421279432681891,0.05279330966564325,0.05292303802875372,0.0077878259964144,0.013788647949695587,0.01441433746367693,0.015945443883538246,0.013559670187532902,0.022658955305814743,0.04850241169333458,0.08465360850095749,0.47710171341896057
187.0,0.19412871965995201,0.0440353297162801,2.2411824068231,1.1881745503498957,0.11881745503498958,0.0,0.004983303086975447,0.0067828851125131435,0.02712549204723193,0.19412871965995201,0.06354507574668297,0.0,0.0796510219000853,0.06354507574668297,0.04983303086975446,0.0067828851125131435,0.012975592166185379,0.013542843982577324,0.014681865461170673,0.013051423244178295,0.020864609628915787,0.043017130345106125,0.07459485530853271,0.15955431759357452
188.0,0.1790844385440533,0.06403479469008744,2.063654347574296,1.1168017800037677,0.11168017800037676,0.0,0.004455362194074461,0.008225251463814996,0.027686392028744403,0.1790844385440533,0.054723641906793304,0.0,0.08607146287193665,0.054723641906793304,0.04455362194074461,0.008225251463814996,0.013214542530477047,0.01380116119980812,0.015332723967730999,0.012995576485991478,0.021721208468079567,0.04514632001519203,0.07565545290708542,0.31441137194633484
189.0,0.19843753656515709,0.04653831012547016,2.2033144542175975,1.321139477766477,0.13211394777664773,0.0,0.00473512989970354,0.00555197168320704,0.025154832678918656,0.19843753656515709,0.056036483496427536,0.0,0.07224914775444911,0.056036483496427536,0.04735129899703539,0.00555197168320704,0.01296315435320139,0.013505774550139904,0.014833304099738598,0.012910359539091587,0.020985957235097885,0.043524522334337234,0.07470040768384933,0.17888300120830536
190.0,0.17085754871368408,0.050842787604779005,2.1377366568724634,1.0253301904751704,0.10253301904751705,0.0,0.004321877017187384,0.007614989621708026,0.02682485725157536,0.17085754871368408,0.05638766174133007,0.0,0.08302533311339524,0.05638766174133007,0.043218770171873845,0.007614989621708026,0.01308117713779211,0.013648047111928463,0.015085045248270035,0.012895524501800537,0.02128802053630352,0.04426592215895653,0.07323992252349854,0.2132386416196823
191.0,0.18253399087832525,0.04360206320416182,2.1893028195276236,1.1476383530176604,0.11476383530176602,0.0,0.004364932579203295,0.006312676481544399,0.026203396515204355,0.18253399087832525,0.05709254268843394,0.0,0.07689778220195037,0.05709254268843394,0.04364932579203294,0.006312676481544399,0.012964630499482155,0.013462511822581291,0.014754497446119785,0.012960778549313545,0.020974181592464447,0.04319939389824867,0.07532808929681778,0.1551724225282669
192.0,0.1788954809308052,0.05136238818522543,2.156244000324239,1.0755471289157867,0.10755471289157868,0.0,0.004720606717567605,0.008183477124055991,0.02743299248126837,0.1788954809308052,0.058436680012024365,0.0,0.0858899879340942,0.058436680012024365,0.04720606717567604,0.008183477124055991,0.013010984286665916,0.013560024090111256,0.0149607565253973,0.012895431369543076,0.021109772846102715,0.043954625725746155,0.07450847327709198,0.21689903736114502
193.0,0.183549583531343,0.04203307302668691,2.240776664891605,1.2061441357319171,0.1206144135731917,0.0,0.004243273409799888,0.005761577040315247,0.025294637594085474,0.183549583531343,0.052930315383351766,0.0,0.07339505937237006,0.052930315383351766,0.04243273409799887,0.005761577040315247,0.01296604797244072,0.013492858037352562,0.01469114888459444,0.013005304150283337,0.020922815427184105,0.04302755370736122,0.07474221289157867,0.1434166431427002
194.0,0.1713055567099498,0.07409391854889691,2.075630317872588,1.0544902751078973,0.10544902751078972,0.0,0.004729689432021517,0.00796005913378814,0.027156985364854336,0.1713055567099498,0.05316677918800941,0.0,0.08471958224590008,0.05316677918800941,0.04729689432021517,0.00796005913378814,0.013470116071403027,0.014083441346883774,0.015702595934271812,0.013233005069196224,0.022396432235836983,0.04685787484049797,0.07801363617181778,0.3889942467212677
195.0,0.18900505911845428,0.06613931432366371,2.16332721520935,1.2080572476753821,0.12080572476753824,0.0,0.005334715015039993,0.0058190564965256136,0.025381160613435965,0.18900505911845428,0.05704555832422697,0.0,0.07383161468001512,0.05704555832422697,0.05334715015039994,0.0058190564965256136,0.013185026124119759,0.013733625411987305,0.015192274004220963,0.013067537918686867,0.021540828049182892,0.04538649320602417,0.07894336432218552,0.3280653655529022
196.0,0.1734966945189696,0.04612116247881204,2.1634749278603573,1.0190123457175035,0.10190123457175036,0.0,0.004776206060957451,0.007689197637284031,0.026791308505030777,0.1734966945189696,0.05913005497020025,0.0,0.08345877723051952,0.05913005497020025,0.047762060609574504,0.007689197637284031,0.013015689328312874,0.013581814244389534,0.014951571822166443,0.01290110033005476,0.021045828238129616,0.0437859445810318,0.0733860656619072,0.1763012856245041
197.0,0.17691881094987577,0.06329973344691098,2.1117175500666443,1.1095292889154875,0.11095292889154876,0.0,0.004989828613515084,0.006318464185684347,0.025936188391194895,0.17691881094987577,0.054657586921866126,0.0,0.07678619199074231,0.054657586921866126,0.049898286135150835,0.006318464185684347,0.01312960684299469,0.013646290637552738,0.015101863071322441,0.013055742718279362,0.021403832361102104,0.044833142310380936,0.07916370779275894,0.3060636818408966
198.0,0.17551127534646255,0.06898170243948698,2.1023933341504897,1.0356094241142273,0.10356094241142275,0.0,0.005621617040238701,0.008046339185406955,0.027106058353988025,0.17551127534646255,0.058282372470085435,0.0,0.08479845265929516,0.058282372470085435,0.056216170402387015,0.008046339185406955,0.013268234208226204,0.013847824186086655,0.01537365186959505,0.01308469194918871,0.02175009623169899,0.04563435539603233,0.0779731348156929,0.350921630859375
199.0,0.18196735015282264,0.042882506153546274,2.2488692057073894,1.1734895476928124,0.11734895476928123,0.0,0.004639907317379347,0.005779225558329087,0.025380131860192005,0.18196735015282264,0.05419925929835209,0.0,0.07346295508054587,0.05419925929835209,0.046399073173793465,0.005779225558329087,0.01298180315643549,0.013493131846189499,0.014775566756725311,0.012985095381736755,0.02097579650580883,0.043262362480163574,0.07537369430065155,0.14921259880065918
200.0,0.16930151673463675,0.08432263659778982,2.095268513811299,1.0203381524636195,0.10203381524636194,0.0,0.005709450186875005,0.007573880165672073,0.026539525876824673,0.16930151673463675,0.0539843665006069,0.0,0.08234150191912284,0.0539843665006069,0.05709450186875004,0.007573880165672073,0.013710715807974339,0.014332584105432034,0.015826722607016563,0.013502326793968678,0.022428380325436592,0.048040419816970825,0.08400643616914749,0.46273350715637207
201.0,0.1879097125851191,0.04464970575645566,2.3177813954854973,1.1597640193425691,0.11597640193425693,0.0,0.0045004097314981315,0.006171732603643949,0.025814216297406416,0.1879097125851191,0.06126116674679976,0.0,0.07611663152392094,0.06126116674679976,0.04500409731498131,0.006171732603643949,0.013004117645323277,0.013612034730613232,0.014735006727278233,0.013089594431221485,0.020888010039925575,0.043304771184921265,0.07428548485040665,0.16427862644195557
202.0,0.17297238111495972,0.07169285521376878,2.0992177943864987,1.029326388469109,0.10293263884691092,0.0,0.004480408196552442,0.007552312033322568,0.02640399902772445,0.17297238111495972,0.05800701935703938,0.0,0.0823241022343819,0.05800701935703938,0.04480408196552442,0.007552312033322568,0.013330036774277687,0.013916390016674995,0.015395667403936386,0.013151849620044231,0.02181282825767994,0.04610704258084297,0.07924671471118927,0.37058231234550476
203.0,0.18750672787427902,0.043046473525464535,2.3053018155697633,1.1920792322892408,0.1192079232289241,0.0,0.004611413023219659,0.005761907794154608,0.02510115124571782,0.18750672787427902,0.05792548048954744,0.0,0.07367239004144302,0.05792548048954744,0.046114130232196585,0.005761907794154608,0.013029059395194054,0.013588286936283112,0.014699202962219715,0.013114131055772305,0.02095274068415165,0.04318317398428917,0.07487054169178009,0.15093465149402618
204.0,0.1658535708601658,0.07270778564270586,2.0195711793520568,0.9851273756760818,0.09851273756760819,0.0,0.004948737792885647,0.0074329216283960985,0.02616759160390267,0.1658535708601658,0.05495917252623118,0.0,0.08179203277597061,0.05495917252623118,0.04948737792885648,0.0074329216283960985,0.013338420540094376,0.013908274471759796,0.015353198163211346,0.013202507048845291,0.02178163453936577,0.04619733616709709,0.0806226134300232,0.37725830078125
205.0,0.18018935792721236,0.06939462095033377,2.2733748109694476,1.1077021727195153,0.11077021727195152,0.0,0.005430826337005084,0.006206876795309095,0.025577152506090127,0.18018935792721236,0.05778143941782988,0.0,0.076102393750961,0.05778143941782988,0.05430826337005083,0.006206876795309095,0.013462056405842304,0.014055639505386353,0.015682291239500046,0.013205649331212044,0.02233332023024559,0.04637324810028076,0.07622482627630234,0.35381993651390076
206.0,0.17722588089796212,0.04114682483486831,2.195492122992327,0.9977805133049304,0.09977805133049304,0.0,0.004189021376749645,0.007414969911154073,0.026186158307469808,0.17722588089796212,0.0658438357596214,0.0,0.0814883175950784,0.0658438357596214,0.04189021376749644,0.007414969911154073,0.012936701998114586,0.013490593992173672,0.01473303698003292,0.012941463850438595,0.020818494260311127,0.04328479245305061,0.07366382330656052,0.13730569183826447
207.0,0.17947373883082315,0.04494949767831713,2.251360665261563,1.1346921783227186,0.11346921783227187,0.0,0.004103572243967881,0.006104953757200677,0.025465505340924628,0.17947373883082315,0.05579599695136914,0.0,0.0757327010998359,0.05579599695136914,0.04103572243967882,0.006104953757200677,0.013059700839221478,0.013634303584694862,0.014994167722761631,0.012937870807945728,0.021068310365080833,0.04395977780222893,0.0728207528591156,0.16712109744548798
208.0,0.16527903767732474,0.06106701318640262,2.0499943389741424,0.9896396054671361,0.09896396054671361,0.0,0.0051767907965068645,0.007435134522473583,0.026088459560504325,0.16527903767732474,0.053703147488144726,0.0,0.08168015285180165,0.053703147488144726,0.05176790796506863,0.007435134522473583,0.0131033044308424,0.013632816262543201,0.015040358528494835,0.013034053146839142,0.021279312670230865,0.04456895589828491,0.07847398519515991,0.2894033193588257
209.0,0.18501838010091048,0.04672422807198018,2.2362956182950144,1.0921054207361662,0.10921054207361663,0.0,0.0052826504885720525,0.006069716970579555,0.025311557074578907,0.18501838010091048,0.06445546906728011,0.0,0.07550211823903598,0.06445546906728011,0.05282650488572052,0.006069716970579555,0.013045004568994045,0.013604155741631985,0.014966434799134731,0.01294049620628357,0.02105664275586605,0.043959636241197586,0.07355183362960815,0.1806696206331253
210.0,0.16091552147498497,0.04454141983296722,2.138739949913693,0.9798142428581531,0.09798142428581531,0.0,0.004355111668029657,0.007180116166217396,0.025883949361741543,0.16091552147498497,0.051398867884507544,0.0,0.08026260911272122,0.051398867884507544,0.04355111668029657,0.007180116166217396,0.01309224870055914,0.013583836145699024,0.014620971865952015,0.013208171352744102,0.02101008966565132,0.04351305961608887,0.07513166218996048,0.16217131912708282
211.0,0.1811250001192093,0.06304371159058064,2.138394289341451,1.0802232164603014,0.10802232164603011,0.0,0.005301767084389352,0.006246748084847171,0.025463294452772692,0.1811250001192093,0.061554161401895374,0.0,0.0764222930257137,0.061554161401895374,0.05301767084389352,0.006246748084847171,0.013205232098698616,0.01375696249306202,0.015244838781654835,0.013039791956543922,0.021543137729167938,0.045153554528951645,0.07713180780410767,0.3052743673324585
212.0,0.16572024100101912,0.04293356032576412,2.171032371677571,0.9876433679690728,0.09876433679690727,0.0,0.004541040190423911,0.007455650242403722,0.026029530411156323,0.16572024100101912,0.0549592083463302,0.0,0.08164613092174897,0.0549592083463302,0.0454104019042391,0.007455650242403722,0.012959233485162258,0.013544684275984764,0.014746400527656078,0.01297877449542284,0.020832600072026253,0.04334026202559471,0.07337087392807007,0.15169565379619598
213.0,0.16712200068510497,0.08790836483240128,2.0644803934913165,1.0497143864631653,0.10497143864631653,0.0,0.005252232033616076,0.006444012065632985,0.025998622107391175,0.16712200068510497,0.050454314511555895,0.0,0.07757499498816636,0.050454314511555895,0.05252232033616075,0.006444012065632985,0.01394902728497982,0.014572872780263424,0.016096001490950584,0.0136972451582551,0.022898510098457336,0.04950319603085518,0.0850994661450386,0.48745059967041016
214.0,0.17218900185364944,0.04165467293933034,2.179295797736086,0.9727212717899909,0.09727212717899911,0.0,0.0054221468332868355,0.007167049997056333,0.025719822456057254,0.17218900185364944,0.06232767838698167,0.0,0.08047519423640691,0.06232767838698167,0.05422146833286835,0.007167049997056333,0.012951317243278027,0.013511152006685734,0.014782670885324478,0.01293659582734108,0.02088361606001854,0.04338117316365242,0.07361654192209244,0.14117431640625
215.0,0.16855592452562773,0.05510784965008497,2.1445157617846573,1.0468625747240508,0.10468625747240508,0.0,0.004555106008998476,0.006365405709052889,0.025491157331718847,0.16855592452562773,0.05294915603903624,0.0,0.07694608947405449,0.05294915603903624,0.04555106008998477,0.006365405709052889,0.013084733858704567,0.01361836213618517,0.015027385205030441,0.012991067953407764,0.021225959062576294,0.044288501143455505,0.07616401463747025,0.2444627732038498
216.0,0.16012167701354393,0.07289489463437349,2.182715218068604,0.9739543864360223,0.09739543864360223,0.0,0.00516783118677827,0.006641114820153094,0.025366854997208484,0.16012167701354393,0.05091728972127804,0.0,0.07792364719968575,0.05091728972127804,0.051678311867782704,0.006641114820153094,0.013508744537830353,0.014101744629442692,0.015734737738966942,0.01326666958630085,0.02242075651884079,0.04677256941795349,0.07692249119281769,0.3804314434528351
217.0,0.18211430196578687,0.052082311478443444,2.2169743673577798,1.0788921347031226,0.10788921347031229,0.0,0.004783058904397947,0.007068819760416563,0.026431921869516373,0.18211430196578687,0.06237320745220551,0.0,0.0808212490609059,0.06237320745220551,0.04783058904397946,0.007068819760416563,0.013069668784737587,0.013610371388494968,0.014991401694715023,0.012977647595107555,0.021132901310920715,0.04402957484126091,0.07542087137699127,0.22142605483531952
218.0,0.1635895354243425,0.05717937333974987,2.1668593740557958,1.0006229464824383,0.10006229464824384,0.0,0.004760033569227045,0.006160786232123008,0.025149037416737813,0.1635895354243425,0.052606421594436355,0.0,0.07547275664714667,0.052606421594436355,0.04760033569227044,0.006160786232123008,0.013172307051718235,0.013725279830396175,0.015231418423354626,0.012983780354261398,0.021489674225449562,0.04466971382498741,0.07433895021677017,0.2618238627910614
219.0,0.17267502271212065,0.04400570981670171,2.2090472656466265,1.0536933174500098,0.10536933174500099,0.0,0.004779926443902346,0.007511353693329371,0.027177075640513346,0.17267502271212065,0.055014410557655186,0.0,0.0831539722589346,0.055014410557655186,0.04779926443902346,0.007511353693329371,0.013014962896704674,0.013522965833544731,0.014822744764387608,0.013012547045946121,0.021019410341978073,0.04342355951666832,0.0753592699766159,0.15787021815776825
220.0,0.1696969843827761,0.05023483920376748,2.2065641483396568,1.0170760911244612,0.10170760911244613,0.0,0.004881486903804425,0.005626385234511242,0.024306496175435875,0.1696969843827761,0.05748149938881397,0.0,0.07201764818567497,0.05748149938881397,0.04881486903804426,0.005626385234511242,0.013044267892837524,0.01358854677528143,0.014986605383455753,0.012946845032274723,0.021081412211060524,0.04392515495419502,0.07435087859630585,0.207955002784729
221.0,0.1665403779882651,0.04171585838776082,2.0338466124344454,1.0238561125902028,0.10238561125902029,0.0,0.0046973513296017285,0.00713318339190804,0.026718262009895764,0.1665403779882651,0.05232423171401024,0.0,0.08147448072066674,0.05232423171401024,0.04697351329601728,0.00713318339190804,0.012985629960894585,0.013531836681067944,0.014832617715001106,0.012963604182004929,0.02095920965075493,0.043455179780721664,0.07384874671697617,0.14115004241466522
222.0,0.1622874243901326,0.05855951725970954,2.182344846272082,0.9873278163946592,0.09873278163946592,0.0,0.004796248058286998,0.006292331901092369,0.024713061606654756,0.1622874243901326,0.05246606010657091,0.0,0.07605149940802501,0.05246606010657091,0.04796248058286997,0.006292331901092369,0.013119046576321125,0.013658530078828335,0.015127334743738174,0.012975244782865047,0.0213436521589756,0.044578928500413895,0.07596097886562347,0.27171242237091064
223.0,0.1699309297479116,0.044081037980504334,2.257835784299119,1.0519292721381555,0.10519292721381554,0.0,0.004507463224805318,0.006899405342455094,0.02609259420289443,0.1699309297479116,0.05333113641693042,0.0,0.07979145932656068,0.05333113641693042,0.045074632248053186,0.006899405342455094,0.013011361472308636,0.013590606860816479,0.014761336147785187,0.013068589381873608,0.020939547568559647,0.043411437422037125,0.07435962557792664,0.15950579941272736
224.0,0.16373845992180017,0.08283463155385107,2.092597795823625,0.9708444246878991,0.09708444246878992,0.0,0.005308951115092406,0.005923164838280242,0.024489537597848818,0.16373845992180017,0.05542190286975641,0.0,0.07406371889206079,0.05542190286975641,0.05308951115092406,0.005923164838280242,0.013711478561162949,0.014312568120658398,0.015794187784194946,0.013519063591957092,0.022363536059856415,0.048055846244096756,0.08357600122690201,0.45134437084198
225.0,0.17745725810527802,0.041836106684058905,2.2573157670637047,1.0431801401651823,0.10431801401651825,0.0,0.005467645186357774,0.007016724763581386,0.025936573887100585,0.17745725810527802,0.060654874031360335,0.0,0.08050999360588881,0.060654874031360335,0.05467645186357773,0.007016724763581386,0.013014276511967182,0.013557026162743568,0.014748113229870796,0.013050445355474949,0.020964035764336586,0.04332663118839264,0.07449852675199509,0.14152979850769043
226.0,0.16039565377510512,0.06690404552500695,2.1008793652702513,0.955942119543369,0.0955942119543369,0.0,0.0048528011064403334,0.006101900854936013,0.024603901717525262,0.16039565377510512,0.05384673923254013,0.0,0.07524267555429386,0.05384673923254013,0.04852801106440333,0.006101900854936013,0.013309793546795845,0.013877324759960175,0.015415333211421967,0.013110115192830563,0.021795520558953285,0.0457940436899662,0.0765765905380249,0.33535364270210266
227.0,0.16695253149821207,0.0483930284390226,2.2246916618515162,0.9980948108893174,0.09980948108893176,0.0,0.0050918030337645465,0.0069252632271785,0.025716929195018914,0.16695253149821207,0.0551259799932058,0.0,0.0799449011683464,0.0551259799932058,0.050918030337645456,0.0069252632271785,0.013020503334701061,0.013558554463088512,0.014911388047039509,0.01298016868531704,0.02106686681509018,0.04382045939564705,0.0751020684838295,0.19268421828746796
228.0,0.16004169159210646,0.05484076344873756,2.190123236904264,0.9610238258655255,0.09610238258655257,0.0,0.004673368702284419,0.005987521323661964,0.024278405409019727,0.16004169159210646,0.05327841868767372,0.0,0.07437338794653232,0.05327841868767372,0.04673368702284419,0.005987521323661964,0.013135720044374466,0.01368550956249237,0.015162481926381588,0.012966610491275787,0.021388530731201172,0.04448455572128296,0.073860302567482,0.24404239654541016
229.0,0.1659238149340336,0.041373734595254064,2.2272342611973177,0.9732477848346417,0.09732477848346417,0.0,0.004622270002101476,0.007150665856897831,0.026115643433653392,0.1659238149340336,0.0568260970310523,0.0,0.08104991253751975,0.0568260970310523,0.046222700021014765,0.007150665856897831,0.013022814877331257,0.013511482626199722,0.01479633990675211,0.0130295529961586,0.021052133291959763,0.04331161454319954,0.0749005526304245,0.13736538589000702
230.0,0.16351399685327822,0.049552548793144524,2.198297889095165,0.9720211441700275,0.09720211441700276,0.0,0.004788173486192066,0.005776122069129577,0.02404778264462948,0.16351399685327822,0.05574758207568756,0.0,0.07310640682967809,0.05574758207568756,0.04788173486192066,0.005776122069129577,0.013029643334448338,0.013571533374488354,0.014954710379242897,0.012952507473528385,0.021056609228253365,0.04385407269001007,0.07430515438318253,0.20269615948200226
231.0,0.1587466333921139,0.058993419632315636,2.1418403612066266,0.9523864159217248,0.09523864159217246,0.0,0.005249834648118569,0.007025637090779268,0.026052706946547214,0.1587466333921139,0.05123251848495924,0.0,0.08047612469929916,0.05123251848495924,0.05249834648118569,0.007025637090779268,0.013124438002705574,0.013655135408043861,0.015080375596880913,0.013022350147366524,0.021349363029003143,0.044747475534677505,0.07698998600244522,0.27397823333740234
232.0,0.15989875334959763,0.07258582522626966,2.1007558702349254,0.964183834882883,0.0964183834882883,0.0,0.005518424801098613,0.006144020536269706,0.0243405935426171,0.15989875334959763,0.05181792335441479,0.0,0.07545447550140895,0.05181792335441479,0.05518424801098613,0.006144020536269706,0.01341559924185276,0.013984155841171741,0.015492033213376999,0.01323731616139412,0.021918192505836487,0.04647887125611305,0.07953009754419327,0.37663033604621887
233.0,0.16263055285582176,0.04147858638316393,2.2265938277119117,0.970579947416599,0.0970579947416599,0.0,0.004934433116935768,0.00671257648187188,0.02554114033969549,0.16263055285582176,0.05392554918160805,0.0,0.0786547322685902,0.05392554918160805,0.049344331169357665,0.00671257648187188,0.012982524000108242,0.013544877991080284,0.014811954461038113,0.012981144711375237,0.02095288224518299,0.043443355709314346,0.07363072037696838,0.13948123157024384
