epoch,train_loss,val_window_mae_kwh,grad_norm,l_state,w_state,w_boundary,w_prior,w_dynamics,dynamics_residual_mae,loss,l_window,l_boundary,dynamics_residual_rmse,w_window,l_prior,l_dynamics,val_mae_soc_event_0.1,val_mae_soc_event_0.2,val_mae_soc_event_0.5,val_mae_time_60s,val_mae_time_120s,val_mae_time_300s,val_mae_time_600s,val_mae_full_trip
0.0,2.19177030141537,0.06658996641635895,0.87069801318389,20.518673419952393,2.051867341995239,0.0,0.00014290321036801638,0.0,0.014116529518595109,2.19177030141537,0.13975999733576408,0.0,0.018472319540496055,0.13975999733576408,0.0014290321036801638,0.0003611807859180352,0.012984253466129303,0.01343405619263649,0.01595931686460972,0.013069255277514458,0.02120397239923477,0.046149302273988724,0.07514996826648712,0.334769606590271
1.0,2.096034994492164,0.050283777294680476,1.0571435258926913,20.144916204305794,2.01449162043058,0.0,0.0014487940244949783,0.0,0.0200690460892824,2.096034994492164,0.08009453819921383,0.0,0.031081305243648015,0.08009453819921383,0.01448794024494978,0.0011523417801632045,0.012690250761806965,0.01272797305136919,0.015981324017047882,0.012490794062614441,0.02057148516178131,0.04300760105252266,0.07277367264032364,0.21202711760997772
2.0,1.9613774785628686,0.04326254909392446,1.2852117405246781,18.90965773509099,1.890965773509099,0.0,0.002580192771095496,0.0,0.05309913192804043,1.9613774785628686,0.06783151554946716,0.0,0.11968966057667366,0.06783151554946716,0.02580192771095496,0.01669286388474015,0.012190396897494793,0.01233838964253664,0.015086333267390728,0.01239815540611744,0.019717330113053322,0.04206003621220589,0.07207196205854416,0.16023778915405273
3.0,1.7931497142865107,0.06532168632838875,1.2219423573813712,17.305113242222713,1.7305113242222714,0.0,0.0031841984950006013,0.0,0.13406852002327257,1.7931497142865107,0.05945414791886623,0.0,0.3247319161891937,0.05945414791886623,0.03184198495000601,0.10946007158893806,0.012252921238541603,0.012322097085416317,0.015416276641190052,0.012204443104565144,0.020737571641802788,0.043528977781534195,0.07843133062124252,0.3276798725128174
4.0,1.6705033366496747,0.06334348779637367,1.2200938971148643,16.090803513160118,1.6090803513160121,0.0,0.004279194571650945,0.0,0.21578982300483263,1.6705033366496747,0.057143756976494424,0.0,0.5273253275797918,0.057143756976494424,0.042791945716509454,0.2846703804456271,0.012165011838078499,0.012218599207699299,0.015287540853023529,0.012201189994812012,0.020583609119057655,0.042576342821121216,0.07667716592550278,0.31503844261169434
5.0,1.5806234662349408,0.04415976698510349,1.4416432341295116,15.105645473186787,1.5105645473186788,0.0,0.002819931922623744,0.0,0.24198996562224168,1.5806234662349408,0.06723896686274272,0.0,0.616085946559906,0.06723896686274272,0.028199319226237442,0.3922727142389004,0.012259778566658497,0.012373929843306541,0.015169651247560978,0.012445788830518723,0.01969045214354992,0.04211423546075821,0.07182656228542328,0.16739773750305176
6.0,1.5058214114262507,0.05850654002279043,1.6517918761002865,14.438622951507568,1.4438622951507567,0.0,0.0034520934837368824,0.0,0.2094060698380837,1.5058214114262507,0.058507013492859326,0.0,0.5988153035824115,0.058507013492859326,0.034520934837368816,0.36883748265413135,0.012071383185684681,0.012109375558793545,0.015288695693016052,0.012073693796992302,0.01988513208925724,0.04057031497359276,0.07284404337406158,0.2832096815109253
7.0,1.4672253452814543,0.04655461967922747,1.9183796099623822,13.975764457996075,1.3975764457996076,0.0,0.0029717759587443793,0.0,0.18124050589708182,1.4672253452814543,0.06667706757210769,0.0,0.6063451056297009,0.06667706757210769,0.02971775958744379,0.3746136656174293,0.012261872179806232,0.012378384359180927,0.015166405588388443,0.01249816082417965,0.019759392365813255,0.041863612830638885,0.07111014425754547,0.1873989850282669
8.0,1.4252538084983826,0.08404088439419866,1.885013911269278,13.642216132237362,1.3642216132237361,0.0,0.003956172837374302,0.0,0.1879803091287613,1.4252538084983826,0.05707599279972223,0.0,0.6543068427305955,0.05707599279972223,0.03956172837374302,0.43621901594675505,0.012963422574102879,0.012974270619452,0.01649509184062481,0.01283009722828865,0.02159595489501953,0.04688436537981033,0.08760908991098404,0.460974782705307
9.0,1.4342535413228548,0.06973843276500702,2.177637743508807,13.527680543752817,1.3527680543752818,0.0,0.00293322134977923,0.0,0.19063573846450219,1.4342535413228548,0.07855225053544228,0.0,0.691583140538289,0.07855225053544228,0.0293322134977923,0.49261913162011367,0.012919623404741287,0.013165844604372978,0.01593773066997528,0.0132872574031353,0.02125396393239498,0.04493653401732445,0.0743800550699234,0.3620264530181885
10.0,1.3997827218129084,0.12187138653825969,2.0736645133350966,13.295263033646803,1.3295263033646805,0.0,0.004264209612917442,0.0,0.196547592488619,1.3997827218129084,0.06599218441316715,0.0,0.7074999809265137,0.06599218441316715,0.04264209612917442,0.5155121890398172,0.014762508682906628,0.014958161860704422,0.018821027129888535,0.014618534594774246,0.02573375031352043,0.05850973352789879,0.11551383882761002,0.7120535373687744
11.0,1.427200803389916,0.04854696441907436,2.174042300334587,13.318395981421837,1.3318395981421838,0.0,0.005621271566129649,0.0,0.20583490912730878,1.427200803389916,0.0897399324637193,0.0,0.7272538038400503,0.0897399324637193,0.05621271566129648,0.5490768311115412,0.012119706720113754,0.012278127484023571,0.015102819539606571,0.01218611653894186,0.019580384716391563,0.040392275899648666,0.07081589847803116,0.2059003859758377
12.0,1.3728415966033936,0.04724370036274195,2.1023112667413626,13.09383197931143,1.309383197931143,0.0,0.0030241166456387598,0.0,0.20292298667705977,1.3728415966033936,0.06043423697925531,0.0,0.7178585345928485,0.06043423697925531,0.030241166456387594,0.5342591198591086,0.012064716778695583,0.01220361702144146,0.015065541490912437,0.012098596431314945,0.019600093364715576,0.04082092270255089,0.0724753588438034,0.19362075626850128
13.0,1.3682454870297358,0.04586223582737148,2.1418020709260674,13.055437564849854,1.3055437564849854,0.0,0.003634676193961731,0.0,0.2030829552274484,1.3682454870297358,0.05906705013834513,0.0,0.6851906340855819,0.05906705013834513,0.036346761939617306,0.487287326500966,0.012080616317689419,0.012229196727275848,0.015093627385795116,0.012149456888437271,0.01972220465540886,0.04158782586455345,0.0735429897904396,0.18049196898937225
14.0,1.3519215629650996,0.04301897680852562,2.2305852995908526,12.919198402991661,1.2919198402991663,0.0,0.003345837924056329,0.0,0.18714920660624138,1.3519215629650996,0.0566558693177425,0.0,0.6340012481579413,0.0566558693177425,0.03345837924056328,0.4159638663897148,0.012339302338659763,0.01256656926125288,0.015402606688439846,0.012536266818642616,0.020067401230335236,0.042376741766929626,0.07517445087432861,0.1536884754896164
15.0,1.3412583837142358,0.10918245988432318,2.0590833930419468,12.815241630260761,1.281524163026076,0.0,0.005306609548055208,0.0,0.19528898539451453,1.3412583837142358,0.054427569158948384,0.0,0.6265518023417547,0.054427569158948384,0.053066095480552085,0.40564129329644716,0.013769829645752907,0.01396617665886879,0.01766086369752884,0.013502412475645542,0.023863257840275764,0.054919030517339706,0.10900934040546417,0.6267687678337097
16.0,1.3585041165351868,0.04434336780104786,2.270746918605781,12.758523684281569,1.2758523684281569,0.0,0.004854975010340031,0.0,0.18547686132100913,1.3585041165351868,0.07779673744852726,0.0,0.5938279193181258,0.07779673744852726,0.048549750103400305,0.36657819839624256,0.012494940310716629,0.012736000120639801,0.015571845695376396,0.01272288803011179,0.020382704213261604,0.04262343794107437,0.07540062814950943,0.16281449794769287
17.0,1.3148797704623296,0.09734852344263345,2.013001027241391,12.503890844491812,1.2503890844491812,0.0,0.004440087033435703,0.0,0.19300332149633995,1.3148797704623296,0.060050565462846026,0.0,0.5825389898740329,0.060050565462846026,0.04440087033435702,0.3521967358314074,0.013311626389622688,0.01344560831785202,0.017017822712659836,0.01297216210514307,0.02270559035241604,0.051358405500650406,0.10069689899682999,0.5472800731658936
18.0,1.3302789880679204,0.04467704670969397,2.219241786830493,12.538567249591534,1.2538567249591535,0.0,0.004848708054767206,0.0,0.17821164773060724,1.3302789880679204,0.07157355460983056,0.0,0.5287628448926486,0.07157355460983056,0.04848708054767205,0.2922000833428823,0.01230196375399828,0.012580550275743008,0.015371464192867279,0.012512863613665104,0.0200822614133358,0.0424107201397419,0.07468914985656738,0.167467400431633
19.0,1.2631339201560388,0.06645939953159541,1.9910071426274387,12.020725323603703,1.2020725323603705,0.0,0.004163106040169414,0.0,0.17836049313728625,1.2631339201560388,0.056898265647200436,0.0,0.5069914208008692,0.056898265647200436,0.041631060401694134,0.26937147917655796,0.012395658530294895,0.012567591853439808,0.01563987135887146,0.01216581929475069,0.020696166902780533,0.044417604804039,0.0815831646323204,0.3322093188762665
20.0,1.2452272818638728,0.043419349822215736,2.1062087849921296,11.851759617145245,1.1851759617145246,0.0,0.004211154250571362,0.0,0.1688112117923223,1.2452272818638728,0.05584013662659205,0.0,0.4722911406021852,0.05584013662659205,0.04211154250571361,0.2365657013769333,0.012411938048899174,0.01273810863494873,0.015499448403716087,0.012671856209635735,0.020371848717331886,0.04303916543722153,0.07551541179418564,0.1551070213317871
21.0,1.2037434692566211,0.0787448137998581,1.923555583877385,11.399336044604961,1.1399336044604962,0.0,0.004798688144924549,0.0,0.1764433699158522,1.2037434692566211,0.05901116161392285,0.0,0.518018520795382,0.05901116161392285,0.04798688144924549,0.29549988817710143,0.012751145288348198,0.012881286442279816,0.01612512581050396,0.012479366734623909,0.02150694467127323,0.047899872064590454,0.09095554053783417,0.415359228849411
22.0,1.1709112295737634,0.04215574194677174,2.1094512533502057,11.058850325070894,1.1058850325070895,0.0,0.005251817204631292,0.0,0.17930607898877218,1.1709112295737634,0.059774371437155284,0.0,0.5065558529817141,0.059774371437155284,0.05251817204631292,0.27982886536763263,0.012450631707906723,0.0127938911318779,0.015547439455986023,0.01271858625113964,0.020571216940879822,0.04356355965137482,0.07693708688020706,0.14266352355480194
23.0,1.1353602753235743,0.07867066282778978,2.0493880759764864,10.73402344263517,1.0734023442635172,0.0,0.0051893231530602164,0.0,0.1861233516381337,1.1353602753235743,0.056768602333389796,0.0,0.53526571393013,0.056768602333389796,0.051893231530602164,0.3122982015976539,0.012765827588737011,0.01287072990089655,0.0161470714956522,0.01254294253885746,0.021690092980861664,0.04829885810613632,0.09155268967151642,0.41349709033966064
24.0,1.1049860761715815,0.04269464360550046,2.1989656018338133,10.397419324288002,1.0397419324288004,0.0,0.005326842043835383,0.0,0.20864152220579293,1.1049860761715815,0.059917292199455775,0.0,0.5895828077426324,0.059917292199455775,0.05326842043835383,0.3766806618525432,0.012462740764021873,0.012816083617508411,0.015593498013913631,0.012733666226267815,0.02058468386530876,0.04334288835525513,0.07655709236860275,0.1474664956331253
25.0,1.0515039677803333,0.07969572104047984,2.035520067241358,9.896924018859863,0.9896924018859863,0.0,0.005105736622443567,0.0,0.22248203593951005,1.0515039677803333,0.056705812422128826,0.0,0.6092034968046042,0.056705812422128826,0.05105736622443566,0.40416174783156467,0.012793189845979214,0.012900489382445812,0.016214249655604362,0.012591262347996235,0.021821903064846992,0.04852455109357834,0.09200693666934967,0.4207131862640381
26.0,1.0391782247103178,0.043149757781066,2.2830846401384695,9.737454579426693,0.9737454579426692,0.0,0.005158148634319122,0.0,0.22782501119833726,1.0391782247103178,0.060274599120020866,0.0,0.6318998222167675,0.060274599120020866,0.05158148634319122,0.4282203477162581,0.012472002767026424,0.012825305573642254,0.015626966953277588,0.012744112871587276,0.02061467245221138,0.04318778216838837,0.07642416656017303,0.15130305290222168
27.0,0.9963066532061651,0.07910459605045617,2.1841579021429567,9.345549198297354,0.9345549198297355,0.0,0.005079185138814724,0.0,0.24520457421357816,0.9963066532061651,0.05667253526357504,0.0,0.6923153148247645,0.05667253526357504,0.05079185138814724,0.5167881353543355,0.012814054265618324,0.012955320067703724,0.016321785748004913,0.012658442370593548,0.021953139454126358,0.04871233180165291,0.0920134112238884,0.41540828347206116
28.0,0.9608996716829447,0.04329240939114243,2.3183524606826458,8.96283301940331,0.8962833019403313,0.0,0.0050676007396899736,0.0,0.2562553206315407,0.9608996716829447,0.059548761552343,0.0,0.6931724731738751,0.059548761552343,0.05067600739689974,0.512329488992691,0.01245091762393713,0.012796563096344471,0.015619206242263317,0.012718794867396355,0.02060234174132347,0.043021928519010544,0.07650698721408844,0.1526225358247757
29.0,0.9308891800733713,0.08128365699667484,2.139518521270062,8.694161121661846,0.8694161121661849,0.0,0.004983976218276299,0.0,0.24857547306097472,0.9308891800733713,0.05648909337245501,0.0,0.6792335418554453,0.05648909337245501,0.04983976218276299,0.49245747121480793,0.012876452878117561,0.013051743619143963,0.01641811430454254,0.012694399803876877,0.022165004163980484,0.049328725785017014,0.09371063858270645,0.4300241768360138
30.0,0.9385851896726168,0.0456566569628194,2.5868396877001376,8.730834795878483,0.8730834795878484,0.0,0.004960325632530909,0.0,0.2578173319880779,0.9385851896726168,0.06054137217310759,0.0,0.7347002442066486,0.06054137217310759,0.04960325632530909,0.5765008525206492,0.012420311570167542,0.012767603620886803,0.015619139187037945,0.012679461389780045,0.020576022565364838,0.042828235775232315,0.07614260911941528,0.1722198724746704
31.0,0.8970547180909377,0.078859081142582,2.5729841647776297,8.36474636884836,0.836474636884836,0.0,0.005043217625755532,0.0,0.2808012916491582,0.8970547180909377,0.05553683538276415,0.0,0.7981783518424401,0.05553683538276415,0.0504321762575553,0.6833724998510801,0.012953448109328747,0.013180641457438469,0.016545245423913002,0.012864982709288597,0.02237098664045334,0.04976094141602516,0.0937885195016861,0.4094078838825226
32.0,0.9038650278861706,0.04867601289879531,2.3347334910319626,8.396026061131405,0.8396026061131405,0.0,0.005525939195201947,0.0,0.25406317985974824,0.9038650278861706,0.058736477906887345,0.0,0.6965018144020667,0.058736477906887345,0.05525939195201947,0.5094695320496192,0.012508157640695572,0.012824799865484238,0.015740733593702316,0.012639620341360569,0.021263422444462776,0.04523228108882904,0.08275063335895538,0.18644845485687256
33.0,0.8998218362147992,0.041192303760908544,2.3795357525043133,8.458831310272217,0.8458831310272217,0.0,0.004738454004892936,0.0,0.21945702112638032,0.8998218362147992,0.049200246253838904,0.0,0.6289397248855004,0.049200246253838904,0.04738454004892936,0.4259904233308939,0.012806136161088943,0.013139736838638783,0.016026098281145096,0.013033578172326088,0.02177276834845543,0.04579121619462967,0.08319158852100372,0.12377730756998062
34.0,0.8008204331764808,0.05409039813093841,1.9233033028044437,7.420681439913237,0.7420681439913236,0.0,0.00482101751348147,0.0,0.25343477955231297,0.8008204331764808,0.053931261627719954,0.0,0.63558206649927,0.053931261627719954,0.0482101751348147,0.42570140957832336,0.01247862447053194,0.012769063003361225,0.015771163627505302,0.012550333514809608,0.02126767858862877,0.04535246640443802,0.0835607498884201,0.22897310554981232
35.0,0.7640371253857245,0.05035211704671383,2.066659328603084,7.072547710858858,0.7072547710858857,0.0,0.004334278003527568,0.0,0.21242850445784056,0.7640371253857245,0.05244806365898022,0.0,0.5621639650601608,0.05244806365898022,0.04334278003527568,0.33540726739626664,0.01237346138805151,0.012665493413805962,0.015600104816257954,0.012463513761758804,0.020835774019360542,0.04386824369430542,0.07997747510671616,0.20503287017345428
36.0,0.7322454406664922,0.0538987034233287,2.0410083547920546,6.758781708203829,0.6758781708203829,0.0,0.004596352992722622,0.0,0.20967191686997047,0.7322454406664922,0.051770902740267605,0.0,0.5148909848469955,0.051770902740267605,0.045963529927226215,0.2740027228227028,0.012684936635196209,0.013045810163021088,0.01608378253877163,0.01273384504020214,0.021919166669249535,0.04685714468359947,0.08642923086881638,0.22143571078777313
37.0,0.7417280055009402,0.06253770145121962,2.2497484287596192,6.845352649688721,0.684535264968872,0.0,0.00488667217298196,0.0,0.18316559149668768,0.7417280055009402,0.05230606920444048,0.0,0.4668579949782445,0.05230606920444048,0.04886672172981959,0.22549865337518546,0.012564622797071934,0.012871302664279938,0.016031960025429726,0.012489181011915207,0.021705077961087227,0.046043287962675095,0.0850956067442894,0.2935005724430084
38.0,0.6907738768137418,0.04916986089665443,2.181531548749228,6.33006503031804,0.6330065030318041,0.0,0.003613451037269372,0.0,0.20913187700968522,0.6907738768137418,0.05415390403224872,0.0,0.49631434220534104,0.05415390403224872,0.036134510372693725,0.25544321766266453,0.012406746856868267,0.01269809901714325,0.015672320500016212,0.012486476451158524,0.020889293402433395,0.044080015271902084,0.07945632934570312,0.19566960632801056
39.0,0.7030568695985354,0.07828531379345804,2.176585064026112,6.450077937199519,0.6450077937199519,0.0,0.004874988158161824,0.0,0.16914206915176833,0.7030568695985354,0.053174070154245086,0.0,0.4087796234167539,0.053174070154245086,0.048749881581618235,0.17237039598134848,0.013015140779316425,0.013314144685864449,0.01670537330210209,0.012819161638617516,0.02299848385155201,0.04989052191376686,0.09399814903736115,0.40354153513908386
40.0,0.6171209170268133,0.05017591058276594,2.0996698689881583,5.551041181270893,0.5551041181270893,0.0,0.004117767971295577,0.0,0.18586848676204681,0.6171209170268133,0.057899023191286966,0.0,0.4515040723177103,0.057899023191286966,0.041177679712955766,0.21548597801190156,0.012361189350485802,0.012633983045816422,0.015599074773490429,0.0124352490529418,0.02062017284333706,0.04349212720990181,0.07785436511039734,0.20641112327575684
41.0,0.6193331296627338,0.06598587927874178,2.0789000403237896,5.614704663936909,0.5614704663936909,0.0,0.004357549175620079,0.0,0.1571137630022489,0.6193331296627338,0.05350510274561552,0.0,0.36644240755301255,0.05350510274561552,0.04357549175620079,0.13936815009667322,0.012905116192996502,0.013232892379164696,0.016395067796111107,0.012841776013374329,0.022666864097118378,0.04917668178677559,0.09182773530483246,0.30884090065956116
42.0,0.5433208185892838,0.0528317647986114,2.025256669829292,4.835931768784156,0.48359317687841563,0.0,0.004646901485438531,0.0,0.1671969879132051,0.5433208185892838,0.05508073419332504,0.0,0.38935290162379926,0.05508073419332504,0.0464690148543853,0.15978377541670433,0.01241635624319315,0.012733981013298035,0.01578761823475361,0.012407665140926838,0.021351777017116547,0.044995639473199844,0.08196315169334412,0.22099792957305908
43.0,0.5442710667848587,0.0496161476476118,2.2195565858019126,4.877817254800063,0.4877817254800064,0.0,0.0034523277615125364,0.0,0.14116554936537376,0.5442710667848587,0.05303700483189179,0.0,0.31851210731726426,0.05303700483189179,0.034523277615125365,0.10457505916173641,0.012361709959805012,0.012649871408939362,0.015619375742971897,0.012399067170917988,0.02062789723277092,0.04354947805404663,0.0775960385799408,0.20212574303150177
44.0,0.48922092754107255,0.0707698006881401,2.0098817092713372,4.314958682427039,0.431495868242704,0.0,0.00440108054675735,0.0,0.1552551010480294,0.48922092754107255,0.053323970104639344,0.0,0.3529164114823708,0.053323970104639344,0.044010805467573494,0.13065844716934058,0.013027875684201717,0.013345759361982346,0.016548870131373405,0.012887803837656975,0.022946376353502274,0.050127457827329636,0.09390296041965485,0.34337130188941956
45.0,0.5123745879301658,0.057811667677015066,2.252676729762885,4.508448499899644,0.4508448499899644,0.0,0.00495199437897939,0.0,0.12457471226270382,0.5123745879301658,0.05657774195648157,0.0,0.2795623644040181,0.05657774195648157,0.049519943789793894,0.08062451160871066,0.012488245032727718,0.012811372056603432,0.015899447724223137,0.012437091208994389,0.02161238342523575,0.045474570244550705,0.08313831686973572,0.2586319148540497
46.0,0.45429664506362033,0.047640054719522595,2.142656695829719,3.9856763711342444,0.39856763711342447,0.0,0.0035288432039893586,0.0,0.1442658998645269,0.45429664506362033,0.05220016034749838,0.0,0.3382463042552655,0.05220016034749838,0.03528843203989359,0.11973947171981518,0.012440934777259827,0.012756027281284332,0.015743620693683624,0.012453803792595863,0.02090001106262207,0.04390193521976471,0.0780039131641388,0.18492019176483154
47.0,0.48140282126573414,0.08120732102543116,2.24878444593,4.225940841894883,0.42259408418948835,0.0,0.004184052555893477,0.0,0.11658876160016426,0.48140282126573414,0.05462466911054575,0.0,0.2634678609096087,0.05462466911054575,0.04184052555893476,0.07135261222720146,0.01304448302835226,0.013268621638417244,0.01662590727210045,0.012728541158139706,0.02284211665391922,0.04893304035067558,0.09228996932506561,0.4299258887767792
48.0,0.4287264530475323,0.049630839144811034,2.176290353672027,3.665368969623859,0.3665368969623859,0.0,0.003659123483185585,0.0,0.13319853750559,0.4287264530475323,0.05853043224375982,0.0,0.32694302040797013,0.05853043224375982,0.03659123483185585,0.11243716168862122,0.012444879859685898,0.012760327197611332,0.01576835662126541,0.012431510724127293,0.02077912911772728,0.04373813793063164,0.07720259577035904,0.20192177593708038
49.0,0.44878627589115727,0.09916269860696048,2.2288673883235983,3.880295836008512,0.3880295836008511,0.0,0.004293769820091816,0.0,0.10496095109444398,0.44878627589115727,0.056462921058902375,0.0,0.2515578453357403,0.056462921058902375,0.04293769820091816,0.0652752871123644,0.013774948194622993,0.013950872235000134,0.017521630972623825,0.013333620503544807,0.024257618933916092,0.05413135886192322,0.10476309061050415,0.5515684485435486
50.0,0.4115345088335184,0.0493584549985826,2.1715817105589945,3.405740123528701,0.3405740123528701,0.0,0.004286539769516541,0.0,0.1290033018359771,0.4115345088335184,0.06667394792804351,0.0,0.3190315354328889,0.06667394792804351,0.04286539769516541,0.10573113365815236,0.012487043626606464,0.012805258855223656,0.015820084139704704,0.012453651987016201,0.020894888788461685,0.04387763887643814,0.07737378776073456,0.1991552859544754
51.0,0.41810455459814805,0.09015161369461566,2.2011866546660674,3.5682777716563296,0.35682777716563296,0.0,0.003924262609619361,0.0,0.10051655683379906,0.41810455459814805,0.05735250533773349,0.0,0.24443415495065543,0.05735250533773349,0.039242626096193604,0.061829958111047745,0.013487043790519238,0.013690256513655186,0.017137974500656128,0.013070770539343357,0.023676790297031403,0.05172808840870857,0.09843029081821442,0.489991694688797
52.0,0.38644158840179443,0.048946894123218954,2.1507603594647935,3.2010316206858707,0.3201031620685871,0.0,0.00390318799763918,0.0,0.11977377476600501,0.38644158840179443,0.06243523697440441,0.0,0.31071023643016815,0.06243523697440441,0.03903187997639179,0.0992134055839135,0.012577936984598637,0.012906359508633614,0.01592608168721199,0.012553604319691658,0.021010747179389,0.044083256274461746,0.07788301259279251,0.19463415443897247
53.0,0.39796836330340457,0.08677455666474998,2.1571976266097765,3.349224200615516,0.3349224200615516,0.0,0.003818517586646172,0.0,0.09971628767939714,0.39796836330340457,0.05922742417225471,0.0,0.24906666003740752,0.05922742417225471,0.03818517586646172,0.06482715589495805,0.013448553159832954,0.013666249811649323,0.017068950459361076,0.013041313737630844,0.023569857701659203,0.05128876492381096,0.09652261435985565,0.46559014916419983
54.0,0.37307692491091216,0.04865679447539151,2.093773197895636,3.086088946232429,0.3086088946232429,0.0,0.0038944716493670758,0.0,0.11612827101579079,0.37307692491091216,0.060573555099276394,0.0,0.30187724989194137,0.060573555099276394,0.038944716493670754,0.09338331766999684,0.012667473405599594,0.013011100701987743,0.016034722328186035,0.012651692144572735,0.02123326063156128,0.044392816722393036,0.07866432517766953,0.1905989646911621
55.0,0.38143526590787447,0.08326163981109858,2.1283041338713833,3.173746393277095,0.31737463932770954,0.0,0.0037750490296345495,0.0,0.10110282897949219,0.38143526590787447,0.060285563652332015,0.0,0.25615711968678695,0.060285563652332015,0.03775049029634549,0.0690535380003544,0.013397066853940487,0.01363238412886858,0.016989782452583313,0.013016626238822937,0.023437440395355225,0.050875235348939896,0.09476088732481003,0.43998369574546814
56.0,0.3675280866714624,0.04903615824878216,1.9777591961765633,3.0471842197271495,0.3047184219727149,0.0,0.004089693940029695,0.0,0.11607368347736505,0.3675280866714624,0.058719965271078624,0.0,0.30139809388380784,0.058719965271078624,0.04089693940029694,0.09348408906505658,0.012705775909125805,0.013077608309686184,0.016140690073370934,0.012678300961852074,0.021520724520087242,0.045024555176496506,0.08029898256063461,0.1908426284790039
57.0,0.3734166633624297,0.08991203038021922,2.124621101713382,3.1296835129077616,0.3129683512907762,0.0,0.00423154581624728,0.0,0.0996756381713427,0.3734166633624297,0.0562167726457119,0.0,0.25545059832242817,0.0562167726457119,0.0423154581624728,0.06910699118788426,0.013672377914190292,0.013880385085940361,0.017306631430983543,0.013212854042649269,0.023952646180987358,0.052564118057489395,0.09908255934715271,0.48562467098236084
58.0,0.36666059723267186,0.048718000296503305,2.078246421178795,3.0088247656822205,0.3008824765682221,0.0,0.0041075157718016555,0.0,0.11432692924371132,0.36666059723267186,0.06167059878890331,0.0,0.29802959584272826,0.06167059878890331,0.04107515771801655,0.09149207862523887,0.012732667848467827,0.013091077096760273,0.01613018289208412,0.012707068584859371,0.021437210962176323,0.044780559837818146,0.07942438870668411,0.18944084644317627
59.0,0.3734869487010516,0.08224781672470272,2.1248975921146065,3.103088521040403,0.3103088521040403,0.0,0.0038011796700839814,0.0,0.09699999139859126,0.3734869487010516,0.05937690889606109,0.0,0.2517124219582631,0.05937690889606109,0.03801179670083981,0.06747214008982365,0.013416808098554611,0.013647625222802162,0.01701296679675579,0.0130231324583292,0.02339554950594902,0.05064946040511131,0.09407797455787659,0.43275901675224304
60.0,0.35740023049024433,0.050172390416264534,2.052136421264401,2.9465656784864573,0.29465656784864575,0.0,0.004270278046337458,0.0,0.11116848054986733,0.35740023049024433,0.058473372258819066,0.0,0.2933658774082477,0.058473372258819066,0.04270278046337458,0.08895779573000394,0.01279584039002657,0.013162944465875626,0.016273899003863335,0.012737219221889973,0.02185184881091118,0.04582689702510834,0.08211342245340347,0.19661705195903778
61.0,0.3603985687861076,0.07900424220133573,2.0972842234952815,3.0385091304779053,0.30385091304779055,0.0,0.004181264577290187,0.0,0.09578299063902634,0.3603985687861076,0.052366383660298124,0.0,0.25024526623579174,0.052366383660298124,0.04181264577290186,0.06669059954583645,0.013295303098857403,0.01354154758155346,0.016888190060853958,0.012928500771522522,0.02310265600681305,0.049503620713949203,0.09153541922569275,0.4112387001514435
62.0,0.3502981628362949,0.04949114052578807,2.0492819407469924,2.897359449129838,0.2897359449129838,0.0,0.0036286228121473244,0.0,0.11083669989154889,0.3502981628362949,0.0569335907124556,0.0,0.290447840323815,0.0569335907124556,0.03628622812147324,0.0876193975026791,0.012755440548062325,0.013128248043358326,0.016188843175768852,0.012720965780317783,0.02150961570441723,0.04498394578695297,0.07986938953399658,0.19477267563343048
63.0,0.358685702085495,0.090382618480362,2.108434006941575,2.965749103289384,0.2965749103289384,0.0,0.0040354212674383935,0.0,0.09391732026751225,0.358685702085495,0.05807537384904348,0.0,0.24759398744656488,0.05807537384904348,0.04035421267438393,0.06545747487017742,0.013719637878239155,0.013936958275735378,0.017376942560076714,0.01323730405420065,0.02395913377404213,0.05236946791410446,0.09896515309810638,0.4894963502883911
64.0,0.3506092532322957,0.049474671366624534,2.0575787198558873,2.8542983256853542,0.2854298325685355,0.0,0.004008025174530653,0.0,0.10670253577140662,0.3506092532322957,0.061171384528279305,0.0,0.2825901863666681,0.061171384528279305,0.04008025174530653,0.0830479135306982,0.012783626094460487,0.013153704814612865,0.01621616631746292,0.01274644210934639,0.021545441821217537,0.0450575016438961,0.07998573035001755,0.19430875778198242
65.0,0.3541930592977084,0.08385592058766633,2.0994003951810756,2.9119232984689565,0.29119232984689564,0.0,0.00378024116015205,0.0,0.09338375009023227,0.3541930592977084,0.05922048080425996,0.0,0.246987990461863,0.05922048080425996,0.0378024116015205,0.06508559833925504,0.013495475985109806,0.013727037236094475,0.017123743891716003,0.013065798208117485,0.023462269455194473,0.0507018119096756,0.09453155845403671,0.4447396695613861
66.0,0.34209434114969695,0.051434621564112604,2.0343499710625355,2.7936517229446998,0.27936517229447,0.0,0.004178722747243368,0.0,0.10483534404864678,0.34209434114969695,0.058550450234459,0.0,0.2757421055665383,0.058550450234459,0.04178722747243368,0.07927126494737771,0.012871529906988144,0.013239710591733456,0.01636592485010624,0.012790093198418617,0.02194218337535858,0.046022381633520126,0.08249770849943161,0.20574744045734406
67.0,0.33986345621255726,0.06441841833293438,2.082438480695316,2.837554170535161,0.28375541705351615,0.0,0.004241906744069778,0.0,0.09208694386940736,0.33986345621255726,0.05186612302294144,0.0,0.2442560436633917,0.05186612302294144,0.04241906744069778,0.0635583999638374,0.013476171530783176,0.013911227695643902,0.01704668067395687,0.013337448239326477,0.023472094908356667,0.0511576347053051,0.09277816116809845,0.2901679277420044
68.0,0.33410367312339634,0.056181867024861276,2.019593825337764,2.7358755010824938,0.2735875501082494,0.0,0.004492046032100917,0.0,0.10235056538994496,0.33410367312339634,0.056024075843966924,0.0,0.26850077509880066,0.056024075843966924,0.04492046032100916,0.07524016212958556,0.01307365670800209,0.013491007499396801,0.016595788300037384,0.012987915426492691,0.022521905601024628,0.04787345975637436,0.08644901216030121,0.23646219074726105
69.0,0.3339790621629128,0.05993112095165998,2.1053553036401462,2.7898273376318126,0.2789827337631812,0.0,0.0041687747750144746,0.0,0.09154731751634525,0.3339790621629128,0.050827548194390074,0.0,0.24454115675045893,0.050827548194390074,0.041687747750144735,0.06374056078493595,0.013189966790378094,0.013592432253062725,0.016738437116146088,0.013068101368844509,0.022785868495702744,0.048951976001262665,0.08835096657276154,0.26277121901512146
70.0,0.3242839420071015,0.08048519340809435,1.9685414406278385,2.673653698884524,0.2673653698884524,0.0,0.004629898236061519,0.0,0.09955502788607891,0.3242839420071015,0.05228866550784845,0.0,0.25958266051915974,0.05228866550784845,0.04629898236061518,0.07053072879520747,0.013390861451625824,0.01363690197467804,0.017030872404575348,0.012986353598535061,0.023212045431137085,0.04976034536957741,0.09245017915964127,0.42141398787498474
71.0,0.33295327768876004,0.05005767790134996,2.1232212763686675,2.7190821950252237,0.2719082195025224,0.0,0.003465738677634643,0.0,0.08906694157765462,0.33295327768876004,0.05757931233025514,0.0,0.2428373946593358,0.05757931233025514,0.03465738677634643,0.0631354793619651,0.012852472253143787,0.013201423920691013,0.016266394406557083,0.01280610915273428,0.02153601311147213,0.04505724832415581,0.07969062030315399,0.1990511417388916
72.0,0.32653212203429294,0.08606895653065294,1.9843940376125322,2.6132720433748684,0.2613272043374869,0.0,0.0037426729256717062,0.0,0.09528608133013432,0.32653212203429294,0.06146224186970638,0.0,0.2535938127682759,0.06146224186970638,0.037426729256717056,0.06760091091004702,0.013577026315033436,0.013810588046908379,0.017259208485484123,0.013108830899000168,0.02357596717774868,0.05090184509754181,0.09596442431211472,0.4603537619113922
73.0,0.33114485557262713,0.05237662838771939,2.135444475371462,2.675451246591715,0.26754512465917146,0.0,0.0041695876047015195,0.0,0.08321870376284306,0.33114485557262713,0.05943013942585541,0.0,0.23581903599775755,0.05943013942585541,0.04169587604701519,0.06004996411502361,0.01294466108083725,0.0133000947535038,0.016453644260764122,0.012828070670366287,0.022008294239640236,0.04632283374667168,0.08301224559545517,0.2121431827545166
74.0,0.31140033384928334,0.10080977308098227,1.9241315467134372,2.5389200953336863,0.25389200953336866,0.0,0.004643618401426536,0.0,0.08864352737481777,0.31140033384928334,0.05286469940955822,0.0,0.24356816365168646,0.05286469940955822,0.04643618401426535,0.06234700318712454,0.014160456135869026,0.014345653355121613,0.017914358526468277,0.013551737181842327,0.024739626795053482,0.05496668815612793,0.10603970289230347,0.560759961605072
75.0,0.33334577771333546,0.05039147369097918,2.142991039563457,2.635661537830646,0.26356615378306464,0.0,0.004357932207102959,0.0,0.08524668130737084,0.33334577771333546,0.06542168099146622,0.0,0.24853240182766548,0.06542168099146622,0.04357932207102959,0.0674995888884251,0.012853455729782581,0.01320136059075594,0.01631784439086914,0.0127588314935565,0.02170865796506405,0.04557063803076744,0.08127535134553909,0.19944564998149872
76.0,0.3082534223794937,0.08712639997247607,1.9255654288613946,2.47458337361996,0.24745833736199596,0.0,0.0040413497230754455,0.0,0.08793389739898536,0.3082534223794937,0.05675373025811636,0.0,0.2367847733772718,0.05675373025811636,0.04041349723075445,0.05828817246051935,0.013597877696156502,0.013827405869960785,0.017283355817198753,0.013118649832904339,0.02358943037688732,0.051012154668569565,0.09636268764734268,0.4682196378707886
77.0,0.32122726222643483,0.05071893322747201,2.050966621434674,2.5740042466383715,0.2574004246638371,0.0,0.004140169775256744,0.0,0.08610602955405529,0.32122726222643483,0.05968666248596632,0.0,0.26333834804021394,0.05968666248596632,0.04140169775256744,0.07756049916721307,0.012873249128460884,0.01320579368621111,0.016340894624590874,0.012746727094054222,0.02179183065891266,0.04583238437771797,0.08192127197980881,0.20103931427001953
78.0,0.2994959910328572,0.09830385772511363,1.8923533423720484,2.4218778289281406,0.24218778289281406,0.0,0.004565529410655683,0.0,0.08575421399795093,0.2994959910328572,0.052742681107842006,0.0,0.23496234990083253,0.052742681107842006,0.04565529410655682,0.05780258301932078,0.01401628740131855,0.014212110079824924,0.017753977328538895,0.01343692746013403,0.024407872930169106,0.05406889691948891,0.10401399433612823,0.5445207953453064
79.0,0.31555619033483356,0.04950818431098014,2.0622068725429985,2.470600105248965,0.24706001052489648,0.0,0.004308727455253785,0.0,0.08705507849271481,0.31555619033483356,0.06418744589273746,0.0,0.26326072216033936,0.06418744589273746,0.043087274552537844,0.07675433774980214,0.012825076468288898,0.01315599400550127,0.01625099964439869,0.012722264043986797,0.021564515307545662,0.045322805643081665,0.08065332472324371,0.19357049465179443
80.0,0.2980294176019155,0.0848662304924801,1.8993236569124152,2.3739243424855747,0.2373924342485575,0.0,0.0040404972906869195,0.0,0.08680349445113769,0.2980294176019155,0.05659647601155134,0.0,0.2393009467766835,0.05659647601155134,0.04040497290686919,0.06048104998010855,0.013490972109138966,0.013727099634706974,0.01715828850865364,0.013039945624768734,0.02335541695356369,0.050459444522857666,0.09475904703140259,0.45293962955474854
81.0,0.30393172112795025,0.04968285479117185,2.0329034392564194,2.4091663039647617,0.2409166303964762,0.0,0.004158052716117639,0.0,0.08622155539118327,0.30393172112795025,0.05885703216951627,0.0,0.2613670195524509,0.05885703216951627,0.04158052716117639,0.0755435126618697,0.012835215777158737,0.013164359144866467,0.016275444999337196,0.012719586491584778,0.021683309227228165,0.04568878933787346,0.08155965805053711,0.19353647530078888
82.0,0.2908674862522345,0.0785238251555711,1.8938971511775633,2.333113629084367,0.23331136290843668,0.0,0.004177772669264904,0.0,0.08550804652846776,0.2908674862522345,0.05337835576098699,0.0,0.23787522889100587,0.05337835576098699,0.041777726692649036,0.05972404720691534,0.013276373967528343,0.013539722189307213,0.016892096027731895,0.012895828112959862,0.022928861901164055,0.04902554675936699,0.09100880473852158,0.4086233675479889
83.0,0.2968960123566481,0.0478260931558907,2.0127666683451393,2.3734281888374915,0.23734281888374914,0.0,0.003633021978804698,0.0,0.08644224416751128,0.2968960123566481,0.055920169760401435,0.0,0.2660919955143562,0.055920169760401435,0.036330219788046986,0.07845368050038815,0.012822560966014862,0.01316679734736681,0.0162031352519989,0.012769402004778385,0.02144158072769642,0.04498207941651344,0.07986146956682205,0.18136171996593475
84.0,0.2920648054434703,0.08504013170022517,1.907263092063699,2.287622882769658,0.22876228827696582,0.0,0.004017110262066126,0.0,0.08406889180724438,0.2920648054434703,0.059285399718926504,0.0,0.23397835859885582,0.059285399718926504,0.04017110262066126,0.05762616458993692,0.013508454896509647,0.013756504282355309,0.017147498205304146,0.013060737401247025,0.023389138281345367,0.050798121839761734,0.09548758715391159,0.4531730115413666
85.0,0.2934612035751343,0.04992470005527139,1.973135402491418,2.3148712378281813,0.23148712378281816,0.0,0.004248838026363117,0.0,0.08443417572058164,0.2934612035751343,0.057725233384049855,0.0,0.2647063789459375,0.057725233384049855,0.04248838026363116,0.07759733770329219,0.012841494753956795,0.013184743002057076,0.0162788238376379,0.012734249234199524,0.021713385358452797,0.04591779410839081,0.08212696015834808,0.1946001499891281
86.0,0.27934083858361614,0.07950070116203278,1.9634426936135194,2.22044654075916,0.222044654075916,0.0,0.004303796661014741,0.0,0.08353712094517854,0.27934083858361614,0.052992382588294834,0.0,0.23590299372489637,0.052992382588294834,0.0430379666101474,0.05860004731668876,0.013312416151165962,0.013581937178969383,0.016905222088098526,0.012931271456182003,0.022992756217718124,0.04951731115579605,0.0922469049692154,0.4145177900791168
87.0,0.30034990436755693,0.047612678608857095,2.1181467516002943,2.4147212551190305,0.24147212551190306,0.0,0.0037468769086095007,0.0,0.08758316246362832,0.30034990436755693,0.05513089408095066,0.0,0.2755144089460373,0.05513089408095066,0.037468769086095005,0.08376595134345385,0.012807773426175117,0.01315977331250906,0.01619039848446846,0.01275329478085041,0.021444503217935562,0.044997476041316986,0.08008021861314774,0.17946799099445343
88.0,0.3074656209120384,0.08787548122927547,2.2147843711782795,2.4463325372109046,0.2446332537210905,0.0,0.004125009398334301,0.0,0.0796176094848376,0.3074656209120384,0.05870734556363179,0.0,0.23328018188476562,0.05870734556363179,0.04125009398334301,0.057550471992446825,0.013588485307991505,0.013838806189596653,0.017225144430994987,0.013123616576194763,0.023530811071395874,0.05143657326698303,0.09771410375833511,0.4725463092327118
89.0,0.3075254559516907,0.04750181257259101,2.262151901003043,2.45501381617326,0.24550138161732604,0.0,0.004004062282351348,0.0,0.0883973091840744,0.3075254559516907,0.05802000958759051,0.0,0.2487006439612462,0.05802000958759051,0.04004062282351347,0.06651779622412644,0.012895436957478523,0.013247471302747726,0.016281938180327415,0.012851680628955364,0.021606501191854477,0.045332472771406174,0.08068908751010895,0.17710991203784943
90.0,0.32847767036694747,0.09284013276919723,2.194948092205266,2.6519565903223477,0.2651956590322348,0.0,0.004197347565339162,0.0,0.07620280952407764,0.32847767036694747,0.05908466503024101,0.0,0.23733234405517578,0.05908466503024101,0.041973475653391615,0.06254262405519302,0.013799655251204967,0.014030753634870052,0.017491241917014122,0.013272183015942574,0.023855583742260933,0.052567459642887115,0.10097923129796982,0.5067249536514282
91.0,0.29476285496583354,0.050880312104709446,2.1066709953296545,2.3078134655952454,0.23078134655952456,0.0,0.004073891545144412,0.0,0.07824836642696308,0.29476285496583354,0.059907617763831064,0.0,0.20170505000994757,0.059907617763831064,0.04073891545144411,0.04194110058821165,0.012854240834712982,0.013175666332244873,0.016263175755739212,0.012745375744998455,0.021452100947499275,0.04527951776981354,0.08015964925289154,0.2051127701997757
92.0,0.2827889896356143,0.08097919472493231,1.988446506162603,2.20155923641645,0.22015592364164507,0.0,0.0038503370570162174,0.0,0.08378088073088573,0.2827889896356143,0.058782725380017206,0.0,0.2541812022144978,0.058782725380017206,0.03850337057016217,0.07060318124982026,0.013361701741814613,0.013611252419650555,0.017009368166327477,0.012948607094585896,0.023007893934845924,0.049415215849876404,0.09293656796216965,0.425542950630188
93.0,0.2783467053220822,0.051507352269254625,2.030901840371798,2.181765093253209,0.2181765093253209,0.0,0.004010632634162904,0.0,0.08141638281253669,0.2783467053220822,0.05615955777466297,0.0,0.22875096935492295,0.05615955777466297,0.04010632634162903,0.05520032088343914,0.012850969098508358,0.01317068561911583,0.01628519780933857,0.012708619236946106,0.021569760516285896,0.0457090400159359,0.08128852397203445,0.2084760218858719
94.0,0.2741723754085027,0.07566414773464203,1.8928983161857444,2.149843527720525,0.21498435277205244,0.0,0.004064173405416883,0.0,0.08123900884619126,0.2741723754085027,0.05512385141964142,0.0,0.25018732478985417,0.05512385141964142,0.04064173405416883,0.06919074187485072,0.013169191777706146,0.01343464944511652,0.016755003482103348,0.012809927575290203,0.02263190597295761,0.04814983904361725,0.0897187739610672,0.38864389061927795
95.0,0.26559366343113094,0.04959727043751627,2.016844271295514,2.078316968220931,0.20783169682209313,0.0,0.0035457226376120867,0.0,0.08220420462580827,0.26559366343113094,0.05421623673576575,0.0,0.22868466606506935,0.05421623673576575,0.03545722637612086,0.054886301119740195,0.012805957347154617,0.013124709017574787,0.016166767105460167,0.012720799073576927,0.021271105855703354,0.04488552734255791,0.07941226661205292,0.1963910311460495
96.0,0.2820992567218267,0.09283345134463161,1.9979196732170807,2.1905701527228723,0.21905701527228727,0.0,0.0042221880159699,0.0,0.0830193104652258,0.2820992567218267,0.05882005651409809,0.0,0.25784816535619587,0.05882005651409809,0.042221880159699,0.07321991226994075,0.013775193132460117,0.014009890146553516,0.01744937151670456,0.013240418396890163,0.023759158328175545,0.052660536020994186,0.10178963094949722,0.5059834122657776
97.0,0.281335595708627,0.05179924436379224,2.2316851604480976,2.18380220578267,0.21838022057826706,0.0,0.0042093012338647465,0.0,0.0785946871798772,0.281335595708627,0.05874607181892945,0.0,0.22288370189758447,0.05874607181892945,0.04209301233864748,0.05248851522516746,0.012760666199028492,0.013079137541353703,0.016153832897543907,0.012631525285542011,0.021242041140794754,0.04518663510680199,0.08009158074855804,0.21324853599071503
98.0,0.28956228953141433,0.08454282581806183,2.199606574895035,2.2874136429566603,0.228741364295666,0.0,0.004197584955881422,0.0,0.08966628748636979,0.28956228953141433,0.05662333793365038,0.0,0.2538050413131714,0.05662333793365038,0.04197584955881421,0.06953640912587826,0.013500082306563854,0.013753904961049557,0.01714642532169819,0.013042686507105827,0.023245973512530327,0.050597257912158966,0.09667234867811203,0.4483839273452759
99.0,0.30637238977047115,0.05242647381965071,2.2849184954133865,2.4552865211780253,0.2455286521178025,0.0,0.004197266869820082,0.0,0.07688041174641022,0.30637238977047115,0.0566464694073567,0.0,0.2309495548789318,0.0566464694073567,0.041972668698200814,0.05806717068816607,0.012807435356080532,0.01310243085026741,0.016213908791542053,0.012635735794901848,0.0214577317237854,0.045709382742643356,0.08135168999433517,0.2161334753036499
100.0,0.2693924307823181,0.0827146612573415,2.134652236152696,2.1022144005848813,0.2102214400584881,0.0,0.004472921194078831,0.0,0.07768028859908764,0.2693924307823181,0.05469806606952961,0.0,0.20928493256752306,0.05469806606952961,0.044729211940788306,0.04589570729205242,0.013504545204341412,0.013771286234259605,0.017138037830591202,0.013059712015092373,0.023223618045449257,0.050423335283994675,0.09637617319822311,0.4342205822467804
101.0,0.28741243940133315,0.05516646686010063,2.1383010992150666,2.279010066619286,0.2279010066619286,0.0,0.004336636169598653,0.0,0.08270740021879856,0.28741243940133315,0.055174790895902194,0.0,0.25689171197322697,0.055174790895902194,0.043366361695986524,0.07231111444819432,0.01294952817261219,0.013249598443508148,0.016344893723726273,0.012752678245306015,0.02184959501028061,0.046755630522966385,0.08431096374988556,0.23311884701251984
102.0,0.26636697008059573,0.05108970170840621,1.9899457751059404,2.0556850204100976,0.20556850204100977,0.0,0.0035791772919205526,0.0,0.07744383324797337,0.26636697008059573,0.05721929167898802,0.0,0.20870654571514863,0.05721929167898802,0.03579177291920552,0.045827836013184145,0.012795439921319485,0.013073491863906384,0.016147863119840622,0.012609483674168587,0.021409302949905396,0.045714449137449265,0.0809723362326622,0.20599524676799774
103.0,0.26139503774734646,0.09810612897854298,1.9073568433467847,2.0441227234326877,0.20441227234326875,0.0,0.004595204557363804,0.0,0.07622847734735562,0.26139503774734646,0.05238755792379379,0.0,0.24298791415416277,0.05238755792379379,0.04595204557363804,0.06622639606491877,0.01386028341948986,0.014101100154221058,0.017617404460906982,0.01334381103515625,0.023821834474802017,0.052785009145736694,0.10337913036346436,0.5459404587745667
104.0,0.26272830539024794,0.05188936064951122,2.0710397110646803,1.9725085221804106,0.19725085221804106,0.0,0.0038594231439324526,0.0,0.07401294232561038,0.26272830539024794,0.06161803021453894,0.0,0.21307279226871637,0.06161803021453894,0.03859423143932453,0.04811588359566835,0.012578998692333698,0.012790162116289139,0.015804918482899666,0.012379639782011509,0.020538216456770897,0.04383137449622154,0.07640011608600616,0.22079145908355713
105.0,0.26245926091304195,0.08215193264186382,1.9800817588624917,2.0172302401982822,0.20172302401982825,0.0,0.0036589845585135315,0.0,0.07888091212281814,0.26245926091304195,0.05707725108816074,0.0,0.23619201148931795,0.05707725108816074,0.03658984558513531,0.06107270495536236,0.013265532441437244,0.013512757606804371,0.016874024644494057,0.012858185917139053,0.022673502564430237,0.04858695715665817,0.09295840561389923,0.4364860951900482
106.0,0.2651976031752733,0.05165645037777722,2.1884545210032154,2.0486604479643016,0.20486604479643014,0.0,0.0038083844459973846,0.0,0.07703661632079345,0.2651976031752733,0.056523172184824944,0.0,0.23114293412520334,0.056523172184824944,0.03808384445997385,0.05752877504206621,0.012644235044717789,0.012881691567599773,0.015930211171507835,0.012427926994860172,0.020878415554761887,0.04455145448446274,0.07856208086013794,0.21537558734416962
107.0,0.25538057547349197,0.08343460352625698,2.0858433349654915,1.9778358340263367,0.1977835834026337,0.0,0.004212872211176616,0.0,0.08060578256845474,0.25538057547349197,0.05338411491650801,0.0,0.226423061811007,0.05338411491650801,0.04212872211176615,0.054209834251266256,0.013362977653741837,0.013620355166494846,0.016962649300694466,0.012944037094712257,0.022885525599122047,0.04951522499322891,0.09506018459796906,0.4431258738040924
108.0,0.27124257672291535,0.051249145180918276,2.1981079147265694,2.1179419572536764,0.2117941957253676,0.0,0.0037170915506207027,0.0,0.07413672999693798,0.27124257672291535,0.055731290664810404,0.0,0.22870662063360214,0.055731290664810404,0.037170915506207027,0.05816745349707512,0.012627768330276012,0.012880228459835052,0.015898635610938072,0.012428168207406998,0.02076837420463562,0.04437649995088577,0.07759393006563187,0.21341955661773682
109.0,0.27012672619177747,0.09742375591304153,1.98601722101587,2.1064821298305807,0.21064821298305805,0.0,0.004412017225359495,0.0,0.07491686223791195,0.27012672619177747,0.0550664932681964,0.0,0.19866547676233146,0.0550664932681964,0.04412017225359495,0.04186134556165108,0.01403531152755022,0.014286157675087452,0.01772378757596016,0.013475173152983189,0.024247221648693085,0.05424625799059868,0.10619103908538818,0.5351850986480713
110.0,0.2634705757865539,0.05265708558727056,2.06171739961695,1.9986645258389986,0.19986645258389993,0.0,0.004313567008536596,0.0,0.07587699477489178,0.2634705757865539,0.05929055537741918,0.0,0.24040097685960624,0.05929055537741918,0.04313567008536596,0.06390032215187183,0.012703200802206993,0.012972726486623287,0.01604101061820984,0.012489976361393929,0.02108841948211193,0.04509859159588814,0.0796843022108078,0.22117845714092255
111.0,0.2549832434608386,0.0761670796200633,1.9417523738376923,1.9646390126301692,0.19646390126301697,0.0,0.004015486451009145,0.0,0.07368140323803975,0.2549832434608386,0.05450384333156622,0.0,0.20441723958804056,0.05450384333156622,0.040154864510091454,0.04415977961168839,0.013188522309064865,0.01347114983946085,0.016728030517697334,0.0128150200471282,0.022589845582842827,0.04820386692881584,0.09104607999324799,0.39129412174224854
112.0,0.24807266203256753,0.053387699532322586,2.039637783579484,1.9211414869015033,0.19211414869015034,0.0,0.0039041209751023704,0.0,0.07527261026776753,0.24807266203256753,0.0520543921738863,0.0,0.2282553452711839,0.0520543921738863,0.039041209751023695,0.057165845297276974,0.012802166864275932,0.013070838525891304,0.01610404998064041,0.012597144581377506,0.021388335153460503,0.045737482607364655,0.08079148828983307,0.2246100902557373
113.0,0.24875094283085603,0.07258838054258376,2.109000908932603,1.8940015389369085,0.18940015389369086,0.0,0.003983859033682025,0.0,0.07320478673164661,0.24875094283085603,0.05536692847426121,0.0,0.214424508695419,0.05536692847426121,0.03983859033682025,0.04880632030276152,0.013026920147240162,0.013298796489834785,0.01649811863899231,0.01268143579363823,0.022222833707928658,0.04689962789416313,0.08710268884897232,0.3689766228199005
114.0,0.24910735682799265,0.05116106546483934,2.1819498677385116,1.940231089408581,0.19402310894085806,0.0,0.0035788015104257142,0.0,0.0755898104264186,0.24910735682799265,0.051505448583226934,0.0,0.21883010463072702,0.051505448583226934,0.035788015104257144,0.05124409310519695,0.012764993123710155,0.013049676083028316,0.01609124056994915,0.012567266821861267,0.021217653527855873,0.04554556682705879,0.08027300238609314,0.20777912437915802
115.0,0.266654681127805,0.09640780952759087,2.1848075935686038,2.0831713814001818,0.20831713814001818,0.0,0.004606484535794993,0.0,0.0736224943628678,0.266654681127805,0.05373106008538833,0.0,0.22850580800038117,0.05373106008538833,0.04606484535794992,0.057024564450749986,0.013890977948904037,0.014162403531372547,0.017599301412701607,0.013361521996557713,0.023854559287428856,0.053261734545230865,0.10447265952825546,0.5306593179702759
116.0,0.25367791377581084,0.0511027667671442,2.1213647253359773,1.9266570852353022,0.19266570852353027,0.0,0.004010466213982839,0.0,0.07523414062765929,0.25367791377581084,0.05700173701804418,0.0,0.2087923804154763,0.05700173701804418,0.04010466213982839,0.04595492794536627,0.012730879709124565,0.013030290603637695,0.016021201387047768,0.012591663748025894,0.0209195539355278,0.044854965060949326,0.0787137895822525,0.20995979011058807
117.0,0.2569268259864587,0.08647557499352843,2.0178725283213836,1.9153350224861732,0.19153350224861734,0.0,0.003999101098340291,0.0,0.06932753926286331,0.2569268259864587,0.061394212337640613,0.0,0.21937503379124862,0.061394212337640613,0.039991010983402915,0.05358338936303671,0.01353684812784195,0.013815215788781643,0.017143050208687782,0.013073187321424484,0.023199602961540222,0.051084086298942566,0.09911312907934189,0.46083948016166687
118.0,0.24683322929419005,0.06247327907476574,2.0129948282064785,1.8930139128978436,0.18930139128978432,0.0,0.004751199089850371,0.0,0.0681902511188617,0.24683322929419005,0.05278063723101066,0.0,0.19869640469551086,0.05278063723101066,0.047511990898503706,0.04185990079377706,0.013046911917626858,0.013349280692636967,0.016418371349573135,0.012802748940885067,0.022165687754750252,0.04797279089689255,0.08774977922439575,0.28628066182136536
119.0,0.24646943119856027,0.058790920418687165,2.06810268114299,1.8415009516936083,0.18415009516936082,0.0,0.00403207225116113,0.0,0.07126785155672294,0.24646943119856027,0.05828725818831187,0.0,0.217240235553338,0.05828725818831187,0.040320722511611305,0.0514413805391926,0.012736966833472252,0.012979058548808098,0.015984008088707924,0.012484767474234104,0.021362336352467537,0.04566904157400131,0.08180056512355804,0.26731061935424805
120.0,0.24001495597454217,0.0665815721731633,2.1171340207010894,1.8375473710206838,0.1837547371020684,0.0,0.0036265825315450247,0.0,0.06835711317566726,0.24001495597454217,0.05263363226101948,0.0,0.20552081270859793,0.05263363226101948,0.036265825315450244,0.045016659495349116,0.012676160782575607,0.012897339649498463,0.01598580740392208,0.012377838604152203,0.021326199173927307,0.04489068314433098,0.08079953491687775,0.331699013710022
121.0,0.2394998216858277,0.04003872280009091,2.141971155348548,1.83140524992576,0.183140524992576,0.0,0.003394399490207434,0.0,0.0704666467813345,0.2394998216858277,0.052964891808537334,0.0,0.20841035819970644,0.052964891808537334,0.03394399490207434,0.046361474033731684,0.012546938844025135,0.012762716971337795,0.015544688329100609,0.012467306107282639,0.020359769463539124,0.043558333069086075,0.07711929082870483,0.12595073878765106
122.0,0.2541027069091797,0.08209409040864557,2.1722321414708716,1.941598048576942,0.19415980485769424,0.0,0.004103367868810893,0.0,0.06758351194170806,0.2541027069091797,0.05583953456236766,0.0,0.21326424181461334,0.05583953456236766,0.04103367868810892,0.04939095983998133,0.013097048737108707,0.013356982730329037,0.016585977748036385,0.01273257564753294,0.02233235351741314,0.047927290201187134,0.09040438383817673,0.4403161108493805
123.0,0.23777804924891546,0.03737790021114051,2.155185967162201,1.7957933361713703,0.17957933361713702,0.0,0.0035994995313768205,0.0,0.07168492674827576,0.23777804924891546,0.05459921463177754,0.0,0.20482104902084058,0.05459921463177754,0.0359949953137682,0.04407826940027567,0.0125844432041049,0.01282960083335638,0.01560190413147211,0.012604380957782269,0.02024034410715103,0.04315963387489319,0.07740214467048645,0.10460074990987778
124.0,0.248923995747016,0.08190079254563898,2.03449088770239,1.825645455947289,0.18256454559472896,0.0,0.0038656644594783967,0.0,0.06723793739309677,0.248923995747016,0.06249378105768791,0.0,0.20985276366655642,0.06249378105768791,0.03865664459478397,0.04830837400200275,0.0131925567984581,0.013470233418047428,0.01668640598654747,0.012822618708014488,0.02257048338651657,0.04887908697128296,0.09286768734455109,0.4347172677516937
125.0,0.2414805734386811,0.041764863999560475,2.107215113605028,1.8495998565967267,0.18495998565967264,0.0,0.003996775514231278,0.0,0.06811513407872273,0.2414805734386811,0.05252380525836578,0.0,0.19978752044531015,0.05252380525836578,0.03996775514231278,0.04266585309344988,0.012645733542740345,0.012900007888674736,0.0157182477414608,0.012581669725477695,0.02053130976855755,0.044296760112047195,0.07846532016992569,0.1369798630475998
126.0,0.2447552296977777,0.0857425193535164,2.0714482705437316,1.805061922623561,0.18050619226235612,0.0,0.004345744987949729,0.0,0.06974767349087276,0.2447552296977777,0.05990328897650425,0.0,0.21228352991434243,0.05990328897650425,0.04345744987949729,0.048936309722753674,0.01340433768928051,0.013677391223609447,0.016949329525232315,0.01297898218035698,0.02294895052909851,0.05054521560668945,0.09733428806066513,0.45810166001319885
127.0,0.23846158041403845,0.05055361601989716,2.204880329091041,1.8144357800483704,0.18144357800483701,0.0,0.0044659221473221595,0.0,0.06666162810646571,0.23846158041403845,0.05255207405067407,0.0,0.2026045024394989,0.05255207405067407,0.04465922147322159,0.04382877058994312,0.012707517482340336,0.012959244661033154,0.01582266017794609,0.012543120421469212,0.021061087027192116,0.04556563124060631,0.08024130761623383,0.20352835953235626
128.0,0.23803766071796417,0.08396264642942697,2.1368184094356417,1.7958988547325134,0.17958988547325136,0.0,0.0047560428770688865,0.0,0.07043983070896222,0.23803766071796417,0.05369172947337994,0.0,0.20989694847510412,0.05369172947337994,0.04756042877068886,0.046872907533095434,0.01326606422662735,0.013542252592742443,0.016776008531451225,0.012874076142907143,0.022703709080815315,0.04943649098277092,0.09457428008317947,0.4485282897949219
129.0,0.24520802555175927,0.04327378235757351,2.2454452770423017,1.8965223294038038,0.18965223294038042,0.0,0.003868615727585095,0.0,0.06223037466406822,0.24520802555175927,0.05168717153943502,0.0,0.19875863079841322,0.05168717153943502,0.03868615727585096,0.04287919710175349,0.012587213888764381,0.012828346341848373,0.01563968136906624,0.012452030554413795,0.020512592047452927,0.04442785680294037,0.07776056230068207,0.14998197555541992
130.0,0.23532421371111503,0.08000750734936446,2.06391814255603,1.749469491151663,0.17494694911516628,0.0,0.004349026567517566,0.0,0.06663479856573619,0.23532421371111503,0.0560282372797911,0.0,0.19231367168518212,0.0560282372797911,0.04349026567517565,0.03910610351998072,0.01315881684422493,0.01343260332942009,0.016621623188257217,0.012777025811374187,0.022489972412586212,0.04858642816543579,0.09229056537151337,0.4207030236721039
131.0,0.2391999404017742,0.05366889969445765,2.1095509950027305,1.8562349172738881,0.18562349172738882,0.0,0.004214611176687938,0.0,0.07021091706477679,0.2391999404017742,0.04936183487566618,0.0,0.22315385536505625,0.04936183487566618,0.04214611176687937,0.05435438432659094,0.012713504023849964,0.012946026399731636,0.015747321769595146,0.012520314194262028,0.02102917805314064,0.04523458331823349,0.07864602655172348,0.23051424324512482
132.0,0.243262798167192,0.06060812948271632,2.048932105336446,1.809027841457954,0.1809027841457954,0.0,0.0039907350473535755,0.0,0.06765432054033646,0.243262798167192,0.058369277904813104,0.0,0.1944471878501085,0.058369277904813104,0.039907350473535746,0.04061443996257507,0.012630547396838665,0.012843117117881775,0.015790902078151703,0.012349008582532406,0.021053491160273552,0.04490159824490547,0.07889077812433243,0.2864055931568146
133.0,0.21773149646245515,0.08716447255574167,1.961640043494487,1.6472786252315228,0.16472786252315227,0.0,0.00454066448773329,0.0,0.06639755918429448,0.21773149646245515,0.04846296502420536,0.0,0.20664978657777494,0.04846296502420536,0.04540664487733291,0.04594328376249625,0.013500056229531765,0.013788682408630848,0.017041321843862534,0.013096125796437263,0.023224499076604843,0.05116304010152817,0.09758923202753067,0.46791282296180725
134.0,0.23477409321528214,0.05678848805837333,2.1267585037810908,1.6701028713813195,0.16701028713813196,0.0,0.004513221549300047,0.0,0.06654109977758847,0.23477409321528214,0.06325058237864421,0.0,0.20209322583216888,0.06325058237864421,0.04513221549300047,0.04359102585854439,0.012589776888489723,0.012803715653717518,0.01572861522436142,0.01233194675296545,0.020858511328697205,0.04447053372859955,0.07814971357584,0.2573750913143158
135.0,0.22029469391474357,0.10427064925897866,2.0069596922655584,1.6418966421714196,0.16418966421714193,0.0,0.004543523339984508,0.0,0.0668046296789096,0.22029469391474357,0.051561505462114625,0.0,0.19938900436346346,0.051561505462114625,0.045435233399845086,0.04232739084042036,0.013975122012197971,0.01423617172986269,0.01777273416519165,0.013504439033567905,0.024035537615418434,0.053835928440093994,0.10689636319875717,0.5899088978767395
136.0,0.23565934082636467,0.05240882677026093,2.2039340981813633,1.712915484721844,0.1712915484721844,0.0,0.0041984919458627696,0.0,0.06517520833473939,0.23565934082636467,0.060169294476509094,0.0,0.20331177230064684,0.060169294476509094,0.0419849194586277,0.044426760636270046,0.012459698133170605,0.012641292996704578,0.015552327036857605,0.012211520224809647,0.020369993522763252,0.043342236429452896,0.07600925862789154,0.22668428719043732
137.0,0.22418093509398973,0.0874272589571774,2.0172042181769627,1.6619595839427068,0.16619595839427068,0.0,0.00408894680440426,0.0,0.06723875924944878,0.22418093509398973,0.05389602826191829,0.0,0.1995843958396178,0.05389602826191829,0.04088946804404259,0.04190144852663462,0.013358053751289845,0.01362533401697874,0.016953403130173683,0.012919127941131592,0.022826137021183968,0.04976154863834381,0.09580869972705841,0.47416576743125916
138.0,0.23619854278289354,0.043766550021246076,2.1358521787655196,1.7849926260801463,0.17849926260801466,0.0,0.0038363902471386475,0.0,0.06360608812134999,0.23619854278289354,0.05386288994206832,0.0,0.20614657264489394,0.05386288994206832,0.03836390247138647,0.046961636425784,0.012476258911192417,0.012669243849813938,0.01550602912902832,0.012295881286263466,0.020042961463332176,0.04294209182262421,0.07557094842195511,0.15862898528575897
139.0,0.23456407281068656,0.08586428000126034,2.0330060786245947,1.7304470860041106,0.17304470860041107,0.0,0.004002536220762592,0.0,0.06365335560761966,0.23456407281068656,0.05751682445406914,0.0,0.1903831849877651,0.05751682445406914,0.04002536220762592,0.03915380385632698,0.013359121046960354,0.013623077422380447,0.01692194677889347,0.01291993260383606,0.02284124866127968,0.04979843273758888,0.09535912424325943,0.4620913565158844
140.0,0.22623367894154328,0.04447363445069641,2.187604112800934,1.6917630479885981,0.1691763047988598,0.0,0.004080019762309698,0.0,0.06543324400599186,0.22623367894154328,0.05297735591347401,0.0,0.20350883671870598,0.05297735591347401,0.04080019762309698,0.044707370814509116,0.012546560727059841,0.012743235565721989,0.015604396350681782,0.01235031895339489,0.020319823175668716,0.04361109808087349,0.07656299322843552,0.16205064952373505
141.0,0.2277338562103418,0.09082057350315154,2.163820204350664,1.6655616485155547,0.16655616485155547,0.0,0.004192700163604549,0.0,0.06209224634445631,0.2277338562103418,0.05698498567709556,0.0,0.19296391652180597,0.05698498567709556,0.041927001636045486,0.0399453524643412,0.01353565976023674,0.013821101747453213,0.017176786437630653,0.013098700903356075,0.023190973326563835,0.05120093375444412,0.09892438352108002,0.49561604857444763
142.0,0.22681218271072096,0.045067412429489195,2.214959878967246,1.6800213547853322,0.16800213547853324,0.0,0.004342928492965607,0.0,0.06704786821053578,0.22681218271072096,0.05446711397514893,0.0,0.2061264320061757,0.05446711397514893,0.043429284929656066,0.04475029300038631,0.01261204294860363,0.012822283431887627,0.015706932172179222,0.012419049628078938,0.020523948594927788,0.04415174573659897,0.0775442123413086,0.1647590845823288
143.0,0.22962009792144483,0.09098446043208241,2.128084018553176,1.6811013175890996,0.16811013175891,0.0,0.0042593805638786696,0.0,0.05965341914158601,0.22962009792144483,0.05725058254141074,0.0,0.1916238315976583,0.05725058254141074,0.04259380563878669,0.03986114378158863,0.013533789664506912,0.013823186978697777,0.017186442390084267,0.013075366616249084,0.0231647826731205,0.05112050846219063,0.09929793328046799,0.49667367339134216
144.0,0.2322570629991018,0.046728522749617696,2.0896097585050333,1.7462206849685082,0.17462206849685083,0.0,0.004255209784381665,0.0,0.06223563133524014,0.2322570629991018,0.05337978440981645,0.0,0.19072714333350843,0.05337978440981645,0.042552097843816646,0.03947919420897961,0.012642263434827328,0.012859687209129333,0.01576514169573784,0.012434919364750385,0.02067294530570507,0.04454803839325905,0.07818786054849625,0.17671732604503632
145.0,0.22021912439511374,0.09069383260793984,2.0783786880639274,1.5856690590198224,0.15856690590198225,0.0,0.004486730261347615,0.0,0.06365170043248397,0.22021912439511374,0.05716548587840337,0.0,0.198713562809504,0.05716548587840337,0.04486730261347615,0.04205084294797136,0.01357734389603138,0.013863074593245983,0.017212778329849243,0.013121412135660648,0.023271221667528152,0.051645927131175995,0.10022398084402084,0.49263492226600647
146.0,0.22527402295516089,0.04630440194159746,2.2463757503734585,1.691497761469621,0.1691497761469621,0.0,0.004291974602696988,0.0,0.06173593751513041,0.22527402295516089,0.05183226916079338,0.0,0.19418226239772943,0.05183226916079338,0.04291974602696987,0.04046363440843729,0.012650505639612675,0.01286777202039957,0.015745745971798897,0.012452347204089165,0.020707452669739723,0.044744644314050674,0.07827948033809662,0.17298726737499237
147.0,0.22820620238780975,0.08899296820163727,2.2289454216955544,1.6694378486046424,0.16694378486046427,0.0,0.004634789065816081,0.0,0.06399772574122135,0.22820620238780975,0.05662762187421322,0.0,0.20207163863457167,0.05662762187421322,0.04634789065816081,0.043599033513321325,0.013507630676031113,0.013790924102067947,0.017114609479904175,0.013062849640846252,0.02312833070755005,0.051025405526161194,0.09870819747447968,0.48160579800605774
148.0,0.23358278778883126,0.07750984525773674,2.222080367781655,1.7640299476110017,0.17640299476110022,0.0,0.004603462415532424,0.0,0.05668321036948608,0.23358278778883126,0.05257632855612498,0.0,0.1813785760448529,0.05257632855612498,0.046034624155324236,0.035511466137205176,0.012894989922642708,0.01312056090682745,0.01633077673614025,0.01252998411655426,0.021712610498070717,0.046127934008836746,0.08613155037164688,0.4112303555011749
149.0,0.20961358398199081,0.056871300213970244,2.1081821105931553,1.5134479632744422,0.15134479632744424,0.0,0.003758599931517473,0.0,0.060468786037885226,0.20961358398199081,0.05451018678454252,0.0,0.19047621809519255,0.05451018678454252,0.03758599931517473,0.03827876697939176,0.012635895051062107,0.01283396128565073,0.015696009621024132,0.012415052391588688,0.020831912755966187,0.04428606107831001,0.0774756520986557,0.2587958574295044
150.0,0.21503791671532851,0.06956666079349816,2.0571025897744986,1.5435000199538012,0.15435000199538013,0.0,0.004260198612554143,0.0,0.06078903506008478,0.21503791671532851,0.05642771520293676,0.0,0.19521034910128668,0.05642771520293676,0.04260198612554142,0.04088237602263689,0.012707254849374294,0.012921246699988842,0.016013499349355698,0.012378256767988205,0.02133116126060486,0.0447821244597435,0.08118398487567902,0.35521575808525085
151.0,0.2129039351756756,0.058214684249833226,2.0605070137273356,1.5786647704931407,0.15786647704931406,0.0,0.0038651430764450483,0.0,0.060369085233945116,0.2129039351756756,0.05117231077299668,0.0,0.1888035048659031,0.05117231077299668,0.038651430764450476,0.03814845388898483,0.012749388813972473,0.012950287200510502,0.015819333493709564,0.012507881037890911,0.021170398220419884,0.04518260061740875,0.07963989675045013,0.2656976878643036
152.0,0.22321075716843972,0.0722964737797156,2.1743939303660658,1.6224653675005987,0.16224653675005987,0.0,0.004661653977102385,0.0,0.059685537878137365,0.22321075716843972,0.05630256192615399,0.0,0.1937006115913391,0.05630256192615399,0.046616539771023854,0.04060919067034355,0.012832744047045708,0.013067425228655338,0.01618090085685253,0.012479260563850403,0.021688878536224365,0.04568000137805939,0.08441485464572906,0.372027724981308
153.0,0.21979917471225446,0.04351595602929592,2.2451024456215274,1.6301009471599872,0.16301009471599875,0.0,0.0036043421651881474,0.0,0.058374939343104,0.21979917471225446,0.053184735373808786,0.0,0.1861043509382468,0.053184735373808786,0.03604342165188147,0.036981882384190194,0.012553166598081589,0.012751794420182705,0.015482510440051556,0.01245497539639473,0.020382555201649666,0.0434395931661129,0.07695893943309784,0.1541041135787964
154.0,0.22643358375017458,0.08146195427980274,2.199858527418656,1.6632753564761236,0.16632753564761235,0.0,0.004442489983585592,0.0,0.058380247881779306,0.22643358375017458,0.05566356144845486,0.0,0.1923050433397293,0.05566356144845486,0.044424899835855916,0.040562767965289265,0.013059824705123901,0.013297256082296371,0.016491886228322983,0.01269927155226469,0.022179581224918365,0.04739035665988922,0.08866806328296661,0.43790939450263977
155.0,0.23125199801646745,0.04492350050713867,2.2973838530356208,1.766220211982727,0.1766220211982727,0.0,0.0037821510735039534,0.0,0.05445428464848261,0.23125199801646745,0.05084782652556896,0.0,0.17793927399011758,0.05084782652556896,0.037821510735039525,0.0339897543621751,0.012521430850028992,0.01271399948745966,0.015446200966835022,0.012399474158883095,0.02028510719537735,0.04325425624847412,0.07641366869211197,0.16635386645793915
156.0,0.2047586223253837,0.08238378842361271,2.1035142024273785,1.4489630048091595,0.14489630048091598,0.0,0.00447854831850586,0.0,0.06010106291908484,0.2047586223253837,0.055383774953392834,0.0,0.19082809812747514,0.055383774953392834,0.0447854831850586,0.03835550165520264,0.013132257387042046,0.01338674034923315,0.016580531373620033,0.012758701108396053,0.022360507398843765,0.04804297536611557,0.09074690192937851,0.4420616924762726
157.0,0.1994540966474093,0.04662374092731625,2.1526064659494075,1.4648701090079088,0.14648701090079086,0.0,0.0040357185599322505,0.0,0.05719265556679322,0.1994540966474093,0.048931364399882465,0.0,0.1848661515575189,0.048931364399882465,0.040357185599322505,0.03650112321170477,0.012587860226631165,0.012791171669960022,0.015534131787717342,0.012444447726011276,0.020509788766503334,0.043963104486465454,0.07730099558830261,0.17785842716693878
158.0,0.20052519154090148,0.0828119080979377,2.0043813309696117,1.4036375146645765,0.14036375146645766,0.0,0.0045986646069930154,0.0,0.05776298719529922,0.20052519154090148,0.05556277214334561,0.0,0.19032813837895027,0.05556277214334561,0.04598664606993015,0.03848207577203329,0.01318755280226469,0.013446054421365261,0.016654210165143013,0.012803839519619942,0.02249898388981819,0.04846729338169098,0.09173651039600372,0.4437008202075958
159.0,0.20715604779812005,0.03373699798248708,2.1939966268365745,1.5357894209715037,0.15357894209715034,0.0,0.0038261270795304043,0.0,0.057134040559713654,0.20715604779812005,0.049750979559925884,0.0,0.1819224191399721,0.049750979559925884,0.038261270795304045,0.035772600318663396,0.012503682635724545,0.012723985128104687,0.015410320833325386,0.012530643492937088,0.019954325631260872,0.04262387380003929,0.0765916258096695,0.0775575265288353
160.0,0.23398244839448196,0.08023814868647605,2.1772839642256656,1.66174204991414,0.166174204991414,0.0,0.003878249310386869,0.0,0.05774438209258593,0.23398244839448196,0.06392999480550106,0.0,0.18080783463441408,0.06392999480550106,0.038782493103868686,0.03520688350097491,0.01316351629793644,0.013418203219771385,0.016593363136053085,0.012791150249540806,0.02243698015809059,0.0480380654335022,0.09013473242521286,0.42532917857170105
161.0,0.2131583679180879,0.05966767342761159,2.2142230227820727,1.5766481757164001,0.15766481757164003,0.0,0.00425596901287253,0.0,0.057343811369859256,0.2131583679180879,0.051237571697968706,0.0,0.19026319224100846,0.051237571697968706,0.042559690128725305,0.039426243577439055,0.01246830727905035,0.012657168321311474,0.0156026566401124,0.012196666561067104,0.02049144171178341,0.04294240102171898,0.07566630840301514,0.28531643748283386
162.0,0.22845657513691828,0.08644482330419123,2.2500451469238794,1.5763881573310266,0.15763881573310265,0.0,0.004110635634368429,0.0,0.05350938195792528,0.22845657513691828,0.06670711748301983,0.0,0.1740070409499682,0.06670711748301983,0.041106356343684286,0.032562588520634636,0.013366046361625195,0.013625996187329292,0.016896141692996025,0.012962049804627895,0.02280755341053009,0.04959598928689957,0.09441490471363068,0.4678899049758911
163.0,0.21213818456117922,0.05623179848771542,2.2469699238901883,1.5464357229379506,0.15464357229379508,0.0,0.004543541128245684,0.0,0.057240789039776876,0.21213818456117922,0.05295106768608093,0.0,0.19034345276080644,0.05295106768608093,0.04543541128245684,0.038784129509272486,0.012529987841844559,0.012709343805909157,0.015617272816598415,0.012255411595106125,0.02063662000000477,0.04352165386080742,0.07678018510341644,0.2558039128780365
164.0,0.22047073680620927,0.07354582019615918,2.258482193400287,1.592029135960799,0.1592029135960799,0.0,0.004172387346625329,0.0,0.05546850524842739,0.22047073680620927,0.05709543480322911,0.0,0.17836282746149942,0.05709543480322911,0.04172387346625328,0.03431469617554775,0.013054486364126205,0.013304143212735653,0.01640445925295353,0.012719303369522095,0.02220531553030014,0.04736943170428276,0.087450310587883,0.3758591115474701
165.0,0.20355619260898003,0.045882078586146235,2.183120269869649,1.4386127040936396,0.14386127040936397,0.0,0.0042403324596727125,0.0,0.05768520585619486,0.20355619260898003,0.05545459229212541,0.0,0.1888652856533344,0.05545459229212541,0.042403324596727125,0.038176583484388314,0.012488371692597866,0.012655597180128098,0.015441332943737507,0.012307098135352135,0.02015949785709381,0.04294080287218094,0.07568643987178802,0.1753774881362915
166.0,0.2013367127913695,0.07126243971288204,2.1044140365647017,1.4215082847155058,0.14215082847155058,0.0,0.004153010499878572,0.0,0.0554821165994956,0.2013367127913695,0.05503287195013119,0.0,0.17981780950839704,0.05503287195013119,0.04153010499878572,0.034645223775162146,0.013042658567428589,0.013282904401421547,0.016342241317033768,0.012715699151158333,0.02214975282549858,0.04738893732428551,0.08713386207818985,0.35804346203804016
167.0,0.193088737817911,0.047848985996097326,2.072339261293496,1.3264708656531115,0.13264708656531113,0.0,0.004325955731865879,0.0,0.05583997772863278,0.193088737817911,0.056115695203726106,0.0,0.18410411878274038,0.056115695203726106,0.043259557318658784,0.036299167630764156,0.012529563158750534,0.012700406834483147,0.01549619808793068,0.012326424941420555,0.020345404744148254,0.04330715537071228,0.0763310119509697,0.18975572288036346
168.0,0.19074073491188195,0.07319268060382456,2.0377936725391046,1.3249390033575206,0.13249390033575204,0.0,0.004342392609956174,0.0,0.056760204096253104,0.19074073491188195,0.05390443810476707,0.0,0.18295589032081458,0.05390443810476707,0.04342392609956173,0.035898377653211355,0.013073090463876724,0.01332287210971117,0.016399836167693138,0.012750288471579552,0.022255713120102882,0.0477617047727108,0.08820851147174835,0.37176942825317383
169.0,0.1925034482891743,0.049112263368442655,2.0511861928408015,1.3130198808816762,0.13130198808816762,0.0,0.00443445009788355,0.0,0.05683138794623888,0.1925034482891743,0.05676700404057136,0.0,0.18892115813035232,0.05676700404057136,0.0443445009788355,0.038230967636291795,0.012547320686280727,0.01271959487348795,0.015517335385084152,0.012333512306213379,0.020437823608517647,0.04347562417387962,0.07660265266895294,0.19926424324512482
170.0,0.19598594709084585,0.07198929623700678,2.1574218430014294,1.3918056396337657,0.13918056396337658,0.0,0.004482572726332224,0.0,0.055904529558924526,0.19598594709084585,0.052322810229200586,0.0,0.1775614286844547,0.052322810229200586,0.04482572726332224,0.03403569005716305,0.012988981790840626,0.01322768721729517,0.016279105097055435,0.012675544247031212,0.022010693326592445,0.04703619331121445,0.08653280884027481,0.3651633560657501
171.0,0.22439708847265977,0.04392552247736603,2.2429568935220856,1.625056110895597,0.16250561108955972,0.0,0.004138800559135584,0.0,0.05654653663245531,0.22439708847265977,0.057752673442547135,0.0,0.18048839385692889,0.057752673442547135,0.04138800559135584,0.035207356147181526,0.012515217997133732,0.012677024118602276,0.015407245606184006,0.012372269295156002,0.020162200555205345,0.04278305917978287,0.07575033605098724,0.15973682701587677
172.0,0.2162419603421138,0.08296130027156323,2.2682349367964827,1.576926391858321,0.15769263918583215,0.0,0.0043180895324509885,0.0,0.05609579584919489,0.2162419603421138,0.05423123160233864,0.0,0.1872934366648014,0.05423123160233864,0.043180895324509874,0.037912582190564044,0.013071694411337376,0.01329682394862175,0.01655760407447815,0.012684542685747147,0.02210490219295025,0.047337427735328674,0.0895635262131691,0.4490738809108734
173.0,0.22753420586769396,0.056755539611913264,2.336227691516679,1.6783373355865479,0.16783373355865477,0.0,0.003951570971940572,0.0,0.0533819691492961,0.22753420586769396,0.05574890211797678,0.0,0.1726016505406453,0.05574890211797678,0.039515709719405726,0.03230946586252405,0.012554452754557133,0.012762296013534069,0.015584571287035942,0.012378848157823086,0.020500000566244125,0.04345501959323883,0.07614380121231079,0.26066532731056213
174.0,0.20530768082692072,0.07446037826593965,2.26715498461113,1.4905641078948975,0.14905641078948978,0.0,0.004232885015125459,0.0,0.0558982934229649,0.20530768082692072,0.05201838437754374,0.0,0.18586252515132612,0.05201838437754374,0.04232885015125458,0.03724332820050991,0.012844734825193882,0.013059720396995544,0.016185935586690903,0.012498157098889351,0.021596740931272507,0.04560568928718567,0.08337216079235077,0.3905198872089386
175.0,0.21194684792023438,0.06482460687402636,2.235654206580052,1.5679351916679969,0.1567935191667997,0.0,0.0041676519223703785,0.0,0.053715742694643825,0.21194684792023438,0.05098567272608097,0.0,0.17401390236157638,0.05098567272608097,0.04167651922370379,0.03276627636156403,0.012830378487706184,0.013030873611569405,0.01597503572702408,0.01260798517614603,0.021304380148649216,0.04527962580323219,0.08079453557729721,0.31677404046058655
176.0,0.20787008622517952,0.07556438480969518,2.2938703360851087,1.4647023952924287,0.14647023952924287,0.0,0.005100841512187169,0.0,0.05467349477112293,0.20787008622517952,0.056299007999209255,0.0,0.1879469442826051,0.056299007999209255,0.051008415121871695,0.03839751239866018,0.012929437682032585,0.013156845234334469,0.016300607472658157,0.012581605464220047,0.021834416314959526,0.04603403061628342,0.08492127805948257,0.3967568576335907
177.0,0.20466122604333437,0.04255013377405703,2.213271239199739,1.4892796644797692,0.14892796644797693,0.0,0.0036859820095392374,0.0,0.054130833309430346,0.20466122604333437,0.05204727600973386,0.0,0.17720485879824713,0.05204727600973386,0.036859820095392376,0.03394574306618709,0.01252345833927393,0.012732981704175472,0.015400093048810959,0.012488435953855515,0.02026773802936077,0.04268641397356987,0.07584549486637115,0.14845645427703857
178.0,0.20091258447903854,0.08303405891638249,2.172072180089367,1.4161492861234224,0.14161492861234223,0.0,0.004303579813299271,0.0,0.05315927917567583,0.20091258447903854,0.05499407763664539,0.0,0.18077882780478552,0.05499407763664539,0.04303579813299271,0.035656299943534225,0.013125223107635975,0.013348711654543877,0.016559775918722153,0.012779297307133675,0.022261934354901314,0.047461558133363724,0.0887010246515274,0.4500349462032318
179.0,0.2014606073498726,0.04893742164131254,2.2006320112714732,1.4669305040286138,0.14669305040286137,0.0,0.004200021163202249,0.0,0.053771379618690565,0.2014606073498726,0.050567533247745954,0.0,0.1766280526152024,0.050567533247745954,0.04200021163202249,0.03366563666182069,0.012617004103958607,0.012826640158891678,0.015540268272161484,0.012485677376389503,0.0205196812748909,0.04349147155880928,0.07671140134334564,0.19730722904205322
180.0,0.19689296931028366,0.08618320233654231,2.1774141584795954,1.3941453511898334,0.13941453511898336,0.0,0.00469187109802778,0.0,0.05420690559997009,0.19689296931028366,0.052786561875389174,0.0,0.18415598628612664,0.052786561875389174,0.04691871098027779,0.03696932160080625,0.013273979537189007,0.013520109467208385,0.016764219850301743,0.012910380028188229,0.022588418796658516,0.048839468508958817,0.09243050962686539,0.4691385328769684
181.0,0.19829541330154127,0.050452731316909194,2.2183856093655154,1.4253947459734404,0.14253947459734403,0.0,0.004413639596448495,0.0,0.0532515705204927,0.19829541330154127,0.05134229147090362,0.0,0.17486754002479407,0.05134229147090362,0.044136395964484945,0.03315379939830074,0.012664961628615856,0.01286999136209488,0.015598579309880733,0.012502109631896019,0.020654359832406044,0.043920379132032394,0.07723454385995865,0.20817692577838898
182.0,0.19593727645965722,0.08250155276618898,2.155836109500273,1.3784681329360375,0.13784681329360376,0.0,0.004846997258181755,0.0,0.052693076575031646,0.19593727645965722,0.05324346428880325,0.0,0.18102546895925814,0.05324346428880325,0.04846997258181755,0.03581597810038007,0.01317992527037859,0.013422091491520405,0.01657698303461075,0.012871736660599709,0.022380517795681953,0.04778112471103668,0.08857575803995132,0.4452242851257324
183.0,0.19409266056922767,0.04570856981445104,2.235858995845481,1.4069652694922228,0.1406965269492223,0.0,0.004186522401869298,0.0,0.053240371438173145,0.19409266056922767,0.049209605902433395,0.0,0.17696279573899049,0.049209605902433395,0.04186522401869297,0.0339123411462284,0.012643217109143734,0.012844999320805073,0.015526985749602318,0.012526820413768291,0.020573250949382782,0.04362889751791954,0.07728360593318939,0.17064078152179718
184.0,0.1948748895755181,0.08069010928738862,2.165923949014416,1.3531432701991155,0.13531432701991153,0.0,0.004821318986180883,0.0,0.05352225455527122,0.1948748895755181,0.05473923998383375,0.0,0.1801039673961126,0.05473923998383375,0.04821318986180883,0.03534130429705748,0.013154148124158382,0.013400943018496037,0.016528530046343803,0.012852915562689304,0.022337617352604866,0.047752246260643005,0.08849138021469116,0.4310030937194824
185.0,0.1918631734756323,0.045784803573042154,2.246451142858203,1.3969403917972858,0.13969403917972859,0.0,0.004199644865897986,0.0,0.0528407351901898,0.1918631734756323,0.047969489716566525,0.0,0.17478141704430947,0.047969489716566525,0.041996448658979856,0.033103022867670424,0.012652452103793621,0.012849473394453526,0.015541748143732548,0.012527610175311565,0.020596139132976532,0.04371238127350807,0.07744909077882767,0.1709495335817337
186.0,0.19614219665527344,0.0782580190571025,2.258844917510544,1.3633808356065016,0.1363380835606502,0.0,0.00483119019951958,0.0,0.05278712654343018,0.19614219665527344,0.054972921283199236,0.0,0.1814981819345401,0.054972921283199236,0.04831190199519579,0.03603863110765815,0.013072444126009941,0.013308453373610973,0.016410449519753456,0.012776553630828857,0.022153789177536964,0.04719887301325798,0.0870191901922226,0.41412439942359924
187.0,0.19100209497488463,0.04180642787832767,2.269162723295219,1.3940899738898644,0.13940899738898643,0.0,0.003934914110085139,0.0,0.0530313031318096,0.19100209497488463,0.04765817981499892,0.0,0.17575772794393393,0.04765817981499892,0.03934914110085139,0.033559762980215825,0.01258095633238554,0.012779051437973976,0.01543403696268797,0.01252519991248846,0.02038463018834591,0.04314315691590309,0.07679414004087448,0.14081025123596191
188.0,0.19426657087527788,0.0767845194786787,2.2080800882912923,1.3358410550997808,0.13358410550997807,0.0,0.004555640831732979,0.0,0.05358080952786482,0.19426657087527788,0.05612682465177316,0.0,0.18117103553735292,0.05612682465177316,0.045556408317329794,0.035868192521425396,0.01302794087678194,0.013255640864372253,0.016335640102624893,0.012737666256725788,0.022029532119631767,0.04692763462662697,0.08615720272064209,0.4038048982620239
189.0,0.18577280755226427,0.043906632461585104,2.2322003403523776,1.3501563163904042,0.13501563163904043,0.0,0.004053179246301835,0.0,0.0524901647407275,0.18577280755226427,0.046703995850223765,0.0,0.1737282001055204,0.046703995850223765,0.04053179246301834,0.032868743336831145,0.012620532885193825,0.012815244495868683,0.015489913523197174,0.012520159594714642,0.0204983688890934,0.043480921536684036,0.07718555629253387,0.1566423624753952
190.0,0.19206140476923722,0.07625449181068689,2.2566876948732353,1.3150791296592126,0.13150791296592126,0.0,0.004727502220955033,0.0,0.052728605385010056,0.19206140476923722,0.055825986254673735,0.0,0.1806257080573302,0.055825986254673735,0.04727502220955033,0.03578382418849147,0.013019834645092487,0.013245957903563976,0.016319820657372475,0.012731469236314297,0.022011082619428635,0.04689816012978554,0.08604352176189423,0.39976608753204346
191.0,0.18570977048232004,0.06180670682806522,2.2078589948942575,1.3409174772409291,0.13409174772409294,0.0,0.004191675767875635,0.0,0.05275933014658781,0.18570977048232004,0.047426340385125235,0.0,0.17518378622256792,0.047426340385125235,0.04191675767875635,0.033412239263550594,0.01252574659883976,0.012724184431135654,0.015602326020598412,0.012324513867497444,0.020508216693997383,0.0435333289206028,0.07650737464427948,0.3007279634475708
192.0,0.19133801815601495,0.08243008551653475,2.2143083228707305,1.3163892718461843,0.13163892718461842,0.0,0.004538011027929875,0.0,0.0532667927730542,0.19133801815601495,0.055161080681360684,0.0,0.1814959186774034,0.055161080681360684,0.045380110279298745,0.03606435330584645,0.013211867772042751,0.013400408439338207,0.016546398401260376,0.012956743128597736,0.022354621440172195,0.0480874627828598,0.08780170977115631,0.4450814723968506
193.0,0.19778908789157867,0.05138075107242912,2.265920106375343,1.3334707755308886,0.13334707755308883,0.0,0.00435801213965393,0.0,0.05190127643828209,0.19778908789157867,0.06008399535830204,0.0,0.17349627556709143,0.06008399535830204,0.0435801213965393,0.03308593016117811,0.01245967298746109,0.012674633413553238,0.015422306954860687,0.012368983589112759,0.020082328468561172,0.0426558218896389,0.0750923901796341,0.22028987109661102
194.0,0.1841292352630542,0.06904212024528533,2.197530560397064,1.2854324991886432,0.12854324991886432,0.0,0.004185284380442821,0.0,0.05331139596035847,0.1841292352630542,0.051400700297493204,0.0,0.18142549664928362,0.051400700297493204,0.04185284380442821,0.036063894450377956,0.012937914580106735,0.013129863888025284,0.016083456575870514,0.012748821638524532,0.02146395482122898,0.04597599804401398,0.0822373479604721,0.3477596044540405
195.0,0.1960184041124124,0.08090221043676138,2.2596979432995976,1.3050373838498042,0.13050373838498044,0.0,0.00523700555249189,0.0,0.05340174542596707,0.1960184041124124,0.06027765586399115,0.0,0.17646056614243066,0.06027765586399115,0.0523700555249189,0.03413066457813749,0.013120017945766449,0.013334052637219429,0.016532091423869133,0.012779047712683678,0.022203000262379646,0.04711209237575531,0.08718845993280411,0.4349489212036133
196.0,0.18301630134765917,0.03833805222529918,2.2718016806065795,1.2913347161733186,0.12913347161733188,0.0,0.003964035764623147,0.0,0.054357899352908134,0.18301630134765917,0.049918791135916345,0.0,0.18682161947855583,0.049918791135916345,0.039640357646231465,0.0382869324933451,0.012537832371890545,0.012717007659375668,0.015317209996283054,0.012600978836417198,0.020163100212812424,0.04253378137946129,0.07595839351415634,0.11487611383199692
197.0,0.19762777021298042,0.08228075015358627,2.2561490632931154,1.3333190862949078,0.1333319086294908,0.0,0.0041561328000030845,0.0,0.0527533612285669,0.19762777021298042,0.060139721975876734,0.0,0.17453730536194947,0.060139721975876734,0.04156132800003084,0.03353787410574464,0.013224247843027115,0.013421975076198578,0.016633538529276848,0.012917105108499527,0.022433895617723465,0.04792975261807442,0.0880601555109024,0.4436253309249878
198.0,0.18980077367562515,0.06035345094278455,2.292496217920465,1.297788876753587,0.12977888767535872,0.0,0.0047348294872790585,0.0,0.05491185188293457,0.18980077367562515,0.05528705165936397,0.0,0.18396845173377258,0.05528705165936397,0.047348294872790575,0.03717819640699487,0.012552413158118725,0.012717869132757187,0.015662794932723045,0.012272595427930355,0.020610876381397247,0.043162524700164795,0.07624336332082748,0.28960517048835754
199.0,0.19814166999780214,0.08074654324445873,2.2985229446154105,1.347740508042849,0.1347740508042849,0.0,0.004317221489663308,0.0,0.05338526775057499,0.19814166999780214,0.059050392072934374,0.0,0.1764722202832882,0.059050392072934374,0.043172214896633074,0.0342664357740432,0.013155264779925346,0.013347511179745197,0.016578396782279015,0.01283307746052742,0.02226227894425392,0.04721658304333687,0.08672620356082916,0.43385303020477295
200.0,0.18959203075904113,0.04773986269719899,2.2933907417025456,1.3313868596003606,0.13313868596003606,0.0,0.004398368370647615,0.0,0.05311262908463295,0.18959203075904113,0.05205498005335148,0.0,0.18524422095372126,0.05205498005335148,0.04398368370647614,0.03793755904413187,0.012448528781533241,0.012605707161128521,0.015420818701386452,0.01228430774062872,0.020018987357616425,0.04210558906197548,0.07429170608520508,0.19274325668811798
201.0,0.19313018138592059,0.06861289357766509,2.3012761529551575,1.3043126509739802,0.13043126509739802,0.0,0.004048784019855352,0.0,0.05276106871091402,0.19313018138592059,0.05865013255522801,0.0,0.17742614820599556,0.05865013255522801,0.040487840198553525,0.03462912009742398,0.01293623261153698,0.013113932684063911,0.016177546232938766,0.012623697519302368,0.021588578820228577,0.04539463669061661,0.08160414546728134,0.3454643785953522
202.0,0.18487418672213188,0.04534245014656335,2.2584887484488307,1.2998471397619982,0.12998471397619984,0.0,0.004300714570742387,0.0,0.05466174893081188,0.18487418672213188,0.05058875808922144,0.0,0.1816427011329394,0.05058875808922144,0.04300714570742387,0.036598183429585054,0.012540780939161777,0.012686116620898247,0.015480870380997658,0.012372711673378944,0.020180443301796913,0.04249877855181694,0.07524079829454422,0.1717391014099121
203.0,0.19850668540367714,0.05990521679632366,2.3448207247302904,1.3803919828855074,0.13803919828855074,0.0,0.004148354460127079,0.0,0.052531846727316193,0.19850668540367714,0.05631913101443878,0.0,0.17192558772288835,0.05631913101443878,0.04148354460127079,0.0323456480490187,0.01283041387796402,0.013024967163801193,0.015952182933688164,0.01255103386938572,0.021258054301142693,0.04462113603949547,0.0793767124414444,0.2796272337436676
204.0,0.1882062153174327,0.08925558673217893,2.2915955783116972,1.329988039456881,0.1329988039456881,0.0,0.005440188381964198,0.0,0.05386640346394135,0.1882062153174327,0.04976722383155273,0.0,0.18454375863075256,0.04976722383155273,0.05440188381964198,0.03768364870204376,0.013520654290914536,0.013783279806375504,0.017097529023885727,0.013115540146827698,0.023097313940525055,0.05048414319753647,0.0959436222910881,0.4870026111602783
205.0,0.19083769103655449,0.044350007898174226,2.3499099786591446,1.3568535859768207,0.13568535859768208,0.0,0.004285097974710741,0.0,0.05135255679488182,0.19083769103655449,0.050867233282098405,0.0,0.16931769681664613,0.050867233282098405,0.042850979747107394,0.03159210204075162,0.012630674988031387,0.012811395339667797,0.015583762899041176,0.012450600042939186,0.020390473306179047,0.04316765069961548,0.07677999138832092,0.16098551452159882
206.0,0.18210142908188012,0.0946826827712357,2.263109670325513,1.2141669575984662,0.12141669575984661,0.0,0.0049488281723684985,0.0,0.054740274468293555,0.18210142908188012,0.0557359062994902,0.0,0.1825156297821265,0.0557359062994902,0.04948828172368499,0.03670913876535801,0.013684381730854511,0.013920693658292294,0.01732024922966957,0.013290619477629662,0.023444054648280144,0.05156008154153824,0.09821328520774841,0.5260280966758728
207.0,0.19047006964683533,0.04310635931324214,2.343832952335561,1.2988269283221319,0.12988269283221318,0.0,0.0045270902104675775,0.0,0.05128369007546168,0.19047006964683533,0.056060282656779654,0.0,0.17038435660875761,0.056060282656779654,0.04527090210467577,0.031852387805254415,0.012600880116224289,0.01278284378349781,0.015531031414866447,0.012484378181397915,0.020371664315462112,0.04295611381530762,0.07638250291347504,0.15174145996570587
208.0,0.1830511660530017,0.08744103065691888,2.2114617876915714,1.2344008821707506,0.12344008821707506,0.0,0.004557333377977976,0.0,0.053171698577128924,0.1830511660530017,0.05505374260246754,0.0,0.18135927388301262,0.05505374260246754,0.04557333377977976,0.03659779798740951,0.013403888791799545,0.013621793128550053,0.016921376809477806,0.01305451337248087,0.022854914888739586,0.04919838532805443,0.09181228280067444,0.47866109013557434
209.0,0.19035937178593415,0.04083319881465286,2.3891487478174787,1.3222422691491933,0.13222422691491933,0.0,0.004324279102281883,0.0,0.052122641498079665,0.19035937178593415,0.0538108664063307,0.0,0.1703230466407079,0.0538108664063307,0.04324279102281882,0.031836113355194144,0.012602410279214382,0.01278669573366642,0.015502829104661942,0.01252393051981926,0.020362863317131996,0.04290376603603363,0.0764218419790268,0.13356125354766846
210.0,0.18204941600561142,0.08621968061197549,2.2162050614470066,1.2166589269271264,0.12166589269271265,0.0,0.004520620531044329,0.0,0.05423714134555597,0.18204941600561142,0.055862899869680405,0.0,0.18235980461423212,0.055862899869680405,0.045206205310443275,0.03687165378449628,0.013379707932472229,0.013594466261565685,0.01686936616897583,0.013045547530055046,0.022796940058469772,0.048932503908872604,0.09080089628696442,0.47033801674842834
211.0,0.1822172334560981,0.04086198995355517,2.332347211922449,1.2496117307589605,0.12496117307589606,0.0,0.004271375094182217,0.0,0.05191812291741371,0.1822172334560981,0.05298468527885584,0.0,0.17165538668632507,0.05298468527885584,0.042713750941822164,0.03246766004639749,0.01261909119784832,0.01280601229518652,0.015512445010244846,0.01254322286695242,0.020418640226125717,0.04298224672675133,0.07665466517210007,0.13335959613323212
212.0,0.17659511187901863,0.08532928698696196,2.1677095441221863,1.1598191261291504,0.11598191261291504,0.0,0.00449864798082182,0.0,0.052953508467628405,0.17659511187901863,0.056114547384472996,0.0,0.17905536150703064,0.056114547384472996,0.044986479808218204,0.03576190420426428,0.013365264981985092,0.013583389110863209,0.0168398879468441,0.013038109056651592,0.022766226902604103,0.048764683306217194,0.09032192826271057,0.4639548063278198
213.0,0.1791119472338603,0.040705730905756354,2.328090286365676,1.2244564799162059,0.12244564799162058,0.0,0.0043025203837225075,0.0,0.052658107274999984,0.1791119472338603,0.05236377681677158,0.0,0.17353807704953048,0.05236377681677158,0.04302520383722507,0.033103715628385544,0.012629481963813305,0.012816626578569412,0.015519602224230766,0.012554998509585857,0.020445233210921288,0.0430418998003006,0.07682054489850998,0.13181746006011963
214.0,0.17710193647788122,0.08492414199281484,2.189111522595444,1.1628218980935903,0.11628218980935905,0.0,0.004536623077896925,0.0,0.053574871844970264,0.17710193647788122,0.05628311949280592,0.0,0.18021625108443773,0.05628311949280592,0.04536623077896925,0.03629397803272765,0.013361685909330845,0.013582145795226097,0.016825169324874878,0.013040421530604362,0.022752564400434494,0.04871925711631775,0.09013353288173676,0.46097835898399353
215.0,0.1787530040511718,0.04127576050814241,2.3625933230585385,1.2246951323289137,0.12246951323289139,0.0,0.00430726043593425,0.0,0.052640478198344894,0.1787530040511718,0.05197623400734021,0.0,0.17365364816326362,0.05197623400734021,0.0430726043593425,0.03328164777933405,0.012645806185901165,0.012834069319069386,0.015533276833593845,0.012564213946461678,0.0204877071082592,0.04308508709073067,0.07694943249225616,0.1361064910888672
216.0,0.17822335431208977,0.08474198263138533,2.219174552263926,1.1764312936709478,0.11764312936709477,0.0,0.00458279551150134,0.0,0.053634180329166926,0.17822335431208977,0.05599742540373252,0.0,0.1815651231087171,0.05599742540373252,0.0458279551150134,0.03686366536511251,0.013366860337555408,0.013587992638349533,0.01682141050696373,0.013050227425992489,0.022757798433303833,0.04873235896229744,0.09003905951976776,0.4595801532268524
217.0,0.1781449060027416,0.04073501948732883,2.385120564504626,1.2216426913554852,0.12216426913554851,0.0,0.004241394925002869,0.0,0.05223584475998695,0.1781449060027416,0.05173923963537583,0.0,0.17216223421005103,0.05173923963537583,0.042413949250028685,0.03269743484158356,0.012641910463571548,0.012833277694880962,0.01552187092602253,0.012578828260302544,0.020479148253798485,0.04305947199463844,0.07690388709306717,0.13186176121234894
218.0,0.17553482433924308,0.084850933868438,2.2196847188467332,1.146936269906851,0.11469362699068511,0.0,0.004544976883782791,0.0,0.054171971403635465,0.17553482433924308,0.05629621790005611,0.0,0.18341030467015046,0.05629621790005611,0.045449768837827906,0.03752995151668214,0.013375014066696167,0.013594917953014374,0.01682412251830101,0.01306043192744255,0.022765696048736572,0.04877052828669548,0.09010329097509384,0.46031346917152405
219.0,0.1758076147391246,0.04142490355297923,2.3639436382071373,1.1983613876196055,0.11983613876196055,0.0,0.004291816872472947,0.0,0.052074001815456614,0.1758076147391246,0.051679655336416684,0.0,0.1721712164580822,0.051679655336416684,0.042918168724729464,0.03272995166480541,0.012648073025047779,0.012840953655540943,0.015531965531408787,0.012575223110616207,0.02049773745238781,0.04312155023217201,0.07696691900491714,0.13721680641174316
220.0,0.17435758847456712,0.08495289669372141,2.2125812766941446,1.1363900441389818,0.11363900441389817,0.0,0.00456838534715084,0.0,0.05326959089590953,0.17435758847456712,0.05615019855590967,0.0,0.18039806502369735,0.05615019855590967,0.04568385347150839,0.03650754591665016,0.013386005535721779,0.013607579283416271,0.016833661124110222,0.013071977533400059,0.022784968838095665,0.048836059868335724,0.09029068052768707,0.4608122408390045
221.0,0.1762339724944188,0.04222892876714468,2.3619076916946034,1.204418604190533,0.1204418604190533,0.0,0.0043421345476347675,0.0,0.05226590326772286,0.1762339724944188,0.05144997428242977,0.0,0.17336095611636454,0.05144997428242977,0.04342134547634767,0.033220535377040505,0.012659664265811443,0.012853565625846386,0.015548484399914742,0.012573625892400742,0.02052837610244751,0.04322110489010811,0.07704395800828934,0.14340265095233917
222.0,0.17614074796438217,0.08281256561167538,2.3018627046427516,1.1572118722475493,0.11572118722475493,0.0,0.004588807205884503,0.0,0.05253018754032942,0.17614074796438217,0.055830748178637944,0.0,0.17822410252231818,0.055830748178637944,0.04588807205884503,0.035785167872046046,0.013314113020896912,0.013524578884243965,0.016713444143533707,0.013017803430557251,0.02260039746761322,0.0483427532017231,0.08883224427700043,0.4461551904678345
223.0,0.17519627396876997,0.03984276100527495,2.365138282137324,1.1998879175919752,0.11998879175919752,0.0,0.004073032951698854,0.0,0.051989977749494404,0.17519627396876997,0.05113444649256193,0.0,0.17312292869274432,0.05113444649256193,0.04073032951698853,0.0331942335738299,0.01261456124484539,0.012808241881430149,0.015460400842130184,0.012622185982763767,0.020454585552215576,0.04294351488351822,0.0765620768070221,0.12527652084827423
224.0,0.17553711395997268,0.08085252973251045,2.2476782141939506,1.135626609508808,0.11356266095088079,0.0,0.004274075417421185,0.0,0.05268150267119591,0.17553711395997268,0.05770037652781376,0.0,0.1796255403986344,0.05770037652781376,0.04274075417421185,0.03636592755524012,0.013251889497041702,0.01345070917159319,0.016608551144599915,0.0129651864990592,0.022428082302212715,0.04786241427063942,0.08743394911289215,0.4328194558620453
225.0,0.17440023903663343,0.038971613510511816,2.3498662893633524,1.197451733625852,0.1197451733625852,0.0,0.004107896969295465,0.0,0.05208784657029005,0.17440023903663343,0.05054716866176862,0.0,0.17235551545253167,0.05054716866176862,0.04107896969295465,0.032960539182218224,0.012627164833247662,0.012824851088225842,0.015487194992601871,0.012616006657481194,0.020482147112488747,0.04303469881415367,0.07671038806438446,0.11799045652151108
226.0,0.17003230693248603,0.08329206320922822,2.1861781375818556,1.083357008603903,0.1083357008603903,0.0,0.004387939384636971,0.0,0.052395205514935345,0.17003230693248603,0.05730866425885604,0.0,0.17969787779908913,0.05730866425885604,0.043879393846369706,0.036335788058260314,0.013333229348063469,0.01354048028588295,0.01673031412065029,0.013037377037107944,0.022629139944911003,0.048425495624542236,0.08898061513900757,0.4496598541736603
227.0,0.1683903055695387,0.0418173928046599,2.3462147643571494,1.1339110090182378,0.11339110090182378,0.0,0.004234842275484251,0.0,0.05162362568080425,0.1683903055695387,0.05076436082331034,0.0,0.17109182391029137,0.05076436082331034,0.042348422754842505,0.03251681226090743,0.012651127763092518,0.012853301130235195,0.01552986167371273,0.012592748738825321,0.020517410710453987,0.043240830302238464,0.0769326239824295,0.1402212381362915
228.0,0.16984896075267059,0.08499721006955951,2.2138103263607234,1.0919019534037664,0.10919019534037663,0.0,0.0045288452771134104,0.0,0.05274311223855385,0.16984896075267059,0.05612992137097395,0.0,0.18105957055321106,0.05612992137097395,0.0452884527711341,0.036954360064835504,0.013400782831013203,0.01361515000462532,0.016827140003442764,0.013094250112771988,0.022785739973187447,0.04884606599807739,0.09012904018163681,0.4612795114517212
229.0,0.17087119015363547,0.04348668153397739,2.374381121656447,1.1547357944341807,0.11547357944341806,0.0,0.00432029810662453,0.0,0.05138182382170971,0.17087119015363547,0.05107730942276808,0.0,0.17181964505177277,0.05107730942276808,0.0432029810662453,0.03265933140825767,0.01266962569206953,0.012873024679720402,0.015564764849841595,0.01258095446974039,0.02055608667433262,0.04343125596642494,0.07702302932739258,0.15319471061229706
230.0,0.1701453970028804,0.07063583168201149,2.235241922558213,1.0997342283909137,0.10997342283909137,0.0,0.004286159062758089,0.0,0.05230337152114281,0.1701453970028804,0.05588581484670822,0.0,0.17855723517445418,0.05588581484670822,0.04286159062758088,0.03595145992361582,0.013001385144889355,0.01320376805961132,0.01621357910335064,0.01272475253790617,0.02174975723028183,0.04623360559344292,0.08317158371210098,0.35878822207450867
231.0,0.16724206163333014,0.07225788140203804,2.3047411912480555,1.1275092684305632,0.1127509268430563,0.0,0.0047676911649222565,0.0,0.05108348796000847,0.16724206163333014,0.049723440351394504,0.0,0.17162699796832526,0.049723440351394504,0.04767691164922256,0.03263606677333323,0.013151563704013824,0.013364452868700027,0.016397451981902122,0.012868680991232395,0.022103138267993927,0.04714948683977127,0.08505086600780487,0.36797741055488586
232.0,0.16594045265362814,0.06940738891717046,2.3278494001232697,1.1031128213955805,0.11031128213955806,0.0,0.0048921808779526215,0.0,0.05286931633376158,0.16594045265362814,0.050736987963318825,0.0,0.18233285156580117,0.050736987963318825,0.04892180877952622,0.03737041594174046,0.013038826175034046,0.013293329626321793,0.01639387011528015,0.012657353654503822,0.022002138197422028,0.046377040445804596,0.0855804905295372,0.3459160625934601
233.0,0.1749570220708847,0.09050333558116108,2.3505089474959235,1.1335748984263494,0.11335748984263495,0.0,0.004827703686001209,0.0,0.05191091290460183,0.1749570220708847,0.056771823563254796,0.0,0.17163411585184243,0.056771823563254796,0.04827703686001209,0.03260312254468982,0.013703861273825169,0.013978628441691399,0.017304401844739914,0.013277757912874222,0.023492751643061638,0.051633574068546295,0.0985136553645134,0.4921220541000366
234.0,0.16972617289194694,0.05657826701644808,2.2933690007418415,1.124556330534128,0.1124556330534128,0.0,0.0046789244748651985,0.0,0.053371675742360264,0.16972617289194694,0.05259161557142551,0.0,0.18581160243887168,0.05259161557142551,0.04678924474865198,0.03876673808106436,0.01277601532638073,0.012975226156413555,0.015965955331921577,0.012459319084882736,0.021145956590771675,0.04448431357741356,0.07922814041376114,0.2535912096500397
235.0,0.1696405983888186,0.07342238468118012,2.345179907322749,1.0968620502031767,0.10968620502031769,0.0,0.004274882236495614,0.0,0.05145760869177488,0.1696405983888186,0.05567951099230693,0.0,0.17138983796422297,0.05567951099230693,0.04274882236495614,0.032590517648853935,0.013198708184063435,0.01343509741127491,0.016572345048189163,0.012851537205278873,0.022372594103217125,0.04733773320913315,0.08629965782165527,0.37531140446662903
236.0,0.16314519540621683,0.046721716527827084,2.280958444171237,1.0701102431003864,0.10701102431003863,0.0,0.004253013483965054,0.0,0.05263521894812584,0.16314519540621683,0.05188115442601534,0.0,0.1833042582640281,0.05188115442601534,0.04253013483965053,0.037712788907811046,0.012687386944890022,0.01286828052252531,0.01575479470193386,0.012447880581021309,0.020580697804689407,0.043569110333919525,0.07759218662977219,0.17827339470386505
237.0,0.16918018861458853,0.0745725833112374,2.3410091783599207,1.0985477016522334,0.10985477016522334,0.0,0.004375735090042536,0.0,0.05119508132338524,0.16918018861458853,0.054949683495439015,0.0,0.17168869765905234,0.054949683495439015,0.04375735090042536,0.032621518458024815,0.013249613344669342,0.01348913460969925,0.016642481088638306,0.012903994880616665,0.022490261122584343,0.047795623540878296,0.08733656257390976,0.3826729953289032
238.0,0.16403754743245932,0.05055768776219338,2.314494609929444,1.0796555280685425,0.10796555280685424,0.0,0.0044535744415882695,0.0,0.05183639807196764,0.16403754743245932,0.05161841973089255,0.0,0.17815060483721587,0.05161841973089255,0.04453574441588269,0.0358845004095481,0.012746677733957767,0.012917174957692623,0.01584390550851822,0.012474910356104374,0.020842598751187325,0.04389231279492378,0.07831017673015594,0.20743374526500702
239.0,0.17123072021282637,0.07744909450411797,2.3306631167274654,1.1250163179177504,0.11250163179177501,0.0,0.0045492079610434865,0.0,0.05058019980788231,0.17123072021282637,0.05417987947853712,0.0,0.1715795062482357,0.05417987947853712,0.04549207961043486,0.03256235932573103,0.013327348046004772,0.013573397882282734,0.016773080453276634,0.012970691546797752,0.02266998216509819,0.04832228273153305,0.08870632201433182,0.4032496511936188
240.0,0.1615648286846968,0.05338879651390016,2.2848158260729994,1.0576855448576121,0.10576855448576118,0.0,0.004607543789853271,0.0,0.051932936104444355,0.1615648286846968,0.05118872698109884,0.0,0.1808270915196492,0.05118872698109884,0.0460754378985327,0.03682740670270645,0.012788317166268826,0.012951862998306751,0.01591009460389614,0.012492364272475243,0.021010765805840492,0.04409067705273628,0.07869561016559601,0.22917068004608154
241.0,0.16751075707949126,0.07722777361050248,2.362363217130677,1.0927882561316857,0.10927882561316858,0.0,0.004664407921238588,0.0,0.05094482907308982,0.16751075707949126,0.05356752270689377,0.0,0.16975710483697745,0.05356752270689377,0.04664407921238588,0.03194461779024165,0.013313528150320053,0.013552804477512836,0.016747374087572098,0.01296237576752901,0.022606221958994865,0.048155125230550766,0.08819015324115753,0.4022946059703827
242.0,0.16177822649478912,0.05124236678238958,2.2983832573434815,1.061088305253249,0.10610883052532491,0.0,0.004477718341737412,0.0,0.052868739916728094,0.16177822649478912,0.05119167540508967,0.0,0.18378727596539718,0.05119167540508967,0.044777183417374126,0.038027760232440554,0.012739304453134537,0.012896643951535225,0.015821637585759163,0.012476528994739056,0.020805109292268753,0.04364778473973274,0.07787933200597763,0.21367259323596954
243.0,0.16656110550348574,0.07623075635638088,2.3299116387625234,1.083824212734516,0.10838242127345159,0.0,0.004504789376201539,0.0,0.0510144280986144,0.16656110550348574,0.053673890920785755,0.0,0.17023252151333368,0.053673890920785755,0.04504789376201538,0.03213874311544574,0.013288159854710102,0.013520700857043266,0.01669744960963726,0.012942453846335411,0.022519607096910477,0.047932952642440796,0.08741140365600586,0.39553332328796387
244.0,0.16303178668022156,0.05219589883927256,2.300554409745196,1.0776906930483305,0.10776906930483306,0.0,0.004511753380155335,0.0,0.05157167306886269,0.16303178668022156,0.05075096167050875,0.0,0.17958436677089104,0.05075096167050875,0.04511753380155334,0.036448721039610416,0.012773608788847923,0.012928935699164867,0.01586301065981388,0.01250375434756279,0.020900806412100792,0.04377570003271103,0.0781441181898117,0.22067725658416748
245.0,0.16678123749219453,0.07515746704302728,2.392281735407378,1.0915178931676424,0.10915178931676424,0.0,0.0046391921189542,0.0,0.051137879920693546,0.16678123749219453,0.05299025673705798,0.0,0.17068154078263503,0.05299025673705798,0.046391921189542,0.032308207699455894,0.013259156607091427,0.013482408598065376,0.016642458736896515,0.012919238768517971,0.0224152784794569,0.0476704016327858,0.0865679606795311,0.38830283284187317
246.0,0.1615835250570224,0.04869103548116982,2.3182485555649253,1.0641104258023775,0.10641104258023774,0.0,0.00430250833205019,0.0,0.05091854500082823,0.1615835250570224,0.05086997223015015,0.0,0.17612301644224387,0.05086997223015015,0.04302508332050191,0.03516737296460913,0.012701657600700855,0.012866959907114506,0.01574798859655857,0.012479392811655998,0.02062418684363365,0.043378062546253204,0.07700888812541962,0.19472114741802216
247.0,0.1698825302032324,0.07439975917804986,2.3009868621371634,1.1222859437649066,0.11222859437649067,0.0,0.004451082302973822,0.0,0.051304410999784104,0.1698825302032324,0.05320285461269892,0.0,0.1727787729066152,0.05320285461269892,0.0445108230297382,0.03309675966962599,0.013238638639450073,0.013455006293952465,0.016607142984867096,0.012901943176984787,0.022347280755639076,0.04744170606136322,0.08582841604948044,0.38337793946266174
248.0,0.15808387731130308,0.051904239458963275,2.2582896447844694,1.0335267002765949,0.1033526700276595,0.0,0.004500656841824261,0.0,0.050456343505244985,0.15808387731130308,0.050230550508086495,0.0,0.17473999152962977,0.050230550508086495,0.04500656841824261,0.0345452253241092,0.012765506282448769,0.012922609224915504,0.015835190191864967,0.012508353218436241,0.02084655873477459,0.043564874678850174,0.0777679979801178,0.21902282536029816
249.0,0.15972400743227738,0.06232613627798855,2.2902083138275855,1.0209225049385657,0.10209225049385656,0.0,0.004298440223703018,0.0,0.05050205912154455,0.15972400743227738,0.053333310840221554,0.0,0.17088052487144104,0.053333310840221554,0.04298440223703018,0.032465180435862676,0.013024060055613518,0.013230557553470135,0.016208749264478683,0.012721438892185688,0.02169906347990036,0.0457078292965889,0.08179989457130432,0.2942174971103668
250.0,0.1572967148744143,0.09685889887623489,2.2420382209543357,1.0040638355108409,0.1004063835510841,0.0,0.005456425464497163,0.0,0.05176308736778223,0.1572967148744143,0.051433902663680225,0.0,0.18169678604373565,0.051433902663680225,0.054564254644971624,0.03724080650135875,0.013907003216445446,0.014162343926727772,0.017535414546728134,0.013497859239578247,0.023921312764286995,0.052590951323509216,0.0998053029179573,0.539451003074646
251.0,0.16163573700648087,0.0664348917780444,2.38496529467861,1.0424252794339106,0.10424252794339108,0.0,0.004678095196588682,0.0,0.05065826641825529,0.16163573700648087,0.052715109661221504,0.0,0.17040999606251717,0.052715109661221504,0.046780951965886816,0.032021142345351666,0.012846346944570541,0.013045549392700195,0.016105594113469124,0.012510283850133419,0.021315844729542732,0.044429972767829895,0.07943524420261383,0.3317902982234955
252.0,0.16500647652607697,0.07961933175101876,2.2612163529749307,1.0071623462897081,0.10071623462897081,0.0,0.004328838657014646,0.0,0.05261552262191589,0.16500647652607697,0.05996140221563669,0.0,0.18118017682662377,0.05996140221563669,0.04328838657014645,0.03698765113949776,0.013285938650369644,0.013495335355401039,0.016666056588292122,0.012962648645043373,0.02239909954369068,0.04741469770669937,0.08594910800457001,0.42478176951408386
253.0,0.15671510593249247,0.06784269330091774,2.3961695787566466,1.0387386817198534,0.10387386817198532,0.0,0.004359998081166011,0.0,0.049849458038806915,0.15671510593249247,0.04848123542391337,0.0,0.16884799444904694,0.04848123542391337,0.043599980811660104,0.03150999340085456,0.012927672825753689,0.013101519085466862,0.016184136271476746,0.012603238224983215,0.02145020104944706,0.04454687982797623,0.08021235466003418,0.341715544462204
254.0,0.16274970426009253,0.07180319214239717,2.2990682671810836,1.0685163552944477,0.10685163552944475,0.0,0.004831029947560567,0.0,0.05303576015509092,0.16274970426009253,0.051067039800377995,0.0,0.18212459752192864,0.051067039800377995,0.048310299475605674,0.03699733384956534,0.013166031800210476,0.013346024788916111,0.016419172286987305,0.012862175703048706,0.02193448320031166,0.04631294310092926,0.083526611328125,0.3668580949306488
255.0,0.15904053071370491,0.07743695308454335,2.2968449532898187,1.025454567028926,0.10254545670289263,0.0,0.004914746096787544,0.0,0.04947976524440142,0.15904053071370491,0.051580325771982856,0.0,0.16605626705747384,0.051580325771982856,0.04914746096787544,0.030743307201191783,0.01322847232222557,0.013456780463457108,0.01667775586247444,0.012821469455957413,0.02236395888030529,0.04733181372284889,0.08738477528095245,0.4062305986881256
256.0,0.16161975207237098,0.05759460246190429,2.348952439129651,1.055280708349668,0.10552807083496682,0.0,0.004367397360217113,0.0,0.052928051409813076,0.16161975207237098,0.05172427944265879,0.0,0.18573652265163568,0.05172427944265879,0.04367397360217113,0.038192535714747816,0.012890379875898361,0.013101346790790558,0.015974927693605423,0.012663906440138817,0.021088922396302223,0.04420490190386772,0.07836457341909409,0.2624678611755371
257.0,0.17034695125543153,0.07347331696655601,2.3387087206413644,1.1346736412781935,0.11346736412781935,0.0,0.004607484597139634,0.0,0.050666300436625115,0.17034695125543153,0.05227210114781673,0.0,0.17092667720638788,0.05227210114781673,0.046074845971396335,0.032853289328228966,0.013137111440300941,0.013354967348277569,0.016512511298060417,0.0127550158649683,0.022118782624602318,0.04643496125936508,0.08451639115810394,0.37895679473876953
258.0,0.16677089379383966,0.056570262531749904,2.294066141237999,1.1224800944328308,0.11224800944328309,0.0,0.004291234215578208,0.0,0.0520276974600095,0.16677089379383966,0.05023164846576177,0.0,0.18352781952573702,0.05023164846576177,0.042912342155782074,0.03787422305546128,0.012874934822320938,0.013089505955576897,0.01595778949558735,0.012665837071835995,0.02105647325515747,0.04410431161522865,0.07785458862781525,0.2549586594104767
259.0,0.15714990634184617,0.07194249611347914,2.2132105657346077,0.9980399425213153,0.09980399425213154,0.0,0.004647449309077974,0.0,0.049762277505718745,0.15714990634184617,0.05269846148215807,0.0,0.17503837352761856,0.05269846148215807,0.04647449309077974,0.034337119539626516,0.013101110234856606,0.013321279548108578,0.016447698697447777,0.012732385657727718,0.022051526233553886,0.04622701182961464,0.08399822562932968,0.3676607310771942
