trip_id,trajectory,method,seed,distance_km,duration_s,observed_energy_kwh,predicted_energy_kwh,signed_error_kwh,absolute_error_kwh,percentage_error,n_train,repeat,subset_ids,reused_loto
T1_03_29_2021,T1,physics,0,49.61069722222272,6198.0,4.3524,2.871975268094043,-1.4804247319059574,1.4804247319059574,-34.01398612043831,0,0,,
T1_03_29_2021,T1,elasticnet,0,49.61069722222272,6198.0,4.3524,3.993348849667615,-0.3590511503323856,0.3590511503323856,-8.249497985763846,3,0,"T1_06_30_2021_2,T2_04_26_2021,T3_04_26_2021_1",
T1_03_29_2021,T1,weak_mlp,0,49.61069722222272,6198.0,4.3524,4.811600169473224,0.4592001694732239,0.4592001694732239,10.550504766869404,3,0,"T1_06_30_2021_2,T2_04_26_2021,T3_04_26_2021_1",
T1_03_29_2021,T1,pinn,0,49.61069722222272,6198.0,4.3524,3.632949246728482,-0.7194507532715182,0.7194507532715182,-16.529977788611298,3,0,"T1_06_30_2021_2,T2_04_26_2021,T3_04_26_2021_1",
T1_03_29_2021,T1,elasticnet,0,49.61069722222272,6198.0,4.3524,3.991512559751136,-0.3608874402488644,0.3608874402488644,-8.291688269664196,3,1,"T1_06_30_2021_2,T2_03_30_2021,T3_04_26_2021_1",
T1_03_29_2021,T1,weak_mlp,0,49.61069722222272,6198.0,4.3524,3.5750788460837466,-0.7773211539162537,0.7773211539162537,-17.85959824272249,3,1,"T1_06_30_2021_2,T2_03_30_2021,T3_04_26_2021_1",
T1_03_29_2021,T1,pinn,0,49.61069722222272,6198.0,4.3524,3.7024315059774864,-0.6499684940225139,0.6499684940225139,-14.933565251872848,3,1,"T1_06_30_2021_2,T2_03_30_2021,T3_04_26_2021_1",
T1_03_29_2021,T1,elasticnet,0,49.61069722222272,6198.0,4.3524,3.98853315747295,-0.3638668425270501,0.3638668425270501,-8.360142508203523,3,2,"T1_06_30_2021_2,T2_03_30_2021,T3_05_31_2021",
T1_03_29_2021,T1,weak_mlp,0,49.61069722222272,6198.0,4.3524,3.730146578583452,-0.622253421416548,0.622253421416548,-14.296788471108998,3,2,"T1_06_30_2021_2,T2_03_30_2021,T3_05_31_2021",
T1_03_29_2021,T1,pinn,0,49.61069722222272,6198.0,4.3524,4.209943798705936,-0.1424562012940642,0.1424562012940642,-3.273049381813809,3,2,"T1_06_30_2021_2,T2_03_30_2021,T3_05_31_2021",
T1_03_29_2021,T1,elasticnet,0,49.61069722222272,6198.0,4.3524,4.160387241823485,-0.1920127581765154,0.1920127581765154,-4.411652379756351,5,0,"T1_06_30_2021_1,T2_04_26_2021,T3_05_25_2021_04,T3_05_25_2021_2,T3_05_31_2021",
T1_03_29_2021,T1,weak_mlp,0,49.61069722222272,6198.0,4.3524,5.162279014057583,0.8098790140575831,0.8098790140575831,18.6076420838522,5,0,"T1_06_30_2021_1,T2_04_26_2021,T3_05_25_2021_04,T3_05_25_2021_2,T3_05_31_2021",
T1_03_29_2021,T1,pinn,0,49.61069722222272,6198.0,4.3524,4.799394433746736,0.4469944337467355,0.4469944337467355,10.270067864781169,5,0,"T1_06_30_2021_1,T2_04_26_2021,T3_05_25_2021_04,T3_05_25_2021_2,T3_05_31_2021",
T1_03_29_2021,T1,elasticnet,0,49.61069722222272,6198.0,4.3524,4.119843152033612,-0.2325568479663884,0.2325568479663884,-5.343186471059379,5,1,"T1_06_30_2021_1,T2_03_30_2021,T2_04_26_2021,T3_04_22_2021_1,T3_05_25_2021_1",
T1_03_29_2021,T1,weak_mlp,0,49.61069722222272,6198.0,4.3524,3.610022314025296,-0.742377685974704,0.742377685974704,-17.056743083694144,5,1,"T1_06_30_2021_1,T2_03_30_2021,T2_04_26_2021,T3_04_22_2021_1,T3_05_25_2021_1",
T1_03_29_2021,T1,pinn,0,49.61069722222272,6198.0,4.3524,3.958820428816705,-0.3935795711832952,0.3935795711832952,-9.042817093633287,5,1,"T1_06_30_2021_1,T2_03_30_2021,T2_04_26_2021,T3_04_22_2021_1,T3_05_25_2021_1",
T1_03_29_2021,T1,elasticnet,0,49.61069722222272,6198.0,4.3524,4.05351898203413,-0.2988810179658703,0.2988810179658703,-6.867039287884162,5,2,"T1_06_30_2021_1,T1_06_30_2021_2,T2_04_26_2021,T3_04_22_2021_2,T3_05_31_2021",
T1_03_29_2021,T1,weak_mlp,0,49.61069722222272,6198.0,4.3524,4.659419818851683,0.3070198188516828,0.3070198188516828,7.054034988780508,5,2,"T1_06_30_2021_1,T1_06_30_2021_2,T2_04_26_2021,T3_04_22_2021_2,T3_05_31_2021",
T1_03_29_2021,T1,pinn,0,49.61069722222272,6198.0,4.3524,4.976256396840844,0.6238563968408437,0.6238563968408437,14.333618161033996,5,2,"T1_06_30_2021_1,T1_06_30_2021_2,T2_04_26_2021,T3_04_22_2021_2,T3_05_31_2021",
T1_03_29_2021,T1,elasticnet,0,49.61069722222272,6198.0,4.3524,3.8717630630360818,-0.4806369369639185,0.4806369369639185,-11.043032280211342,8,0,"T1_06_30_2021_1,T2_03_29_2021,T2_03_30_2021,T2_04_26_2021,T3_04_22_2021_1,T3_05_25_2021_04,T3_05_25_2021_2,T3_05_31_2021",
T1_03_29_2021,T1,weak_mlp,0,49.61069722222272,6198.0,4.3524,3.706306142144733,-0.6460938578552673,0.6460938578552673,-14.84454227220079,8,0,"T1_06_30_2021_1,T2_03_29_2021,T2_03_30_2021,T2_04_26_2021,T3_04_22_2021_1,T3_05_25_2021_04,T3_05_25_2021_2,T3_05_31_2021",
T1_03_29_2021,T1,pinn,0,49.61069722222272,6198.0,4.3524,3.737650713506672,-0.6147492864933284,0.6147492864933284,-14.12437474711259,8,0,"T1_06_30_2021_1,T2_03_29_2021,T2_03_30_2021,T2_04_26_2021,T3_04_22_2021_1,T3_05_25_2021_04,T3_05_25_2021_2,T3_05_31_2021",
T1_03_29_2021,T1,elasticnet,0,49.61069722222272,6198.0,4.3524,3.624721098070369,-0.7276789019296315,0.7276789019296315,-16.71902632868375,8,1,"T1_06_30_2021_2,T2_03_30_2021,T2_04_26_2021,T3_04_22_2021_2,T3_04_26_2021_2,T3_05_25_2021_1,T3_05_25_2021_2,T3_05_25_2021_3",
T1_03_29_2021,T1,weak_mlp,0,49.61069722222272,6198.0,4.3524,3.675215068194601,-0.6771849318053991,0.6771849318053991,-15.558885483995017,8,1,"T1_06_30_2021_2,T2_03_30_2021,T2_04_26_2021,T3_04_22_2021_2,T3_04_26_2021_2,T3_05_25_2021_1,T3_05_25_2021_2,T3_05_25_2021_3",
T1_03_29_2021,T1,pinn,0,49.61069722222272,6198.0,4.3524,4.232033686861396,-0.1203663131386045,0.1203663131386045,-2.765515879482689,8,1,"T1_06_30_2021_2,T2_03_30_2021,T2_04_26_2021,T3_04_22_2021_2,T3_04_26_2021_2,T3_05_25_2021_1,T3_05_25_2021_2,T3_05_25_2021_3",
T1_03_29_2021,T1,elasticnet,0,49.61069722222272,6198.0,4.3524,3.6991888961506376,-0.6532111038493627,0.6532111038493627,-15.008066902154273,8,2,"T1_06_30_2021_1,T1_06_30_2021_2,T2_03_29_2021,T2_03_30_2021,T2_04_26_2021,T3_04_22_2021_1,T3_04_26_2021_1,T3_05_25_2021_2",
T1_03_29_2021,T1,weak_mlp,0,49.61069722222272,6198.0,4.3524,4.1755807091792425,-0.1768192908207577,0.1768192908207577,-4.062569865379049,8,2,"T1_06_30_2021_1,T1_06_30_2021_2,T2_03_29_2021,T2_03_30_2021,T2_04_26_2021,T3_04_22_2021_1,T3_04_26_2021_1,T3_05_25_2021_2",
T1_03_29_2021,T1,pinn,0,49.61069722222272,6198.0,4.3524,4.0578949738984615,-0.2945050261015387,0.2945050261015387,-6.7664972452334045,8,2,"T1_06_30_2021_1,T1_06_30_2021_2,T2_03_29_2021,T2_03_30_2021,T2_04_26_2021,T3_04_22_2021_1,T3_04_26_2021_1,T3_05_25_2021_2",
T1_03_29_2021,T1,elasticnet,0,49.61069722222272,6198.0,4.3524,3.711665044112571,-0.6407349558874293,0.6407349558874293,-14.72141705466936,12,0,"T1_06_30_2021_1,T1_06_30_2021_2,T1_07_01_2021,T2_03_29_2021,T2_03_30_2021,T3_04_22_2021_1,T3_04_22_2021_2,T3_04_26_2021_2,T3_05_25_2021_04,T3_05_25_2021_3,T3_05_31_2021,T3_06_07_2021",
T1_03_29_2021,T1,weak_mlp,0,49.61069722222272,6198.0,4.3524,4.5907670922411805,0.2383670922411802,0.2383670922411802,5.476681652448769,12,0,"T1_06_30_2021_1,T1_06_30_2021_2,T1_07_01_2021,T2_03_29_2021,T2_03_30_2021,T3_04_22_2021_1,T3_04_22_2021_2,T3_04_26_2021_2,T3_05_25_2021_04,T3_05_25_2021_3,T3_05_31_2021,T3_06_07_2021",
T1_03_29_2021,T1,pinn,0,49.61069722222272,6198.0,4.3524,4.480266907242022,0.127866907242022,0.127866907242022,2.937848250207288,12,0,"T1_06_30_2021_1,T1_06_30_2021_2,T1_07_01_2021,T2_03_29_2021,T2_03_30_2021,T3_04_22_2021_1,T3_04_22_2021_2,T3_04_26_2021_2,T3_05_25_2021_04,T3_05_25_2021_3,T3_05_31_2021,T3_06_07_2021",
T1_03_29_2021,T1,elasticnet,0,49.61069722222272,6198.0,4.3524,3.953287704887762,-0.3991122951122383,0.3991122951122383,-9.169936014893814,12,1,"T1_06_30_2021_1,T1_06_30_2021_2,T1_07_01_2021,T2_03_29_2021,T2_03_30_2021,T2_04_26_2021,T3_04_22_2021_2,T3_05_25_2021_04,T3_05_25_2021_1,T3_05_25_2021_3,T3_05_31_2021,T3_06_07_2021",
T1_03_29_2021,T1,weak_mlp,0,49.61069722222272,6198.0,4.3524,4.2426786074373455,-0.1097213925626547,0.1097213925626547,-2.520940000060996,12,1,"T1_06_30_2021_1,T1_06_30_2021_2,T1_07_01_2021,T2_03_29_2021,T2_03_30_2021,T2_04_26_2021,T3_04_22_2021_2,T3_05_25_2021_04,T3_05_25_2021_1,T3_05_25_2021_3,T3_05_31_2021,T3_06_07_2021",
T1_03_29_2021,T1,pinn,0,49.61069722222272,6198.0,4.3524,4.132292878126933,-0.2201071218730677,0.2201071218730677,-5.057143687920864,12,1,"T1_06_30_2021_1,T1_06_30_2021_2,T1_07_01_2021,T2_03_29_2021,T2_03_30_2021,T2_04_26_2021,T3_04_22_2021_2,T3_05_25_2021_04,T3_05_25_2021_1,T3_05_25_2021_3,T3_05_31_2021,T3_06_07_2021",
T1_03_29_2021,T1,elasticnet,0,49.61069722222272,6198.0,4.3524,3.969928767648351,-0.3824712323516497,0.3824712323516497,-8.787593795415166,12,2,"T1_06_30_2021_1,T1_06_30_2021_2,T1_07_01_2021,T2_03_29_2021,T2_03_30_2021,T3_04_22_2021_1,T3_04_22_2021_2,T3_04_26_2021_1,T3_04_26_2021_2,T3_05_25_2021_04,T3_05_25_2021_1,T3_05_25_2021_2",
T1_03_29_2021,T1,weak_mlp,0,49.61069722222272,6198.0,4.3524,4.8000341863764655,0.4476341863764652,0.4476341863764652,10.284766712077596,12,2,"T1_06_30_2021_1,T1_06_30_2021_2,T1_07_01_2021,T2_03_29_2021,T2_03_30_2021,T3_04_22_2021_1,T3_04_22_2021_2,T3_04_26_2021_1,T3_04_26_2021_2,T3_05_25_2021_04,T3_05_25_2021_1,T3_05_25_2021_2",
T1_03_29_2021,T1,pinn,0,49.61069722222272,6198.0,4.3524,4.30234882429863,-0.0500511757013706,0.0500511757013706,-1.1499672755576378,12,2,"T1_06_30_2021_1,T1_06_30_2021_2,T1_07_01_2021,T2_03_29_2021,T2_03_30_2021,T3_04_22_2021_1,T3_04_22_2021_2,T3_04_26_2021_1,T3_04_26_2021_2,T3_05_25_2021_04,T3_05_25_2021_1,T3_05_25_2021_2",
T1_03_29_2021,T1,elasticnet,0,49.61069722222272,6198.0,4.3524,3.934003656585373,-0.4183963434146278,0.4183963434146278,-9.613003019360074,16,0,"T1_06_30_2021_1,T1_06_30_2021_2,T1_07_01_2021,T2_03_29_2021,T2_03_30_2021,T2_04_26_2021,T3_04_22_2021_1,T3_04_22_2021_2,T3_04_26_2021_1,T3_04_26_2021_2,T3_05_25_2021_04,T3_05_25_2021_1,T3_05_25_2021_2,T3_05_25_2021_3,T3_05_31_2021,T3_06_07_2021",
T1_03_29_2021,T1,weak_mlp,0,49.61069722222272,6198.0,4.3524,4.963331586917242,0.6109315869172418,0.6109315869172418,14.036659932847206,16,0,"T1_06_30_2021_1,T1_06_30_2021_2,T1_07_01_2021,T2_03_29_2021,T2_03_30_2021,T2_04_26_2021,T3_04_22_2021_1,T3_04_22_2021_2,T3_04_26_2021_1,T3_04_26_2021_2,T3_05_25_2021_04,T3_05_25_2021_1,T3_05_25_2021_2,T3_05_25_2021_3,T3_05_31_2021,T3_06_07_2021",True
T1_03_29_2021,T1,pinn,0,49.61069722222272,6198.0,4.3524,3.650935291835728,-0.7014647081642722,0.7014647081642722,-16.11673348415293,16,0,"T1_06_30_2021_1,T1_06_30_2021_2,T1_07_01_2021,T2_03_29_2021,T2_03_30_2021,T2_04_26_2021,T3_04_22_2021_1,T3_04_22_2021_2,T3_04_26_2021_1,T3_04_26_2021_2,T3_05_25_2021_04,T3_05_25_2021_1,T3_05_25_2021_2,T3_05_25_2021_3,T3_05_31_2021,T3_06_07_2021",True
T1_06_30_2021_1,T1,physics,0,45.64408055555533,5233.0,3.818400000000001,2.753227787393527,-1.065172212606473,1.065172212606473,-27.895773428830747,0,0,,
T1_06_30_2021_1,T1,elasticnet,0,45.64408055555533,5233.0,3.818400000000001,3.1749235025067675,-0.643476497493233,0.643476497493233,-16.85199291570377,3,0,"T1_07_01_2021,T2_03_29_2021,T3_06_07_2021",
T1_06_30_2021_1,T1,weak_mlp,0,45.64408055555533,5233.0,3.818400000000001,4.079955768154727,0.261555768154726,0.261555768154726,6.849878696698251,3,0,"T1_07_01_2021,T2_03_29_2021,T3_06_07_2021",
T1_06_30_2021_1,T1,pinn,0,45.64408055555533,5233.0,3.818400000000001,4.059002282849202,0.2406022828492018,0.2406022828492018,6.301128295862188,3,0,"T1_07_01_2021,T2_03_29_2021,T3_06_07_2021",
T1_06_30_2021_1,T1,elasticnet,0,45.64408055555533,5233.0,3.818400000000001,3.4391025751351,-0.3792974248649008,0.3792974248649008,-9.933412551458748,3,1,"T1_03_29_2021,T2_03_29_2021,T3_04_26_2021_1",
T1_06_30_2021_1,T1,weak_mlp,0,45.64408055555533,5233.0,3.818400000000001,4.69440723747015,0.8760072374701497,0.8760072374701497,22.94173573931881,3,1,"T1_03_29_2021,T2_03_29_2021,T3_04_26_2021_1",
T1_06_30_2021_1,T1,pinn,0,45.64408055555533,5233.0,3.818400000000001,3.90263892608436,0.0842389260843599,0.0842389260843599,2.206131523265239,3,1,"T1_03_29_2021,T2_03_29_2021,T3_04_26_2021_1",
T1_06_30_2021_1,T1,elasticnet,0,45.64408055555533,5233.0,3.818400000000001,3.6665357593529433,-0.1518642406470571,0.1518642406470571,-3.9771695120222383,3,2,"T1_06_30_2021_2,T2_03_29_2021,T3_05_25_2021_04",
T1_06_30_2021_1,T1,weak_mlp,0,45.64408055555533,5233.0,3.818400000000001,3.54608779920472,-0.2723122007952803,0.2723122007952803,-7.131578692522529,3,2,"T1_06_30_2021_2,T2_03_29_2021,T3_05_25_2021_04",
T1_06_30_2021_1,T1,pinn,0,45.64408055555533,5233.0,3.818400000000001,3.7015488449111578,-0.1168511550888427,0.1168511550888427,-3.0602125258967807,3,2,"T1_06_30_2021_2,T2_03_29_2021,T3_05_25_2021_04",
T1_06_30_2021_1,T1,elasticnet,0,45.64408055555533,5233.0,3.818400000000001,3.522370359046461,-0.2960296409535399,0.2960296409535399,-7.7527142508259965,5,0,"T1_06_30_2021_2,T2_03_30_2021,T3_05_25_2021_04,T3_05_25_2021_2,T3_05_25_2021_3",
T1_06_30_2021_1,T1,weak_mlp,0,45.64408055555533,5233.0,3.818400000000001,6.008781308796671,2.1903813087966704,2.1903813087966704,57.36385158172717,5,0,"T1_06_30_2021_2,T2_03_30_2021,T3_05_25_2021_04,T3_05_25_2021_2,T3_05_25_2021_3",
T1_06_30_2021_1,T1,pinn,0,45.64408055555533,5233.0,3.818400000000001,3.445900352928891,-0.3724996470711095,0.3724996470711095,-9.755385686965992,5,0,"T1_06_30_2021_2,T2_03_30_2021,T3_05_25_2021_04,T3_05_25_2021_2,T3_05_25_2021_3",
T1_06_30_2021_1,T1,elasticnet,0,45.64408055555533,5233.0,3.818400000000001,3.868078766125053,0.0496787661250519,0.0496787661250519,1.301036196444897,5,1,"T1_07_01_2021,T2_03_29_2021,T3_04_26_2021_2,T3_05_25_2021_04,T3_05_25_2021_2",
T1_06_30_2021_1,T1,weak_mlp,0,45.64408055555533,5233.0,3.818400000000001,4.029890538089806,0.2114905380898051,0.2114905380898051,5.538721403986096,5,1,"T1_07_01_2021,T2_03_29_2021,T3_04_26_2021_2,T3_05_25_2021_04,T3_05_25_2021_2",
T1_06_30_2021_1,T1,pinn,0,45.64408055555533,5233.0,3.818400000000001,3.948965536504984,0.1305655365049838,0.1305655365049838,3.419378182091551,5,1,"T1_07_01_2021,T2_03_29_2021,T3_04_26_2021_2,T3_05_25_2021_04,T3_05_25_2021_2",
T1_06_30_2021_1,T1,elasticnet,0,45.64408055555533,5233.0,3.818400000000001,3.193297740438012,-0.6251022595619884,0.6251022595619884,-16.370790371935584,5,2,"T1_03_29_2021,T2_03_29_2021,T3_04_22_2021_1,T3_04_26_2021_1,T3_05_25_2021_2",
T1_06_30_2021_1,T1,weak_mlp,0,45.64408055555533,5233.0,3.818400000000001,5.043794941339228,1.2253949413392276,1.2253949413392276,32.091843215462696,5,2,"T1_03_29_2021,T2_03_29_2021,T3_04_22_2021_1,T3_04_26_2021_1,T3_05_25_2021_2",
T1_06_30_2021_1,T1,pinn,0,45.64408055555533,5233.0,3.818400000000001,3.672878728438324,-0.1455212715616767,0.1455212715616767,-3.811053623551139,5,2,"T1_03_29_2021,T2_03_29_2021,T3_04_22_2021_1,T3_04_26_2021_1,T3_05_25_2021_2",
T1_06_30_2021_1,T1,elasticnet,0,45.64408055555533,5233.0,3.818400000000001,3.2646689781474376,-0.5537310218525628,0.5537310218525628,-14.501650478015996,8,0,"T1_07_01_2021,T2_03_29_2021,T2_04_26_2021,T3_04_22_2021_1,T3_04_22_2021_2,T3_05_25_2021_1,T3_05_31_2021,T3_06_07_2021",
T1_06_30_2021_1,T1,weak_mlp,0,45.64408055555533,5233.0,3.818400000000001,4.33342990335491,0.5150299033549093,0.5150299033549093,13.488107672190164,8,0,"T1_07_01_2021,T2_03_29_2021,T2_04_26_2021,T3_04_22_2021_1,T3_04_22_2021_2,T3_05_25_2021_1,T3_05_31_2021,T3_06_07_2021",
T1_06_30_2021_1,T1,pinn,0,45.64408055555533,5233.0,3.818400000000001,3.799012096475603,-0.0193879035243975,0.0193879035243975,-0.5077494113869045,8,0,"T1_07_01_2021,T2_03_29_2021,T2_04_26_2021,T3_04_22_2021_1,T3_04_22_2021_2,T3_05_25_2021_1,T3_05_31_2021,T3_06_07_2021",
T1_06_30_2021_1,T1,elasticnet,0,45.64408055555533,5233.0,3.818400000000001,3.169342309944258,-0.6490576900557423,0.6490576900557423,-16.998158654298717,8,1,"T1_03_29_2021,T1_06_30_2021_2,T2_04_26_2021,T3_04_22_2021_1,T3_04_26_2021_1,T3_04_26_2021_2,T3_05_31_2021,T3_06_07_2021",
T1_06_30_2021_1,T1,weak_mlp,0,45.64408055555533,5233.0,3.818400000000001,4.509426880876223,0.6910268808762225,0.6910268808762225,18.09728893977117,8,1,"T1_03_29_2021,T1_06_30_2021_2,T2_04_26_2021,T3_04_22_2021_1,T3_04_26_2021_1,T3_04_26_2021_2,T3_05_31_2021,T3_06_07_2021",
T1_06_30_2021_1,T1,pinn,0,45.64408055555533,5233.0,3.818400000000001,3.8688645553361214,0.0504645553361209,0.0504645553361209,1.3216152141242647,8,1,"T1_03_29_2021,T1_06_30_2021_2,T2_04_26_2021,T3_04_22_2021_1,T3_04_26_2021_1,T3_04_26_2021_2,T3_05_31_2021,T3_06_07_2021",
T1_06_30_2021_1,T1,elasticnet,0,45.64408055555533,5233.0,3.818400000000001,3.462746493041412,-0.3556535069585882,0.3556535069585882,-9.314202465917353,8,2,"T1_03_29_2021,T2_03_29_2021,T3_04_22_2021_1,T3_04_22_2021_2,T3_04_26_2021_2,T3_05_25_2021_1,T3_05_31_2021,T3_06_07_2021",
T1_06_30_2021_1,T1,weak_mlp,0,45.64408055555533,5233.0,3.818400000000001,5.714776421056853,1.8963764210568528,1.8963764210568528,49.66416355166699,8,2,"T1_03_29_2021,T2_03_29_2021,T3_04_22_2021_1,T3_04_22_2021_2,T3_04_26_2021_2,T3_05_25_2021_1,T3_05_31_2021,T3_06_07_2021",
T1_06_30_2021_1,T1,pinn,0,45.64408055555533,5233.0,3.818400000000001,4.02627482556738,0.2078748255673792,0.2078748255673792,5.444029582217138,8,2,"T1_03_29_2021,T2_03_29_2021,T3_04_22_2021_1,T3_04_22_2021_2,T3_04_26_2021_2,T3_05_25_2021_1,T3_05_31_2021,T3_06_07_2021",
T1_06_30_2021_1,T1,elasticnet,0,45.64408055555533,5233.0,3.818400000000001,3.312016230011946,-0.5063837699880547,0.5063837699880547,-13.261674261157935,12,0,"T1_03_29_2021,T1_06_30_2021_2,T2_03_29_2021,T2_03_30_2021,T2_04_26_2021,T3_04_22_2021_2,T3_04_26_2021_2,T3_05_25_2021_1,T3_05_25_2021_2,T3_05_25_2021_3,T3_05_31_2021,T3_06_07_2021",
T1_06_30_2021_1,T1,weak_mlp,0,45.64408055555533,5233.0,3.818400000000001,3.707500217192703,-0.1108997828072975,0.1108997828072975,-2.90435215816304,12,0,"T1_03_29_2021,T1_06_30_2021_2,T2_03_29_2021,T2_03_30_2021,T2_04_26_2021,T3_04_22_2021_2,T3_04_26_2021_2,T3_05_25_2021_1,T3_05_25_2021_2,T3_05_25_2021_3,T3_05_31_2021,T3_06_07_2021",
T1_06_30_2021_1,T1,pinn,0,45.64408055555533,5233.0,3.818400000000001,4.137544952668249,0.3191449526682488,0.3191449526682488,8.35808067955816,12,0,"T1_03_29_2021,T1_06_30_2021_2,T2_03_29_2021,T2_03_30_2021,T2_04_26_2021,T3_04_22_2021_2,T3_04_26_2021_2,T3_05_25_2021_1,T3_05_25_2021_2,T3_05_25_2021_3,T3_05_31_2021,T3_06_07_2021",
T1_06_30_2021_1,T1,elasticnet,0,45.64408055555533,5233.0,3.818400000000001,3.2853052905921163,-0.5330947094078842,0.5330947094078842,-13.961206510786823,12,1,"T1_03_29_2021,T1_07_01_2021,T2_03_29_2021,T2_03_30_2021,T2_04_26_2021,T3_04_22_2021_1,T3_04_22_2021_2,T3_04_26_2021_2,T3_05_25_2021_2,T3_05_25_2021_3,T3_05_31_2021,T3_06_07_2021",
T1_06_30_2021_1,T1,weak_mlp,0,45.64408055555533,5233.0,3.818400000000001,4.32106163362662,0.5026616336266194,0.5026616336266194,13.164195307631976,12,1,"T1_03_29_2021,T1_07_01_2021,T2_03_29_2021,T2_03_30_2021,T2_04_26_2021,T3_04_22_2021_1,T3_04_22_2021_2,T3_04_26_2021_2,T3_05_25_2021_2,T3_05_25_2021_3,T3_05_31_2021,T3_06_07_2021",
T1_06_30_2021_1,T1,pinn,0,45.64408055555533,5233.0,3.818400000000001,3.881169479239293,0.0627694792392921,0.0627694792392921,1.6438686161557745,12,1,"T1_03_29_2021,T1_07_01_2021,T2_03_29_2021,T2_03_30_2021,T2_04_26_2021,T3_04_22_2021_1,T3_04_22_2021_2,T3_04_26_2021_2,T3_05_25_2021_2,T3_05_25_2021_3,T3_05_31_2021,T3_06_07_2021",
T1_06_30_2021_1,T1,elasticnet,0,45.64408055555533,5233.0,3.818400000000001,3.741604166403509,-0.076795833596492,0.076795833596492,-2.011204525363817,12,2,"T1_03_29_2021,T1_06_30_2021_2,T1_07_01_2021,T2_03_29_2021,T2_03_30_2021,T2_04_26_2021,T3_04_22_2021_2,T3_04_26_2021_2,T3_05_25_2021_04,T3_05_25_2021_1,T3_05_25_2021_2,T3_05_31_2021",
T1_06_30_2021_1,T1,weak_mlp,0,45.64408055555533,5233.0,3.818400000000001,3.617539549801085,-0.2008604501989155,0.2008604501989155,-5.2603302482431245,12,2,"T1_03_29_2021,T1_06_30_2021_2,T1_07_01_2021,T2_03_29_2021,T2_03_30_2021,T2_04_26_2021,T3_04_22_2021_2,T3_04_26_2021_2,T3_05_25_2021_04,T3_05_25_2021_1,T3_05_25_2021_2,T3_05_31_2021",
T1_06_30_2021_1,T1,pinn,0,45.64408055555533,5233.0,3.818400000000001,3.943312577096125,0.1249125770961239,0.1249125770961239,3.271332943016025,12,2,"T1_03_29_2021,T1_06_30_2021_2,T1_07_01_2021,T2_03_29_2021,T2_03_30_2021,T2_04_26_2021,T3_04_22_2021_2,T3_04_26_2021_2,T3_05_25_2021_04,T3_05_25_2021_1,T3_05_25_2021_2,T3_05_31_2021",
T1_06_30_2021_1,T1,elasticnet,0,45.64408055555533,5233.0,3.818400000000001,3.7017428079096617,-0.1166571920903387,0.1166571920903387,-3.055132832870803,16,0,"T1_03_29_2021,T1_06_30_2021_2,T1_07_01_2021,T2_03_29_2021,T2_03_30_2021,T2_04_26_2021,T3_04_22_2021_1,T3_04_22_2021_2,T3_04_26_2021_1,T3_04_26_2021_2,T3_05_25_2021_04,T3_05_25_2021_1,T3_05_25_2021_2,T3_05_25_2021_3,T3_05_31_2021,T3_06_07_2021",
T1_06_30_2021_1,T1,weak_mlp,0,45.64408055555533,5233.0,3.818400000000001,3.3201336225536133,-0.4982663774463871,0.4982663774463871,-13.04908803285112,16,0,"T1_03_29_2021,T1_06_30_2021_2,T1_07_01_2021,T2_03_29_2021,T2_03_30_2021,T2_04_26_2021,T3_04_22_2021_1,T3_04_22_2021_2,T3_04_26_2021_1,T3_04_26_2021_2,T3_05_25_2021_04,T3_05_25_2021_1,T3_05_25_2021_2,T3_05_25_2021_3,T3_05_31_2021,T3_06_07_2021",True
T1_06_30_2021_1,T1,pinn,0,45.64408055555533,5233.0,3.818400000000001,4.222248281306691,0.4038482813066908,0.4038482813066908,10.576374431874363,16,0,"T1_03_29_2021,T1_06_30_2021_2,T1_07_01_2021,T2_03_29_2021,T2_03_30_2021,T2_04_26_2021,T3_04_22_2021_1,T3_04_22_2021_2,T3_04_26_2021_1,T3_04_26_2021_2,T3_05_25_2021_04,T3_05_25_2021_1,T3_05_25_2021_2,T3_05_25_2021_3,T3_05_31_2021,T3_06_07_2021",True
T1_06_30_2021_2,T1,physics,0,44.347602777777496,5902.0,3.6216,2.471605535958361,-1.1499944640416384,1.1499944640416384,-31.7537680594665,0,0,,
T1_06_30_2021_2,T1,elasticnet,0,44.347602777777496,5902.0,3.6216,3.7385609076510087,0.1169609076510092,0.1169609076510092,3.2295368801361057,3,0,"T1_07_01_2021,T2_04_26_2021,T3_05_25_2021_2",
T1_06_30_2021_2,T1,weak_mlp,0,44.347602777777496,5902.0,3.6216,2.747761204176479,-0.8738387958235205,0.8738387958235205,-24.128528711716385,3,0,"T1_07_01_2021,T2_04_26_2021,T3_05_25_2021_2",
T1_06_30_2021_2,T1,pinn,0,44.347602777777496,5902.0,3.6216,3.898395150477688,0.276795150477688,0.276795150477688,7.642896799140933,3,0,"T1_07_01_2021,T2_04_26_2021,T3_05_25_2021_2",
T1_06_30_2021_2,T1,elasticnet,0,44.347602777777496,5902.0,3.6216,3.7600996778452895,0.1384996778452909,0.1384996778452909,3.824267667475452,3,1,"T1_07_01_2021,T2_04_26_2021,T3_04_26_2021_1",
T1_06_30_2021_2,T1,weak_mlp,0,44.347602777777496,5902.0,3.6216,2.9669137745433387,-0.6546862254566608,0.6546862254566608,-18.077264895534043,3,1,"T1_07_01_2021,T2_04_26_2021,T3_04_26_2021_1",
T1_06_30_2021_2,T1,pinn,0,44.347602777777496,5902.0,3.6216,3.6867379498823234,0.0651379498823239,0.0651379498823239,1.798595921203996,3,1,"T1_07_01_2021,T2_04_26_2021,T3_04_26_2021_1",
T1_06_30_2021_2,T1,elasticnet,0,44.347602777777496,5902.0,3.6216,2.916673179668569,-0.7049268203314303,0.7049268203314303,-19.4645134838588,3,2,"T1_03_29_2021,T2_04_26_2021,T3_04_22_2021_1",
T1_06_30_2021_2,T1,weak_mlp,0,44.347602777777496,5902.0,3.6216,3.2174857029649946,-0.4041142970350049,0.4041142970350049,-11.15844646109468,3,2,"T1_03_29_2021,T2_04_26_2021,T3_04_22_2021_1",
T1_06_30_2021_2,T1,pinn,0,44.347602777777496,5902.0,3.6216,3.779489945727918,0.1578899457279186,0.1578899457279186,4.359673783077055,3,2,"T1_03_29_2021,T2_04_26_2021,T3_04_22_2021_1",
T1_06_30_2021_2,T1,elasticnet,0,44.347602777777496,5902.0,3.6216,3.210370139911928,-0.4112298600880715,0.4112298600880715,-11.354922136295324,5,0,"T1_07_01_2021,T2_03_30_2021,T3_04_22_2021_1,T3_05_31_2021,T3_06_07_2021",
T1_06_30_2021_2,T1,weak_mlp,0,44.347602777777496,5902.0,3.6216,2.569122283458709,-1.05247771654129,1.05247771654129,-29.06112537390353,5,0,"T1_07_01_2021,T2_03_30_2021,T3_04_22_2021_1,T3_05_31_2021,T3_06_07_2021",
T1_06_30_2021_2,T1,pinn,0,44.347602777777496,5902.0,3.6216,3.756567192168699,0.1349671921686996,0.1349671921686996,3.726728301543509,5,0,"T1_07_01_2021,T2_03_30_2021,T3_04_22_2021_1,T3_05_31_2021,T3_06_07_2021",
T1_06_30_2021_2,T1,elasticnet,0,44.347602777777496,5902.0,3.6216,3.674603380349823,0.0530033803498235,0.0530033803498235,1.4635349113602705,5,1,"T1_07_01_2021,T2_03_29_2021,T3_04_22_2021_1,T3_04_26_2021_1,T3_06_07_2021",
T1_06_30_2021_2,T1,weak_mlp,0,44.347602777777496,5902.0,3.6216,3.748412754005856,0.1268127540058565,0.1268127540058565,3.50156709757722,5,1,"T1_07_01_2021,T2_03_29_2021,T3_04_22_2021_1,T3_04_26_2021_1,T3_06_07_2021",
T1_06_30_2021_2,T1,pinn,0,44.347602777777496,5902.0,3.6216,4.026466881570716,0.4048668815707166,0.4048668815707166,11.17922690442668,5,1,"T1_07_01_2021,T2_03_29_2021,T3_04_22_2021_1,T3_04_26_2021_1,T3_06_07_2021",
T1_06_30_2021_2,T1,elasticnet,0,44.347602777777496,5902.0,3.6216,3.842043611388611,0.2204436113886116,0.2204436113886116,6.086912176623915,5,2,"T1_06_30_2021_1,T2_03_30_2021,T2_04_26_2021,T3_04_26_2021_2,T3_05_31_2021",
T1_06_30_2021_2,T1,weak_mlp,0,44.347602777777496,5902.0,3.6216,3.2403880686892403,-0.3812119313107591,0.3812119313107591,-10.52606393060413,5,2,"T1_06_30_2021_1,T2_03_30_2021,T2_04_26_2021,T3_04_26_2021_2,T3_05_31_2021",
T1_06_30_2021_2,T1,pinn,0,44.347602777777496,5902.0,3.6216,3.2760660452250807,-0.3455339547749188,0.3455339547749188,-9.540919891068004,5,2,"T1_06_30_2021_1,T2_03_30_2021,T2_04_26_2021,T3_04_26_2021_2,T3_05_31_2021",
T1_06_30_2021_2,T1,elasticnet,0,44.347602777777496,5902.0,3.6216,3.680768061504764,0.0591680615047645,0.0591680615047645,1.6337547356075908,8,0,"T1_06_30_2021_1,T1_07_01_2021,T2_03_30_2021,T2_04_26_2021,T3_04_22_2021_2,T3_05_25_2021_04,T3_05_25_2021_2,T3_05_25_2021_3",
T1_06_30_2021_2,T1,weak_mlp,0,44.347602777777496,5902.0,3.6216,3.63975439078278,0.0181543907827808,0.0181543907827808,0.5012809471719905,8,0,"T1_06_30_2021_1,T1_07_01_2021,T2_03_30_2021,T2_04_26_2021,T3_04_22_2021_2,T3_05_25_2021_04,T3_05_25_2021_2,T3_05_25_2021_3",
T1_06_30_2021_2,T1,pinn,0,44.347602777777496,5902.0,3.6216,3.9940322971012856,0.3724322971012861,0.3724322971012861,10.283639747660873,8,0,"T1_06_30_2021_1,T1_07_01_2021,T2_03_30_2021,T2_04_26_2021,T3_04_22_2021_2,T3_05_25_2021_04,T3_05_25_2021_2,T3_05_25_2021_3",
T1_06_30_2021_2,T1,elasticnet,0,44.347602777777496,5902.0,3.6216,35.09496199498703,31.47336199498703,31.47336199498703,869.0457807319151,8,1,"T1_06_30_2021_1,T2_03_30_2021,T2_04_26_2021,T3_04_22_2021_1,T3_04_22_2021_2,T3_05_25_2021_1,T3_05_25_2021_3,T3_05_31_2021",
T1_06_30_2021_2,T1,weak_mlp,0,44.347602777777496,5902.0,3.6216,2.165226704478264,-1.456373295521736,1.456373295521736,-40.21353256907821,8,1,"T1_06_30_2021_1,T2_03_30_2021,T2_04_26_2021,T3_04_22_2021_1,T3_04_22_2021_2,T3_05_25_2021_1,T3_05_25_2021_3,T3_05_31_2021",
T1_06_30_2021_2,T1,pinn,0,44.347602777777496,5902.0,3.6216,3.850726644732058,0.2291266447320583,0.2291266447320583,6.326669006297172,8,1,"T1_06_30_2021_1,T2_03_30_2021,T2_04_26_2021,T3_04_22_2021_1,T3_04_22_2021_2,T3_05_25_2021_1,T3_05_25_2021_3,T3_05_31_2021",
T1_06_30_2021_2,T1,elasticnet,0,44.347602777777496,5902.0,3.6216,3.617425965724124,-0.0041740342758758,0.0041740342758758,-0.1152538733122326,8,2,"T1_07_01_2021,T2_03_29_2021,T2_04_26_2021,T3_04_22_2021_2,T3_04_26_2021_1,T3_05_25_2021_04,T3_05_25_2021_1,T3_06_07_2021",
T1_06_30_2021_2,T1,weak_mlp,0,44.347602777777496,5902.0,3.6216,3.4417863914039404,-0.1798136085960591,0.1798136085960591,-4.965032267397259,8,2,"T1_07_01_2021,T2_03_29_2021,T2_04_26_2021,T3_04_22_2021_2,T3_04_26_2021_1,T3_05_25_2021_04,T3_05_25_2021_1,T3_06_07_2021",
T1_06_30_2021_2,T1,pinn,0,44.347602777777496,5902.0,3.6216,3.961476569159164,0.3398765691591641,0.3398765691591641,9.384707564589249,8,2,"T1_07_01_2021,T2_03_29_2021,T2_04_26_2021,T3_04_22_2021_2,T3_04_26_2021_1,T3_05_25_2021_04,T3_05_25_2021_1,T3_06_07_2021",
T1_06_30_2021_2,T1,elasticnet,0,44.347602777777496,5902.0,3.6216,3.611371433323088,-0.0102285666769117,0.0102285666769117,-0.2824322585849277,12,0,"T1_03_29_2021,T1_06_30_2021_1,T2_03_29_2021,T2_04_26_2021,T3_04_22_2021_1,T3_04_22_2021_2,T3_04_26_2021_1,T3_04_26_2021_2,T3_05_25_2021_04,T3_05_25_2021_1,T3_05_25_2021_3,T3_06_07_2021",
T1_06_30_2021_2,T1,weak_mlp,0,44.347602777777496,5902.0,3.6216,4.279385746849908,0.6577857468499082,0.6577857468499082,18.16284920614944,12,0,"T1_03_29_2021,T1_06_30_2021_1,T2_03_29_2021,T2_04_26_2021,T3_04_22_2021_1,T3_04_22_2021_2,T3_04_26_2021_1,T3_04_26_2021_2,T3_05_25_2021_04,T3_05_25_2021_1,T3_05_25_2021_3,T3_06_07_2021",
T1_06_30_2021_2,T1,pinn,0,44.347602777777496,5902.0,3.6216,3.364329626624369,-0.2572703733756305,0.2572703733756305,-7.103776600829208,12,0,"T1_03_29_2021,T1_06_30_2021_1,T2_03_29_2021,T2_04_26_2021,T3_04_22_2021_1,T3_04_22_2021_2,T3_04_26_2021_1,T3_04_26_2021_2,T3_05_25_2021_04,T3_05_25_2021_1,T3_05_25_2021_3,T3_06_07_2021",
T1_06_30_2021_2,T1,elasticnet,0,44.347602777777496,5902.0,3.6216,3.60153726350188,-0.0200627364981196,0.0200627364981196,-0.5539743897205552,12,1,"T1_03_29_2021,T1_07_01_2021,T2_03_29_2021,T2_03_30_2021,T2_04_26_2021,T3_04_22_2021_1,T3_04_22_2021_2,T3_04_26_2021_1,T3_05_25_2021_04,T3_05_25_2021_1,T3_05_25_2021_2,T3_05_25_2021_3",
T1_06_30_2021_2,T1,weak_mlp,0,44.347602777777496,5902.0,3.6216,3.585802826616499,-0.0357971733835005,0.0357971733835005,-0.9884353154268978,12,1,"T1_03_29_2021,T1_07_01_2021,T2_03_29_2021,T2_03_30_2021,T2_04_26_2021,T3_04_22_2021_1,T3_04_22_2021_2,T3_04_26_2021_1,T3_05_25_2021_04,T3_05_25_2021_1,T3_05_25_2021_2,T3_05_25_2021_3",
T1_06_30_2021_2,T1,pinn,0,44.347602777777496,5902.0,3.6216,4.02970820552359,0.4081082055235909,0.4081082055235909,11.268726682228602,12,1,"T1_03_29_2021,T1_07_01_2021,T2_03_29_2021,T2_03_30_2021,T2_04_26_2021,T3_04_22_2021_1,T3_04_22_2021_2,T3_04_26_2021_1,T3_05_25_2021_04,T3_05_25_2021_1,T3_05_25_2021_2,T3_05_25_2021_3",
T1_06_30_2021_2,T1,elasticnet,0,44.347602777777496,5902.0,3.6216,3.710339571186439,0.0887395711864393,0.0887395711864393,2.4502863702904625,12,2,"T1_06_30_2021_1,T1_07_01_2021,T2_03_29_2021,T2_03_30_2021,T2_04_26_2021,T3_04_22_2021_2,T3_04_26_2021_1,T3_04_26_2021_2,T3_05_25_2021_04,T3_05_25_2021_1,T3_05_25_2021_2,T3_05_25_2021_3",
T1_06_30_2021_2,T1,weak_mlp,0,44.347602777777496,5902.0,3.6216,4.206762065291405,0.5851620652914051,0.5851620652914051,16.157556474801336,12,2,"T1_06_30_2021_1,T1_07_01_2021,T2_03_29_2021,T2_03_30_2021,T2_04_26_2021,T3_04_22_2021_2,T3_04_26_2021_1,T3_04_26_2021_2,T3_05_25_2021_04,T3_05_25_2021_1,T3_05_25_2021_2,T3_05_25_2021_3",
T1_06_30_2021_2,T1,pinn,0,44.347602777777496,5902.0,3.6216,3.858492624110853,0.2368926241108533,0.2368926241108533,6.541104045473087,12,2,"T1_06_30_2021_1,T1_07_01_2021,T2_03_29_2021,T2_03_30_2021,T2_04_26_2021,T3_04_22_2021_2,T3_04_26_2021_1,T3_04_26_2021_2,T3_05_25_2021_04,T3_05_25_2021_1,T3_05_25_2021_2,T3_05_25_2021_3",
T1_06_30_2021_2,T1,elasticnet,0,44.347602777777496,5902.0,3.6216,3.613215892723852,-0.0083841072761479,0.0083841072761479,-0.2315028516718553,16,0,"T1_03_29_2021,T1_06_30_2021_1,T1_07_01_2021,T2_03_29_2021,T2_03_30_2021,T2_04_26_2021,T3_04_22_2021_1,T3_04_22_2021_2,T3_04_26_2021_1,T3_04_26_2021_2,T3_05_25_2021_04,T3_05_25_2021_1,T3_05_25_2021_2,T3_05_25_2021_3,T3_05_31_2021,T3_06_07_2021",
T1_06_30_2021_2,T1,weak_mlp,0,44.347602777777496,5902.0,3.6216,4.286465104354752,0.6648651043547527,0.6648651043547527,18.35832516994568,16,0,"T1_03_29_2021,T1_06_30_2021_1,T1_07_01_2021,T2_03_29_2021,T2_03_30_2021,T2_04_26_2021,T3_04_22_2021_1,T3_04_22_2021_2,T3_04_26_2021_1,T3_04_26_2021_2,T3_05_25_2021_04,T3_05_25_2021_1,T3_05_25_2021_2,T3_05_25_2021_3,T3_05_31_2021,T3_06_07_2021",True
T1_06_30_2021_2,T1,pinn,0,44.347602777777496,5902.0,3.6216,3.98865641521083,0.3670564152108304,0.3670564152108304,10.135200331644317,16,0,"T1_03_29_2021,T1_06_30_2021_1,T1_07_01_2021,T2_03_29_2021,T2_03_30_2021,T2_04_26_2021,T3_04_22_2021_1,T3_04_22_2021_2,T3_04_26_2021_1,T3_04_26_2021_2,T3_05_25_2021_04,T3_05_25_2021_1,T3_05_25_2021_2,T3_05_25_2021_3,T3_05_31_2021,T3_06_07_2021",True
T1_07_01_2021,T1,physics,0,37.8237152777776,4534.0,3.3528,2.2181726563141986,-1.1346273436858012,1.1346273436858012,-33.84118777397403,0,0,,
T1_07_01_2021,T1,elasticnet,0,37.8237152777776,4534.0,3.3528,3.8384036824620793,0.4856036824620795,0.4856036824620795,14.483526678062502,3,0,"T1_03_29_2021,T2_04_26_2021,T3_04_22_2021_1",
T1_07_01_2021,T1,weak_mlp,0,37.8237152777776,4534.0,3.3528,3.14577542119556,-0.20702457880444,0.20702457880444,-6.174677248999046,3,0,"T1_03_29_2021,T2_04_26_2021,T3_04_22_2021_1",
T1_07_01_2021,T1,pinn,0,37.8237152777776,4534.0,3.3528,3.1881133185264963,-0.1646866814735035,0.1646866814735035,-4.911914861414445,3,0,"T1_03_29_2021,T2_04_26_2021,T3_04_22_2021_1",
T1_07_01_2021,T1,elasticnet,0,37.8237152777776,4534.0,3.3528,3.1410021547770275,-0.2117978452229723,0.2117978452229723,-6.317043820775838,3,1,"T1_06_30_2021_2,T2_03_30_2021,T3_05_25_2021_3",
T1_07_01_2021,T1,weak_mlp,0,37.8237152777776,4534.0,3.3528,4.107454211380746,0.7546542113807466,0.7546542113807466,22.50817857852382,3,1,"T1_06_30_2021_2,T2_03_30_2021,T3_05_25_2021_3",
T1_07_01_2021,T1,pinn,0,37.8237152777776,4534.0,3.3528,3.717113955629368,0.3643139556293682,0.3643139556293682,10.865961453989748,3,1,"T1_06_30_2021_2,T2_03_30_2021,T3_05_25_2021_3",
T1_07_01_2021,T1,elasticnet,0,37.8237152777776,4534.0,3.3528,3.20142592072242,-0.1513740792775801,0.1513740792775801,-4.514855621497858,3,2,"T1_06_30_2021_1,T2_03_29_2021,T3_05_25_2021_1",
T1_07_01_2021,T1,weak_mlp,0,37.8237152777776,4534.0,3.3528,2.9505884080794123,-0.4022115919205875,0.4022115919205875,-11.996289427361832,3,2,"T1_06_30_2021_1,T2_03_29_2021,T3_05_25_2021_1",
T1_07_01_2021,T1,pinn,0,37.8237152777776,4534.0,3.3528,3.52352372524639,0.1707237252463902,0.1707237252463902,5.091974625578329,3,2,"T1_06_30_2021_1,T2_03_29_2021,T3_05_25_2021_1",
T1_07_01_2021,T1,elasticnet,0,37.8237152777776,4534.0,3.3528,3.354360263851575,0.0015602638515752,0.0015602638515752,0.0465361444635904,5,0,"T1_03_29_2021,T1_06_30_2021_1,T2_03_30_2021,T3_05_25_2021_04,T3_06_07_2021",
T1_07_01_2021,T1,weak_mlp,0,37.8237152777776,4534.0,3.3528,2.958729651470979,-0.3940703485290209,0.3940703485290209,-11.753470189961252,5,0,"T1_03_29_2021,T1_06_30_2021_1,T2_03_30_2021,T3_05_25_2021_04,T3_06_07_2021",
T1_07_01_2021,T1,pinn,0,37.8237152777776,4534.0,3.3528,3.0259068089909853,-0.3268931910090145,0.3268931910090145,-9.749856567913818,5,0,"T1_03_29_2021,T1_06_30_2021_1,T2_03_30_2021,T3_05_25_2021_04,T3_06_07_2021",
T1_07_01_2021,T1,elasticnet,0,37.8237152777776,4534.0,3.3528,3.491049528689998,0.138249528689998,0.138249528689998,4.123405174480974,5,1,"T1_03_29_2021,T1_06_30_2021_2,T2_03_30_2021,T3_05_25_2021_2,T3_06_07_2021",
T1_07_01_2021,T1,weak_mlp,0,37.8237152777776,4534.0,3.3528,3.3777938159969114,0.0249938159969116,0.0249938159969116,0.7454609877389538,5,1,"T1_03_29_2021,T1_06_30_2021_2,T2_03_30_2021,T3_05_25_2021_2,T3_06_07_2021",
T1_07_01_2021,T1,pinn,0,37.8237152777776,4534.0,3.3528,3.2078165830133685,-0.1449834169866313,0.1449834169866313,-4.324248896046031,5,1,"T1_03_29_2021,T1_06_30_2021_2,T2_03_30_2021,T3_05_25_2021_2,T3_06_07_2021",
T1_07_01_2021,T1,elasticnet,0,37.8237152777776,4534.0,3.3528,3.6493708551180193,0.2965708551180195,0.2965708551180195,8.845468119721414,5,2,"T1_03_29_2021,T2_03_29_2021,T3_04_22_2021_1,T3_05_25_2021_2,T3_05_25_2021_3",
T1_07_01_2021,T1,weak_mlp,0,37.8237152777776,4534.0,3.3528,4.280024303595225,0.9272243035952248,0.9272243035952248,27.655222607827035,5,2,"T1_03_29_2021,T2_03_29_2021,T3_04_22_2021_1,T3_05_25_2021_2,T3_05_25_2021_3",
T1_07_01_2021,T1,pinn,0,37.8237152777776,4534.0,3.3528,3.0829140469556053,-0.2698859530443944,0.2698859530443944,-8.049569107742617,5,2,"T1_03_29_2021,T2_03_29_2021,T3_04_22_2021_1,T3_05_25_2021_2,T3_05_25_2021_3",
T1_07_01_2021,T1,elasticnet,0,37.8237152777776,4534.0,3.3528,3.782085556409652,0.4292855564096518,0.4292855564096518,12.803792543833568,8,0,"T1_06_30_2021_1,T2_03_29_2021,T3_04_22_2021_1,T3_04_26_2021_1,T3_04_26_2021_2,T3_05_25_2021_1,T3_05_25_2021_3,T3_05_31_2021",
T1_07_01_2021,T1,weak_mlp,0,37.8237152777776,4534.0,3.3528,3.1158350579606164,-0.2369649420393833,0.2369649420393833,-7.067673050566195,8,0,"T1_06_30_2021_1,T2_03_29_2021,T3_04_22_2021_1,T3_04_26_2021_1,T3_04_26_2021_2,T3_05_25_2021_1,T3_05_25_2021_3,T3_05_31_2021",
T1_07_01_2021,T1,pinn,0,37.8237152777776,4534.0,3.3528,2.9686662527383305,-0.3841337472616692,0.3841337472616692,-11.457102936699751,8,0,"T1_06_30_2021_1,T2_03_29_2021,T3_04_22_2021_1,T3_04_26_2021_1,T3_04_26_2021_2,T3_05_25_2021_1,T3_05_25_2021_3,T3_05_31_2021",
T1_07_01_2021,T1,elasticnet,0,37.8237152777776,4534.0,3.3528,3.2652261829582767,-0.087573817041723,0.087573817041723,-2.611960660991502,8,1,"T1_03_29_2021,T1_06_30_2021_1,T1_06_30_2021_2,T2_03_30_2021,T2_04_26_2021,T3_04_22_2021_1,T3_04_22_2021_2,T3_05_25_2021_04",
T1_07_01_2021,T1,weak_mlp,0,37.8237152777776,4534.0,3.3528,3.4837214483155146,0.1309214483155147,0.1309214483155147,3.904839188603997,8,1,"T1_03_29_2021,T1_06_30_2021_1,T1_06_30_2021_2,T2_03_30_2021,T2_04_26_2021,T3_04_22_2021_1,T3_04_22_2021_2,T3_05_25_2021_04",
T1_07_01_2021,T1,pinn,0,37.8237152777776,4534.0,3.3528,2.8399020699579784,-0.5128979300420213,0.5128979300420213,-15.297599917741032,8,1,"T1_03_29_2021,T1_06_30_2021_1,T1_06_30_2021_2,T2_03_30_2021,T2_04_26_2021,T3_04_22_2021_1,T3_04_22_2021_2,T3_05_25_2021_04",
T1_07_01_2021,T1,elasticnet,0,37.8237152777776,4534.0,3.3528,3.244990889755139,-0.1078091102448608,0.1078091102448608,-3.215494817610977,8,2,"T1_03_29_2021,T1_06_30_2021_2,T2_03_29_2021,T2_04_26_2021,T3_04_26_2021_1,T3_05_25_2021_04,T3_05_25_2021_1,T3_05_25_2021_3",
T1_07_01_2021,T1,weak_mlp,0,37.8237152777776,4534.0,3.3528,3.364383950697051,0.0115839506970512,0.0115839506970512,0.3455007962613697,8,2,"T1_03_29_2021,T1_06_30_2021_2,T2_03_29_2021,T2_04_26_2021,T3_04_26_2021_1,T3_05_25_2021_04,T3_05_25_2021_1,T3_05_25_2021_3",
T1_07_01_2021,T1,pinn,0,37.8237152777776,4534.0,3.3528,2.952765875666195,-0.4000341243338048,0.4000341243338048,-11.931344677099885,8,2,"T1_03_29_2021,T1_06_30_2021_2,T2_03_29_2021,T2_04_26_2021,T3_04_26_2021_1,T3_05_25_2021_04,T3_05_25_2021_1,T3_05_25_2021_3",
T1_07_01_2021,T1,elasticnet,0,37.8237152777776,4534.0,3.3528,3.170740945227811,-0.1820590547721887,0.1820590547721887,-5.430060092227057,12,0,"T1_03_29_2021,T1_06_30_2021_1,T1_06_30_2021_2,T2_03_29_2021,T2_03_30_2021,T2_04_26_2021,T3_04_22_2021_1,T3_04_26_2021_1,T3_04_26_2021_2,T3_05_25_2021_04,T3_05_25_2021_1,T3_05_25_2021_3",
T1_07_01_2021,T1,weak_mlp,0,37.8237152777776,4534.0,3.3528,3.356103765600257,0.0033037656002572,0.0033037656002572,0.0985375089554177,12,0,"T1_03_29_2021,T1_06_30_2021_1,T1_06_30_2021_2,T2_03_29_2021,T2_03_30_2021,T2_04_26_2021,T3_04_22_2021_1,T3_04_26_2021_1,T3_04_26_2021_2,T3_05_25_2021_04,T3_05_25_2021_1,T3_05_25_2021_3",
T1_07_01_2021,T1,pinn,0,37.8237152777776,4534.0,3.3528,2.9560531705410944,-0.3967468294589054,0.3967468294589054,-11.833298420988587,12,0,"T1_03_29_2021,T1_06_30_2021_1,T1_06_30_2021_2,T2_03_29_2021,T2_03_30_2021,T2_04_26_2021,T3_04_22_2021_1,T3_04_26_2021_1,T3_04_26_2021_2,T3_05_25_2021_04,T3_05_25_2021_1,T3_05_25_2021_3",
T1_07_01_2021,T1,elasticnet,0,37.8237152777776,4534.0,3.3528,3.233853142175784,-0.1189468578242158,0.1189468578242158,-3.547687241237649,12,1,"T1_03_29_2021,T1_06_30_2021_1,T1_06_30_2021_2,T2_03_29_2021,T2_03_30_2021,T2_04_26_2021,T3_04_22_2021_1,T3_04_26_2021_2,T3_05_25_2021_2,T3_05_25_2021_3,T3_05_31_2021,T3_06_07_2021",
T1_07_01_2021,T1,weak_mlp,0,37.8237152777776,4534.0,3.3528,3.830468467407756,0.4776684674077565,0.4776684674077565,14.246852404192213,12,1,"T1_03_29_2021,T1_06_30_2021_1,T1_06_30_2021_2,T2_03_29_2021,T2_03_30_2021,T2_04_26_2021,T3_04_22_2021_1,T3_04_26_2021_2,T3_05_25_2021_2,T3_05_25_2021_3,T3_05_31_2021,T3_06_07_2021",
T1_07_01_2021,T1,pinn,0,37.8237152777776,4534.0,3.3528,3.139789394564513,-0.2130106054354867,0.2130106054354867,-6.353215385214949,12,1,"T1_03_29_2021,T1_06_30_2021_1,T1_06_30_2021_2,T2_03_29_2021,T2_03_30_2021,T2_04_26_2021,T3_04_22_2021_1,T3_04_26_2021_2,T3_05_25_2021_2,T3_05_25_2021_3,T3_05_31_2021,T3_06_07_2021",
T1_07_01_2021,T1,elasticnet,0,37.8237152777776,4534.0,3.3528,3.217796825611722,-0.1350031743882778,0.1350031743882778,-4.026580004422507,12,2,"T1_03_29_2021,T1_06_30_2021_1,T1_06_30_2021_2,T2_03_29_2021,T2_03_30_2021,T3_04_22_2021_2,T3_04_26_2021_2,T3_05_25_2021_04,T3_05_25_2021_1,T3_05_25_2021_2,T3_05_25_2021_3,T3_05_31_2021",
T1_07_01_2021,T1,weak_mlp,0,37.8237152777776,4534.0,3.3528,3.656345431771544,0.3035454317715436,0.3035454317715436,9.053490568227858,12,2,"T1_03_29_2021,T1_06_30_2021_1,T1_06_30_2021_2,T2_03_29_2021,T2_03_30_2021,T3_04_22_2021_2,T3_04_26_2021_2,T3_05_25_2021_04,T3_05_25_2021_1,T3_05_25_2021_2,T3_05_25_2021_3,T3_05_31_2021",
T1_07_01_2021,T1,pinn,0,37.8237152777776,4534.0,3.3528,3.4902451525959703,0.1374451525959705,0.1374451525959705,4.099414000118426,12,2,"T1_03_29_2021,T1_06_30_2021_1,T1_06_30_2021_2,T2_03_29_2021,T2_03_30_2021,T3_04_22_2021_2,T3_04_26_2021_2,T3_05_25_2021_04,T3_05_25_2021_1,T3_05_25_2021_2,T3_05_25_2021_3,T3_05_31_2021",
T1_07_01_2021,T1,elasticnet,0,37.8237152777776,4534.0,3.3528,3.1929756416640056,-0.1598243583359941,0.1598243583359941,-4.766892100214572,16,0,"T1_03_29_2021,T1_06_30_2021_1,T1_06_30_2021_2,T2_03_29_2021,T2_03_30_2021,T2_04_26_2021,T3_04_22_2021_1,T3_04_22_2021_2,T3_04_26_2021_1,T3_04_26_2021_2,T3_05_25_2021_04,T3_05_25_2021_1,T3_05_25_2021_2,T3_05_25_2021_3,T3_05_31_2021,T3_06_07_2021",
T1_07_01_2021,T1,weak_mlp,0,37.8237152777776,4534.0,3.3528,3.140505189696948,-0.2122948103030517,0.2122948103030517,-6.331866210422684,16,0,"T1_03_29_2021,T1_06_30_2021_1,T1_06_30_2021_2,T2_03_29_2021,T2_03_30_2021,T2_04_26_2021,T3_04_22_2021_1,T3_04_22_2021_2,T3_04_26_2021_1,T3_04_26_2021_2,T3_05_25_2021_04,T3_05_25_2021_1,T3_05_25_2021_2,T3_05_25_2021_3,T3_05_31_2021,T3_06_07_2021",True
T1_07_01_2021,T1,pinn,0,37.8237152777776,4534.0,3.3528,2.815318581268916,-0.5374814187310837,0.5374814187310837,-16.030822558192664,16,0,"T1_03_29_2021,T1_06_30_2021_1,T1_06_30_2021_2,T2_03_29_2021,T2_03_30_2021,T2_04_26_2021,T3_04_22_2021_1,T3_04_22_2021_2,T3_04_26_2021_1,T3_04_26_2021_2,T3_05_25_2021_04,T3_05_25_2021_1,T3_05_25_2021_2,T3_05_25_2021_3,T3_05_31_2021,T3_06_07_2021",True
T2_03_29_2021,T2,physics,0,59.56506111111094,8577.0,4.734,3.627542711947633,-1.1064572880523666,1.1064572880523666,-23.372566287544718,0,0,,
T2_03_29_2021,T2,elasticnet,0,59.56506111111094,8577.0,4.734,4.94716259650084,0.2131625965008403,0.2131625965008403,4.502800940026201,3,0,"T1_06_30_2021_1,T2_04_26_2021,T3_04_26_2021_1",
T2_03_29_2021,T2,weak_mlp,0,59.56506111111094,8577.0,4.734,7.484909953905477,2.7509099539054773,2.7509099539054773,58.109631472443546,3,0,"T1_06_30_2021_1,T2_04_26_2021,T3_04_26_2021_1",
T2_03_29_2021,T2,pinn,0,59.56506111111094,8577.0,4.734,5.865373767767515,1.1313737677675153,1.1313737677675153,23.89889665753095,3,0,"T1_06_30_2021_1,T2_04_26_2021,T3_04_26_2021_1",
T2_03_29_2021,T2,elasticnet,0,59.56506111111094,8577.0,4.734,3.5607213643581104,-1.1732786356418896,1.1732786356418896,-24.78408609298457,3,1,"T1_03_29_2021,T2_04_26_2021,T3_06_07_2021",
T2_03_29_2021,T2,weak_mlp,0,59.56506111111094,8577.0,4.734,6.349565863278178,1.615565863278178,1.615565863278178,34.12686656692391,3,1,"T1_03_29_2021,T2_04_26_2021,T3_06_07_2021",
T2_03_29_2021,T2,pinn,0,59.56506111111094,8577.0,4.734,4.945730287776742,0.2117302877767422,0.2117302877767422,4.472545157937097,3,1,"T1_03_29_2021,T2_04_26_2021,T3_06_07_2021",
T2_03_29_2021,T2,elasticnet,0,59.56506111111094,8577.0,4.734,4.449339980619578,-0.2846600193804223,0.2846600193804223,-6.013097156324932,3,2,"T1_06_30_2021_2,T2_04_26_2021,T3_05_31_2021",
T2_03_29_2021,T2,weak_mlp,0,59.56506111111094,8577.0,4.734,7.17327485518323,2.43927485518323,2.43927485518323,51.52671852943029,3,2,"T1_06_30_2021_2,T2_04_26_2021,T3_05_31_2021",
T2_03_29_2021,T2,pinn,0,59.56506111111094,8577.0,4.734,5.361704559160604,0.6277045591606036,0.6277045591606036,13.259496391225255,3,2,"T1_06_30_2021_2,T2_04_26_2021,T3_05_31_2021",
T2_03_29_2021,T2,elasticnet,0,59.56506111111094,8577.0,4.734,5.0995412690840425,0.3655412690840425,0.3655412690840425,7.7216153165196975,5,0,"T1_03_29_2021,T1_07_01_2021,T2_03_30_2021,T3_04_22_2021_1,T3_05_25_2021_04",
T2_03_29_2021,T2,weak_mlp,0,59.56506111111094,8577.0,4.734,6.594178687135378,1.8601786871353785,1.8601786871353785,39.29401535985168,5,0,"T1_03_29_2021,T1_07_01_2021,T2_03_30_2021,T3_04_22_2021_1,T3_05_25_2021_04",
T2_03_29_2021,T2,pinn,0,59.56506111111094,8577.0,4.734,4.419909490319745,-0.3140905096802546,0.3140905096802546,-6.6347805171156455,5,0,"T1_03_29_2021,T1_07_01_2021,T2_03_30_2021,T3_04_22_2021_1,T3_05_25_2021_04",
T2_03_29_2021,T2,elasticnet,0,59.56506111111094,8577.0,4.734,4.334165939658107,-0.3998340603418926,0.3998340603418926,-8.446008879211925,5,1,"T1_06_30_2021_1,T2_03_30_2021,T2_04_26_2021,T3_04_22_2021_2,T3_04_26_2021_1",
T2_03_29_2021,T2,weak_mlp,0,59.56506111111094,8577.0,4.734,4.138013752069738,-0.595986247930262,0.595986247930262,-12.58948559210524,5,1,"T1_06_30_2021_1,T2_03_30_2021,T2_04_26_2021,T3_04_22_2021_2,T3_04_26_2021_1",
T2_03_29_2021,T2,pinn,0,59.56506111111094,8577.0,4.734,3.024026082092896,-1.7099739179071038,1.7099739179071038,-36.12112205126962,5,1,"T1_06_30_2021_1,T2_03_30_2021,T2_04_26_2021,T3_04_22_2021_2,T3_04_26_2021_1",
T2_03_29_2021,T2,elasticnet,0,59.56506111111094,8577.0,4.734,4.685521946334066,-0.0484780536659341,0.0484780536659341,-1.024040001392779,5,2,"T1_03_29_2021,T2_04_26_2021,T3_04_22_2021_2,T3_04_26_2021_1,T3_05_25_2021_1",
T2_03_29_2021,T2,weak_mlp,0,59.56506111111094,8577.0,4.734,5.041193464232816,0.3071934642328155,0.3071934642328155,6.489088809311694,5,2,"T1_03_29_2021,T2_04_26_2021,T3_04_22_2021_2,T3_04_26_2021_1,T3_05_25_2021_1",
T2_03_29_2021,T2,pinn,0,59.56506111111094,8577.0,4.734,4.436808620339466,-0.2971913796605339,0.2971913796605339,-6.277806921430796,5,2,"T1_03_29_2021,T2_04_26_2021,T3_04_22_2021_2,T3_04_26_2021_1,T3_05_25_2021_1",
T2_03_29_2021,T2,elasticnet,0,59.56506111111094,8577.0,4.734,3.381469225776613,-1.3525307742233863,1.3525307742233863,-28.570569797705677,8,0,"T1_03_29_2021,T1_06_30_2021_1,T2_03_30_2021,T3_04_22_2021_2,T3_04_26_2021_2,T3_05_25_2021_1,T3_05_25_2021_2,T3_05_25_2021_3",
T2_03_29_2021,T2,weak_mlp,0,59.56506111111094,8577.0,4.734,3.824192875557475,-0.9098071244425244,0.9098071244425244,-19.218570436048257,8,0,"T1_03_29_2021,T1_06_30_2021_1,T2_03_30_2021,T3_04_22_2021_2,T3_04_26_2021_2,T3_05_25_2021_1,T3_05_25_2021_2,T3_05_25_2021_3",
T2_03_29_2021,T2,pinn,0,59.56506111111094,8577.0,4.734,3.825070825427279,-0.9089291745727208,0.9089291745727208,-19.200024811422068,8,0,"T1_03_29_2021,T1_06_30_2021_1,T2_03_30_2021,T3_04_22_2021_2,T3_04_26_2021_2,T3_05_25_2021_1,T3_05_25_2021_2,T3_05_25_2021_3",
T2_03_29_2021,T2,elasticnet,0,59.56506111111094,8577.0,4.734,4.155672425669222,-0.5783275743307783,0.5783275743307783,-12.216467560852942,8,1,"T1_03_29_2021,T1_06_30_2021_1,T1_06_30_2021_2,T2_04_26_2021,T3_04_22_2021_1,T3_05_25_2021_2,T3_05_31_2021,T3_06_07_2021",
T2_03_29_2021,T2,weak_mlp,0,59.56506111111094,8577.0,4.734,5.374715008702543,0.6407150087025428,0.6407150087025428,13.534326335076951,8,1,"T1_03_29_2021,T1_06_30_2021_1,T1_06_30_2021_2,T2_04_26_2021,T3_04_22_2021_1,T3_05_25_2021_2,T3_05_31_2021,T3_06_07_2021",
T2_03_29_2021,T2,pinn,0,59.56506111111094,8577.0,4.734,5.461679012402891,0.7276790124028913,0.7276790124028913,15.37133528523218,8,1,"T1_03_29_2021,T1_06_30_2021_1,T1_06_30_2021_2,T2_04_26_2021,T3_04_22_2021_1,T3_05_25_2021_2,T3_05_31_2021,T3_06_07_2021",
T2_03_29_2021,T2,elasticnet,0,59.56506111111094,8577.0,4.734,4.735175479131337,0.0011754791313371,0.0011754791313371,0.024830568891787,8,2,"T1_03_29_2021,T1_06_30_2021_1,T2_03_30_2021,T2_04_26_2021,T3_04_22_2021_1,T3_04_22_2021_2,T3_05_25_2021_04,T3_05_25_2021_1",
T2_03_29_2021,T2,weak_mlp,0,59.56506111111094,8577.0,4.734,4.590464103221894,-0.1435358967781059,0.1435358967781059,-3.032021478202492,8,2,"T1_03_29_2021,T1_06_30_2021_1,T2_03_30_2021,T2_04_26_2021,T3_04_22_2021_1,T3_04_22_2021_2,T3_05_25_2021_04,T3_05_25_2021_1",
T2_03_29_2021,T2,pinn,0,59.56506111111094,8577.0,4.734,2.715935433624675,-2.018064566375325,2.018064566375325,-42.62916278781845,8,2,"T1_03_29_2021,T1_06_30_2021_1,T2_03_30_2021,T2_04_26_2021,T3_04_22_2021_1,T3_04_22_2021_2,T3_05_25_2021_04,T3_05_25_2021_1",
T2_03_29_2021,T2,elasticnet,0,59.56506111111094,8577.0,4.734,4.364072338912054,-0.3699276610879458,0.3699276610879458,-7.814272519812967,12,0,"T1_03_29_2021,T1_06_30_2021_1,T1_06_30_2021_2,T2_03_30_2021,T2_04_26_2021,T3_04_22_2021_1,T3_04_22_2021_2,T3_04_26_2021_1,T3_05_25_2021_1,T3_05_25_2021_2,T3_05_25_2021_3,T3_05_31_2021",
T2_03_29_2021,T2,weak_mlp,0,59.56506111111094,8577.0,4.734,6.959107869366804,2.225107869366804,2.225107869366804,47.00270108506134,12,0,"T1_03_29_2021,T1_06_30_2021_1,T1_06_30_2021_2,T2_03_30_2021,T2_04_26_2021,T3_04_22_2021_1,T3_04_22_2021_2,T3_04_26_2021_1,T3_05_25_2021_1,T3_05_25_2021_2,T3_05_25_2021_3,T3_05_31_2021",
T2_03_29_2021,T2,pinn,0,59.56506111111094,8577.0,4.734,5.251448015850038,0.5174480158500376,0.5174480158500376,10.930460833334129,12,0,"T1_03_29_2021,T1_06_30_2021_1,T1_06_30_2021_2,T2_03_30_2021,T2_04_26_2021,T3_04_22_2021_1,T3_04_22_2021_2,T3_04_26_2021_1,T3_05_25_2021_1,T3_05_25_2021_2,T3_05_25_2021_3,T3_05_31_2021",
T2_03_29_2021,T2,elasticnet,0,59.56506111111094,8577.0,4.734,4.689406601855094,-0.0445933981449062,0.0445933981449062,-0.9419813718822616,12,1,"T1_03_29_2021,T1_06_30_2021_1,T2_03_30_2021,T2_04_26_2021,T3_04_22_2021_1,T3_04_22_2021_2,T3_04_26_2021_1,T3_05_25_2021_04,T3_05_25_2021_1,T3_05_25_2021_2,T3_05_25_2021_3,T3_06_07_2021",
T2_03_29_2021,T2,weak_mlp,0,59.56506111111094,8577.0,4.734,4.50368920614322,-0.2303107938567796,0.2303107938567796,-4.865035780667082,12,1,"T1_03_29_2021,T1_06_30_2021_1,T2_03_30_2021,T2_04_26_2021,T3_04_22_2021_1,T3_04_22_2021_2,T3_04_26_2021_1,T3_05_25_2021_04,T3_05_25_2021_1,T3_05_25_2021_2,T3_05_25_2021_3,T3_06_07_2021",
T2_03_29_2021,T2,pinn,0,59.56506111111094,8577.0,4.734,4.485418045398546,-0.2485819546014536,0.2485819546014536,-5.250991858923819,12,1,"T1_03_29_2021,T1_06_30_2021_1,T2_03_30_2021,T2_04_26_2021,T3_04_22_2021_1,T3_04_22_2021_2,T3_04_26_2021_1,T3_05_25_2021_04,T3_05_25_2021_1,T3_05_25_2021_2,T3_05_25_2021_3,T3_06_07_2021",
T2_03_29_2021,T2,elasticnet,0,59.56506111111094,8577.0,4.734,4.5918021175918335,-0.1421978824081664,0.1421978824081664,-3.0037575498134017,12,2,"T1_03_29_2021,T1_06_30_2021_1,T1_06_30_2021_2,T1_07_01_2021,T2_03_30_2021,T2_04_26_2021,T3_04_22_2021_2,T3_04_26_2021_1,T3_04_26_2021_2,T3_05_25_2021_2,T3_05_25_2021_3,T3_06_07_2021",
T2_03_29_2021,T2,weak_mlp,0,59.56506111111094,8577.0,4.734,5.096114091608259,0.3621140916082588,0.3621140916082588,7.649220355054052,12,2,"T1_03_29_2021,T1_06_30_2021_1,T1_06_30_2021_2,T1_07_01_2021,T2_03_30_2021,T2_04_26_2021,T3_04_22_2021_2,T3_04_26_2021_1,T3_04_26_2021_2,T3_05_25_2021_2,T3_05_25_2021_3,T3_06_07_2021",
T2_03_29_2021,T2,pinn,0,59.56506111111094,8577.0,4.734,3.856317725926767,-0.8776822740732331,0.8776822740732331,-18.539971991407544,12,2,"T1_03_29_2021,T1_06_30_2021_1,T1_06_30_2021_2,T1_07_01_2021,T2_03_30_2021,T2_04_26_2021,T3_04_22_2021_2,T3_04_26_2021_1,T3_04_26_2021_2,T3_05_25_2021_2,T3_05_25_2021_3,T3_06_07_2021",
T2_03_29_2021,T2,elasticnet,0,59.56506111111094,8577.0,4.734,4.645060413486842,-0.0889395865131579,0.0889395865131579,-1.878740737498055,16,0,"T1_03_29_2021,T1_06_30_2021_1,T1_06_30_2021_2,T1_07_01_2021,T2_03_30_2021,T2_04_26_2021,T3_04_22_2021_1,T3_04_22_2021_2,T3_04_26_2021_1,T3_04_26_2021_2,T3_05_25_2021_04,T3_05_25_2021_1,T3_05_25_2021_2,T3_05_25_2021_3,T3_05_31_2021,T3_06_07_2021",
T2_03_29_2021,T2,weak_mlp,0,59.56506111111094,8577.0,4.734,6.280032197899288,1.5460321978992884,1.5460321978992884,32.65805234261276,16,0,"T1_03_29_2021,T1_06_30_2021_1,T1_06_30_2021_2,T1_07_01_2021,T2_03_30_2021,T2_04_26_2021,T3_04_22_2021_1,T3_04_22_2021_2,T3_04_26_2021_1,T3_04_26_2021_2,T3_05_25_2021_04,T3_05_25_2021_1,T3_05_25_2021_2,T3_05_25_2021_3,T3_05_31_2021,T3_06_07_2021",True
T2_03_29_2021,T2,pinn,0,59.56506111111094,8577.0,4.734,4.181733131084021,-0.5522668689159786,0.5522668689159786,-11.665966812758317,16,0,"T1_03_29_2021,T1_06_30_2021_1,T1_06_30_2021_2,T1_07_01_2021,T2_03_30_2021,T2_04_26_2021,T3_04_22_2021_1,T3_04_22_2021_2,T3_04_26_2021_1,T3_04_26_2021_2,T3_05_25_2021_04,T3_05_25_2021_1,T3_05_25_2021_2,T3_05_25_2021_3,T3_05_31_2021,T3_06_07_2021",True
T2_03_30_2021,T2,physics,0,53.31752638888871,6923.0,4.2384,3.237291999386653,-1.0011080006133477,1.0011080006133477,-23.619950939348517,0,0,,
T2_03_30_2021,T2,elasticnet,0,53.31752638888871,6923.0,4.2384,4.433219389643751,0.1948193896437509,0.1948193896437509,4.596531465735912,3,0,"T1_07_01_2021,T2_03_29_2021,T3_04_22_2021_1",
T2_03_30_2021,T2,weak_mlp,0,53.31752638888871,6923.0,4.2384,4.307268374098672,0.0688683740986713,0.0688683740986713,1.6248672635586847,3,0,"T1_07_01_2021,T2_03_29_2021,T3_04_22_2021_1",
T2_03_30_2021,T2,pinn,0,53.31752638888871,6923.0,4.2384,4.486005875875966,0.2476058758759656,0.2476058758759656,5.841965738862911,3,0,"T1_07_01_2021,T2_03_29_2021,T3_04_22_2021_1",
T2_03_30_2021,T2,elasticnet,0,53.31752638888871,6923.0,4.2384,4.460558063202226,0.2221580632022259,0.2221580632022259,5.241554907564788,3,1,"T1_03_29_2021,T2_03_29_2021,T3_05_25_2021_3",
T2_03_30_2021,T2,weak_mlp,0,53.31752638888871,6923.0,4.2384,3.216136569778125,-1.0222634302218756,1.0222634302218756,-24.11908810451764,3,1,"T1_03_29_2021,T2_03_29_2021,T3_05_25_2021_3",
T2_03_30_2021,T2,pinn,0,53.31752638888871,6923.0,4.2384,3.8901620948076654,-0.3482379051923341,0.3482379051923341,-8.216258616278173,3,1,"T1_03_29_2021,T2_03_29_2021,T3_05_25_2021_3",
T2_03_30_2021,T2,elasticnet,0,53.31752638888871,6923.0,4.2384,4.364802783659426,0.1264027836594259,0.1264027836594259,2.982323132772412,3,2,"T1_07_01_2021,T2_04_26_2021,T3_04_26_2021_2",
T2_03_30_2021,T2,weak_mlp,0,53.31752638888871,6923.0,4.2384,5.693105202449693,1.4547052024496925,1.4547052024496925,34.322036675389114,3,2,"T1_07_01_2021,T2_04_26_2021,T3_04_26_2021_2",
T2_03_30_2021,T2,pinn,0,53.31752638888871,6923.0,4.2384,4.756740892595715,0.5183408925957149,0.5183408925957149,12.22963600877017,3,2,"T1_07_01_2021,T2_04_26_2021,T3_04_26_2021_2",
T2_03_30_2021,T2,elasticnet,0,53.31752638888871,6923.0,4.2384,4.057250065374694,-0.1811499346253064,0.1811499346253064,-4.274016955108213,5,0,"T1_03_29_2021,T2_03_29_2021,T3_04_26_2021_1,T3_05_25_2021_2,T3_05_31_2021",
T2_03_30_2021,T2,weak_mlp,0,53.31752638888871,6923.0,4.2384,8.135747568408648,3.897347568408648,3.897347568408648,91.95327407532672,5,0,"T1_03_29_2021,T2_03_29_2021,T3_04_26_2021_1,T3_05_25_2021_2,T3_05_31_2021",
T2_03_30_2021,T2,pinn,0,53.31752638888871,6923.0,4.2384,4.602711273237753,0.3643112732377522,0.3643112732377522,8.595490591679697,5,0,"T1_03_29_2021,T2_03_29_2021,T3_04_26_2021_1,T3_05_25_2021_2,T3_05_31_2021",
T2_03_30_2021,T2,elasticnet,0,53.31752638888871,6923.0,4.2384,4.600357589216641,0.3619575892166402,0.3619575892166402,8.539958220475656,5,1,"T1_06_30_2021_1,T2_03_29_2021,T2_04_26_2021,T3_04_22_2021_2,T3_06_07_2021",
T2_03_30_2021,T2,weak_mlp,0,53.31752638888871,6923.0,4.2384,7.424089276658164,3.185689276658164,3.185689276658164,75.16254427751424,5,1,"T1_06_30_2021_1,T2_03_29_2021,T2_04_26_2021,T3_04_22_2021_2,T3_06_07_2021",
T2_03_30_2021,T2,pinn,0,53.31752638888871,6923.0,4.2384,4.813933952316228,0.5755339523162277,0.5755339523162277,13.579038135056337,5,1,"T1_06_30_2021_1,T2_03_29_2021,T2_04_26_2021,T3_04_22_2021_2,T3_06_07_2021",
T2_03_30_2021,T2,elasticnet,0,53.31752638888871,6923.0,4.2384,3.94496410685793,-0.2934358931420702,0.2934358931420702,-6.923270411996748,5,2,"T1_06_30_2021_2,T1_07_01_2021,T2_04_26_2021,T3_04_26_2021_1,T3_05_31_2021",
T2_03_30_2021,T2,weak_mlp,0,53.31752638888871,6923.0,4.2384,3.2341275715827944,-1.004272428417206,1.004272428417206,-23.694611844498063,5,2,"T1_06_30_2021_2,T1_07_01_2021,T2_04_26_2021,T3_04_26_2021_1,T3_05_31_2021",
T2_03_30_2021,T2,pinn,0,53.31752638888871,6923.0,4.2384,5.896753265605205,1.6583532656052045,1.6583532656052045,39.12687017754824,5,2,"T1_06_30_2021_2,T1_07_01_2021,T2_04_26_2021,T3_04_26_2021_1,T3_05_31_2021",
T2_03_30_2021,T2,elasticnet,0,53.31752638888871,6923.0,4.2384,4.398410232666143,0.1600102326661421,0.1600102326661421,3.775250865093953,8,0,"T1_03_29_2021,T1_06_30_2021_1,T1_06_30_2021_2,T1_07_01_2021,T2_04_26_2021,T3_04_22_2021_1,T3_04_26_2021_2,T3_06_07_2021",
T2_03_30_2021,T2,weak_mlp,0,53.31752638888871,6923.0,4.2384,5.443589919077025,1.205189919077025,1.205189919077025,28.435020740775407,8,0,"T1_03_29_2021,T1_06_30_2021_1,T1_06_30_2021_2,T1_07_01_2021,T2_04_26_2021,T3_04_22_2021_1,T3_04_26_2021_2,T3_06_07_2021",
T2_03_30_2021,T2,pinn,0,53.31752638888871,6923.0,4.2384,4.996467832633191,0.7580678326331904,0.7580678326331904,17.88570764045844,8,0,"T1_03_29_2021,T1_06_30_2021_1,T1_06_30_2021_2,T1_07_01_2021,T2_04_26_2021,T3_04_22_2021_1,T3_04_26_2021_2,T3_06_07_2021",
T2_03_30_2021,T2,elasticnet,0,53.31752638888871,6923.0,4.2384,4.528558696506898,0.2901586965068974,0.2901586965068974,6.845948860581761,8,1,"T1_03_29_2021,T1_07_01_2021,T2_03_29_2021,T2_04_26_2021,T3_04_22_2021_1,T3_04_26_2021_1,T3_05_25_2021_2,T3_06_07_2021",
T2_03_30_2021,T2,weak_mlp,0,53.31752638888871,6923.0,4.2384,4.886805670923657,0.6484056709236565,0.6484056709236565,15.298359544253882,8,1,"T1_03_29_2021,T1_07_01_2021,T2_03_29_2021,T2_04_26_2021,T3_04_22_2021_1,T3_04_26_2021_1,T3_05_25_2021_2,T3_06_07_2021",
T2_03_30_2021,T2,pinn,0,53.31752638888871,6923.0,4.2384,4.7881950396195885,0.5497950396195881,0.5497950396195881,12.97175914542252,8,1,"T1_03_29_2021,T1_07_01_2021,T2_03_29_2021,T2_04_26_2021,T3_04_22_2021_1,T3_04_26_2021_1,T3_05_25_2021_2,T3_06_07_2021",
T2_03_30_2021,T2,elasticnet,0,53.31752638888871,6923.0,4.2384,3.4284579050213004,-0.8099420949787,0.8099420949787,-19.109619077451395,8,2,"T1_07_01_2021,T2_03_29_2021,T3_04_22_2021_1,T3_04_22_2021_2,T3_04_26_2021_1,T3_05_25_2021_04,T3_05_25_2021_2,T3_05_31_2021",
T2_03_30_2021,T2,weak_mlp,0,53.31752638888871,6923.0,4.2384,4.376949148111873,0.1385491481118723,0.1385491481118723,3.2689021355198267,8,2,"T1_07_01_2021,T2_03_29_2021,T3_04_22_2021_1,T3_04_22_2021_2,T3_04_26_2021_1,T3_05_25_2021_04,T3_05_25_2021_2,T3_05_31_2021",
T2_03_30_2021,T2,pinn,0,53.31752638888871,6923.0,4.2384,4.708465122655034,0.4700651226550336,0.4700651226550336,11.090626714208984,8,2,"T1_07_01_2021,T2_03_29_2021,T3_04_22_2021_1,T3_04_22_2021_2,T3_04_26_2021_1,T3_05_25_2021_04,T3_05_25_2021_2,T3_05_31_2021",
T2_03_30_2021,T2,elasticnet,0,53.31752638888871,6923.0,4.2384,4.299965615490978,0.061565615490978,0.061565615490978,1.4525673719086931,12,0,"T1_03_29_2021,T1_06_30_2021_1,T1_06_30_2021_2,T2_03_29_2021,T3_04_22_2021_1,T3_04_22_2021_2,T3_04_26_2021_2,T3_05_25_2021_04,T3_05_25_2021_2,T3_05_25_2021_3,T3_05_31_2021,T3_06_07_2021",
T2_03_30_2021,T2,weak_mlp,0,53.31752638888871,6923.0,4.2384,4.598726545638509,0.3603265456385083,0.3603265456385083,8.501475689847778,12,0,"T1_03_29_2021,T1_06_30_2021_1,T1_06_30_2021_2,T2_03_29_2021,T3_04_22_2021_1,T3_04_22_2021_2,T3_04_26_2021_2,T3_05_25_2021_04,T3_05_25_2021_2,T3_05_25_2021_3,T3_05_31_2021,T3_06_07_2021",
T2_03_30_2021,T2,pinn,0,53.31752638888871,6923.0,4.2384,4.528089827911721,0.2896898279117206,0.2896898279117206,6.834886464508319,12,0,"T1_03_29_2021,T1_06_30_2021_1,T1_06_30_2021_2,T2_03_29_2021,T3_04_22_2021_1,T3_04_22_2021_2,T3_04_26_2021_2,T3_05_25_2021_04,T3_05_25_2021_2,T3_05_25_2021_3,T3_05_31_2021,T3_06_07_2021",
T2_03_30_2021,T2,elasticnet,0,53.31752638888871,6923.0,4.2384,4.304754541053239,0.0663545410532382,0.0663545410532382,1.5655563668657566,12,1,"T1_03_29_2021,T1_06_30_2021_1,T1_06_30_2021_2,T1_07_01_2021,T2_03_29_2021,T2_04_26_2021,T3_04_22_2021_1,T3_04_22_2021_2,T3_04_26_2021_1,T3_05_25_2021_04,T3_05_31_2021,T3_06_07_2021",
T2_03_30_2021,T2,weak_mlp,0,53.31752638888871,6923.0,4.2384,4.468047947618697,0.2296479476186963,0.2296479476186963,5.4182698098031405,12,1,"T1_03_29_2021,T1_06_30_2021_1,T1_06_30_2021_2,T1_07_01_2021,T2_03_29_2021,T2_04_26_2021,T3_04_22_2021_1,T3_04_22_2021_2,T3_04_26_2021_1,T3_05_25_2021_04,T3_05_31_2021,T3_06_07_2021",
T2_03_30_2021,T2,pinn,0,53.31752638888871,6923.0,4.2384,4.750200738501217,0.5118007385012167,0.5118007385012167,12.075328862335237,12,1,"T1_03_29_2021,T1_06_30_2021_1,T1_06_30_2021_2,T1_07_01_2021,T2_03_29_2021,T2_04_26_2021,T3_04_22_2021_1,T3_04_22_2021_2,T3_04_26_2021_1,T3_05_25_2021_04,T3_05_31_2021,T3_06_07_2021",
T2_03_30_2021,T2,elasticnet,0,53.31752638888871,6923.0,4.2384,4.340506585755289,0.1021065857552887,0.1021065857552887,2.409083280372045,12,2,"T1_03_29_2021,T1_06_30_2021_1,T1_06_30_2021_2,T1_07_01_2021,T2_03_29_2021,T2_04_26_2021,T3_04_22_2021_1,T3_04_22_2021_2,T3_05_25_2021_1,T3_05_25_2021_3,T3_05_31_2021,T3_06_07_2021",
T2_03_30_2021,T2,weak_mlp,0,53.31752638888871,6923.0,4.2384,5.324715129468176,1.0863151294681757,1.0863151294681757,25.63031166166892,12,2,"T1_03_29_2021,T1_06_30_2021_1,T1_06_30_2021_2,T1_07_01_2021,T2_03_29_2021,T2_04_26_2021,T3_04_22_2021_1,T3_04_22_2021_2,T3_05_25_2021_1,T3_05_25_2021_3,T3_05_31_2021,T3_06_07_2021",
T2_03_30_2021,T2,pinn,0,53.31752638888871,6923.0,4.2384,4.554405705227206,0.3160057052272051,0.3160057052272051,7.455778247149989,12,2,"T1_03_29_2021,T1_06_30_2021_1,T1_06_30_2021_2,T1_07_01_2021,T2_03_29_2021,T2_04_26_2021,T3_04_22_2021_1,T3_04_22_2021_2,T3_05_25_2021_1,T3_05_25_2021_3,T3_05_31_2021,T3_06_07_2021",
T2_03_30_2021,T2,elasticnet,0,53.31752638888871,6923.0,4.2384,4.280681861585093,0.0422818615850921,0.0422818615850921,0.9975901657486828,16,0,"T1_03_29_2021,T1_06_30_2021_1,T1_06_30_2021_2,T1_07_01_2021,T2_03_29_2021,T2_04_26_2021,T3_04_22_2021_1,T3_04_22_2021_2,T3_04_26_2021_1,T3_04_26_2021_2,T3_05_25_2021_04,T3_05_25_2021_1,T3_05_25_2021_2,T3_05_25_2021_3,T3_05_31_2021,T3_06_07_2021",
T2_03_30_2021,T2,weak_mlp,0,53.31752638888871,6923.0,4.2384,3.7326615942849055,-0.5057384057150949,0.5057384057150949,-11.93229534057887,16,0,"T1_03_29_2021,T1_06_30_2021_1,T1_06_30_2021_2,T1_07_01_2021,T2_03_29_2021,T2_04_26_2021,T3_04_22_2021_1,T3_04_22_2021_2,T3_04_26_2021_1,T3_04_26_2021_2,T3_05_25_2021_04,T3_05_25_2021_1,T3_05_25_2021_2,T3_05_25_2021_3,T3_05_31_2021,T3_06_07_2021",True
T2_03_30_2021,T2,pinn,0,53.31752638888871,6923.0,4.2384,4.2479657643722994,0.009565764372299,0.009565764372299,0.2256928173909743,16,0,"T1_03_29_2021,T1_06_30_2021_1,T1_06_30_2021_2,T1_07_01_2021,T2_03_29_2021,T2_04_26_2021,T3_04_22_2021_1,T3_04_22_2021_2,T3_04_26_2021_1,T3_04_26_2021_2,T3_05_25_2021_04,T3_05_25_2021_1,T3_05_25_2021_2,T3_05_25_2021_3,T3_05_31_2021,T3_06_07_2021",True
T2_04_26_2021,T2,physics,0,47.0322861111105,5852.0,3.894,2.6992769299991366,-1.1947230700008635,1.1947230700008635,-30.68112660505556,0,0,,
T2_04_26_2021,T2,elasticnet,0,47.0322861111105,5852.0,3.894,4.059651510921553,0.1656515109215526,0.1656515109215526,4.25401928406658,3,0,"T1_07_01_2021,T2_03_29_2021,T3_04_26_2021_2",
T2_04_26_2021,T2,weak_mlp,0,47.0322861111105,5852.0,3.894,5.54816329052051,1.6541632905205097,1.6541632905205097,42.479796880341794,3,0,"T1_07_01_2021,T2_03_29_2021,T3_04_26_2021_2",
T2_04_26_2021,T2,pinn,0,47.0322861111105,5852.0,3.894,4.562653524246481,0.6686535242464808,0.6686535242464808,17.171379667346706,3,0,"T1_07_01_2021,T2_03_29_2021,T3_04_26_2021_2",
T2_04_26_2021,T2,elasticnet,0,47.0322861111105,5852.0,3.894,3.858734531331214,-0.0352654686687863,0.0352654686687863,-0.905636072644744,3,1,"T1_07_01_2021,T2_03_30_2021,T3_04_26_2021_2",
T2_04_26_2021,T2,weak_mlp,0,47.0322861111105,5852.0,3.894,4.376126371224721,0.4821263712247212,0.4821263712247212,12.381262743315904,3,1,"T1_07_01_2021,T2_03_30_2021,T3_04_26_2021_2",
T2_04_26_2021,T2,pinn,0,47.0322861111105,5852.0,3.894,4.276363010423051,0.3823630104230506,0.3823630104230506,9.819286348819997,3,1,"T1_07_01_2021,T2_03_30_2021,T3_04_26_2021_2",
T2_04_26_2021,T2,elasticnet,0,47.0322861111105,5852.0,3.894,3.915953913989685,0.0219539139896842,0.0219539139896842,0.5637882380504435,3,2,"T1_06_30_2021_1,T2_03_29_2021,T3_04_22_2021_2",
T2_04_26_2021,T2,weak_mlp,0,47.0322861111105,5852.0,3.894,4.487563061945968,0.593563061945968,0.593563061945968,15.243016485515357,3,2,"T1_06_30_2021_1,T2_03_29_2021,T3_04_22_2021_2",
T2_04_26_2021,T2,pinn,0,47.0322861111105,5852.0,3.894,4.464234482821128,0.5702344828211281,0.5702344828211281,14.643926112509709,3,2,"T1_06_30_2021_1,T2_03_29_2021,T3_04_22_2021_2",
T2_04_26_2021,T2,elasticnet,0,47.0322861111105,5852.0,3.894,3.8246459623811786,-0.0693540376188215,0.0693540376188215,-1.7810487318649595,5,0,"T1_06_30_2021_2,T2_03_29_2021,T3_04_22_2021_2,T3_05_25_2021_3,T3_05_31_2021",
T2_04_26_2021,T2,weak_mlp,0,47.0322861111105,5852.0,3.894,6.066071681314044,2.172071681314044,2.172071681314044,55.77996099933344,5,0,"T1_06_30_2021_2,T2_03_29_2021,T3_04_22_2021_2,T3_05_25_2021_3,T3_05_31_2021",
T2_04_26_2021,T2,pinn,0,47.0322861111105,5852.0,3.894,4.678279363599916,0.7842793635999161,0.7842793635999161,20.14071298407591,5,0,"T1_06_30_2021_2,T2_03_29_2021,T3_04_22_2021_2,T3_05_25_2021_3,T3_05_31_2021",
T2_04_26_2021,T2,elasticnet,0,47.0322861111105,5852.0,3.894,4.861232126143642,0.9672321261436424,0.9672321261436424,24.83903765135188,5,1,"T1_03_29_2021,T1_06_30_2021_2,T1_07_01_2021,T2_03_30_2021,T3_05_25_2021_1",
T2_04_26_2021,T2,weak_mlp,0,47.0322861111105,5852.0,3.894,6.17273975117339,2.27873975117339,2.27873975117339,58.51925401061607,5,1,"T1_03_29_2021,T1_06_30_2021_2,T1_07_01_2021,T2_03_30_2021,T3_05_25_2021_1",
T2_04_26_2021,T2,pinn,0,47.0322861111105,5852.0,3.894,4.274954246630272,0.3809542466302718,0.3809542466302718,9.783108542123054,5,1,"T1_03_29_2021,T1_06_30_2021_2,T1_07_01_2021,T2_03_30_2021,T3_05_25_2021_1",
T2_04_26_2021,T2,elasticnet,0,47.0322861111105,5852.0,3.894,4.275374946890709,0.381374946890709,0.381374946890709,9.79391234953028,5,2,"T1_03_29_2021,T2_03_29_2021,T2_03_30_2021,T3_05_25_2021_2,T3_05_31_2021",
T2_04_26_2021,T2,weak_mlp,0,47.0322861111105,5852.0,3.894,7.221304320394993,3.327304320394993,3.327304320394993,85.4469522443501,5,2,"T1_03_29_2021,T2_03_29_2021,T2_03_30_2021,T3_05_25_2021_2,T3_05_31_2021",
T2_04_26_2021,T2,pinn,0,47.0322861111105,5852.0,3.894,4.332808125093579,0.4388081250935789,0.4388081250935789,11.268827044005622,5,2,"T1_03_29_2021,T2_03_29_2021,T2_03_30_2021,T3_05_25_2021_2,T3_05_31_2021",
T2_04_26_2021,T2,elasticnet,0,47.0322861111105,5852.0,3.894,4.25544246631138,0.36144246631138,0.36144246631138,9.282035601216744,8,0,"T1_03_29_2021,T1_06_30_2021_1,T1_06_30_2021_2,T1_07_01_2021,T2_03_30_2021,T3_04_22_2021_2,T3_04_26_2021_2,T3_06_07_2021",
T2_04_26_2021,T2,weak_mlp,0,47.0322861111105,5852.0,3.894,5.4539409646060735,1.5599409646060731,1.5599409646060731,40.06011722152217,8,0,"T1_03_29_2021,T1_06_30_2021_1,T1_06_30_2021_2,T1_07_01_2021,T2_03_30_2021,T3_04_22_2021_2,T3_04_26_2021_2,T3_06_07_2021",
T2_04_26_2021,T2,pinn,0,47.0322861111105,5852.0,3.894,4.330883317039245,0.4368833170392445,0.4368833170392445,11.219396945024256,8,0,"T1_03_29_2021,T1_06_30_2021_1,T1_06_30_2021_2,T1_07_01_2021,T2_03_30_2021,T3_04_22_2021_2,T3_04_26_2021_2,T3_06_07_2021",
T2_04_26_2021,T2,elasticnet,0,47.0322861111105,5852.0,3.894,4.103703656813615,0.2097036568136143,0.2097036568136143,5.385301921253578,8,1,"T1_03_29_2021,T1_06_30_2021_2,T2_03_30_2021,T3_04_26_2021_1,T3_04_26_2021_2,T3_05_25_2021_3,T3_05_31_2021,T3_06_07_2021",
T2_04_26_2021,T2,weak_mlp,0,47.0322861111105,5852.0,3.894,5.397995021972392,1.5039950219723917,1.5039950219723917,38.623395530878064,8,1,"T1_03_29_2021,T1_06_30_2021_2,T2_03_30_2021,T3_04_26_2021_1,T3_04_26_2021_2,T3_05_25_2021_3,T3_05_31_2021,T3_06_07_2021",
T2_04_26_2021,T2,pinn,0,47.0322861111105,5852.0,3.894,4.708464855121242,0.8144648551212414,0.8144648551212414,20.915892530078104,8,1,"T1_03_29_2021,T1_06_30_2021_2,T2_03_30_2021,T3_04_26_2021_1,T3_04_26_2021_2,T3_05_25_2021_3,T3_05_31_2021,T3_06_07_2021",
T2_04_26_2021,T2,elasticnet,0,47.0322861111105,5852.0,3.894,4.614732678806378,0.7207326788063781,0.7207326788063781,18.508800174791425,8,2,"T1_03_29_2021,T1_06_30_2021_1,T1_06_30_2021_2,T2_03_30_2021,T3_04_22_2021_2,T3_04_26_2021_1,T3_04_26_2021_2,T3_06_07_2021",
T2_04_26_2021,T2,weak_mlp,0,47.0322861111105,5852.0,3.894,5.6709660406576266,1.7769660406576264,1.7769660406576264,45.63343709957952,8,2,"T1_03_29_2021,T1_06_30_2021_1,T1_06_30_2021_2,T2_03_30_2021,T3_04_22_2021_2,T3_04_26_2021_1,T3_04_26_2021_2,T3_06_07_2021",
T2_04_26_2021,T2,pinn,0,47.0322861111105,5852.0,3.894,4.531348978645272,0.6373489786452717,0.6373489786452717,16.367462214824645,8,2,"T1_03_29_2021,T1_06_30_2021_1,T1_06_30_2021_2,T2_03_30_2021,T3_04_22_2021_2,T3_04_26_2021_1,T3_04_26_2021_2,T3_06_07_2021",
T2_04_26_2021,T2,elasticnet,0,47.0322861111105,5852.0,3.894,3.8099451864145135,-0.0840548135854857,0.0840548135854857,-2.1585725111835057,12,0,"T1_03_29_2021,T1_06_30_2021_1,T1_06_30_2021_2,T2_03_29_2021,T2_03_30_2021,T3_04_22_2021_1,T3_05_25_2021_04,T3_05_25_2021_1,T3_05_25_2021_2,T3_05_25_2021_3,T3_05_31_2021,T3_06_07_2021",
T2_04_26_2021,T2,weak_mlp,0,47.0322861111105,5852.0,3.894,4.2828825664520265,0.3888825664520263,0.3888825664520263,9.98671203009826,12,0,"T1_03_29_2021,T1_06_30_2021_1,T1_06_30_2021_2,T2_03_29_2021,T2_03_30_2021,T3_04_22_2021_1,T3_05_25_2021_04,T3_05_25_2021_1,T3_05_25_2021_2,T3_05_25_2021_3,T3_05_31_2021,T3_06_07_2021",
T2_04_26_2021,T2,pinn,0,47.0322861111105,5852.0,3.894,4.14465163692625,0.2506516369262499,0.2506516369262499,6.436867923118899,12,0,"T1_03_29_2021,T1_06_30_2021_1,T1_06_30_2021_2,T2_03_29_2021,T2_03_30_2021,T3_04_22_2021_1,T3_05_25_2021_04,T3_05_25_2021_1,T3_05_25_2021_2,T3_05_25_2021_3,T3_05_31_2021,T3_06_07_2021",
T2_04_26_2021,T2,elasticnet,0,47.0322861111105,5852.0,3.894,3.8903205392166846,-0.0036794607833154,0.0036794607833154,-0.0944905183183228,12,1,"T1_03_29_2021,T1_06_30_2021_1,T1_06_30_2021_2,T1_07_01_2021,T2_03_29_2021,T3_04_22_2021_1,T3_04_22_2021_2,T3_04_26_2021_2,T3_05_25_2021_04,T3_05_25_2021_1,T3_05_25_2021_2,T3_05_25_2021_3",
T2_04_26_2021,T2,weak_mlp,0,47.0322861111105,5852.0,3.894,4.677616453899278,0.7836164538992776,0.7836164538992776,20.123689108866916,12,1,"T1_03_29_2021,T1_06_30_2021_1,T1_06_30_2021_2,T1_07_01_2021,T2_03_29_2021,T3_04_22_2021_1,T3_04_22_2021_2,T3_04_26_2021_2,T3_05_25_2021_04,T3_05_25_2021_1,T3_05_25_2021_2,T3_05_25_2021_3",
T2_04_26_2021,T2,pinn,0,47.0322861111105,5852.0,3.894,4.510462325778272,0.6164623257782722,0.6164623257782722,15.83108181248773,12,1,"T1_03_29_2021,T1_06_30_2021_1,T1_06_30_2021_2,T1_07_01_2021,T2_03_29_2021,T3_04_22_2021_1,T3_04_22_2021_2,T3_04_26_2021_2,T3_05_25_2021_04,T3_05_25_2021_1,T3_05_25_2021_2,T3_05_25_2021_3",
T2_04_26_2021,T2,elasticnet,0,47.0322861111105,5852.0,3.894,3.76233675815475,-0.1316632418452501,0.1316632418452501,-3.3811823791795104,12,2,"T1_06_30_2021_1,T1_06_30_2021_2,T1_07_01_2021,T2_03_29_2021,T3_04_22_2021_2,T3_04_26_2021_1,T3_04_26_2021_2,T3_05_25_2021_04,T3_05_25_2021_1,T3_05_25_2021_2,T3_05_25_2021_3,T3_06_07_2021",
T2_04_26_2021,T2,weak_mlp,0,47.0322861111105,5852.0,3.894,4.564858347574869,0.6708583475748693,0.6708583475748693,17.228000708137372,12,2,"T1_06_30_2021_1,T1_06_30_2021_2,T1_07_01_2021,T2_03_29_2021,T3_04_22_2021_2,T3_04_26_2021_1,T3_04_26_2021_2,T3_05_25_2021_04,T3_05_25_2021_1,T3_05_25_2021_2,T3_05_25_2021_3,T3_06_07_2021",
T2_04_26_2021,T2,pinn,0,47.0322861111105,5852.0,3.894,4.708586174564229,0.8145861745642291,0.8145861745642291,20.91900807817743,12,2,"T1_06_30_2021_1,T1_06_30_2021_2,T1_07_01_2021,T2_03_29_2021,T3_04_22_2021_2,T3_04_26_2021_1,T3_04_26_2021_2,T3_05_25_2021_04,T3_05_25_2021_1,T3_05_25_2021_2,T3_05_25_2021_3,T3_06_07_2021",
T2_04_26_2021,T2,elasticnet,0,47.0322861111105,5852.0,3.894,3.81480753228932,-0.0791924677106798,0.0791924677106798,-2.0337048718715947,16,0,"T1_03_29_2021,T1_06_30_2021_1,T1_06_30_2021_2,T1_07_01_2021,T2_03_29_2021,T2_03_30_2021,T3_04_22_2021_1,T3_04_22_2021_2,T3_04_26_2021_1,T3_04_26_2021_2,T3_05_25_2021_04,T3_05_25_2021_1,T3_05_25_2021_2,T3_05_25_2021_3,T3_05_31_2021,T3_06_07_2021",
T2_04_26_2021,T2,weak_mlp,0,47.0322861111105,5852.0,3.894,4.836986384424899,0.9429863844248983,0.9429863844248983,24.21639405302769,16,0,"T1_03_29_2021,T1_06_30_2021_1,T1_06_30_2021_2,T1_07_01_2021,T2_03_29_2021,T2_03_30_2021,T3_04_22_2021_1,T3_04_22_2021_2,T3_04_26_2021_1,T3_04_26_2021_2,T3_05_25_2021_04,T3_05_25_2021_1,T3_05_25_2021_2,T3_05_25_2021_3,T3_05_31_2021,T3_06_07_2021",True
T2_04_26_2021,T2,pinn,0,47.0322861111105,5852.0,3.894,5.14346568322844,1.24946568322844,1.24946568322844,32.086946153786336,16,0,"T1_03_29_2021,T1_06_30_2021_1,T1_06_30_2021_2,T1_07_01_2021,T2_03_29_2021,T2_03_30_2021,T3_04_22_2021_1,T3_04_22_2021_2,T3_04_26_2021_1,T3_04_26_2021_2,T3_05_25_2021_04,T3_05_25_2021_1,T3_05_25_2021_2,T3_05_25_2021_3,T3_05_31_2021,T3_06_07_2021",True
T3_04_22_2021_1,T3,physics,0,14.147080555555585,1048.0,1.1243999999999996,0.8671254750330046,-0.257274524966995,0.257274524966995,-22.88104989034108,0,0,,
T3_04_22_2021_1,T3,elasticnet,0,14.147080555555585,1048.0,1.1243999999999996,1.708502648487405,0.5841026484874055,0.5841026484874055,51.94794098963053,3,0,"T1_06_30_2021_2,T2_03_29_2021,T3_04_22_2021_2",
T3_04_22_2021_1,T3,weak_mlp,0,14.147080555555585,1048.0,1.1243999999999996,1.6223887813091276,0.4979887813091279,0.4979887813091279,44.28929040458272,3,0,"T1_06_30_2021_2,T2_03_29_2021,T3_04_22_2021_2",
T3_04_22_2021_1,T3,pinn,0,14.147080555555585,1048.0,1.1243999999999996,1.44823480197125,0.3238348019712505,0.3238348019712505,28.80067609135989,3,0,"T1_06_30_2021_2,T2_03_29_2021,T3_04_22_2021_2",
T3_04_22_2021_1,T3,elasticnet,0,14.147080555555585,1048.0,1.1243999999999996,1.8716129405276816,0.7472129405276822,0.7472129405276822,66.45437037777324,3,1,"T1_03_29_2021,T2_03_30_2021,T3_05_25_2021_3",
T3_04_22_2021_1,T3,weak_mlp,0,14.147080555555585,1048.0,1.1243999999999996,1.0163251711924872,-0.1080748288075124,0.1080748288075124,-9.611777731013202,3,1,"T1_03_29_2021,T2_03_30_2021,T3_05_25_2021_3",
T3_04_22_2021_1,T3,pinn,0,14.147080555555585,1048.0,1.1243999999999996,1.048968702531937,-0.0754312974680626,0.0754312974680626,-6.708582129852604,3,1,"T1_03_29_2021,T2_03_30_2021,T3_05_25_2021_3",
T3_04_22_2021_1,T3,elasticnet,0,14.147080555555585,1048.0,1.1243999999999996,1.6680939834268804,0.5436939834268808,0.5436939834268808,48.35414295863402,3,2,"T1_03_29_2021,T2_04_26_2021,T3_04_26_2021_2",
T3_04_22_2021_1,T3,weak_mlp,0,14.147080555555585,1048.0,1.1243999999999996,0.7447667619254854,-0.3796332380745142,0.3796332380745142,-33.763183749067444,3,2,"T1_03_29_2021,T2_04_26_2021,T3_04_26_2021_2",
T3_04_22_2021_1,T3,pinn,0,14.147080555555585,1048.0,1.1243999999999996,1.0582200973051497,-0.0661799026948499,0.0661799026948499,-5.885797109111525,3,2,"T1_03_29_2021,T2_04_26_2021,T3_04_26_2021_2",
T3_04_22_2021_1,T3,elasticnet,0,14.147080555555585,1048.0,1.1243999999999996,1.7013823567674544,0.5769823567674548,0.5769823567674548,51.314688435383765,5,0,"T1_06_30_2021_2,T1_07_01_2021,T2_04_26_2021,T3_05_25_2021_2,T3_06_07_2021",
T3_04_22_2021_1,T3,weak_mlp,0,14.147080555555585,1048.0,1.1243999999999996,1.3264509046408866,0.2020509046408869,0.2020509046408869,17.969664233447794,5,0,"T1_06_30_2021_2,T1_07_01_2021,T2_04_26_2021,T3_05_25_2021_2,T3_06_07_2021",
T3_04_22_2021_1,T3,pinn,0,14.147080555555585,1048.0,1.1243999999999996,1.211187258871893,0.0867872588718934,0.0867872588718934,7.718539565269785,5,0,"T1_06_30_2021_2,T1_07_01_2021,T2_04_26_2021,T3_05_25_2021_2,T3_06_07_2021",
T3_04_22_2021_1,T3,elasticnet,0,14.147080555555585,1048.0,1.1243999999999996,1.4350875964597587,0.3106875964597591,0.3106875964597591,27.631411993930914,5,1,"T1_06_30_2021_1,T2_03_30_2021,T3_05_25_2021_04,T3_05_25_2021_3,T3_05_31_2021",
T3_04_22_2021_1,T3,weak_mlp,0,14.147080555555585,1048.0,1.1243999999999996,2.03950019641055,0.9151001964105504,0.9151001964105504,81.38564535846234,5,1,"T1_06_30_2021_1,T2_03_30_2021,T3_05_25_2021_04,T3_05_25_2021_3,T3_05_31_2021",
T3_04_22_2021_1,T3,pinn,0,14.147080555555585,1048.0,1.1243999999999996,1.222452234774828,0.0980522347748282,0.0980522347748282,8.720405084918916,5,1,"T1_06_30_2021_1,T2_03_30_2021,T3_05_25_2021_04,T3_05_25_2021_3,T3_05_31_2021",
T3_04_22_2021_1,T3,elasticnet,0,14.147080555555585,1048.0,1.1243999999999996,1.6775082631518767,0.5531082631518771,0.5531082631518771,49.19141436782972,5,2,"T1_06_30_2021_2,T2_03_30_2021,T2_04_26_2021,T3_04_22_2021_2,T3_04_26_2021_1",
T3_04_22_2021_1,T3,weak_mlp,0,14.147080555555585,1048.0,1.1243999999999996,1.6227350411812465,0.4983350411812468,0.4983350411812468,44.32008548392449,5,2,"T1_06_30_2021_2,T2_03_30_2021,T2_04_26_2021,T3_04_22_2021_2,T3_04_26_2021_1",
T3_04_22_2021_1,T3,pinn,0,14.147080555555585,1048.0,1.1243999999999996,1.2337777119419642,0.1093777119419645,0.1093777119419645,9.727651364457897,5,2,"T1_06_30_2021_2,T2_03_30_2021,T2_04_26_2021,T3_04_22_2021_2,T3_04_26_2021_1",
T3_04_22_2021_1,T3,elasticnet,0,14.147080555555585,1048.0,1.1243999999999996,1.600157241628016,0.4757572416280164,0.4757572416280164,42.31209904197942,8,0,"T1_06_30_2021_1,T1_07_01_2021,T2_03_29_2021,T2_03_30_2021,T3_05_25_2021_04,T3_05_25_2021_2,T3_05_25_2021_3,T3_06_07_2021",
T3_04_22_2021_1,T3,weak_mlp,0,14.147080555555585,1048.0,1.1243999999999996,1.1891155606508257,0.0647155606508258,0.0647155606508258,5.7555639141609625,8,0,"T1_06_30_2021_1,T1_07_01_2021,T2_03_29_2021,T2_03_30_2021,T3_05_25_2021_04,T3_05_25_2021_2,T3_05_25_2021_3,T3_06_07_2021",
T3_04_22_2021_1,T3,pinn,0,14.147080555555585,1048.0,1.1243999999999996,1.189956302932567,0.0655563029325674,0.0655563029325674,5.830336440107386,8,0,"T1_06_30_2021_1,T1_07_01_2021,T2_03_29_2021,T2_03_30_2021,T3_05_25_2021_04,T3_05_25_2021_2,T3_05_25_2021_3,T3_06_07_2021",
T3_04_22_2021_1,T3,elasticnet,0,14.147080555555585,1048.0,1.1243999999999996,1.4039045538656658,0.2795045538656662,0.2795045538656662,24.85810688951141,8,1,"T1_06_30_2021_1,T1_06_30_2021_2,T1_07_01_2021,T2_03_29_2021,T2_03_30_2021,T3_04_26_2021_1,T3_04_26_2021_2,T3_05_25_2021_2",
T3_04_22_2021_1,T3,weak_mlp,0,14.147080555555585,1048.0,1.1243999999999996,1.2672574708859126,0.1428574708859129,0.1428574708859129,12.705217972777746,8,1,"T1_06_30_2021_1,T1_06_30_2021_2,T1_07_01_2021,T2_03_29_2021,T2_03_30_2021,T3_04_26_2021_1,T3_04_26_2021_2,T3_05_25_2021_2",
T3_04_22_2021_1,T3,pinn,0,14.147080555555585,1048.0,1.1243999999999996,1.243002829419242,0.1186028294192425,0.1186028294192425,10.54809937915711,8,1,"T1_06_30_2021_1,T1_06_30_2021_2,T1_07_01_2021,T2_03_29_2021,T2_03_30_2021,T3_04_26_2021_1,T3_04_26_2021_2,T3_05_25_2021_2",
T3_04_22_2021_1,T3,elasticnet,0,14.147080555555585,1048.0,1.1243999999999996,1.6583502177336071,0.5339502177336075,0.5339502177336075,47.48756827940304,8,2,"T1_06_30_2021_1,T1_07_01_2021,T2_03_29_2021,T2_03_30_2021,T2_04_26_2021,T3_04_26_2021_2,T3_05_25_2021_1,T3_05_31_2021",
T3_04_22_2021_1,T3,weak_mlp,0,14.147080555555585,1048.0,1.1243999999999996,1.276993747850259,0.1525937478502594,0.1525937478502594,13.571126632004583,8,2,"T1_06_30_2021_1,T1_07_01_2021,T2_03_29_2021,T2_03_30_2021,T2_04_26_2021,T3_04_26_2021_2,T3_05_25_2021_1,T3_05_31_2021",
T3_04_22_2021_1,T3,pinn,0,14.147080555555585,1048.0,1.1243999999999996,1.1673613258451223,0.0429613258451226,0.0429613258451226,3.820822291455239,8,2,"T1_06_30_2021_1,T1_07_01_2021,T2_03_29_2021,T2_03_30_2021,T2_04_26_2021,T3_04_26_2021_2,T3_05_25_2021_1,T3_05_31_2021",
T3_04_22_2021_1,T3,elasticnet,0,14.147080555555585,1048.0,1.1243999999999996,1.6080475206877645,0.4836475206877648,0.4836475206877648,43.01383143790154,12,0,"T1_03_29_2021,T1_06_30_2021_1,T1_07_01_2021,T2_03_30_2021,T2_04_26_2021,T3_04_22_2021_2,T3_04_26_2021_1,T3_04_26_2021_2,T3_05_25_2021_1,T3_05_25_2021_3,T3_05_31_2021,T3_06_07_2021",
T3_04_22_2021_1,T3,weak_mlp,0,14.147080555555585,1048.0,1.1243999999999996,1.5141536682181886,0.389753668218189,0.389753668218189,34.66325757899227,12,0,"T1_03_29_2021,T1_06_30_2021_1,T1_07_01_2021,T2_03_30_2021,T2_04_26_2021,T3_04_22_2021_2,T3_04_26_2021_1,T3_04_26_2021_2,T3_05_25_2021_1,T3_05_25_2021_3,T3_05_31_2021,T3_06_07_2021",
T3_04_22_2021_1,T3,pinn,0,14.147080555555585,1048.0,1.1243999999999996,1.4530174968805578,0.3286174968805582,0.3286174968805582,29.22603138389881,12,0,"T1_03_29_2021,T1_06_30_2021_1,T1_07_01_2021,T2_03_30_2021,T2_04_26_2021,T3_04_22_2021_2,T3_04_26_2021_1,T3_04_26_2021_2,T3_05_25_2021_1,T3_05_25_2021_3,T3_05_31_2021,T3_06_07_2021",
T3_04_22_2021_1,T3,elasticnet,0,14.147080555555585,1048.0,1.1243999999999996,1.5879927080327327,0.4635927080327331,0.4635927080327331,41.23023017011146,12,1,"T1_03_29_2021,T1_06_30_2021_2,T1_07_01_2021,T2_03_29_2021,T2_04_26_2021,T3_04_22_2021_2,T3_04_26_2021_1,T3_05_25_2021_04,T3_05_25_2021_1,T3_05_25_2021_2,T3_05_25_2021_3,T3_06_07_2021",
T3_04_22_2021_1,T3,weak_mlp,0,14.147080555555585,1048.0,1.1243999999999996,1.4174138306246864,0.2930138306246868,0.2930138306246868,26.059572271850485,12,1,"T1_03_29_2021,T1_06_30_2021_2,T1_07_01_2021,T2_03_29_2021,T2_04_26_2021,T3_04_22_2021_2,T3_04_26_2021_1,T3_05_25_2021_04,T3_05_25_2021_1,T3_05_25_2021_2,T3_05_25_2021_3,T3_06_07_2021",
T3_04_22_2021_1,T3,pinn,0,14.147080555555585,1048.0,1.1243999999999996,1.227081636753347,0.1026816367533474,0.1026816367533474,9.132127068067186,12,1,"T1_03_29_2021,T1_06_30_2021_2,T1_07_01_2021,T2_03_29_2021,T2_04_26_2021,T3_04_22_2021_2,T3_04_26_2021_1,T3_05_25_2021_04,T3_05_25_2021_1,T3_05_25_2021_2,T3_05_25_2021_3,T3_06_07_2021",
T3_04_22_2021_1,T3,elasticnet,0,14.147080555555585,1048.0,1.1243999999999996,1.517106166690744,0.3927061666907443,0.3927061666907443,34.925841932652474,12,2,"T1_06_30_2021_2,T1_07_01_2021,T2_04_26_2021,T3_04_22_2021_2,T3_04_26_2021_1,T3_04_26_2021_2,T3_05_25_2021_04,T3_05_25_2021_1,T3_05_25_2021_2,T3_05_25_2021_3,T3_05_31_2021,T3_06_07_2021",
T3_04_22_2021_1,T3,weak_mlp,0,14.147080555555585,1048.0,1.1243999999999996,1.4200061421924168,0.2956061421924172,0.2956061421924172,26.29012292710933,12,2,"T1_06_30_2021_2,T1_07_01_2021,T2_04_26_2021,T3_04_22_2021_2,T3_04_26_2021_1,T3_04_26_2021_2,T3_05_25_2021_04,T3_05_25_2021_1,T3_05_25_2021_2,T3_05_25_2021_3,T3_05_31_2021,T3_06_07_2021",
T3_04_22_2021_1,T3,pinn,0,14.147080555555585,1048.0,1.1243999999999996,1.250838989333974,0.1264389893339743,0.1264389893339743,11.245018617393669,12,2,"T1_06_30_2021_2,T1_07_01_2021,T2_04_26_2021,T3_04_22_2021_2,T3_04_26_2021_1,T3_04_26_2021_2,T3_05_25_2021_04,T3_05_25_2021_1,T3_05_25_2021_2,T3_05_25_2021_3,T3_05_31_2021,T3_06_07_2021",
T3_04_22_2021_1,T3,elasticnet,0,14.147080555555585,1048.0,1.1243999999999996,1.63066599388806,0.5062659938880603,0.5062659938880603,45.02543524440239,16,0,"T1_03_29_2021,T1_06_30_2021_1,T1_06_30_2021_2,T1_07_01_2021,T2_03_29_2021,T2_03_30_2021,T2_04_26_2021,T3_04_22_2021_2,T3_04_26_2021_1,T3_04_26_2021_2,T3_05_25_2021_04,T3_05_25_2021_1,T3_05_25_2021_2,T3_05_25_2021_3,T3_05_31_2021,T3_06_07_2021",
T3_04_22_2021_1,T3,weak_mlp,0,14.147080555555585,1048.0,1.1243999999999996,1.439331817759408,0.3149318177594085,0.3149318177594085,28.008877424351528,16,0,"T1_03_29_2021,T1_06_30_2021_1,T1_06_30_2021_2,T1_07_01_2021,T2_03_29_2021,T2_03_30_2021,T2_04_26_2021,T3_04_22_2021_2,T3_04_26_2021_1,T3_04_26_2021_2,T3_05_25_2021_04,T3_05_25_2021_1,T3_05_25_2021_2,T3_05_25_2021_3,T3_05_31_2021,T3_06_07_2021",True
T3_04_22_2021_1,T3,pinn,0,14.147080555555585,1048.0,1.1243999999999996,1.232659968444043,0.1082599684440432,0.1082599684440432,9.62824336926746,16,0,"T1_03_29_2021,T1_06_30_2021_1,T1_06_30_2021_2,T1_07_01_2021,T2_03_29_2021,T2_03_30_2021,T2_04_26_2021,T3_04_22_2021_2,T3_04_26_2021_1,T3_04_26_2021_2,T3_05_25_2021_04,T3_05_25_2021_1,T3_05_25_2021_2,T3_05_25_2021_3,T3_05_31_2021,T3_06_07_2021",True
T3_04_22_2021_2,T3,physics,0,15.478416666666725,1097.0,1.7783999999999998,1.130190430330537,-0.6482095696694627,0.6482095696694627,-36.44903113301073,0,0,,
T3_04_22_2021_2,T3,elasticnet,0,15.478416666666725,1097.0,1.7783999999999998,1.7898258084099503,0.0114258084099505,0.0114258084099505,0.6424768561600628,3,0,"T1_03_29_2021,T2_03_30_2021,T3_05_25_2021_2",
T3_04_22_2021_2,T3,weak_mlp,0,15.478416666666725,1097.0,1.7783999999999998,1.0098556917905808,-0.768544308209419,0.768544308209419,-43.215491914609714,3,0,"T1_03_29_2021,T2_03_30_2021,T3_05_25_2021_2",
T3_04_22_2021_2,T3,pinn,0,15.478416666666725,1097.0,1.7783999999999998,1.279699880319337,-0.4987001196806628,0.4987001196806628,-28.042067008584286,3,0,"T1_03_29_2021,T2_03_30_2021,T3_05_25_2021_2",
T3_04_22_2021_2,T3,elasticnet,0,15.478416666666725,1097.0,1.7783999999999998,2.3527166650250777,0.5743166650250779,0.5743166650250779,32.29400950433412,3,1,"T1_03_29_2021,T2_04_26_2021,T3_05_25_2021_3",
T3_04_22_2021_2,T3,weak_mlp,0,15.478416666666725,1097.0,1.7783999999999998,0.9296260977453656,-0.8487739022546342,0.8487739022546342,-47.72682761215893,3,1,"T1_03_29_2021,T2_04_26_2021,T3_05_25_2021_3",
T3_04_22_2021_2,T3,pinn,0,15.478416666666725,1097.0,1.7783999999999998,1.2693131680344232,-0.5090868319655766,0.5090868319655766,-28.626115157758477,3,1,"T1_03_29_2021,T2_04_26_2021,T3_05_25_2021_3",
T3_04_22_2021_2,T3,elasticnet,0,15.478416666666725,1097.0,1.7783999999999998,1.840961584366013,0.0625615843660132,0.0625615843660132,3.517857870333628,3,2,"T1_06_30_2021_1,T2_03_30_2021,T3_05_31_2021",
T3_04_22_2021_2,T3,weak_mlp,0,15.478416666666725,1097.0,1.7783999999999998,2.746235944694943,0.9678359446949434,0.9678359446949434,54.42172428559061,3,2,"T1_06_30_2021_1,T2_03_30_2021,T3_05_31_2021",
T3_04_22_2021_2,T3,pinn,0,15.478416666666725,1097.0,1.7783999999999998,1.9023703905940057,0.1239703905940059,0.1239703905940059,6.970894657782611,3,2,"T1_06_30_2021_1,T2_03_30_2021,T3_05_31_2021",
T3_04_22_2021_2,T3,elasticnet,0,15.478416666666725,1097.0,1.7783999999999998,1.540476893312857,-0.2379231066871427,0.2379231066871427,-13.378492278854186,5,0,"T1_03_29_2021,T1_06_30_2021_1,T2_03_29_2021,T3_04_22_2021_1,T3_05_25_2021_2",
T3_04_22_2021_2,T3,weak_mlp,0,15.478416666666725,1097.0,1.7783999999999998,1.466926753487852,-0.3114732465121477,0.3114732465121477,-17.514240132262017,5,0,"T1_03_29_2021,T1_06_30_2021_1,T2_03_29_2021,T3_04_22_2021_1,T3_05_25_2021_2",
T3_04_22_2021_2,T3,pinn,0,15.478416666666725,1097.0,1.7783999999999998,1.4533805442104737,-0.325019455789526,0.325019455789526,-18.275947806428597,5,0,"T1_03_29_2021,T1_06_30_2021_1,T2_03_29_2021,T3_04_22_2021_1,T3_05_25_2021_2",
T3_04_22_2021_2,T3,elasticnet,0,15.478416666666725,1097.0,1.7783999999999998,2.1675128449910512,0.3891128449910515,0.3891128449910515,21.879939551903483,5,1,"T1_03_29_2021,T1_06_30_2021_1,T2_03_29_2021,T3_04_26_2021_1,T3_05_25_2021_04",
T3_04_22_2021_2,T3,weak_mlp,0,15.478416666666725,1097.0,1.7783999999999998,1.1364718877606923,-0.6419281122393075,0.6419281122393075,-36.09582277548963,5,1,"T1_03_29_2021,T1_06_30_2021_1,T2_03_29_2021,T3_04_26_2021_1,T3_05_25_2021_04",
T3_04_22_2021_2,T3,pinn,0,15.478416666666725,1097.0,1.7783999999999998,1.4158687779472932,-0.3625312220527066,0.3625312220527066,-20.38524640422327,5,1,"T1_03_29_2021,T1_06_30_2021_1,T2_03_29_2021,T3_04_26_2021_1,T3_05_25_2021_04",
T3_04_22_2021_2,T3,elasticnet,0,15.478416666666725,1097.0,1.7783999999999998,1.7386037414900952,-0.0397962585099045,0.0397962585099045,-2.2377563264678666,5,2,"T1_03_29_2021,T1_06_30_2021_2,T2_03_30_2021,T3_05_25_2021_04,T3_05_25_2021_3",
T3_04_22_2021_2,T3,weak_mlp,0,15.478416666666725,1097.0,1.7783999999999998,0.9746286671691472,-0.8037713328308527,0.8037713328308527,-45.19631876016941,5,2,"T1_03_29_2021,T1_06_30_2021_2,T2_03_30_2021,T3_05_25_2021_04,T3_05_25_2021_3",
T3_04_22_2021_2,T3,pinn,0,15.478416666666725,1097.0,1.7783999999999998,1.4620060573932196,-0.3163939426067801,0.3163939426067801,-17.790932445275537,5,2,"T1_03_29_2021,T1_06_30_2021_2,T2_03_30_2021,T3_05_25_2021_04,T3_05_25_2021_3",
T3_04_22_2021_2,T3,elasticnet,0,15.478416666666725,1097.0,1.7783999999999998,1.218953471717705,-0.5594465282822947,0.5594465282822947,-31.457856965941,8,0,"T1_06_30_2021_1,T1_06_30_2021_2,T1_07_01_2021,T2_03_29_2021,T2_03_30_2021,T3_05_25_2021_2,T3_05_31_2021,T3_06_07_2021",
T3_04_22_2021_2,T3,weak_mlp,0,15.478416666666725,1097.0,1.7783999999999998,1.4367510073714789,-0.3416489926285211,0.3416489926285211,-19.21103197416336,8,0,"T1_06_30_2021_1,T1_06_30_2021_2,T1_07_01_2021,T2_03_29_2021,T2_03_30_2021,T3_05_25_2021_2,T3_05_31_2021,T3_06_07_2021",
T3_04_22_2021_2,T3,pinn,0,15.478416666666725,1097.0,1.7783999999999998,1.4543991248557966,-0.3240008751442031,0.3240008751442031,-18.218672691419435,8,0,"T1_06_30_2021_1,T1_06_30_2021_2,T1_07_01_2021,T2_03_29_2021,T2_03_30_2021,T3_05_25_2021_2,T3_05_31_2021,T3_06_07_2021",
T3_04_22_2021_2,T3,elasticnet,0,15.478416666666725,1097.0,1.7783999999999998,1.705025657424081,-0.0733743425759188,0.0733743425759188,-4.125862717944152,8,1,"T1_06_30_2021_1,T1_07_01_2021,T2_03_29_2021,T2_04_26_2021,T3_04_26_2021_1,T3_04_26_2021_2,T3_05_25_2021_1,T3_05_31_2021",
T3_04_22_2021_2,T3,weak_mlp,0,15.478416666666725,1097.0,1.7783999999999998,1.456287944846683,-0.3221120551533167,0.3221120551533167,-18.11246374006505,8,1,"T1_06_30_2021_1,T1_07_01_2021,T2_03_29_2021,T2_04_26_2021,T3_04_26_2021_1,T3_04_26_2021_2,T3_05_25_2021_1,T3_05_31_2021",
T3_04_22_2021_2,T3,pinn,0,15.478416666666725,1097.0,1.7783999999999998,1.576473406503598,-0.2019265934964018,0.2019265934964018,-11.354396845276758,8,1,"T1_06_30_2021_1,T1_07_01_2021,T2_03_29_2021,T2_04_26_2021,T3_04_26_2021_1,T3_04_26_2021_2,T3_05_25_2021_1,T3_05_31_2021",
T3_04_22_2021_2,T3,elasticnet,0,15.478416666666725,1097.0,1.7783999999999998,1.7184715363029108,-0.0599284636970889,0.0599284636970889,-3.3697966541323066,8,2,"T1_06_30_2021_1,T1_07_01_2021,T2_03_29_2021,T2_04_26_2021,T3_05_25_2021_04,T3_05_25_2021_1,T3_05_25_2021_2,T3_05_25_2021_3",
T3_04_22_2021_2,T3,weak_mlp,0,15.478416666666725,1097.0,1.7783999999999998,1.3371542216340702,-0.4412457783659296,0.4412457783659296,-24.81139104621737,8,2,"T1_06_30_2021_1,T1_07_01_2021,T2_03_29_2021,T2_04_26_2021,T3_05_25_2021_04,T3_05_25_2021_1,T3_05_25_2021_2,T3_05_25_2021_3",
T3_04_22_2021_2,T3,pinn,0,15.478416666666725,1097.0,1.7783999999999998,1.443666298704015,-0.3347337012959848,0.3347337012959848,-18.82218293387229,8,2,"T1_06_30_2021_1,T1_07_01_2021,T2_03_29_2021,T2_04_26_2021,T3_05_25_2021_04,T3_05_25_2021_1,T3_05_25_2021_2,T3_05_25_2021_3",
T3_04_22_2021_2,T3,elasticnet,0,15.478416666666725,1097.0,1.7783999999999998,1.6550858775494075,-0.1233141224505922,0.1233141224505922,-6.93399249047415,12,0,"T1_03_29_2021,T1_06_30_2021_1,T1_06_30_2021_2,T2_03_30_2021,T2_04_26_2021,T3_04_22_2021_1,T3_04_26_2021_1,T3_04_26_2021_2,T3_05_25_2021_1,T3_05_25_2021_2,T3_05_25_2021_3,T3_06_07_2021",
T3_04_22_2021_2,T3,weak_mlp,0,15.478416666666725,1097.0,1.7783999999999998,1.3373540643850963,-0.4410459356149034,0.4410459356149034,-24.80015382449975,12,0,"T1_03_29_2021,T1_06_30_2021_1,T1_06_30_2021_2,T2_03_30_2021,T2_04_26_2021,T3_04_22_2021_1,T3_04_26_2021_1,T3_04_26_2021_2,T3_05_25_2021_1,T3_05_25_2021_2,T3_05_25_2021_3,T3_06_07_2021",
T3_04_22_2021_2,T3,pinn,0,15.478416666666725,1097.0,1.7783999999999998,1.5652293569015132,-0.2131706430984865,0.2131706430984865,-11.986653345618905,12,0,"T1_03_29_2021,T1_06_30_2021_1,T1_06_30_2021_2,T2_03_30_2021,T2_04_26_2021,T3_04_22_2021_1,T3_04_26_2021_1,T3_04_26_2021_2,T3_05_25_2021_1,T3_05_25_2021_2,T3_05_25_2021_3,T3_06_07_2021",
T3_04_22_2021_2,T3,elasticnet,0,15.478416666666725,1097.0,1.7783999999999998,1.6526641333636634,-0.1257358666363364,0.1257358666363364,-7.070167939515094,12,1,"T1_06_30_2021_1,T1_06_30_2021_2,T2_03_29_2021,T2_03_30_2021,T2_04_26_2021,T3_04_22_2021_1,T3_04_26_2021_1,T3_04_26_2021_2,T3_05_25_2021_04,T3_05_25_2021_2,T3_05_31_2021,T3_06_07_2021",
T3_04_22_2021_2,T3,weak_mlp,0,15.478416666666725,1097.0,1.7783999999999998,1.2869792350795533,-0.4914207649204465,0.4914207649204465,-27.6327465654772,12,1,"T1_06_30_2021_1,T1_06_30_2021_2,T2_03_29_2021,T2_03_30_2021,T2_04_26_2021,T3_04_22_2021_1,T3_04_26_2021_1,T3_04_26_2021_2,T3_05_25_2021_04,T3_05_25_2021_2,T3_05_31_2021,T3_06_07_2021",
T3_04_22_2021_2,T3,pinn,0,15.478416666666725,1097.0,1.7783999999999998,1.439821221679449,-0.3385787783205507,0.3385787783205507,-19.03839284303592,12,1,"T1_06_30_2021_1,T1_06_30_2021_2,T2_03_29_2021,T2_03_30_2021,T2_04_26_2021,T3_04_22_2021_1,T3_04_26_2021_1,T3_04_26_2021_2,T3_05_25_2021_04,T3_05_25_2021_2,T3_05_31_2021,T3_06_07_2021",
T3_04_22_2021_2,T3,elasticnet,0,15.478416666666725,1097.0,1.7783999999999998,1.6673498192481375,-0.1110501807518622,0.1110501807518622,-6.244387131796122,12,2,"T1_06_30_2021_1,T1_06_30_2021_2,T1_07_01_2021,T2_03_29_2021,T2_04_26_2021,T3_04_22_2021_1,T3_04_26_2021_1,T3_05_25_2021_1,T3_05_25_2021_2,T3_05_25_2021_3,T3_05_31_2021,T3_06_07_2021",
T3_04_22_2021_2,T3,weak_mlp,0,15.478416666666725,1097.0,1.7783999999999998,1.307246222363578,-0.4711537776364218,0.4711537776364218,-26.493127397459624,12,2,"T1_06_30_2021_1,T1_06_30_2021_2,T1_07_01_2021,T2_03_29_2021,T2_04_26_2021,T3_04_22_2021_1,T3_04_26_2021_1,T3_05_25_2021_1,T3_05_25_2021_2,T3_05_25_2021_3,T3_05_31_2021,T3_06_07_2021",
T3_04_22_2021_2,T3,pinn,0,15.478416666666725,1097.0,1.7783999999999998,1.6094350497424603,-0.1689649502575394,0.1689649502575394,-9.500953118395156,12,2,"T1_06_30_2021_1,T1_06_30_2021_2,T1_07_01_2021,T2_03_29_2021,T2_04_26_2021,T3_04_22_2021_1,T3_04_26_2021_1,T3_05_25_2021_1,T3_05_25_2021_2,T3_05_25_2021_3,T3_05_31_2021,T3_06_07_2021",
T3_04_22_2021_2,T3,elasticnet,0,15.478416666666725,1097.0,1.7783999999999998,1.659525779591493,-0.1188742204085067,0.1188742204085067,-6.684335380595294,16,0,"T1_03_29_2021,T1_06_30_2021_1,T1_06_30_2021_2,T1_07_01_2021,T2_03_29_2021,T2_03_30_2021,T2_04_26_2021,T3_04_22_2021_1,T3_04_26_2021_1,T3_04_26_2021_2,T3_05_25_2021_04,T3_05_25_2021_1,T3_05_25_2021_2,T3_05_25_2021_3,T3_05_31_2021,T3_06_07_2021",
T3_04_22_2021_2,T3,weak_mlp,0,15.478416666666725,1097.0,1.7783999999999998,1.4394106447034414,-0.3389893552965584,0.3389893552965584,-19.061479717530275,16,0,"T1_03_29_2021,T1_06_30_2021_1,T1_06_30_2021_2,T1_07_01_2021,T2_03_29_2021,T2_03_30_2021,T2_04_26_2021,T3_04_22_2021_1,T3_04_26_2021_1,T3_04_26_2021_2,T3_05_25_2021_04,T3_05_25_2021_1,T3_05_25_2021_2,T3_05_25_2021_3,T3_05_31_2021,T3_06_07_2021",True
T3_04_22_2021_2,T3,pinn,0,15.478416666666725,1097.0,1.7783999999999998,1.440821213780178,-0.3375787862198218,0.3375787862198218,-18.982162967826245,16,0,"T1_03_29_2021,T1_06_30_2021_1,T1_06_30_2021_2,T1_07_01_2021,T2_03_29_2021,T2_03_30_2021,T2_04_26_2021,T3_04_22_2021_1,T3_04_26_2021_1,T3_04_26_2021_2,T3_05_25_2021_04,T3_05_25_2021_1,T3_05_25_2021_2,T3_05_25_2021_3,T3_05_31_2021,T3_06_07_2021",True
T3_04_26_2021_1,T3,physics,0,14.34297083333336,1031.0,1.4676000000000005,0.8865242264684328,-0.5810757735315677,0.5810757735315677,-39.59360680918285,0,0,,
T3_04_26_2021_1,T3,elasticnet,0,14.34297083333336,1031.0,1.4676000000000005,1.7039760826816444,0.2363760826816439,0.2363760826816439,16.106301627258368,3,0,"T1_07_01_2021,T2_03_29_2021,T3_04_22_2021_2",
T3_04_26_2021_1,T3,weak_mlp,0,14.34297083333336,1031.0,1.4676000000000005,1.4578434585200415,-0.0097565414799589,0.0097565414799589,-0.6647956854700849,3,0,"T1_07_01_2021,T2_03_29_2021,T3_04_22_2021_2",
T3_04_26_2021_1,T3,pinn,0,14.34297083333336,1031.0,1.4676000000000005,1.282998492659794,-0.1846015073402065,0.1846015073402065,-12.578461933783489,3,0,"T1_07_01_2021,T2_03_29_2021,T3_04_22_2021_2",
T3_04_26_2021_1,T3,elasticnet,0,14.34297083333336,1031.0,1.4676000000000005,1.1539969997276789,-0.3136030002723218,0.3136030002723218,-21.368424657421755,3,1,"T1_06_30_2021_1,T2_04_26_2021,T3_04_22_2021_1",
T3_04_26_2021_1,T3,weak_mlp,0,14.34297083333336,1031.0,1.4676000000000005,1.1437533531586328,-0.3238466468413676,0.3238466468413676,-22.06641093222728,3,1,"T1_06_30_2021_1,T2_04_26_2021,T3_04_22_2021_1",
T3_04_26_2021_1,T3,pinn,0,14.34297083333336,1031.0,1.4676000000000005,0.9923538894583988,-0.4752461105416017,0.4752461105416017,-32.38253683167086,3,1,"T1_06_30_2021_1,T2_04_26_2021,T3_04_22_2021_1",
T3_04_26_2021_1,T3,elasticnet,0,14.34297083333336,1031.0,1.4676000000000005,1.3631889564582869,-0.1044110435417136,0.1044110435417136,-7.114407436747994,3,2,"T1_03_29_2021,T2_03_30_2021,T3_05_25_2021_2",
T3_04_26_2021_1,T3,weak_mlp,0,14.34297083333336,1031.0,1.4676000000000005,0.9491121912002562,-0.5184878087997442,0.5184878087997442,-35.32895944397275,3,2,"T1_03_29_2021,T2_03_30_2021,T3_05_25_2021_2",
T3_04_26_2021_1,T3,pinn,0,14.34297083333336,1031.0,1.4676000000000005,1.1146861345486507,-0.3529138654513497,0.3529138654513497,-24.0470063676308,3,2,"T1_03_29_2021,T2_03_30_2021,T3_05_25_2021_2",
T3_04_26_2021_1,T3,elasticnet,0,14.34297083333336,1031.0,1.4676000000000005,1.7679121999357963,0.3003121999357958,0.3003121999357958,20.462810025606142,5,0,"T1_07_01_2021,T2_03_29_2021,T3_04_26_2021_2,T3_05_25_2021_2,T3_05_31_2021",
T3_04_26_2021_1,T3,weak_mlp,0,14.34297083333336,1031.0,1.4676000000000005,1.7206975642177793,0.2530975642177788,0.2530975642177788,17.24567758365895,5,0,"T1_07_01_2021,T2_03_29_2021,T3_04_26_2021_2,T3_05_25_2021_2,T3_05_31_2021",
T3_04_26_2021_1,T3,pinn,0,14.34297083333336,1031.0,1.4676000000000005,1.3365704025824865,-0.1310295974175139,0.1310295974175139,-8.928154634608472,5,0,"T1_07_01_2021,T2_03_29_2021,T3_04_26_2021_2,T3_05_25_2021_2,T3_05_31_2021",
T3_04_26_2021_1,T3,elasticnet,0,14.34297083333336,1031.0,1.4676000000000005,1.4137629630501665,-0.0538370369498339,0.0538370369498339,-3.668372645804986,5,1,"T1_07_01_2021,T2_03_30_2021,T3_05_25_2021_1,T3_05_25_2021_2,T3_05_25_2021_3",
T3_04_26_2021_1,T3,weak_mlp,0,14.34297083333336,1031.0,1.4676000000000005,1.942831981447008,0.4752319814470074,0.4752319814470074,32.38157409696152,5,1,"T1_07_01_2021,T2_03_30_2021,T3_05_25_2021_1,T3_05_25_2021_2,T3_05_25_2021_3",
T3_04_26_2021_1,T3,pinn,0,14.34297083333336,1031.0,1.4676000000000005,1.364598216911157,-0.1030017830888434,0.1030017830888434,-7.018382603491647,5,1,"T1_07_01_2021,T2_03_30_2021,T3_05_25_2021_1,T3_05_25_2021_2,T3_05_25_2021_3",
T3_04_26_2021_1,T3,elasticnet,0,14.34297083333336,1031.0,1.4676000000000005,2.323229253477708,0.8556292534777077,0.8556292534777077,58.30125739150364,5,2,"T1_07_01_2021,T2_03_29_2021,T2_04_26_2021,T3_04_22_2021_2,T3_06_07_2021",
T3_04_26_2021_1,T3,weak_mlp,0,14.34297083333336,1031.0,1.4676000000000005,0.9286362868216302,-0.5389637131783702,0.5389637131783702,-36.72415598108272,5,2,"T1_07_01_2021,T2_03_29_2021,T2_04_26_2021,T3_04_22_2021_2,T3_06_07_2021",
T3_04_26_2021_1,T3,pinn,0,14.34297083333336,1031.0,1.4676000000000005,1.1327119797302618,-0.3348880202697386,0.3348880202697386,-22.818753084610147,5,2,"T1_07_01_2021,T2_03_29_2021,T2_04_26_2021,T3_04_22_2021_2,T3_06_07_2021",
T3_04_26_2021_1,T3,elasticnet,0,14.34297083333336,1031.0,1.4676000000000005,1.5160860703681924,0.0484860703681919,0.0484860703681919,3.303766037625508,8,0,"T1_07_01_2021,T2_03_30_2021,T2_04_26_2021,T3_04_22_2021_1,T3_04_26_2021_2,T3_05_25_2021_04,T3_05_25_2021_2,T3_05_25_2021_3",
T3_04_26_2021_1,T3,weak_mlp,0,14.34297083333336,1031.0,1.4676000000000005,1.428325635989507,-0.0392743640104935,0.0392743640104935,-2.676094576893809,8,0,"T1_07_01_2021,T2_03_30_2021,T2_04_26_2021,T3_04_22_2021_1,T3_04_26_2021_2,T3_05_25_2021_04,T3_05_25_2021_2,T3_05_25_2021_3",
T3_04_26_2021_1,T3,pinn,0,14.34297083333336,1031.0,1.4676000000000005,1.126818432551291,-0.3407815674487091,0.3407815674487091,-23.22033029767709,8,0,"T1_07_01_2021,T2_03_30_2021,T2_04_26_2021,T3_04_22_2021_1,T3_04_26_2021_2,T3_05_25_2021_04,T3_05_25_2021_2,T3_05_25_2021_3",
T3_04_26_2021_1,T3,elasticnet,0,14.34297083333336,1031.0,1.4676000000000005,2.249836823169797,0.7822368231697965,0.7822368231697965,53.30041040949824,8,1,"T1_06_30_2021_1,T1_07_01_2021,T2_03_30_2021,T3_04_22_2021_1,T3_04_26_2021_2,T3_05_25_2021_2,T3_05_25_2021_3,T3_06_07_2021",
T3_04_26_2021_1,T3,weak_mlp,0,14.34297083333336,1031.0,1.4676000000000005,1.4915122244093153,0.0239122244093148,0.0239122244093148,1.6293420829459548,8,1,"T1_06_30_2021_1,T1_07_01_2021,T2_03_30_2021,T3_04_22_2021_1,T3_04_26_2021_2,T3_05_25_2021_2,T3_05_25_2021_3,T3_06_07_2021",
T3_04_26_2021_1,T3,pinn,0,14.34297083333336,1031.0,1.4676000000000005,1.2891794095933438,-0.1784205904066567,0.1784205904066567,-12.157303788951802,8,1,"T1_06_30_2021_1,T1_07_01_2021,T2_03_30_2021,T3_04_22_2021_1,T3_04_26_2021_2,T3_05_25_2021_2,T3_05_25_2021_3,T3_06_07_2021",
T3_04_26_2021_1,T3,elasticnet,0,14.34297083333336,1031.0,1.4676000000000005,1.7160347491260228,0.2484347491260223,0.2484347491260223,16.92796055642016,8,2,"T1_03_29_2021,T1_06_30_2021_1,T1_07_01_2021,T2_03_30_2021,T3_04_26_2021_2,T3_05_25_2021_04,T3_05_25_2021_3,T3_05_31_2021",
T3_04_26_2021_1,T3,weak_mlp,0,14.34297083333336,1031.0,1.4676000000000005,1.3755148344569736,-0.0920851655430268,0.0920851655430268,-6.274541124490787,8,2,"T1_03_29_2021,T1_06_30_2021_1,T1_07_01_2021,T2_03_30_2021,T3_04_26_2021_2,T3_05_25_2021_04,T3_05_25_2021_3,T3_05_31_2021",
T3_04_26_2021_1,T3,pinn,0,14.34297083333336,1031.0,1.4676000000000005,1.215318194942342,-0.2522818050576585,0.2522818050576585,-17.190093012923032,8,2,"T1_03_29_2021,T1_06_30_2021_1,T1_07_01_2021,T2_03_30_2021,T3_04_26_2021_2,T3_05_25_2021_04,T3_05_25_2021_3,T3_05_31_2021",
T3_04_26_2021_1,T3,elasticnet,0,14.34297083333336,1031.0,1.4676000000000005,1.6398326527893894,0.1722326527893889,0.1722326527893889,11.735667265562066,12,0,"T1_03_29_2021,T1_06_30_2021_1,T1_06_30_2021_2,T1_07_01_2021,T2_03_30_2021,T2_04_26_2021,T3_04_22_2021_2,T3_04_26_2021_2,T3_05_25_2021_04,T3_05_25_2021_2,T3_05_25_2021_3,T3_06_07_2021",
T3_04_26_2021_1,T3,weak_mlp,0,14.34297083333336,1031.0,1.4676000000000005,1.367449817525016,-0.1001501824749844,0.1001501824749844,-6.82407893669831,12,0,"T1_03_29_2021,T1_06_30_2021_1,T1_06_30_2021_2,T1_07_01_2021,T2_03_30_2021,T2_04_26_2021,T3_04_22_2021_2,T3_04_26_2021_2,T3_05_25_2021_04,T3_05_25_2021_2,T3_05_25_2021_3,T3_06_07_2021",
T3_04_26_2021_1,T3,pinn,0,14.34297083333336,1031.0,1.4676000000000005,1.1438075227787097,-0.3237924772212908,0.3237924772212908,-22.06271989788026,12,0,"T1_03_29_2021,T1_06_30_2021_1,T1_06_30_2021_2,T1_07_01_2021,T2_03_30_2021,T2_04_26_2021,T3_04_22_2021_2,T3_04_26_2021_2,T3_05_25_2021_04,T3_05_25_2021_2,T3_05_25_2021_3,T3_06_07_2021",
T3_04_26_2021_1,T3,elasticnet,0,14.34297083333336,1031.0,1.4676000000000005,1.4892622722480922,0.0216622722480916,0.0216622722480916,1.4760338135794282,12,1,"T1_03_29_2021,T1_06_30_2021_1,T1_06_30_2021_2,T1_07_01_2021,T2_03_29_2021,T2_04_26_2021,T3_04_22_2021_1,T3_04_26_2021_2,T3_05_25_2021_04,T3_05_25_2021_1,T3_05_25_2021_3,T3_06_07_2021",
T3_04_26_2021_1,T3,weak_mlp,0,14.34297083333336,1031.0,1.4676000000000005,1.360369388659795,-0.1072306113402055,0.1072306113402055,-7.306528436917789,12,1,"T1_03_29_2021,T1_06_30_2021_1,T1_06_30_2021_2,T1_07_01_2021,T2_03_29_2021,T2_04_26_2021,T3_04_22_2021_1,T3_04_26_2021_2,T3_05_25_2021_04,T3_05_25_2021_1,T3_05_25_2021_3,T3_06_07_2021",
T3_04_26_2021_1,T3,pinn,0,14.34297083333336,1031.0,1.4676000000000005,1.1739733228915268,-0.2936266771084737,0.2936266771084737,-20.00726881360545,12,1,"T1_03_29_2021,T1_06_30_2021_1,T1_06_30_2021_2,T1_07_01_2021,T2_03_29_2021,T2_04_26_2021,T3_04_22_2021_1,T3_04_26_2021_2,T3_05_25_2021_04,T3_05_25_2021_1,T3_05_25_2021_3,T3_06_07_2021",
T3_04_26_2021_1,T3,elasticnet,0,14.34297083333336,1031.0,1.4676000000000005,1.6733701812208854,0.2057701812208849,0.2057701812208849,14.020862716059206,12,2,"T1_03_29_2021,T1_06_30_2021_2,T2_03_29_2021,T2_03_30_2021,T2_04_26_2021,T3_04_22_2021_2,T3_04_26_2021_2,T3_05_25_2021_04,T3_05_25_2021_1,T3_05_25_2021_2,T3_05_31_2021,T3_06_07_2021",
T3_04_26_2021_1,T3,weak_mlp,0,14.34297083333336,1031.0,1.4676000000000005,1.3503990533616808,-0.1172009466383197,0.1172009466383197,-7.985891703346938,12,2,"T1_03_29_2021,T1_06_30_2021_2,T2_03_29_2021,T2_03_30_2021,T2_04_26_2021,T3_04_22_2021_2,T3_04_26_2021_2,T3_05_25_2021_04,T3_05_25_2021_1,T3_05_25_2021_2,T3_05_31_2021,T3_06_07_2021",
T3_04_26_2021_1,T3,pinn,0,14.34297083333336,1031.0,1.4676000000000005,1.1776291425112222,-0.2899708574887782,0.2899708574887782,-19.75816690438663,12,2,"T1_03_29_2021,T1_06_30_2021_2,T2_03_29_2021,T2_03_30_2021,T2_04_26_2021,T3_04_22_2021_2,T3_04_26_2021_2,T3_05_25_2021_04,T3_05_25_2021_1,T3_05_25_2021_2,T3_05_31_2021,T3_06_07_2021",
T3_04_26_2021_1,T3,elasticnet,0,14.34297083333336,1031.0,1.4676000000000005,1.5818258351501673,0.1142258351501668,0.1142258351501668,7.783172196113846,16,0,"T1_03_29_2021,T1_06_30_2021_1,T1_06_30_2021_2,T1_07_01_2021,T2_03_29_2021,T2_03_30_2021,T2_04_26_2021,T3_04_22_2021_1,T3_04_22_2021_2,T3_04_26_2021_2,T3_05_25_2021_04,T3_05_25_2021_1,T3_05_25_2021_2,T3_05_25_2021_3,T3_05_31_2021,T3_06_07_2021",
T3_04_26_2021_1,T3,weak_mlp,0,14.34297083333336,1031.0,1.4676000000000005,1.3614625481102205,-0.1061374518897799,0.1061374518897799,-7.232042238333329,16,0,"T1_03_29_2021,T1_06_30_2021_1,T1_06_30_2021_2,T1_07_01_2021,T2_03_29_2021,T2_03_30_2021,T2_04_26_2021,T3_04_22_2021_1,T3_04_22_2021_2,T3_04_26_2021_2,T3_05_25_2021_04,T3_05_25_2021_1,T3_05_25_2021_2,T3_05_25_2021_3,T3_05_31_2021,T3_06_07_2021",True
T3_04_26_2021_1,T3,pinn,0,14.34297083333336,1031.0,1.4676000000000005,1.232401512902644,-0.2351984870973564,0.2351984870973564,-16.026062080768355,16,0,"T1_03_29_2021,T1_06_30_2021_1,T1_06_30_2021_2,T1_07_01_2021,T2_03_29_2021,T2_03_30_2021,T2_04_26_2021,T3_04_22_2021_1,T3_04_22_2021_2,T3_04_26_2021_2,T3_05_25_2021_04,T3_05_25_2021_1,T3_05_25_2021_2,T3_05_25_2021_3,T3_05_31_2021,T3_06_07_2021",True
T3_04_26_2021_2,T3,physics,0,15.6523166666667,1032.0,1.5179999999999998,1.1209338597467944,-0.3970661402532054,0.3970661402532054,-26.15718974000036,0,0,,
T3_04_26_2021_2,T3,elasticnet,0,15.6523166666667,1032.0,1.5179999999999998,2.007166206069897,0.4891662060698971,0.4891662060698971,32.22438775164013,3,0,"T1_06_30_2021_1,T2_03_29_2021,T3_05_25_2021_04",
T3_04_26_2021_2,T3,weak_mlp,0,15.6523166666667,1032.0,1.5179999999999998,1.042756122450034,-0.4752438775499659,0.4752438775499659,-31.307238310274435,3,0,"T1_06_30_2021_1,T2_03_29_2021,T3_05_25_2021_04",
T3_04_26_2021_2,T3,pinn,0,15.6523166666667,1032.0,1.5179999999999998,1.3587566434260872,-0.1592433565739126,0.1592433565739126,-10.490339695251164,3,0,"T1_06_30_2021_1,T2_03_29_2021,T3_05_25_2021_04",
T3_04_26_2021_2,T3,elasticnet,0,15.6523166666667,1032.0,1.5179999999999998,1.4444489356728605,-0.0735510643271393,0.0735510643271393,-4.845261154620509,3,1,"T1_06_30_2021_2,T2_03_30_2021,T3_06_07_2021",
T3_04_26_2021_2,T3,weak_mlp,0,15.6523166666667,1032.0,1.5179999999999998,1.2631015748447842,-0.2548984251552155,0.2548984251552155,-16.791727612333045,3,1,"T1_06_30_2021_2,T2_03_30_2021,T3_06_07_2021",
T3_04_26_2021_2,T3,pinn,0,15.6523166666667,1032.0,1.5179999999999998,1.1478367032534962,-0.3701632967465036,0.3701632967465036,-24.384933909519347,3,1,"T1_06_30_2021_2,T2_03_30_2021,T3_06_07_2021",
T3_04_26_2021_2,T3,elasticnet,0,15.6523166666667,1032.0,1.5179999999999998,1.5907002524572251,0.0727002524572255,0.0727002524572255,4.789212941846216,3,2,"T1_06_30_2021_1,T2_04_26_2021,T3_05_25_2021_2",
T3_04_26_2021_2,T3,weak_mlp,0,15.6523166666667,1032.0,1.5179999999999998,0.9962871166732576,-0.5217128833267421,0.5217128833267421,-34.36843763680779,3,2,"T1_06_30_2021_1,T2_04_26_2021,T3_05_25_2021_2",
T3_04_26_2021_2,T3,pinn,0,15.6523166666667,1032.0,1.5179999999999998,1.496294943930374,-0.0217050560696256,0.0217050560696256,-1.4298455908844332,3,2,"T1_06_30_2021_1,T2_04_26_2021,T3_05_25_2021_2",
T3_04_26_2021_2,T3,elasticnet,0,15.6523166666667,1032.0,1.5179999999999998,1.7290892932966364,0.2110892932966366,0.2110892932966366,13.905750546550502,5,0,"T1_03_29_2021,T1_06_30_2021_2,T2_03_29_2021,T2_04_26_2021,T3_05_25_2021_1",
T3_04_26_2021_2,T3,weak_mlp,0,15.6523166666667,1032.0,1.5179999999999998,1.4175080936484863,-0.1004919063515132,0.1004919063515132,-6.62002018125911,5,0,"T1_03_29_2021,T1_06_30_2021_2,T2_03_29_2021,T2_04_26_2021,T3_05_25_2021_1",
T3_04_26_2021_2,T3,pinn,0,15.6523166666667,1032.0,1.5179999999999998,1.2803177678522966,-0.2376822321477032,0.2376822321477032,-15.657591050573338,5,0,"T1_03_29_2021,T1_06_30_2021_2,T2_03_29_2021,T2_04_26_2021,T3_05_25_2021_1",
T3_04_26_2021_2,T3,elasticnet,0,15.6523166666667,1032.0,1.5179999999999998,1.5800284606384234,0.0620284606384236,0.0620284606384236,4.086196352992332,5,1,"T1_03_29_2021,T2_03_30_2021,T3_04_22_2021_2,T3_05_25_2021_3,T3_06_07_2021",
T3_04_26_2021_2,T3,weak_mlp,0,15.6523166666667,1032.0,1.5179999999999998,1.2360007395678096,-0.2819992604321901,0.2819992604321901,-18.57702637893216,5,1,"T1_03_29_2021,T2_03_30_2021,T3_04_22_2021_2,T3_05_25_2021_3,T3_06_07_2021",
T3_04_26_2021_2,T3,pinn,0,15.6523166666667,1032.0,1.5179999999999998,1.4231563966307377,-0.0948436033692623,0.0948436033692623,-6.247931710755095,5,1,"T1_03_29_2021,T2_03_30_2021,T3_04_22_2021_2,T3_05_25_2021_3,T3_06_07_2021",
T3_04_26_2021_2,T3,elasticnet,0,15.6523166666667,1032.0,1.5179999999999998,1.6389068786890215,0.1209068786890217,0.1209068786890217,7.96488001903964,5,2,"T1_06_30_2021_2,T1_07_01_2021,T2_04_26_2021,T3_04_26_2021_1,T3_05_25_2021_04",
T3_04_26_2021_2,T3,weak_mlp,0,15.6523166666667,1032.0,1.5179999999999998,1.3757665475540692,-0.1422334524459305,0.1422334524459305,-9.369792651247073,5,2,"T1_06_30_2021_2,T1_07_01_2021,T2_04_26_2021,T3_04_26_2021_1,T3_05_25_2021_04",
T3_04_26_2021_2,T3,pinn,0,15.6523166666667,1032.0,1.5179999999999998,1.4491729549898045,-0.0688270450101955,0.0688270450101955,-4.534060936113014,5,2,"T1_06_30_2021_2,T1_07_01_2021,T2_04_26_2021,T3_04_26_2021_1,T3_05_25_2021_04",
T3_04_26_2021_2,T3,elasticnet,0,15.6523166666667,1032.0,1.5179999999999998,1.779982138568878,0.2619821385688781,0.2619821385688781,17.258375399794343,8,0,"T1_03_29_2021,T1_06_30_2021_1,T1_06_30_2021_2,T2_03_30_2021,T3_04_26_2021_1,T3_05_25_2021_04,T3_05_25_2021_1,T3_05_31_2021",
T3_04_26_2021_2,T3,weak_mlp,0,15.6523166666667,1032.0,1.5179999999999998,1.5756431613365809,0.057643161336581,0.057643161336581,3.7973097059671344,8,0,"T1_03_29_2021,T1_06_30_2021_1,T1_06_30_2021_2,T2_03_30_2021,T3_04_26_2021_1,T3_05_25_2021_04,T3_05_25_2021_1,T3_05_31_2021",
T3_04_26_2021_2,T3,pinn,0,15.6523166666667,1032.0,1.5179999999999998,1.5481807087030677,0.0301807087030678,0.0301807087030678,1.9881889791217315,8,0,"T1_03_29_2021,T1_06_30_2021_1,T1_06_30_2021_2,T2_03_30_2021,T3_04_26_2021_1,T3_05_25_2021_04,T3_05_25_2021_1,T3_05_31_2021",
T3_04_26_2021_2,T3,elasticnet,0,15.6523166666667,1032.0,1.5179999999999998,1.7435396417849012,0.2255396417849013,0.2255396417849013,14.85768391204884,8,1,"T1_06_30_2021_2,T2_03_30_2021,T2_04_26_2021,T3_04_22_2021_1,T3_04_26_2021_1,T3_05_25_2021_04,T3_05_25_2021_2,T3_05_31_2021",
T3_04_26_2021_2,T3,weak_mlp,0,15.6523166666667,1032.0,1.5179999999999998,1.4706352422965896,-0.0473647577034102,0.0473647577034102,-3.120208017352451,8,1,"T1_06_30_2021_2,T2_03_30_2021,T2_04_26_2021,T3_04_22_2021_1,T3_04_26_2021_1,T3_05_25_2021_04,T3_05_25_2021_2,T3_05_31_2021",
T3_04_26_2021_2,T3,pinn,0,15.6523166666667,1032.0,1.5179999999999998,1.38420144693719,-0.1337985530628098,0.1337985530628098,-8.814133930356382,8,1,"T1_06_30_2021_2,T2_03_30_2021,T2_04_26_2021,T3_04_22_2021_1,T3_04_26_2021_1,T3_05_25_2021_04,T3_05_25_2021_2,T3_05_31_2021",
T3_04_26_2021_2,T3,elasticnet,0,15.6523166666667,1032.0,1.5179999999999998,1.732474328085811,0.2144743280858112,0.2144743280858112,14.12874361566609,8,2,"T1_06_30_2021_2,T2_03_29_2021,T2_03_30_2021,T3_04_22_2021_1,T3_04_22_2021_2,T3_04_26_2021_1,T3_05_25_2021_1,T3_05_31_2021",
T3_04_26_2021_2,T3,weak_mlp,0,15.6523166666667,1032.0,1.5179999999999998,1.517538558906979,-0.0004614410930208,0.0004614410930208,-0.0303979639671159,8,2,"T1_06_30_2021_2,T2_03_29_2021,T2_03_30_2021,T3_04_22_2021_1,T3_04_22_2021_2,T3_04_26_2021_1,T3_05_25_2021_1,T3_05_31_2021",
T3_04_26_2021_2,T3,pinn,0,15.6523166666667,1032.0,1.5179999999999998,1.517461432930496,-0.0005385670695037,0.0005385670695037,-0.0354787265812731,8,2,"T1_06_30_2021_2,T2_03_29_2021,T2_03_30_2021,T3_04_22_2021_1,T3_04_22_2021_2,T3_04_26_2021_1,T3_05_25_2021_1,T3_05_31_2021",
T3_04_26_2021_2,T3,elasticnet,0,15.6523166666667,1032.0,1.5179999999999998,1.6174938754989756,0.0994938754989758,0.0994938754989758,6.554273748285628,12,0,"T1_03_29_2021,T1_06_30_2021_1,T1_07_01_2021,T2_03_29_2021,T2_04_26_2021,T3_04_22_2021_1,T3_04_22_2021_2,T3_04_26_2021_1,T3_05_25_2021_1,T3_05_25_2021_3,T3_05_31_2021,T3_06_07_2021",
T3_04_26_2021_2,T3,weak_mlp,0,15.6523166666667,1032.0,1.5179999999999998,1.413294965227445,-0.1047050347725548,0.1047050347725548,-6.897564873027331,12,0,"T1_03_29_2021,T1_06_30_2021_1,T1_07_01_2021,T2_03_29_2021,T2_04_26_2021,T3_04_22_2021_1,T3_04_22_2021_2,T3_04_26_2021_1,T3_05_25_2021_1,T3_05_25_2021_3,T3_05_31_2021,T3_06_07_2021",
T3_04_26_2021_2,T3,pinn,0,15.6523166666667,1032.0,1.5179999999999998,1.5039918150359557,-0.0140081849640441,0.0140081849640441,-0.9228053335997431,12,0,"T1_03_29_2021,T1_06_30_2021_1,T1_07_01_2021,T2_03_29_2021,T2_04_26_2021,T3_04_22_2021_1,T3_04_22_2021_2,T3_04_26_2021_1,T3_05_25_2021_1,T3_05_25_2021_3,T3_05_31_2021,T3_06_07_2021",
T3_04_26_2021_2,T3,elasticnet,0,15.6523166666667,1032.0,1.5179999999999998,1.746519371439624,0.228519371439624,0.228519371439624,15.053977038183408,12,1,"T1_03_29_2021,T1_06_30_2021_1,T1_07_01_2021,T2_03_29_2021,T2_03_30_2021,T2_04_26_2021,T3_04_22_2021_2,T3_04_26_2021_1,T3_05_25_2021_2,T3_05_25_2021_3,T3_05_31_2021,T3_06_07_2021",
T3_04_26_2021_2,T3,weak_mlp,0,15.6523166666667,1032.0,1.5179999999999998,1.3681392535898422,-0.1498607464101575,0.1498607464101575,-9.872249434134227,12,1,"T1_03_29_2021,T1_06_30_2021_1,T1_07_01_2021,T2_03_29_2021,T2_03_30_2021,T2_04_26_2021,T3_04_22_2021_2,T3_04_26_2021_1,T3_05_25_2021_2,T3_05_25_2021_3,T3_05_31_2021,T3_06_07_2021",
T3_04_26_2021_2,T3,pinn,0,15.6523166666667,1032.0,1.5179999999999998,1.4213822327657706,-0.0966177672342292,0.0966177672342292,-6.364806800673862,12,1,"T1_03_29_2021,T1_06_30_2021_1,T1_07_01_2021,T2_03_29_2021,T2_03_30_2021,T2_04_26_2021,T3_04_22_2021_2,T3_04_26_2021_1,T3_05_25_2021_2,T3_05_25_2021_3,T3_05_31_2021,T3_06_07_2021",
T3_04_26_2021_2,T3,elasticnet,0,15.6523166666667,1032.0,1.5179999999999998,1.7055160582648907,0.1875160582648909,0.1875160582648909,12.352836512838667,12,2,"T1_06_30_2021_2,T1_07_01_2021,T2_03_29_2021,T2_03_30_2021,T2_04_26_2021,T3_04_22_2021_1,T3_04_22_2021_2,T3_05_25_2021_04,T3_05_25_2021_1,T3_05_25_2021_2,T3_05_25_2021_3,T3_05_31_2021",
T3_04_26_2021_2,T3,weak_mlp,0,15.6523166666667,1032.0,1.5179999999999998,1.2536764119068782,-0.2643235880931216,0.2643235880931216,-17.412621086503403,12,2,"T1_06_30_2021_2,T1_07_01_2021,T2_03_29_2021,T2_03_30_2021,T2_04_26_2021,T3_04_22_2021_1,T3_04_22_2021_2,T3_05_25_2021_04,T3_05_25_2021_1,T3_05_25_2021_2,T3_05_25_2021_3,T3_05_31_2021",
T3_04_26_2021_2,T3,pinn,0,15.6523166666667,1032.0,1.5179999999999998,1.3808484059158297,-0.1371515940841701,0.1371515940841701,-9.035019373133736,12,2,"T1_06_30_2021_2,T1_07_01_2021,T2_03_29_2021,T2_03_30_2021,T2_04_26_2021,T3_04_22_2021_1,T3_04_22_2021_2,T3_05_25_2021_04,T3_05_25_2021_1,T3_05_25_2021_2,T3_05_25_2021_3,T3_05_31_2021",
T3_04_26_2021_2,T3,elasticnet,0,15.6523166666667,1032.0,1.5179999999999998,1.687161093113117,0.1691610931131171,0.1691610931131171,11.143682023262,16,0,"T1_03_29_2021,T1_06_30_2021_1,T1_06_30_2021_2,T1_07_01_2021,T2_03_29_2021,T2_03_30_2021,T2_04_26_2021,T3_04_22_2021_1,T3_04_22_2021_2,T3_04_26_2021_1,T3_05_25_2021_04,T3_05_25_2021_1,T3_05_25_2021_2,T3_05_25_2021_3,T3_05_31_2021,T3_06_07_2021",
T3_04_26_2021_2,T3,weak_mlp,0,15.6523166666667,1032.0,1.5179999999999998,1.3650848125749164,-0.1529151874250833,0.1529151874250833,-10.073464257251873,16,0,"T1_03_29_2021,T1_06_30_2021_1,T1_06_30_2021_2,T1_07_01_2021,T2_03_29_2021,T2_03_30_2021,T2_04_26_2021,T3_04_22_2021_1,T3_04_22_2021_2,T3_04_26_2021_1,T3_05_25_2021_04,T3_05_25_2021_1,T3_05_25_2021_2,T3_05_25_2021_3,T3_05_31_2021,T3_06_07_2021",True
T3_04_26_2021_2,T3,pinn,0,15.6523166666667,1032.0,1.5179999999999998,1.459999399110675,-0.0580006008893247,0.0580006008893247,-3.820856448572121,16,0,"T1_03_29_2021,T1_06_30_2021_1,T1_06_30_2021_2,T1_07_01_2021,T2_03_29_2021,T2_03_30_2021,T2_04_26_2021,T3_04_22_2021_1,T3_04_22_2021_2,T3_04_26_2021_1,T3_05_25_2021_04,T3_05_25_2021_1,T3_05_25_2021_2,T3_05_25_2021_3,T3_05_31_2021,T3_06_07_2021",True
T3_05_25_2021_04,T3,physics,0,32.99230555555521,2516.0,2.9508,2.314616466229739,-0.6361835337702608,0.6361835337702608,-21.5596968201932,0,0,,
T3_05_25_2021_04,T3,elasticnet,0,32.99230555555521,2516.0,2.9508,2.7146221134042867,-0.2361778865957129,0.2361778865957129,-8.003859515918156,3,0,"T1_06_30_2021_1,T2_03_29_2021,T3_06_07_2021",
T3_05_25_2021_04,T3,weak_mlp,0,32.99230555555521,2516.0,2.9508,3.046102305584484,0.0953023055844841,0.0953023055844841,3.229710776212694,3,0,"T1_06_30_2021_1,T2_03_29_2021,T3_06_07_2021",
T3_05_25_2021_04,T3,pinn,0,32.99230555555521,2516.0,2.9508,2.862281616288755,-0.0885183837112446,0.0885183837112446,-2.9998096689455287,3,0,"T1_06_30_2021_1,T2_03_29_2021,T3_06_07_2021",
T3_05_25_2021_04,T3,elasticnet,0,32.99230555555521,2516.0,2.9508,2.8115162766177546,-0.139283723382245,0.139283723382245,-4.720202093745597,3,1,"T1_07_01_2021,T2_04_26_2021,T3_04_26_2021_2",
T3_05_25_2021_04,T3,weak_mlp,0,32.99230555555521,2516.0,2.9508,2.931558321714401,-0.0192416782855984,0.0192416782855984,-0.6520834446793554,3,1,"T1_07_01_2021,T2_04_26_2021,T3_04_26_2021_2",
T3_05_25_2021_04,T3,pinn,0,32.99230555555521,2516.0,2.9508,3.0023074479235543,0.0515074479235546,0.0515074479235546,1.745541816577019,3,1,"T1_07_01_2021,T2_04_26_2021,T3_04_26_2021_2",
T3_05_25_2021_04,T3,elasticnet,0,32.99230555555521,2516.0,2.9508,1.3148772958172614,-1.6359227041827382,1.6359227041827382,-55.43997235267515,3,2,"T1_03_29_2021,T2_03_30_2021,T3_05_25_2021_2",
T3_05_25_2021_04,T3,weak_mlp,0,32.99230555555521,2516.0,2.9508,3.199213769369655,0.2484137693696553,0.2484137693696553,8.418522752123334,3,2,"T1_03_29_2021,T2_03_30_2021,T3_05_25_2021_2",
T3_05_25_2021_04,T3,pinn,0,32.99230555555521,2516.0,2.9508,3.160400747578177,0.2096007475781776,0.2096007475781776,7.103183800263576,3,2,"T1_03_29_2021,T2_03_30_2021,T3_05_25_2021_2",
T3_05_25_2021_04,T3,elasticnet,0,32.99230555555521,2516.0,2.9508,2.23368935259628,-0.7171106474037194,0.7171106474037194,-24.30224506587093,5,0,"T1_06_30_2021_1,T1_06_30_2021_2,T2_03_30_2021,T3_04_22_2021_2,T3_04_26_2021_2",
T3_05_25_2021_04,T3,weak_mlp,0,32.99230555555521,2516.0,2.9508,3.814039052989748,0.8632390529897482,0.8632390529897482,29.254407380701785,5,0,"T1_06_30_2021_1,T1_06_30_2021_2,T2_03_30_2021,T3_04_22_2021_2,T3_04_26_2021_2",
T3_05_25_2021_04,T3,pinn,0,32.99230555555521,2516.0,2.9508,3.096592615950439,0.1457926159504392,0.1457926159504392,4.940782701316228,5,0,"T1_06_30_2021_1,T1_06_30_2021_2,T2_03_30_2021,T3_04_22_2021_2,T3_04_26_2021_2",
T3_05_25_2021_04,T3,elasticnet,0,32.99230555555521,2516.0,2.9508,1.9132706508231228,-1.037529349176877,1.037529349176877,-35.16095123955799,5,1,"T1_07_01_2021,T2_03_29_2021,T3_05_25_2021_1,T3_05_25_2021_3,T3_06_07_2021",
T3_05_25_2021_04,T3,weak_mlp,0,32.99230555555521,2516.0,2.9508,3.904795068833563,0.9539950688335632,0.9539950688335632,32.330048421904685,5,1,"T1_07_01_2021,T2_03_29_2021,T3_05_25_2021_1,T3_05_25_2021_3,T3_06_07_2021",
T3_05_25_2021_04,T3,pinn,0,32.99230555555521,2516.0,2.9508,3.500948483691965,0.5501484836919652,0.5501484836919652,18.64404512986191,5,1,"T1_07_01_2021,T2_03_29_2021,T3_05_25_2021_1,T3_05_25_2021_3,T3_06_07_2021",
T3_05_25_2021_04,T3,elasticnet,0,32.99230555555521,2516.0,2.9508,2.3486612452747746,-0.602138754725225,0.602138754725225,-20.405949394239705,5,2,"T1_06_30_2021_1,T1_07_01_2021,T2_03_30_2021,T3_05_25_2021_2,T3_05_25_2021_3",
T3_05_25_2021_04,T3,weak_mlp,0,32.99230555555521,2516.0,2.9508,2.988469315800402,0.0376693158004024,0.0376693158004024,1.2765797682120934,5,2,"T1_06_30_2021_1,T1_07_01_2021,T2_03_30_2021,T3_05_25_2021_2,T3_05_25_2021_3",
T3_05_25_2021_04,T3,pinn,0,32.99230555555521,2516.0,2.9508,3.222889908645302,0.2720899086453023,0.2720899086453023,9.220886154442944,5,2,"T1_06_30_2021_1,T1_07_01_2021,T2_03_30_2021,T3_05_25_2021_2,T3_05_25_2021_3",
T3_05_25_2021_04,T3,elasticnet,0,32.99230555555521,2516.0,2.9508,1.5381894276557435,-1.412610572344256,1.412610572344256,-47.87212187692341,8,0,"T1_06_30_2021_2,T1_07_01_2021,T2_03_30_2021,T2_04_26_2021,T3_04_22_2021_1,T3_05_25_2021_1,T3_05_25_2021_2,T3_06_07_2021",
T3_05_25_2021_04,T3,weak_mlp,0,32.99230555555521,2516.0,2.9508,3.67611719151338,0.7253171915133798,0.7253171915133798,24.580357581448418,8,0,"T1_06_30_2021_2,T1_07_01_2021,T2_03_30_2021,T2_04_26_2021,T3_04_22_2021_1,T3_05_25_2021_1,T3_05_25_2021_2,T3_06_07_2021",
T3_05_25_2021_04,T3,pinn,0,32.99230555555521,2516.0,2.9508,3.049654744795213,0.0988547447952132,0.0988547447952132,3.350099796503094,8,0,"T1_06_30_2021_2,T1_07_01_2021,T2_03_30_2021,T2_04_26_2021,T3_04_22_2021_1,T3_05_25_2021_1,T3_05_25_2021_2,T3_06_07_2021",
T3_05_25_2021_04,T3,elasticnet,0,32.99230555555521,2516.0,2.9508,1.821275775301595,-1.1295242246984047,1.1295242246984047,-38.2785761386202,8,1,"T1_03_29_2021,T1_06_30_2021_1,T1_07_01_2021,T2_03_30_2021,T3_05_25_2021_1,T3_05_25_2021_2,T3_05_31_2021,T3_06_07_2021",
T3_05_25_2021_04,T3,weak_mlp,0,32.99230555555521,2516.0,2.9508,3.7549232738547857,0.8041232738547861,0.8041232738547861,27.25102595414078,8,1,"T1_03_29_2021,T1_06_30_2021_1,T1_07_01_2021,T2_03_30_2021,T3_05_25_2021_1,T3_05_25_2021_2,T3_05_31_2021,T3_06_07_2021",
T3_05_25_2021_04,T3,pinn,0,32.99230555555521,2516.0,2.9508,3.111378806990882,0.1605788069908822,0.1605788069908822,5.441873627181858,8,1,"T1_03_29_2021,T1_06_30_2021_1,T1_07_01_2021,T2_03_30_2021,T3_05_25_2021_1,T3_05_25_2021_2,T3_05_31_2021,T3_06_07_2021",
T3_05_25_2021_04,T3,elasticnet,0,32.99230555555521,2516.0,2.9508,2.0783293604735125,-0.8724706395264872,0.8724706395264872,-29.567257676782138,8,2,"T1_03_29_2021,T1_06_30_2021_2,T2_03_29_2021,T2_03_30_2021,T3_04_26_2021_1,T3_04_26_2021_2,T3_05_25_2021_3,T3_06_07_2021",
T3_05_25_2021_04,T3,weak_mlp,0,32.99230555555521,2516.0,2.9508,3.758205607798364,0.8074056077983647,0.8074056077983647,27.362261346020222,8,2,"T1_03_29_2021,T1_06_30_2021_2,T2_03_29_2021,T2_03_30_2021,T3_04_26_2021_1,T3_04_26_2021_2,T3_05_25_2021_3,T3_06_07_2021",
T3_05_25_2021_04,T3,pinn,0,32.99230555555521,2516.0,2.9508,3.2332974291717016,0.2824974291717019,0.2824974291717019,9.573587812515315,8,2,"T1_03_29_2021,T1_06_30_2021_2,T2_03_29_2021,T2_03_30_2021,T3_04_26_2021_1,T3_04_26_2021_2,T3_05_25_2021_3,T3_06_07_2021",
T3_05_25_2021_04,T3,elasticnet,0,32.99230555555521,2516.0,2.9508,2.376695474416228,-0.5741045255837718,0.5741045255837718,-19.45589418407794,12,0,"T1_03_29_2021,T1_07_01_2021,T2_03_29_2021,T2_03_30_2021,T2_04_26_2021,T3_04_22_2021_1,T3_04_22_2021_2,T3_04_26_2021_1,T3_04_26_2021_2,T3_05_25_2021_1,T3_05_25_2021_2,T3_06_07_2021",
T3_05_25_2021_04,T3,weak_mlp,0,32.99230555555521,2516.0,2.9508,3.6455012295312352,0.6947012295312356,0.6947012295312356,23.54280973062341,12,0,"T1_03_29_2021,T1_07_01_2021,T2_03_29_2021,T2_03_30_2021,T2_04_26_2021,T3_04_22_2021_1,T3_04_22_2021_2,T3_04_26_2021_1,T3_04_26_2021_2,T3_05_25_2021_1,T3_05_25_2021_2,T3_06_07_2021",
T3_05_25_2021_04,T3,pinn,0,32.99230555555521,2516.0,2.9508,3.175740269931654,0.2249402699316545,0.2249402699316545,7.623026634528077,12,0,"T1_03_29_2021,T1_07_01_2021,T2_03_29_2021,T2_03_30_2021,T2_04_26_2021,T3_04_22_2021_1,T3_04_22_2021_2,T3_04_26_2021_1,T3_04_26_2021_2,T3_05_25_2021_1,T3_05_25_2021_2,T3_06_07_2021",
T3_05_25_2021_04,T3,elasticnet,0,32.99230555555521,2516.0,2.9508,2.115855434674468,-0.8349445653255323,0.8349445653255323,-28.295532239580197,12,1,"T1_06_30_2021_2,T2_03_29_2021,T2_03_30_2021,T2_04_26_2021,T3_04_22_2021_1,T3_04_22_2021_2,T3_04_26_2021_1,T3_04_26_2021_2,T3_05_25_2021_1,T3_05_25_2021_2,T3_05_31_2021,T3_06_07_2021",
T3_05_25_2021_04,T3,weak_mlp,0,32.99230555555521,2516.0,2.9508,3.70786932349205,0.7570693234920505,0.7570693234920505,25.656409227736564,12,1,"T1_06_30_2021_2,T2_03_29_2021,T2_03_30_2021,T2_04_26_2021,T3_04_22_2021_1,T3_04_22_2021_2,T3_04_26_2021_1,T3_04_26_2021_2,T3_05_25_2021_1,T3_05_25_2021_2,T3_05_31_2021,T3_06_07_2021",
T3_05_25_2021_04,T3,pinn,0,32.99230555555521,2516.0,2.9508,3.3746621330868867,0.423862133086887,0.423862133086887,14.364312494472248,12,1,"T1_06_30_2021_2,T2_03_29_2021,T2_03_30_2021,T2_04_26_2021,T3_04_22_2021_1,T3_04_22_2021_2,T3_04_26_2021_1,T3_04_26_2021_2,T3_05_25_2021_1,T3_05_25_2021_2,T3_05_31_2021,T3_06_07_2021",
T3_05_25_2021_04,T3,elasticnet,0,32.99230555555521,2516.0,2.9508,2.562083162513873,-0.3887168374861267,0.3887168374861267,-13.173269536604542,12,2,"T1_03_29_2021,T1_06_30_2021_1,T1_06_30_2021_2,T1_07_01_2021,T2_03_29_2021,T2_03_30_2021,T3_04_22_2021_1,T3_04_26_2021_1,T3_05_25_2021_1,T3_05_25_2021_2,T3_05_25_2021_3,T3_06_07_2021",
T3_05_25_2021_04,T3,weak_mlp,0,32.99230555555521,2516.0,2.9508,3.666889289286401,0.7160892892864017,0.7160892892864017,24.267632143364573,12,2,"T1_03_29_2021,T1_06_30_2021_1,T1_06_30_2021_2,T1_07_01_2021,T2_03_29_2021,T2_03_30_2021,T3_04_22_2021_1,T3_04_26_2021_1,T3_05_25_2021_1,T3_05_25_2021_2,T3_05_25_2021_3,T3_06_07_2021",
T3_05_25_2021_04,T3,pinn,0,32.99230555555521,2516.0,2.9508,3.3740501762512656,0.4232501762512659,0.4232501762512659,14.34357381900725,12,2,"T1_03_29_2021,T1_06_30_2021_1,T1_06_30_2021_2,T1_07_01_2021,T2_03_29_2021,T2_03_30_2021,T3_04_22_2021_1,T3_04_26_2021_1,T3_05_25_2021_1,T3_05_25_2021_2,T3_05_25_2021_3,T3_06_07_2021",
T3_05_25_2021_04,T3,elasticnet,0,32.99230555555521,2516.0,2.9508,2.6955316437019103,-0.2552683562980893,0.2552683562980893,-8.650818635559487,16,0,"T1_03_29_2021,T1_06_30_2021_1,T1_06_30_2021_2,T1_07_01_2021,T2_03_29_2021,T2_03_30_2021,T2_04_26_2021,T3_04_22_2021_1,T3_04_22_2021_2,T3_04_26_2021_1,T3_04_26_2021_2,T3_05_25_2021_1,T3_05_25_2021_2,T3_05_25_2021_3,T3_05_31_2021,T3_06_07_2021",
T3_05_25_2021_04,T3,weak_mlp,0,32.99230555555521,2516.0,2.9508,3.727667470508152,0.7768674705081522,0.7768674705081522,26.32735090511564,16,0,"T1_03_29_2021,T1_06_30_2021_1,T1_06_30_2021_2,T1_07_01_2021,T2_03_29_2021,T2_03_30_2021,T2_04_26_2021,T3_04_22_2021_1,T3_04_22_2021_2,T3_04_26_2021_1,T3_04_26_2021_2,T3_05_25_2021_1,T3_05_25_2021_2,T3_05_25_2021_3,T3_05_31_2021,T3_06_07_2021",True
T3_05_25_2021_04,T3,pinn,0,32.99230555555521,2516.0,2.9508,3.254386323255797,0.3035863232557974,0.3035863232557974,10.28827176548046,16,0,"T1_03_29_2021,T1_06_30_2021_1,T1_06_30_2021_2,T1_07_01_2021,T2_03_29_2021,T2_03_30_2021,T2_04_26_2021,T3_04_22_2021_1,T3_04_22_2021_2,T3_04_26_2021_1,T3_04_26_2021_2,T3_05_25_2021_1,T3_05_25_2021_2,T3_05_25_2021_3,T3_05_31_2021,T3_06_07_2021",True
T3_05_25_2021_1,T3,physics,0,13.831272222222232,960.0,1.4280000000000002,0.9020556227276204,-0.5259443772723797,0.5259443772723797,-36.8308387445644,0,0,,
T3_05_25_2021_1,T3,elasticnet,0,13.831272222222232,960.0,1.4280000000000002,1.262031176072172,-0.165968823927828,0.165968823927828,-11.622466661612613,3,0,"T1_06_30_2021_1,T2_03_30_2021,T3_05_25_2021_2",
T3_05_25_2021_1,T3,weak_mlp,0,13.831272222222232,960.0,1.4280000000000002,1.4222297554545933,-0.0057702445454068,0.0057702445454068,-0.4040787496783519,3,0,"T1_06_30_2021_1,T2_03_30_2021,T3_05_25_2021_2",
T3_05_25_2021_1,T3,pinn,0,13.831272222222232,960.0,1.4280000000000002,1.1151421929326737,-0.3128578070673267,0.3128578070673267,-21.90881001872036,3,0,"T1_06_30_2021_1,T2_03_30_2021,T3_05_25_2021_2",
T3_05_25_2021_1,T3,elasticnet,0,13.831272222222232,960.0,1.4280000000000002,2.257532738948742,0.8295327389487419,0.8295327389487419,58.09052793758696,3,1,"T1_03_29_2021,T2_04_26_2021,T3_04_26_2021_1",
T3_05_25_2021_1,T3,weak_mlp,0,13.831272222222232,960.0,1.4280000000000002,1.1533451577027638,-0.2746548422972363,0.2746548422972363,-19.233532373756045,3,1,"T1_03_29_2021,T2_04_26_2021,T3_04_26_2021_1",
T3_05_25_2021_1,T3,pinn,0,13.831272222222232,960.0,1.4280000000000002,1.1198926529060635,-0.3081073470939366,0.3081073470939366,-21.57614475447735,3,1,"T1_03_29_2021,T2_04_26_2021,T3_04_26_2021_1",
T3_05_25_2021_1,T3,elasticnet,0,13.831272222222232,960.0,1.4280000000000002,1.5718746716889316,0.1438746716889314,0.1438746716889314,10.075257121073628,3,2,"T1_07_01_2021,T2_03_30_2021,T3_05_25_2021_2",
T3_05_25_2021_1,T3,weak_mlp,0,13.831272222222232,960.0,1.4280000000000002,1.1611991891596052,-0.266800810840395,0.266800810840395,-18.683530170896,3,2,"T1_07_01_2021,T2_03_30_2021,T3_05_25_2021_2",
T3_05_25_2021_1,T3,pinn,0,13.831272222222232,960.0,1.4280000000000002,1.1309265500369172,-0.2970734499630829,0.2970734499630829,-20.80346288256883,3,2,"T1_07_01_2021,T2_03_30_2021,T3_05_25_2021_2",
T3_05_25_2021_1,T3,elasticnet,0,13.831272222222232,960.0,1.4280000000000002,1.5307386076327378,0.1027386076327376,0.1027386076327376,7.194580366438212,5,0,"T1_03_29_2021,T1_07_01_2021,T2_04_26_2021,T3_04_26_2021_2,T3_05_25_2021_2",
T3_05_25_2021_1,T3,weak_mlp,0,13.831272222222232,960.0,1.4280000000000002,1.2191837184296714,-0.2088162815703287,0.2088162815703287,-14.622988905485204,5,0,"T1_03_29_2021,T1_07_01_2021,T2_04_26_2021,T3_04_26_2021_2,T3_05_25_2021_2",
T3_05_25_2021_1,T3,pinn,0,13.831272222222232,960.0,1.4280000000000002,1.2068540566745731,-0.2211459433254268,0.2211459433254268,-15.48641059701868,5,0,"T1_03_29_2021,T1_07_01_2021,T2_04_26_2021,T3_04_26_2021_2,T3_05_25_2021_2",
T3_05_25_2021_1,T3,elasticnet,0,13.831272222222232,960.0,1.4280000000000002,1.7714452290523472,0.3434452290523471,0.3434452290523471,24.050786348203577,5,1,"T1_06_30_2021_1,T1_06_30_2021_2,T2_03_29_2021,T3_05_25_2021_04,T3_05_31_2021",
T3_05_25_2021_1,T3,weak_mlp,0,13.831272222222232,960.0,1.4280000000000002,1.1266866381963094,-0.3013133618036907,0.3013133618036907,-21.100375476448928,5,1,"T1_06_30_2021_1,T1_06_30_2021_2,T2_03_29_2021,T3_05_25_2021_04,T3_05_31_2021",
T3_05_25_2021_1,T3,pinn,0,13.831272222222232,960.0,1.4280000000000002,1.1368891655695106,-0.2911108344304896,0.2911108344304896,-20.385912775244368,5,1,"T1_06_30_2021_1,T1_06_30_2021_2,T2_03_29_2021,T3_05_25_2021_04,T3_05_31_2021",
T3_05_25_2021_1,T3,elasticnet,0,13.831272222222232,960.0,1.4280000000000002,1.4697954725952476,0.0417954725952474,0.0417954725952474,2.9268538231965966,5,2,"T1_06_30_2021_1,T2_03_29_2021,T2_04_26_2021,T3_04_22_2021_1,T3_04_26_2021_2",
T3_05_25_2021_1,T3,weak_mlp,0,13.831272222222232,960.0,1.4280000000000002,1.2419263997673988,-0.1860736002326013,0.1860736002326013,-13.030364161946872,5,2,"T1_06_30_2021_1,T2_03_29_2021,T2_04_26_2021,T3_04_22_2021_1,T3_04_26_2021_2",
T3_05_25_2021_1,T3,pinn,0,13.831272222222232,960.0,1.4280000000000002,1.1654022746119233,-0.2625977253880769,0.2625977253880769,-18.38919645574768,5,2,"T1_06_30_2021_1,T2_03_29_2021,T2_04_26_2021,T3_04_22_2021_1,T3_04_26_2021_2",
T3_05_25_2021_1,T3,elasticnet,0,13.831272222222232,960.0,1.4280000000000002,1.478434796289079,0.0504347962890787,0.0504347962890787,3.531848479627364,8,0,"T1_06_30_2021_1,T1_07_01_2021,T2_03_29_2021,T2_04_26_2021,T3_04_22_2021_1,T3_04_22_2021_2,T3_05_25_2021_3,T3_06_07_2021",
T3_05_25_2021_1,T3,weak_mlp,0,13.831272222222232,960.0,1.4280000000000002,1.4007000060213937,-0.0272999939786064,0.0272999939786064,-1.9117642842161409,8,0,"T1_06_30_2021_1,T1_07_01_2021,T2_03_29_2021,T2_04_26_2021,T3_04_22_2021_1,T3_04_22_2021_2,T3_05_25_2021_3,T3_06_07_2021",
T3_05_25_2021_1,T3,pinn,0,13.831272222222232,960.0,1.4280000000000002,1.1321798586224516,-0.2958201413775485,0.2958201413775485,-20.715696174898355,8,0,"T1_06_30_2021_1,T1_07_01_2021,T2_03_29_2021,T2_04_26_2021,T3_04_22_2021_1,T3_04_22_2021_2,T3_05_25_2021_3,T3_06_07_2021",
T3_05_25_2021_1,T3,elasticnet,0,13.831272222222232,960.0,1.4280000000000002,1.6866023460931356,0.2586023460931355,0.2586023460931355,18.10940798971537,8,1,"T1_03_29_2021,T1_06_30_2021_2,T1_07_01_2021,T2_03_29_2021,T2_03_30_2021,T3_05_25_2021_04,T3_05_25_2021_2,T3_06_07_2021",
T3_05_25_2021_1,T3,weak_mlp,0,13.831272222222232,960.0,1.4280000000000002,1.2923255492581265,-0.1356744507418739,0.1356744507418739,-9.501011956713857,8,1,"T1_03_29_2021,T1_06_30_2021_2,T1_07_01_2021,T2_03_29_2021,T2_03_30_2021,T3_05_25_2021_04,T3_05_25_2021_2,T3_06_07_2021",
T3_05_25_2021_1,T3,pinn,0,13.831272222222232,960.0,1.4280000000000002,1.1231698330698745,-0.3048301669301259,0.3048301669301259,-21.346650345246907,8,1,"T1_03_29_2021,T1_06_30_2021_2,T1_07_01_2021,T2_03_29_2021,T2_03_30_2021,T3_05_25_2021_04,T3_05_25_2021_2,T3_06_07_2021",
T3_05_25_2021_1,T3,elasticnet,0,13.831272222222232,960.0,1.4280000000000002,1.7826823173950592,0.354682317395059,0.354682317395059,24.837697296572763,8,2,"T1_03_29_2021,T2_03_29_2021,T2_03_30_2021,T2_04_26_2021,T3_04_22_2021_2,T3_04_26_2021_2,T3_05_25_2021_04,T3_05_31_2021",
T3_05_25_2021_1,T3,weak_mlp,0,13.831272222222232,960.0,1.4280000000000002,1.502335736221737,0.0743357362217371,0.0743357362217371,5.205583769029213,8,2,"T1_03_29_2021,T2_03_29_2021,T2_03_30_2021,T2_04_26_2021,T3_04_22_2021_2,T3_04_26_2021_2,T3_05_25_2021_04,T3_05_31_2021",
T3_05_25_2021_1,T3,pinn,0,13.831272222222232,960.0,1.4280000000000002,1.1476465150424175,-0.2803534849575826,0.2803534849575826,-19.63259698582511,8,2,"T1_03_29_2021,T2_03_29_2021,T2_03_30_2021,T2_04_26_2021,T3_04_22_2021_2,T3_04_26_2021_2,T3_05_25_2021_04,T3_05_31_2021",
T3_05_25_2021_1,T3,elasticnet,0,13.831272222222232,960.0,1.4280000000000002,1.5621434911231935,0.1341434911231933,0.1341434911231933,9.393801899383288,12,0,"T1_03_29_2021,T1_06_30_2021_2,T1_07_01_2021,T2_03_29_2021,T2_03_30_2021,T2_04_26_2021,T3_04_22_2021_1,T3_04_22_2021_2,T3_04_26_2021_1,T3_05_25_2021_04,T3_05_25_2021_2,T3_06_07_2021",
T3_05_25_2021_1,T3,weak_mlp,0,13.831272222222232,960.0,1.4280000000000002,1.3327758179770577,-0.0952241820229427,0.0952241820229427,-6.668360085640243,12,0,"T1_03_29_2021,T1_06_30_2021_2,T1_07_01_2021,T2_03_29_2021,T2_03_30_2021,T2_04_26_2021,T3_04_22_2021_1,T3_04_22_2021_2,T3_04_26_2021_1,T3_05_25_2021_04,T3_05_25_2021_2,T3_06_07_2021",
T3_05_25_2021_1,T3,pinn,0,13.831272222222232,960.0,1.4280000000000002,1.1410049734502616,-0.2869950265497385,0.2869950265497385,-20.097690934855635,12,0,"T1_03_29_2021,T1_06_30_2021_2,T1_07_01_2021,T2_03_29_2021,T2_03_30_2021,T2_04_26_2021,T3_04_22_2021_1,T3_04_22_2021_2,T3_04_26_2021_1,T3_05_25_2021_04,T3_05_25_2021_2,T3_06_07_2021",
T3_05_25_2021_1,T3,elasticnet,0,13.831272222222232,960.0,1.4280000000000002,1.5771488292156712,0.149148829215671,0.149148829215671,10.444595883450354,12,1,"T1_03_29_2021,T1_06_30_2021_1,T1_06_30_2021_2,T1_07_01_2021,T2_03_29_2021,T2_04_26_2021,T3_04_22_2021_2,T3_04_26_2021_1,T3_04_26_2021_2,T3_05_25_2021_2,T3_05_25_2021_3,T3_06_07_2021",
T3_05_25_2021_1,T3,weak_mlp,0,13.831272222222232,960.0,1.4280000000000002,1.4621819288863076,0.0341819288863074,0.0341819288863074,2.393692499041137,12,1,"T1_03_29_2021,T1_06_30_2021_1,T1_06_30_2021_2,T1_07_01_2021,T2_03_29_2021,T2_04_26_2021,T3_04_22_2021_2,T3_04_26_2021_1,T3_04_26_2021_2,T3_05_25_2021_2,T3_05_25_2021_3,T3_06_07_2021",
T3_05_25_2021_1,T3,pinn,0,13.831272222222232,960.0,1.4280000000000002,1.250986917137893,-0.1770130828621074,0.1770130828621074,-12.395874150007524,12,1,"T1_03_29_2021,T1_06_30_2021_1,T1_06_30_2021_2,T1_07_01_2021,T2_03_29_2021,T2_04_26_2021,T3_04_22_2021_2,T3_04_26_2021_1,T3_04_26_2021_2,T3_05_25_2021_2,T3_05_25_2021_3,T3_06_07_2021",
T3_05_25_2021_1,T3,elasticnet,0,13.831272222222232,960.0,1.4280000000000002,1.631682521698594,0.2036825216985938,0.2036825216985938,14.263481911666233,12,2,"T1_03_29_2021,T1_06_30_2021_2,T1_07_01_2021,T2_03_29_2021,T2_03_30_2021,T2_04_26_2021,T3_04_26_2021_2,T3_05_25_2021_04,T3_05_25_2021_2,T3_05_25_2021_3,T3_05_31_2021,T3_06_07_2021",
T3_05_25_2021_1,T3,weak_mlp,0,13.831272222222232,960.0,1.4280000000000002,1.3603184755312072,-0.0676815244687929,0.0676815244687929,-4.73960255383704,12,2,"T1_03_29_2021,T1_06_30_2021_2,T1_07_01_2021,T2_03_29_2021,T2_03_30_2021,T2_04_26_2021,T3_04_26_2021_2,T3_05_25_2021_04,T3_05_25_2021_2,T3_05_25_2021_3,T3_05_31_2021,T3_06_07_2021",
T3_05_25_2021_1,T3,pinn,0,13.831272222222232,960.0,1.4280000000000002,1.1985895098994177,-0.2294104901005826,0.2294104901005826,-16.06516037118926,12,2,"T1_03_29_2021,T1_06_30_2021_2,T1_07_01_2021,T2_03_29_2021,T2_03_30_2021,T2_04_26_2021,T3_04_26_2021_2,T3_05_25_2021_04,T3_05_25_2021_2,T3_05_25_2021_3,T3_05_31_2021,T3_06_07_2021",
T3_05_25_2021_1,T3,elasticnet,0,13.831272222222232,960.0,1.4280000000000002,1.5753605083926092,0.147360508392609,0.147360508392609,10.319363332815758,16,0,"T1_03_29_2021,T1_06_30_2021_1,T1_06_30_2021_2,T1_07_01_2021,T2_03_29_2021,T2_03_30_2021,T2_04_26_2021,T3_04_22_2021_1,T3_04_22_2021_2,T3_04_26_2021_1,T3_04_26_2021_2,T3_05_25_2021_04,T3_05_25_2021_2,T3_05_25_2021_3,T3_05_31_2021,T3_06_07_2021",
T3_05_25_2021_1,T3,weak_mlp,0,13.831272222222232,960.0,1.4280000000000002,1.346007536848386,-0.0819924631516142,0.0819924631516142,-5.741769128264302,16,0,"T1_03_29_2021,T1_06_30_2021_1,T1_06_30_2021_2,T1_07_01_2021,T2_03_29_2021,T2_03_30_2021,T2_04_26_2021,T3_04_22_2021_1,T3_04_22_2021_2,T3_04_26_2021_1,T3_04_26_2021_2,T3_05_25_2021_04,T3_05_25_2021_2,T3_05_25_2021_3,T3_05_31_2021,T3_06_07_2021",True
T3_05_25_2021_1,T3,pinn,0,13.831272222222232,960.0,1.4280000000000002,1.2677227981471353,-0.1602772018528648,0.1602772018528648,-11.22389368717541,16,0,"T1_03_29_2021,T1_06_30_2021_1,T1_06_30_2021_2,T1_07_01_2021,T2_03_29_2021,T2_03_30_2021,T2_04_26_2021,T3_04_22_2021_1,T3_04_22_2021_2,T3_04_26_2021_1,T3_04_26_2021_2,T3_05_25_2021_04,T3_05_25_2021_2,T3_05_25_2021_3,T3_05_31_2021,T3_06_07_2021",True
T3_05_25_2021_2,T3,physics,0,15.56210000000004,1120.0,1.6536000000000002,1.102647741073931,-0.5509522589260691,0.5509522589260691,-33.31835141062343,0,0,,
T3_05_25_2021_2,T3,elasticnet,0,15.56210000000004,1120.0,1.6536000000000002,1.564159137899236,-0.0894408621007643,0.0894408621007643,-5.408857166229093,3,0,"T1_06_30_2021_2,T2_03_29_2021,T3_05_25_2021_1",
T3_05_25_2021_2,T3,weak_mlp,0,15.56210000000004,1120.0,1.6536000000000002,1.4315466516547732,-0.2220533483452269,0.2220533483452269,-13.428480185366892,3,0,"T1_06_30_2021_2,T2_03_29_2021,T3_05_25_2021_1",
T3_05_25_2021_2,T3,pinn,0,15.56210000000004,1120.0,1.6536000000000002,1.545058837849647,-0.1085411621503531,0.1085411621503531,-6.56393094765077,3,0,"T1_06_30_2021_2,T2_03_29_2021,T3_05_25_2021_1",
T3_05_25_2021_2,T3,elasticnet,0,15.56210000000004,1120.0,1.6536000000000002,3.3597495231881704,1.7061495231881705,1.7061495231881705,103.17788601766873,3,1,"T1_03_29_2021,T2_04_26_2021,T3_05_25_2021_04",
T3_05_25_2021_2,T3,weak_mlp,0,15.56210000000004,1120.0,1.6536000000000002,1.2659579943286048,-0.3876420056713954,0.3876420056713954,-23.44230803528032,3,1,"T1_03_29_2021,T2_04_26_2021,T3_05_25_2021_04",
T3_05_25_2021_2,T3,pinn,0,15.56210000000004,1120.0,1.6536000000000002,1.3579350176846816,-0.2956649823153185,0.2956649823153185,-17.880078756369045,3,1,"T1_03_29_2021,T2_04_26_2021,T3_05_25_2021_04",
T3_05_25_2021_2,T3,elasticnet,0,15.56210000000004,1120.0,1.6536000000000002,1.67353187065988,0.0199318706598798,0.0199318706598798,1.2053622798669503,3,2,"T1_07_01_2021,T2_04_26_2021,T3_04_26_2021_2",
T3_05_25_2021_2,T3,weak_mlp,0,15.56210000000004,1120.0,1.6536000000000002,1.3773231403695212,-0.276276859630479,0.276276859630479,-16.70759915520555,3,2,"T1_07_01_2021,T2_04_26_2021,T3_04_26_2021_2",
T3_05_25_2021_2,T3,pinn,0,15.56210000000004,1120.0,1.6536000000000002,1.4171499737600488,-0.2364500262399513,0.2364500262399513,-14.299106569905137,3,2,"T1_07_01_2021,T2_04_26_2021,T3_04_26_2021_2",
T3_05_25_2021_2,T3,elasticnet,0,15.56210000000004,1120.0,1.6536000000000002,1.4558567011529695,-0.1977432988470304,0.1977432988470304,-11.95835140584364,5,0,"T1_06_30_2021_1,T2_03_29_2021,T3_04_22_2021_1,T3_04_26_2021_2,T3_06_07_2021",
T3_05_25_2021_2,T3,weak_mlp,0,15.56210000000004,1120.0,1.6536000000000002,1.4733784760369195,-0.1802215239630806,0.1802215239630806,-10.898737540099216,5,0,"T1_06_30_2021_1,T2_03_29_2021,T3_04_22_2021_1,T3_04_26_2021_2,T3_06_07_2021",
T3_05_25_2021_2,T3,pinn,0,15.56210000000004,1120.0,1.6536000000000002,1.3938296093998683,-0.2597703906001318,0.2597703906001318,-15.70938501452176,5,0,"T1_06_30_2021_1,T2_03_29_2021,T3_04_22_2021_1,T3_04_26_2021_2,T3_06_07_2021",
T3_05_25_2021_2,T3,elasticnet,0,15.56210000000004,1120.0,1.6536000000000002,1.5055260999134257,-0.1480739000865745,0.1480739000865745,-8.95463837001539,5,1,"T1_03_29_2021,T2_03_29_2021,T3_04_26_2021_2,T3_05_25_2021_04,T3_05_25_2021_3",
T3_05_25_2021_2,T3,weak_mlp,0,15.56210000000004,1120.0,1.6536000000000002,1.3713549309968949,-0.2822450690031053,0.2822450690031053,-17.068521347551115,5,1,"T1_03_29_2021,T2_03_29_2021,T3_04_26_2021_2,T3_05_25_2021_04,T3_05_25_2021_3",
T3_05_25_2021_2,T3,pinn,0,15.56210000000004,1120.0,1.6536000000000002,1.3802707051816914,-0.2733292948183088,0.2733292948183088,-16.529347775659698,5,1,"T1_03_29_2021,T2_03_29_2021,T3_04_26_2021_2,T3_05_25_2021_04,T3_05_25_2021_3",
T3_05_25_2021_2,T3,elasticnet,0,15.56210000000004,1120.0,1.6536000000000002,1.9262813977755464,0.2726813977755464,0.2726813977755464,16.490166774041267,5,2,"T1_07_01_2021,T2_03_30_2021,T3_05_25_2021_04,T3_05_25_2021_3,T3_05_31_2021",
T3_05_25_2021_2,T3,weak_mlp,0,15.56210000000004,1120.0,1.6536000000000002,1.3816038041975762,-0.2719961958024239,0.2719961958024239,-16.448729789696657,5,2,"T1_07_01_2021,T2_03_30_2021,T3_05_25_2021_04,T3_05_25_2021_3,T3_05_31_2021",
T3_05_25_2021_2,T3,pinn,0,15.56210000000004,1120.0,1.6536000000000002,1.365829914079772,-0.2877700859202281,0.2877700859202281,-17.40264186745453,5,2,"T1_07_01_2021,T2_03_30_2021,T3_05_25_2021_04,T3_05_25_2021_3,T3_05_31_2021",
T3_05_25_2021_2,T3,elasticnet,0,15.56210000000004,1120.0,1.6536000000000002,1.7035051882628869,0.0499051882628864,0.0499051882628864,3.017972197803972,8,0,"T1_06_30_2021_1,T1_06_30_2021_2,T2_04_26_2021,T3_04_22_2021_1,T3_04_22_2021_2,T3_04_26_2021_2,T3_05_25_2021_3,T3_06_07_2021",
T3_05_25_2021_2,T3,weak_mlp,0,15.56210000000004,1120.0,1.6536000000000002,1.6133608426650363,-0.0402391573349636,0.0402391573349636,-2.4334275117902537,8,0,"T1_06_30_2021_1,T1_06_30_2021_2,T2_04_26_2021,T3_04_22_2021_1,T3_04_22_2021_2,T3_04_26_2021_2,T3_05_25_2021_3,T3_06_07_2021",
T3_05_25_2021_2,T3,pinn,0,15.56210000000004,1120.0,1.6536000000000002,1.4185582434054878,-0.2350417565945124,0.2350417565945124,-14.213942706489622,8,0,"T1_06_30_2021_1,T1_06_30_2021_2,T2_04_26_2021,T3_04_22_2021_1,T3_04_22_2021_2,T3_04_26_2021_2,T3_05_25_2021_3,T3_06_07_2021",
T3_05_25_2021_2,T3,elasticnet,0,15.56210000000004,1120.0,1.6536000000000002,1.8237619018308056,0.1701619018308053,0.1701619018308053,10.290390773512662,8,1,"T1_06_30_2021_1,T1_06_30_2021_2,T1_07_01_2021,T2_03_29_2021,T2_04_26_2021,T3_05_25_2021_1,T3_05_25_2021_3,T3_05_31_2021",
T3_05_25_2021_2,T3,weak_mlp,0,15.56210000000004,1120.0,1.6536000000000002,1.5593973416090012,-0.0942026583909989,0.0942026583909989,-5.696822592585809,8,1,"T1_06_30_2021_1,T1_06_30_2021_2,T1_07_01_2021,T2_03_29_2021,T2_04_26_2021,T3_05_25_2021_1,T3_05_25_2021_3,T3_05_31_2021",
T3_05_25_2021_2,T3,pinn,0,15.56210000000004,1120.0,1.6536000000000002,1.4407286600520213,-0.2128713399479789,0.2128713399479789,-12.87320633454154,8,1,"T1_06_30_2021_1,T1_06_30_2021_2,T1_07_01_2021,T2_03_29_2021,T2_04_26_2021,T3_05_25_2021_1,T3_05_25_2021_3,T3_05_31_2021",
T3_05_25_2021_2,T3,elasticnet,0,15.56210000000004,1120.0,1.6536000000000002,1.6639549161114653,0.0103549161114651,0.0103549161114651,0.6262044092564771,8,2,"T1_03_29_2021,T1_07_01_2021,T2_03_30_2021,T2_04_26_2021,T3_04_26_2021_2,T3_05_25_2021_04,T3_05_25_2021_3,T3_06_07_2021",
T3_05_25_2021_2,T3,weak_mlp,0,15.56210000000004,1120.0,1.6536000000000002,1.4512420494026608,-0.2023579505973394,0.2023579505973394,-12.237418396065518,8,2,"T1_03_29_2021,T1_07_01_2021,T2_03_30_2021,T2_04_26_2021,T3_04_26_2021_2,T3_05_25_2021_04,T3_05_25_2021_3,T3_06_07_2021",
T3_05_25_2021_2,T3,pinn,0,15.56210000000004,1120.0,1.6536000000000002,1.4310166325451186,-0.2225833674548816,0.2225833674548816,-13.460532623057668,8,2,"T1_03_29_2021,T1_07_01_2021,T2_03_30_2021,T2_04_26_2021,T3_04_26_2021_2,T3_05_25_2021_04,T3_05_25_2021_3,T3_06_07_2021",
T3_05_25_2021_2,T3,elasticnet,0,15.56210000000004,1120.0,1.6536000000000002,1.7345949639810443,0.0809949639810441,0.0809949639810441,4.898098934509198,12,0,"T1_03_29_2021,T1_06_30_2021_2,T1_07_01_2021,T2_03_29_2021,T2_04_26_2021,T3_04_22_2021_1,T3_04_22_2021_2,T3_04_26_2021_1,T3_04_26_2021_2,T3_05_25_2021_1,T3_05_25_2021_3,T3_05_31_2021",
T3_05_25_2021_2,T3,weak_mlp,0,15.56210000000004,1120.0,1.6536000000000002,1.472495353619257,-0.1811046463807428,0.1811046463807428,-10.95214358857903,12,0,"T1_03_29_2021,T1_06_30_2021_2,T1_07_01_2021,T2_03_29_2021,T2_04_26_2021,T3_04_22_2021_1,T3_04_22_2021_2,T3_04_26_2021_1,T3_04_26_2021_2,T3_05_25_2021_1,T3_05_25_2021_3,T3_05_31_2021",
T3_05_25_2021_2,T3,pinn,0,15.56210000000004,1120.0,1.6536000000000002,1.4099990918290697,-0.2436009081709305,0.2436009081709305,-14.731549841009342,12,0,"T1_03_29_2021,T1_06_30_2021_2,T1_07_01_2021,T2_03_29_2021,T2_04_26_2021,T3_04_22_2021_1,T3_04_22_2021_2,T3_04_26_2021_1,T3_04_26_2021_2,T3_05_25_2021_1,T3_05_25_2021_3,T3_05_31_2021",
T3_05_25_2021_2,T3,elasticnet,0,15.56210000000004,1120.0,1.6536000000000002,1.677201406411042,0.0236014064110419,0.0236014064110419,1.427274214504228,12,1,"T1_03_29_2021,T1_06_30_2021_1,T1_06_30_2021_2,T2_03_29_2021,T3_04_22_2021_1,T3_04_22_2021_2,T3_04_26_2021_1,T3_04_26_2021_2,T3_05_25_2021_04,T3_05_25_2021_1,T3_05_31_2021,T3_06_07_2021",
T3_05_25_2021_2,T3,weak_mlp,0,15.56210000000004,1120.0,1.6536000000000002,1.3955561941199832,-0.2580438058800169,0.2580438058800169,-15.604971328012637,12,1,"T1_03_29_2021,T1_06_30_2021_1,T1_06_30_2021_2,T2_03_29_2021,T3_04_22_2021_1,T3_04_22_2021_2,T3_04_26_2021_1,T3_04_26_2021_2,T3_05_25_2021_04,T3_05_25_2021_1,T3_05_31_2021,T3_06_07_2021",
T3_05_25_2021_2,T3,pinn,0,15.56210000000004,1120.0,1.6536000000000002,1.4992222535899944,-0.1543777464100058,0.1543777464100058,-9.335857910619604,12,1,"T1_03_29_2021,T1_06_30_2021_1,T1_06_30_2021_2,T2_03_29_2021,T3_04_22_2021_1,T3_04_22_2021_2,T3_04_26_2021_1,T3_04_26_2021_2,T3_05_25_2021_04,T3_05_25_2021_1,T3_05_31_2021,T3_06_07_2021",
T3_05_25_2021_2,T3,elasticnet,0,15.56210000000004,1120.0,1.6536000000000002,1.769212347089876,0.1156123470898757,0.1156123470898757,6.991554613562879,12,2,"T1_03_29_2021,T1_06_30_2021_1,T1_06_30_2021_2,T1_07_01_2021,T2_03_29_2021,T2_03_30_2021,T2_04_26_2021,T3_04_26_2021_1,T3_05_25_2021_04,T3_05_25_2021_3,T3_05_31_2021,T3_06_07_2021",
T3_05_25_2021_2,T3,weak_mlp,0,15.56210000000004,1120.0,1.6536000000000002,1.53942347837819,-0.1141765216218102,0.1141765216218102,-6.9047243361036665,12,2,"T1_03_29_2021,T1_06_30_2021_1,T1_06_30_2021_2,T1_07_01_2021,T2_03_29_2021,T2_03_30_2021,T2_04_26_2021,T3_04_26_2021_1,T3_05_25_2021_04,T3_05_25_2021_3,T3_05_31_2021,T3_06_07_2021",
T3_05_25_2021_2,T3,pinn,0,15.56210000000004,1120.0,1.6536000000000002,1.361589267982377,-0.2920107320176233,0.2920107320176233,-17.659091196034304,12,2,"T1_03_29_2021,T1_06_30_2021_1,T1_06_30_2021_2,T1_07_01_2021,T2_03_29_2021,T2_03_30_2021,T2_04_26_2021,T3_04_26_2021_1,T3_05_25_2021_04,T3_05_25_2021_3,T3_05_31_2021,T3_06_07_2021",
T3_05_25_2021_2,T3,elasticnet,0,15.56210000000004,1120.0,1.6536000000000002,1.6835412698931744,0.0299412698931742,0.0299412698931742,1.810671860980542,16,0,"T1_03_29_2021,T1_06_30_2021_1,T1_06_30_2021_2,T1_07_01_2021,T2_03_29_2021,T2_03_30_2021,T2_04_26_2021,T3_04_22_2021_1,T3_04_22_2021_2,T3_04_26_2021_1,T3_04_26_2021_2,T3_05_25_2021_04,T3_05_25_2021_1,T3_05_25_2021_3,T3_05_31_2021,T3_06_07_2021",
T3_05_25_2021_2,T3,weak_mlp,0,15.56210000000004,1120.0,1.6536000000000002,1.4545870860417685,-0.1990129139582317,0.1990129139582317,-12.035130258722283,16,0,"T1_03_29_2021,T1_06_30_2021_1,T1_06_30_2021_2,T1_07_01_2021,T2_03_29_2021,T2_03_30_2021,T2_04_26_2021,T3_04_22_2021_1,T3_04_22_2021_2,T3_04_26_2021_1,T3_04_26_2021_2,T3_05_25_2021_04,T3_05_25_2021_1,T3_05_25_2021_3,T3_05_31_2021,T3_06_07_2021",True
T3_05_25_2021_2,T3,pinn,0,15.56210000000004,1120.0,1.6536000000000002,1.4750579031556843,-0.1785420968443158,0.1785420968443158,-10.79717566789525,16,0,"T1_03_29_2021,T1_06_30_2021_1,T1_06_30_2021_2,T1_07_01_2021,T2_03_29_2021,T2_03_30_2021,T2_04_26_2021,T3_04_22_2021_1,T3_04_22_2021_2,T3_04_26_2021_1,T3_04_26_2021_2,T3_05_25_2021_04,T3_05_25_2021_1,T3_05_25_2021_3,T3_05_31_2021,T3_06_07_2021",True
T3_05_25_2021_3,T3,physics,0,14.200330555555553,952.0,1.4436000000000002,1.010539647317367,-0.4330603526826335,0.4330603526826335,-29.998639005447043,0,0,,
T3_05_25_2021_3,T3,elasticnet,0,14.200330555555553,952.0,1.4436000000000002,1.7665844471631555,0.3229844471631553,0.3229844471631553,22.373541643333,3,0,"T1_07_01_2021,T2_04_26_2021,T3_05_31_2021",
T3_05_25_2021_3,T3,weak_mlp,0,14.200330555555553,952.0,1.4436000000000002,1.6202003894249597,0.1766003894249594,0.1766003894249594,12.233332600786884,3,0,"T1_07_01_2021,T2_04_26_2021,T3_05_31_2021",
T3_05_25_2021_3,T3,pinn,0,14.200330555555553,952.0,1.4436000000000002,1.3516715829529695,-0.0919284170470307,0.0919284170470307,-6.367997855848621,3,0,"T1_07_01_2021,T2_04_26_2021,T3_05_31_2021",
T3_05_25_2021_3,T3,elasticnet,0,14.200330555555553,952.0,1.4436000000000002,1.4833353059497083,0.0397353059497083,0.0397353059497083,2.752514959109747,3,1,"T1_06_30_2021_2,T2_04_26_2021,T3_05_25_2021_1",
T3_05_25_2021_3,T3,weak_mlp,0,14.200330555555553,952.0,1.4436000000000002,1.2063050032324265,-0.2372949967675739,0.2372949967675739,-16.437724907701156,3,1,"T1_06_30_2021_2,T2_04_26_2021,T3_05_25_2021_1",
T3_05_25_2021_3,T3,pinn,0,14.200330555555553,952.0,1.4436000000000002,1.201985130647922,-0.2416148693520783,0.2416148693520783,-16.73696795179262,3,1,"T1_06_30_2021_2,T2_04_26_2021,T3_05_25_2021_1",
T3_05_25_2021_3,T3,elasticnet,0,14.200330555555553,952.0,1.4436000000000002,0.7931975483321771,-0.6504024516678231,0.6504024516678231,-45.05420141783202,3,2,"T1_03_29_2021,T2_03_29_2021,T3_04_22_2021_1",
T3_05_25_2021_3,T3,weak_mlp,0,14.200330555555553,952.0,1.4436000000000002,1.094101321167416,-0.3494986788325842,0.3494986788325842,-24.21021604548241,3,2,"T1_03_29_2021,T2_03_29_2021,T3_04_22_2021_1",
T3_05_25_2021_3,T3,pinn,0,14.200330555555553,952.0,1.4436000000000002,1.2549779990563792,-0.188622000943621,0.188622000943621,-13.066084853395743,3,2,"T1_03_29_2021,T2_03_29_2021,T3_04_22_2021_1",
T3_05_25_2021_3,T3,elasticnet,0,14.200330555555553,952.0,1.4436000000000002,1.7951396829414372,0.351539682941437,0.351539682941437,24.351598984582772,5,0,"T1_03_29_2021,T1_06_30_2021_2,T2_03_29_2021,T2_03_30_2021,T3_06_07_2021",
T3_05_25_2021_3,T3,weak_mlp,0,14.200330555555553,952.0,1.4436000000000002,1.3779405756791434,-0.0656594243208568,0.0656594243208568,-4.548311465839346,5,0,"T1_03_29_2021,T1_06_30_2021_2,T2_03_29_2021,T2_03_30_2021,T3_06_07_2021",
T3_05_25_2021_3,T3,pinn,0,14.200330555555553,952.0,1.4436000000000002,1.182620414585496,-0.2609795854145043,0.2609795854145043,-18.07838635456527,5,0,"T1_03_29_2021,T1_06_30_2021_2,T2_03_29_2021,T2_03_30_2021,T3_06_07_2021",
T3_05_25_2021_3,T3,elasticnet,0,14.200330555555553,952.0,1.4436000000000002,1.6068163722443505,0.16321637224435,0.16321637224435,11.306204782789557,5,1,"T1_06_30_2021_1,T2_03_30_2021,T3_04_22_2021_2,T3_04_26_2021_2,T3_06_07_2021",
T3_05_25_2021_3,T3,weak_mlp,0,14.200330555555553,952.0,1.4436000000000002,1.404077863295873,-0.0395221367041271,0.0395221367041271,-2.737748455536657,5,1,"T1_06_30_2021_1,T2_03_30_2021,T3_04_22_2021_2,T3_04_26_2021_2,T3_06_07_2021",
T3_05_25_2021_3,T3,pinn,0,14.200330555555553,952.0,1.4436000000000002,1.3475869944443306,-0.0960130055556696,0.0960130055556696,-6.65094247406966,5,1,"T1_06_30_2021_1,T2_03_30_2021,T3_04_22_2021_2,T3_04_26_2021_2,T3_06_07_2021",
T3_05_25_2021_3,T3,elasticnet,0,14.200330555555553,952.0,1.4436000000000002,1.896983606687423,0.4533836066874228,0.4533836066874228,31.40645654526342,5,2,"T1_03_29_2021,T1_07_01_2021,T2_03_30_2021,T3_05_25_2021_04,T3_05_25_2021_1",
T3_05_25_2021_3,T3,weak_mlp,0,14.200330555555553,952.0,1.4436000000000002,1.212946505645911,-0.2306534943540892,0.2306534943540892,-15.977659625525712,5,2,"T1_03_29_2021,T1_07_01_2021,T2_03_30_2021,T3_05_25_2021_04,T3_05_25_2021_1",
T3_05_25_2021_3,T3,pinn,0,14.200330555555553,952.0,1.4436000000000002,1.2454892729864353,-0.1981107270135649,0.1981107270135649,-13.723380923632924,5,2,"T1_03_29_2021,T1_07_01_2021,T2_03_30_2021,T3_05_25_2021_04,T3_05_25_2021_1",
T3_05_25_2021_3,T3,elasticnet,0,14.200330555555553,952.0,1.4436000000000002,1.6781006469808553,0.234500646980855,0.234500646980855,16.24415675954939,8,0,"T1_03_29_2021,T1_07_01_2021,T2_03_29_2021,T2_04_26_2021,T3_04_26_2021_1,T3_04_26_2021_2,T3_05_25_2021_2,T3_05_31_2021",
T3_05_25_2021_3,T3,weak_mlp,0,14.200330555555553,952.0,1.4436000000000002,1.4233890098995632,-0.020210990100437,0.020210990100437,-1.4000408770045043,8,0,"T1_03_29_2021,T1_07_01_2021,T2_03_29_2021,T2_04_26_2021,T3_04_26_2021_1,T3_04_26_2021_2,T3_05_25_2021_2,T3_05_31_2021",
T3_05_25_2021_3,T3,pinn,0,14.200330555555553,952.0,1.4436000000000002,1.2498932046443223,-0.1937067953556777,0.1937067953556777,-13.418315001086013,8,0,"T1_03_29_2021,T1_07_01_2021,T2_03_29_2021,T2_04_26_2021,T3_04_26_2021_1,T3_04_26_2021_2,T3_05_25_2021_2,T3_05_31_2021",
T3_05_25_2021_3,T3,elasticnet,0,14.200330555555553,952.0,1.4436000000000002,1.660747739950353,0.2171477399503527,0.2171477399503527,15.042098915929117,8,1,"T1_06_30_2021_1,T2_03_29_2021,T2_03_30_2021,T2_04_26_2021,T3_04_22_2021_2,T3_04_26_2021_2,T3_05_25_2021_04,T3_05_25_2021_1",
T3_05_25_2021_3,T3,weak_mlp,0,14.200330555555553,952.0,1.4436000000000002,1.207505089673731,-0.2360949103262692,0.2360949103262692,-16.354593400268026,8,1,"T1_06_30_2021_1,T2_03_29_2021,T2_03_30_2021,T2_04_26_2021,T3_04_22_2021_2,T3_04_26_2021_2,T3_05_25_2021_04,T3_05_25_2021_1",
T3_05_25_2021_3,T3,pinn,0,14.200330555555553,952.0,1.4436000000000002,1.271321467330886,-0.172278532669114,0.172278532669114,-11.933952110634117,8,1,"T1_06_30_2021_1,T2_03_29_2021,T2_03_30_2021,T2_04_26_2021,T3_04_22_2021_2,T3_04_26_2021_2,T3_05_25_2021_04,T3_05_25_2021_1",
T3_05_25_2021_3,T3,elasticnet,0,14.200330555555553,952.0,1.4436000000000002,1.6532850923737632,0.2096850923737629,0.2096850923737629,14.525151868506716,8,2,"T1_03_29_2021,T1_06_30_2021_1,T2_03_30_2021,T2_04_26_2021,T3_04_26_2021_2,T3_05_25_2021_1,T3_05_31_2021,T3_06_07_2021",
T3_05_25_2021_3,T3,weak_mlp,0,14.200330555555553,952.0,1.4436000000000002,1.3635216726197137,-0.0800783273802865,0.0800783273802865,-5.547127139116551,8,2,"T1_03_29_2021,T1_06_30_2021_1,T2_03_30_2021,T2_04_26_2021,T3_04_26_2021_2,T3_05_25_2021_1,T3_05_31_2021,T3_06_07_2021",
T3_05_25_2021_3,T3,pinn,0,14.200330555555553,952.0,1.4436000000000002,1.3848322344281607,-0.0587677655718394,0.0587677655718394,-4.070917537533907,8,2,"T1_03_29_2021,T1_06_30_2021_1,T2_03_30_2021,T2_04_26_2021,T3_04_26_2021_2,T3_05_25_2021_1,T3_05_31_2021,T3_06_07_2021",
T3_05_25_2021_3,T3,elasticnet,0,14.200330555555553,952.0,1.4436000000000002,1.660784859382673,0.2171848593826728,0.2171848593826728,15.044670226009478,12,0,"T1_03_29_2021,T1_06_30_2021_2,T2_03_29_2021,T2_03_30_2021,T2_04_26_2021,T3_04_22_2021_2,T3_04_26_2021_1,T3_04_26_2021_2,T3_05_25_2021_04,T3_05_25_2021_1,T3_05_25_2021_2,T3_05_31_2021",
T3_05_25_2021_3,T3,weak_mlp,0,14.200330555555553,952.0,1.4436000000000002,1.3743900546100405,-0.0692099453899597,0.0692099453899597,-4.794260556245478,12,0,"T1_03_29_2021,T1_06_30_2021_2,T2_03_29_2021,T2_03_30_2021,T2_04_26_2021,T3_04_22_2021_2,T3_04_26_2021_1,T3_04_26_2021_2,T3_05_25_2021_04,T3_05_25_2021_1,T3_05_25_2021_2,T3_05_31_2021",
T3_05_25_2021_3,T3,pinn,0,14.200330555555553,952.0,1.4436000000000002,1.2522184685576292,-0.191381531442371,0.191381531442371,-13.25724102537898,12,0,"T1_03_29_2021,T1_06_30_2021_2,T2_03_29_2021,T2_03_30_2021,T2_04_26_2021,T3_04_22_2021_2,T3_04_26_2021_1,T3_04_26_2021_2,T3_05_25_2021_04,T3_05_25_2021_1,T3_05_25_2021_2,T3_05_31_2021",
T3_05_25_2021_3,T3,elasticnet,0,14.200330555555553,952.0,1.4436000000000002,1.580870726545167,0.1372707265451667,0.1372707265451667,9.508917050787383,12,1,"T1_03_29_2021,T1_06_30_2021_1,T1_07_01_2021,T2_03_29_2021,T2_04_26_2021,T3_04_22_2021_1,T3_04_22_2021_2,T3_04_26_2021_1,T3_05_25_2021_1,T3_05_25_2021_2,T3_05_31_2021,T3_06_07_2021",
T3_05_25_2021_3,T3,weak_mlp,0,14.200330555555553,952.0,1.4436000000000002,1.3676709993680318,-0.0759290006319683,0.0759290006319683,-5.259698021056274,12,1,"T1_03_29_2021,T1_06_30_2021_1,T1_07_01_2021,T2_03_29_2021,T2_04_26_2021,T3_04_22_2021_1,T3_04_22_2021_2,T3_04_26_2021_1,T3_05_25_2021_1,T3_05_25_2021_2,T3_05_31_2021,T3_06_07_2021",
T3_05_25_2021_3,T3,pinn,0,14.200330555555553,952.0,1.4436000000000002,1.396744696671764,-0.0468553033282361,0.0468553033282361,-3.245726193421735,12,1,"T1_03_29_2021,T1_06_30_2021_1,T1_07_01_2021,T2_03_29_2021,T2_04_26_2021,T3_04_22_2021_1,T3_04_22_2021_2,T3_04_26_2021_1,T3_05_25_2021_1,T3_05_25_2021_2,T3_05_31_2021,T3_06_07_2021",
T3_05_25_2021_3,T3,elasticnet,0,14.200330555555553,952.0,1.4436000000000002,1.6162459339559856,0.1726459339559853,0.1726459339559853,11.95940246300813,12,2,"T1_03_29_2021,T1_06_30_2021_1,T1_06_30_2021_2,T2_03_29_2021,T2_03_30_2021,T2_04_26_2021,T3_04_22_2021_1,T3_04_22_2021_2,T3_04_26_2021_2,T3_05_25_2021_04,T3_05_25_2021_1,T3_05_31_2021",
T3_05_25_2021_3,T3,weak_mlp,0,14.200330555555553,952.0,1.4436000000000002,1.2579412692785263,-0.1856587307214738,0.1856587307214738,-12.860815372781508,12,2,"T1_03_29_2021,T1_06_30_2021_1,T1_06_30_2021_2,T2_03_29_2021,T2_03_30_2021,T2_04_26_2021,T3_04_22_2021_1,T3_04_22_2021_2,T3_04_26_2021_2,T3_05_25_2021_04,T3_05_25_2021_1,T3_05_31_2021",
T3_05_25_2021_3,T3,pinn,0,14.200330555555553,952.0,1.4436000000000002,1.3266103352771863,-0.1169896647228136,0.1169896647228136,-8.104022216875428,12,2,"T1_03_29_2021,T1_06_30_2021_1,T1_06_30_2021_2,T2_03_29_2021,T2_03_30_2021,T2_04_26_2021,T3_04_22_2021_1,T3_04_22_2021_2,T3_04_26_2021_2,T3_05_25_2021_04,T3_05_25_2021_1,T3_05_31_2021",
T3_05_25_2021_3,T3,elasticnet,0,14.200330555555553,952.0,1.4436000000000002,1.5933092473530095,0.1497092473530095,0.1497092473530095,10.370549137781206,16,0,"T1_03_29_2021,T1_06_30_2021_1,T1_06_30_2021_2,T1_07_01_2021,T2_03_29_2021,T2_03_30_2021,T2_04_26_2021,T3_04_22_2021_1,T3_04_22_2021_2,T3_04_26_2021_1,T3_04_26_2021_2,T3_05_25_2021_04,T3_05_25_2021_1,T3_05_25_2021_2,T3_05_31_2021,T3_06_07_2021",
T3_05_25_2021_3,T3,weak_mlp,0,14.200330555555553,952.0,1.4436000000000002,1.341060169537862,-0.1025398304621383,0.1025398304621383,-7.103063900120415,16,0,"T1_03_29_2021,T1_06_30_2021_1,T1_06_30_2021_2,T1_07_01_2021,T2_03_29_2021,T2_03_30_2021,T2_04_26_2021,T3_04_22_2021_1,T3_04_22_2021_2,T3_04_26_2021_1,T3_04_26_2021_2,T3_05_25_2021_04,T3_05_25_2021_1,T3_05_25_2021_2,T3_05_31_2021,T3_06_07_2021",True
T3_05_25_2021_3,T3,pinn,0,14.200330555555553,952.0,1.4436000000000002,1.27399781898078,-0.1696021810192203,0.1696021810192203,-11.748557842838755,16,0,"T1_03_29_2021,T1_06_30_2021_1,T1_06_30_2021_2,T1_07_01_2021,T2_03_29_2021,T2_03_30_2021,T2_04_26_2021,T3_04_22_2021_1,T3_04_22_2021_2,T3_04_26_2021_1,T3_04_26_2021_2,T3_05_25_2021_04,T3_05_25_2021_1,T3_05_25_2021_2,T3_05_31_2021,T3_06_07_2021",True
T3_05_31_2021,T3,physics,0,15.702598611111052,1121.0,1.8744,1.1407309491245117,-0.7336690508754886,0.7336690508754886,-39.141541339921496,0,0,,
T3_05_31_2021,T3,elasticnet,0,15.702598611111052,1121.0,1.8744,1.5235845005326203,-0.3508154994673795,0.3508154994673795,-18.71614913931816,3,0,"T1_06_30_2021_2,T2_03_29_2021,T3_04_26_2021_2",
T3_05_31_2021,T3,weak_mlp,0,15.702598611111052,1121.0,1.8744,1.436587654716439,-0.4378123452835614,0.4378123452835614,-23.357466137620644,3,0,"T1_06_30_2021_2,T2_03_29_2021,T3_04_26_2021_2",
T3_05_31_2021,T3,pinn,0,15.702598611111052,1121.0,1.8744,1.5262933620976076,-0.3481066379023925,0.3481066379023925,-18.57163027648274,3,0,"T1_06_30_2021_2,T2_03_29_2021,T3_04_26_2021_2",
T3_05_31_2021,T3,elasticnet,0,15.702598611111052,1121.0,1.8744,1.78934926027893,-0.08505073972107,0.08505073972107,-4.537491449054098,3,1,"T1_07_01_2021,T2_04_26_2021,T3_04_22_2021_2",
T3_05_31_2021,T3,weak_mlp,0,15.702598611111052,1121.0,1.8744,1.294079372882843,-0.580320627117157,0.580320627117157,-30.960340755290066,3,1,"T1_07_01_2021,T2_04_26_2021,T3_04_22_2021_2",
T3_05_31_2021,T3,pinn,0,15.702598611111052,1121.0,1.8744,1.3738064708560704,-0.5005935291439296,0.5005935291439296,-26.70686775202356,3,1,"T1_07_01_2021,T2_04_26_2021,T3_04_22_2021_2",
T3_05_31_2021,T3,elasticnet,0,15.702598611111052,1121.0,1.8744,3.2518614966797905,1.3774614966797905,1.3774614966797905,73.48812935764994,3,2,"T1_03_29_2021,T2_03_30_2021,T3_04_26_2021_2",
T3_05_31_2021,T3,weak_mlp,0,15.702598611111052,1121.0,1.8744,1.5589867680271468,-0.3154132319728533,0.3154132319728533,-16.82742381417271,3,2,"T1_03_29_2021,T2_03_30_2021,T3_04_26_2021_2",
T3_05_31_2021,T3,pinn,0,15.702598611111052,1121.0,1.8744,1.512473124621643,-0.3619268753783571,0.3619268753783571,-19.308945549421527,3,2,"T1_03_29_2021,T2_03_30_2021,T3_04_26_2021_2",
T3_05_31_2021,T3,elasticnet,0,15.702598611111052,1121.0,1.8744,1.558302136314455,-0.3160978636855451,0.3160978636855451,-16.863949193637705,5,0,"T1_03_29_2021,T2_04_26_2021,T3_05_25_2021_1,T3_05_25_2021_3,T3_06_07_2021",
T3_05_31_2021,T3,weak_mlp,0,15.702598611111052,1121.0,1.8744,1.7385248884558675,-0.1358751115441325,0.1358751115441325,-7.2489922932209,5,0,"T1_03_29_2021,T2_04_26_2021,T3_05_25_2021_1,T3_05_25_2021_3,T3_06_07_2021",
T3_05_31_2021,T3,pinn,0,15.702598611111052,1121.0,1.8744,1.4500210036244243,-0.4243789963755757,0.4243789963755757,-22.64079152665257,5,0,"T1_03_29_2021,T2_04_26_2021,T3_05_25_2021_1,T3_05_25_2021_3,T3_06_07_2021",
T3_05_31_2021,T3,elasticnet,0,15.702598611111052,1121.0,1.8744,1.3739204084352994,-0.5004795915647007,0.5004795915647007,-26.70078913597421,5,1,"T1_03_29_2021,T1_06_30_2021_2,T2_04_26_2021,T3_05_25_2021_1,T3_06_07_2021",
T3_05_31_2021,T3,weak_mlp,0,15.702598611111052,1121.0,1.8744,1.480783393184344,-0.3936166068156561,0.3936166068156561,-20.99960557061759,5,1,"T1_03_29_2021,T1_06_30_2021_2,T2_04_26_2021,T3_05_25_2021_1,T3_06_07_2021",
T3_05_31_2021,T3,pinn,0,15.702598611111052,1121.0,1.8744,1.406786835558402,-0.4676131644415979,0.4676131644415979,-24.947351922833864,5,1,"T1_03_29_2021,T1_06_30_2021_2,T2_04_26_2021,T3_05_25_2021_1,T3_06_07_2021",
T3_05_31_2021,T3,elasticnet,0,15.702598611111052,1121.0,1.8744,1.605093091109883,-0.269306908890117,0.269306908890117,-14.367632783296894,5,2,"T1_07_01_2021,T2_03_29_2021,T3_04_26_2021_1,T3_05_25_2021_2,T3_05_25_2021_3",
T3_05_31_2021,T3,weak_mlp,0,15.702598611111052,1121.0,1.8744,1.4714364994565647,-0.4029635005434353,0.4029635005434353,-21.498266140814945,5,2,"T1_07_01_2021,T2_03_29_2021,T3_04_26_2021_1,T3_05_25_2021_2,T3_05_25_2021_3",
T3_05_31_2021,T3,pinn,0,15.702598611111052,1121.0,1.8744,1.6205476671871213,-0.2538523328128788,0.2538523328128788,-13.543124883316196,5,2,"T1_07_01_2021,T2_03_29_2021,T3_04_26_2021_1,T3_05_25_2021_2,T3_05_25_2021_3",
T3_05_31_2021,T3,elasticnet,0,15.702598611111052,1121.0,1.8744,1.5371287685809758,-0.3372712314190242,0.3372712314190242,-17.993556947237742,8,0,"T1_03_29_2021,T1_06_30_2021_1,T1_07_01_2021,T2_03_30_2021,T3_04_22_2021_1,T3_04_26_2021_1,T3_04_26_2021_2,T3_05_25_2021_3",
T3_05_31_2021,T3,weak_mlp,0,15.702598611111052,1121.0,1.8744,1.4943313270144991,-0.3800686729855007,0.3800686729855007,-20.276817807591804,8,0,"T1_03_29_2021,T1_06_30_2021_1,T1_07_01_2021,T2_03_30_2021,T3_04_22_2021_1,T3_04_26_2021_1,T3_04_26_2021_2,T3_05_25_2021_3",
T3_05_31_2021,T3,pinn,0,15.702598611111052,1121.0,1.8744,1.530082337318195,-0.3443176626818047,0.3443176626818047,-18.36948691217481,8,0,"T1_03_29_2021,T1_06_30_2021_1,T1_07_01_2021,T2_03_30_2021,T3_04_22_2021_1,T3_04_26_2021_1,T3_04_26_2021_2,T3_05_25_2021_3",
T3_05_31_2021,T3,elasticnet,0,15.702598611111052,1121.0,1.8744,1.7408500076507116,-0.1335499923492884,0.1335499923492884,-7.124946241425973,8,1,"T1_03_29_2021,T1_06_30_2021_2,T1_07_01_2021,T2_03_30_2021,T2_04_26_2021,T3_04_26_2021_1,T3_05_25_2021_04,T3_05_25_2021_3",
T3_05_31_2021,T3,weak_mlp,0,15.702598611111052,1121.0,1.8744,1.4115322957105108,-0.4628677042894893,0.4628677042894893,-24.69417969960997,8,1,"T1_03_29_2021,T1_06_30_2021_2,T1_07_01_2021,T2_03_30_2021,T2_04_26_2021,T3_04_26_2021_1,T3_05_25_2021_04,T3_05_25_2021_3",
T3_05_31_2021,T3,pinn,0,15.702598611111052,1121.0,1.8744,1.4427277515952786,-0.4316722484047215,0.4316722484047215,-23.029889479551937,8,1,"T1_03_29_2021,T1_06_30_2021_2,T1_07_01_2021,T2_03_30_2021,T2_04_26_2021,T3_04_26_2021_1,T3_05_25_2021_04,T3_05_25_2021_3",
T3_05_31_2021,T3,elasticnet,0,15.702598611111052,1121.0,1.8744,1.5706223940045545,-0.3037776059954458,0.3037776059954458,-16.206658450461255,8,2,"T1_06_30_2021_2,T2_03_29_2021,T2_03_30_2021,T2_04_26_2021,T3_04_26_2021_1,T3_05_25_2021_04,T3_05_25_2021_3,T3_06_07_2021",
T3_05_31_2021,T3,weak_mlp,0,15.702598611111052,1121.0,1.8744,1.4553907420900132,-0.4190092579099869,0.4190092579099869,-22.3543138022827,8,2,"T1_06_30_2021_2,T2_03_29_2021,T2_03_30_2021,T2_04_26_2021,T3_04_26_2021_1,T3_05_25_2021_04,T3_05_25_2021_3,T3_06_07_2021",
T3_05_31_2021,T3,pinn,0,15.702598611111052,1121.0,1.8744,1.3739733471736932,-0.5004266528263068,0.5004266528263068,-26.6979648328162,8,2,"T1_06_30_2021_2,T2_03_29_2021,T2_03_30_2021,T2_04_26_2021,T3_04_26_2021_1,T3_05_25_2021_04,T3_05_25_2021_3,T3_06_07_2021",
T3_05_31_2021,T3,elasticnet,0,15.702598611111052,1121.0,1.8744,1.5804511190817998,-0.2939488809182002,0.2939488809182002,-15.682291982405047,12,0,"T1_06_30_2021_1,T1_06_30_2021_2,T1_07_01_2021,T2_03_30_2021,T2_04_26_2021,T3_04_22_2021_1,T3_04_22_2021_2,T3_04_26_2021_2,T3_05_25_2021_1,T3_05_25_2021_2,T3_05_25_2021_3,T3_06_07_2021",
T3_05_31_2021,T3,weak_mlp,0,15.702598611111052,1121.0,1.8744,1.614374424815178,-0.2600255751848221,0.2600255751848221,-13.87246986688125,12,0,"T1_06_30_2021_1,T1_06_30_2021_2,T1_07_01_2021,T2_03_30_2021,T2_04_26_2021,T3_04_22_2021_1,T3_04_22_2021_2,T3_04_26_2021_2,T3_05_25_2021_1,T3_05_25_2021_2,T3_05_25_2021_3,T3_06_07_2021",
T3_05_31_2021,T3,pinn,0,15.702598611111052,1121.0,1.8744,1.5216116214046875,-0.3527883785953125,0.3527883785953125,-18.82140304072303,12,0,"T1_06_30_2021_1,T1_06_30_2021_2,T1_07_01_2021,T2_03_30_2021,T2_04_26_2021,T3_04_22_2021_1,T3_04_22_2021_2,T3_04_26_2021_2,T3_05_25_2021_1,T3_05_25_2021_2,T3_05_25_2021_3,T3_06_07_2021",
T3_05_31_2021,T3,elasticnet,0,15.702598611111052,1121.0,1.8744,1.6424907554517605,-0.2319092445482395,0.2319092445482395,-12.372452227285509,12,1,"T1_03_29_2021,T1_06_30_2021_2,T1_07_01_2021,T2_03_29_2021,T2_03_30_2021,T2_04_26_2021,T3_04_22_2021_1,T3_04_26_2021_1,T3_05_25_2021_04,T3_05_25_2021_1,T3_05_25_2021_2,T3_05_25_2021_3",
T3_05_31_2021,T3,weak_mlp,0,15.702598611111052,1121.0,1.8744,1.5258960474861991,-0.3485039525138007,0.3485039525138007,-18.59282717209777,12,1,"T1_03_29_2021,T1_06_30_2021_2,T1_07_01_2021,T2_03_29_2021,T2_03_30_2021,T2_04_26_2021,T3_04_22_2021_1,T3_04_26_2021_1,T3_05_25_2021_04,T3_05_25_2021_1,T3_05_25_2021_2,T3_05_25_2021_3",
T3_05_31_2021,T3,pinn,0,15.702598611111052,1121.0,1.8744,1.4763440279000335,-0.3980559720999665,0.3980559720999665,-21.23644750853428,12,1,"T1_03_29_2021,T1_06_30_2021_2,T1_07_01_2021,T2_03_29_2021,T2_03_30_2021,T2_04_26_2021,T3_04_22_2021_1,T3_04_26_2021_1,T3_05_25_2021_04,T3_05_25_2021_1,T3_05_25_2021_2,T3_05_25_2021_3",
T3_05_31_2021,T3,elasticnet,0,15.702598611111052,1121.0,1.8744,1.6174977583997263,-0.2569022416002737,0.2569022416002737,-13.705838753749134,12,2,"T1_03_29_2021,T1_06_30_2021_1,T1_06_30_2021_2,T1_07_01_2021,T2_03_29_2021,T2_03_30_2021,T2_04_26_2021,T3_04_22_2021_1,T3_04_26_2021_1,T3_04_26_2021_2,T3_05_25_2021_2,T3_05_25_2021_3",
T3_05_31_2021,T3,weak_mlp,0,15.702598611111052,1121.0,1.8744,1.5258275952604083,-0.3485724047395917,0.3485724047395917,-18.596479126098576,12,2,"T1_03_29_2021,T1_06_30_2021_1,T1_06_30_2021_2,T1_07_01_2021,T2_03_29_2021,T2_03_30_2021,T2_04_26_2021,T3_04_22_2021_1,T3_04_26_2021_1,T3_04_26_2021_2,T3_05_25_2021_2,T3_05_25_2021_3",
T3_05_31_2021,T3,pinn,0,15.702598611111052,1121.0,1.8744,1.4535455932840704,-0.4208544067159296,0.4208544067159296,-22.45275323921946,12,2,"T1_03_29_2021,T1_06_30_2021_1,T1_06_30_2021_2,T1_07_01_2021,T2_03_29_2021,T2_03_30_2021,T2_04_26_2021,T3_04_22_2021_1,T3_04_26_2021_1,T3_04_26_2021_2,T3_05_25_2021_2,T3_05_25_2021_3",
T3_05_31_2021,T3,elasticnet,0,15.702598611111052,1121.0,1.8744,1.643934120517382,-0.2304658794826179,0.2304658794826179,-12.29544811580335,16,0,"T1_03_29_2021,T1_06_30_2021_1,T1_06_30_2021_2,T1_07_01_2021,T2_03_29_2021,T2_03_30_2021,T2_04_26_2021,T3_04_22_2021_1,T3_04_22_2021_2,T3_04_26_2021_1,T3_04_26_2021_2,T3_05_25_2021_04,T3_05_25_2021_1,T3_05_25_2021_2,T3_05_25_2021_3,T3_06_07_2021",
T3_05_31_2021,T3,weak_mlp,0,15.702598611111052,1121.0,1.8744,1.4871905326180987,-0.3872094673819013,0.3872094673819013,-20.65778208396827,16,0,"T1_03_29_2021,T1_06_30_2021_1,T1_06_30_2021_2,T1_07_01_2021,T2_03_29_2021,T2_03_30_2021,T2_04_26_2021,T3_04_22_2021_1,T3_04_22_2021_2,T3_04_26_2021_1,T3_04_26_2021_2,T3_05_25_2021_04,T3_05_25_2021_1,T3_05_25_2021_2,T3_05_25_2021_3,T3_06_07_2021",True
T3_05_31_2021,T3,pinn,0,15.702598611111052,1121.0,1.8744,1.3842757329386142,-0.4901242670613859,0.4901242670613859,-26.148328375020583,16,0,"T1_03_29_2021,T1_06_30_2021_1,T1_06_30_2021_2,T1_07_01_2021,T2_03_29_2021,T2_03_30_2021,T2_04_26_2021,T3_04_22_2021_1,T3_04_22_2021_2,T3_04_26_2021_1,T3_04_26_2021_2,T3_05_25_2021_04,T3_05_25_2021_1,T3_05_25_2021_2,T3_05_25_2021_3,T3_06_07_2021",True
T3_06_07_2021,T3,physics,0,19.71838055555558,1702.0,1.7940000000000005,1.4375299808015236,-0.3564700191984766,0.3564700191984766,-19.870123701141395,0,0,,
T3_06_07_2021,T3,elasticnet,0,19.71838055555558,1702.0,1.7940000000000005,2.2427567131046477,0.448756713104647,0.448756713104647,25.01430953760574,3,0,"T1_06_30_2021_2,T2_04_26_2021,T3_04_22_2021_2",
T3_06_07_2021,T3,weak_mlp,0,19.71838055555558,1702.0,1.7940000000000005,1.523461913731363,-0.2705380862686373,0.2705380862686373,-15.080160884539422,3,0,"T1_06_30_2021_2,T2_04_26_2021,T3_04_22_2021_2",
T3_06_07_2021,T3,pinn,0,19.71838055555558,1702.0,1.7940000000000005,1.5913074400120726,-0.2026925599879276,0.2026925599879276,-11.298358973686046,3,0,"T1_06_30_2021_2,T2_04_26_2021,T3_04_22_2021_2",
T3_06_07_2021,T3,elasticnet,0,19.71838055555558,1702.0,1.7940000000000005,2.155765631123162,0.3617656311231616,0.3617656311231616,20.165308312327845,3,1,"T1_07_01_2021,T2_03_30_2021,T3_04_22_2021_2",
T3_06_07_2021,T3,weak_mlp,0,19.71838055555558,1702.0,1.7940000000000005,1.326858150959015,-0.4671418490409853,0.4671418490409853,-26.03912202012181,3,1,"T1_07_01_2021,T2_03_30_2021,T3_04_22_2021_2",
T3_06_07_2021,T3,pinn,0,19.71838055555558,1702.0,1.7940000000000005,0.9646178184780808,-0.8293821815219193,0.8293821815219193,-46.23089083176807,3,1,"T1_07_01_2021,T2_03_30_2021,T3_04_22_2021_2",
T3_06_07_2021,T3,elasticnet,0,19.71838055555558,1702.0,1.7940000000000005,1.939878579653976,0.1458785796539754,0.1458785796539754,8.131470437791272,3,2,"T1_06_30_2021_2,T2_03_30_2021,T3_05_25_2021_2",
T3_06_07_2021,T3,weak_mlp,0,19.71838055555558,1702.0,1.7940000000000005,2.1719866691033047,0.3779866691033045,0.3779866691033045,21.069491031399355,3,2,"T1_06_30_2021_2,T2_03_30_2021,T3_05_25_2021_2",
T3_06_07_2021,T3,pinn,0,19.71838055555558,1702.0,1.7940000000000005,2.267990037318733,0.4739900373187329,0.4739900373187329,26.42084934887028,3,2,"T1_06_30_2021_2,T2_03_30_2021,T3_05_25_2021_2",
T3_06_07_2021,T3,elasticnet,0,19.71838055555558,1702.0,1.7940000000000005,2.037565962543413,0.2435659625434125,0.2435659625434125,13.57669802360159,5,0,"T1_06_30_2021_1,T1_07_01_2021,T2_03_29_2021,T2_03_30_2021,T3_04_26_2021_2",
T3_06_07_2021,T3,weak_mlp,0,19.71838055555558,1702.0,1.7940000000000005,1.2139647144079206,-0.5800352855920796,0.5800352855920796,-32.33195571862205,5,0,"T1_06_30_2021_1,T1_07_01_2021,T2_03_29_2021,T2_03_30_2021,T3_04_26_2021_2",
T3_06_07_2021,T3,pinn,0,19.71838055555558,1702.0,1.7940000000000005,1.6379078846087214,-0.1560921153912788,0.1560921153912788,-8.700786811108074,5,0,"T1_06_30_2021_1,T1_07_01_2021,T2_03_29_2021,T2_03_30_2021,T3_04_26_2021_2",
T3_06_07_2021,T3,elasticnet,0,19.71838055555558,1702.0,1.7940000000000005,2.0805399823761004,0.2865399823761001,0.2865399823761001,15.972128337575256,5,1,"T1_03_29_2021,T2_04_26_2021,T3_04_22_2021_2,T3_04_26_2021_2,T3_05_25_2021_04",
T3_06_07_2021,T3,weak_mlp,0,19.71838055555558,1702.0,1.7940000000000005,1.0728639764255947,-0.7211360235744055,0.7211360235744055,-40.19710276334479,5,1,"T1_03_29_2021,T2_04_26_2021,T3_04_22_2021_2,T3_04_26_2021_2,T3_05_25_2021_04",
T3_06_07_2021,T3,pinn,0,19.71838055555558,1702.0,1.7940000000000005,1.6003246065415442,-0.193675393458456,0.193675393458456,-10.795729847182612,5,1,"T1_03_29_2021,T2_04_26_2021,T3_04_22_2021_2,T3_04_26_2021_2,T3_05_25_2021_04",
T3_06_07_2021,T3,elasticnet,0,19.71838055555558,1702.0,1.7940000000000005,2.178859074981637,0.3848590749816367,0.3848590749816367,21.452568282142515,5,2,"T1_06_30_2021_2,T2_03_30_2021,T2_04_26_2021,T3_05_25_2021_2,T3_05_25_2021_3",
T3_06_07_2021,T3,weak_mlp,0,19.71838055555558,1702.0,1.7940000000000005,2.310212980045213,0.5162129800452127,0.5162129800452127,28.77441360341207,5,2,"T1_06_30_2021_2,T2_03_30_2021,T2_04_26_2021,T3_05_25_2021_2,T3_05_25_2021_3",
T3_06_07_2021,T3,pinn,0,19.71838055555558,1702.0,1.7940000000000005,1.6044088929343143,-0.1895911070656859,0.1895911070656859,-10.568066168655848,5,2,"T1_06_30_2021_2,T2_03_30_2021,T2_04_26_2021,T3_05_25_2021_2,T3_05_25_2021_3",
T3_06_07_2021,T3,elasticnet,0,19.71838055555558,1702.0,1.7940000000000005,2.1779582752061413,0.383958275206141,0.383958275206141,21.402356477488347,8,0,"T1_06_30_2021_1,T1_06_30_2021_2,T1_07_01_2021,T2_03_30_2021,T3_04_26_2021_1,T3_05_25_2021_1,T3_05_25_2021_2,T3_05_31_2021",
T3_06_07_2021,T3,weak_mlp,0,19.71838055555558,1702.0,1.7940000000000005,1.425475657052464,-0.3685243429475362,0.3685243429475362,-20.54204810186935,8,0,"T1_06_30_2021_1,T1_06_30_2021_2,T1_07_01_2021,T2_03_30_2021,T3_04_26_2021_1,T3_05_25_2021_1,T3_05_25_2021_2,T3_05_31_2021",
T3_06_07_2021,T3,pinn,0,19.71838055555558,1702.0,1.7940000000000005,1.6883468729371414,-0.1056531270628589,0.1056531270628589,-5.889249000159358,8,0,"T1_06_30_2021_1,T1_06_30_2021_2,T1_07_01_2021,T2_03_30_2021,T3_04_26_2021_1,T3_05_25_2021_1,T3_05_25_2021_2,T3_05_31_2021",
T3_06_07_2021,T3,elasticnet,0,19.71838055555558,1702.0,1.7940000000000005,2.248895119784447,0.4548951197844466,0.4548951197844466,25.35647267471831,8,1,"T1_03_29_2021,T1_06_30_2021_2,T2_04_26_2021,T3_04_22_2021_1,T3_04_26_2021_1,T3_04_26_2021_2,T3_05_25_2021_1,T3_05_25_2021_3",
T3_06_07_2021,T3,weak_mlp,0,19.71838055555558,1702.0,1.7940000000000005,2.0127176617913776,0.2187176617913773,0.2187176617913773,12.191619943777996,8,1,"T1_03_29_2021,T1_06_30_2021_2,T2_04_26_2021,T3_04_22_2021_1,T3_04_26_2021_1,T3_04_26_2021_2,T3_05_25_2021_1,T3_05_25_2021_3",
T3_06_07_2021,T3,pinn,0,19.71838055555558,1702.0,1.7940000000000005,1.9539629694736669,0.1599629694736664,0.1599629694736664,8.916553482367133,8,1,"T1_03_29_2021,T1_06_30_2021_2,T2_04_26_2021,T3_04_22_2021_1,T3_04_26_2021_1,T3_04_26_2021_2,T3_05_25_2021_1,T3_05_25_2021_3",
T3_06_07_2021,T3,elasticnet,0,19.71838055555558,1702.0,1.7940000000000005,2.6897939111649083,0.895793911164908,0.895793911164908,49.93277096794358,8,2,"T1_03_29_2021,T1_06_30_2021_1,T2_03_29_2021,T2_04_26_2021,T3_04_22_2021_1,T3_04_22_2021_2,T3_04_26_2021_1,T3_05_25_2021_1",
T3_06_07_2021,T3,weak_mlp,0,19.71838055555558,1702.0,1.7940000000000005,1.7978736714190906,0.0038736714190903,0.0038736714190903,0.2159237134387034,8,2,"T1_03_29_2021,T1_06_30_2021_1,T2_03_29_2021,T2_04_26_2021,T3_04_22_2021_1,T3_04_22_2021_2,T3_04_26_2021_1,T3_05_25_2021_1",
T3_06_07_2021,T3,pinn,0,19.71838055555558,1702.0,1.7940000000000005,1.8094498759963449,0.0154498759963443,0.0154498759963443,0.861197101245507,8,2,"T1_03_29_2021,T1_06_30_2021_1,T2_03_29_2021,T2_04_26_2021,T3_04_22_2021_1,T3_04_22_2021_2,T3_04_26_2021_1,T3_05_25_2021_1",
T3_06_07_2021,T3,elasticnet,0,19.71838055555558,1702.0,1.7940000000000005,2.102588802853649,0.308588802853649,0.308588802853649,17.201159579356126,12,0,"T1_03_29_2021,T1_06_30_2021_1,T1_06_30_2021_2,T1_07_01_2021,T2_03_29_2021,T2_03_30_2021,T2_04_26_2021,T3_04_22_2021_2,T3_04_26_2021_1,T3_05_25_2021_04,T3_05_25_2021_1,T3_05_31_2021",
T3_06_07_2021,T3,weak_mlp,0,19.71838055555558,1702.0,1.7940000000000005,1.697204667992062,-0.0967953320079382,0.0967953320079382,-5.395503456406812,12,0,"T1_03_29_2021,T1_06_30_2021_1,T1_06_30_2021_2,T1_07_01_2021,T2_03_29_2021,T2_03_30_2021,T2_04_26_2021,T3_04_22_2021_2,T3_04_26_2021_1,T3_05_25_2021_04,T3_05_25_2021_1,T3_05_31_2021",
T3_06_07_2021,T3,pinn,0,19.71838055555558,1702.0,1.7940000000000005,1.816908510207302,0.0229085102073016,0.0229085102073016,1.2769515165719991,12,0,"T1_03_29_2021,T1_06_30_2021_1,T1_06_30_2021_2,T1_07_01_2021,T2_03_29_2021,T2_03_30_2021,T2_04_26_2021,T3_04_22_2021_2,T3_04_26_2021_1,T3_05_25_2021_04,T3_05_25_2021_1,T3_05_31_2021",
T3_06_07_2021,T3,elasticnet,0,19.71838055555558,1702.0,1.7940000000000005,2.270075619242447,0.4760756192424467,0.4760756192424467,26.53710252187551,12,1,"T1_06_30_2021_1,T1_06_30_2021_2,T2_03_29_2021,T2_03_30_2021,T2_04_26_2021,T3_04_22_2021_2,T3_04_26_2021_1,T3_04_26_2021_2,T3_05_25_2021_1,T3_05_25_2021_2,T3_05_25_2021_3,T3_05_31_2021",
T3_06_07_2021,T3,weak_mlp,0,19.71838055555558,1702.0,1.7940000000000005,1.9068821601072947,0.1128821601072944,0.1128821601072944,6.292205134185866,12,1,"T1_06_30_2021_1,T1_06_30_2021_2,T2_03_29_2021,T2_03_30_2021,T2_04_26_2021,T3_04_22_2021_2,T3_04_26_2021_1,T3_04_26_2021_2,T3_05_25_2021_1,T3_05_25_2021_2,T3_05_25_2021_3,T3_05_31_2021",
T3_06_07_2021,T3,pinn,0,19.71838055555558,1702.0,1.7940000000000005,1.8920719849597665,0.0980719849597659,0.0980719849597659,5.466665828303567,12,1,"T1_06_30_2021_1,T1_06_30_2021_2,T2_03_29_2021,T2_03_30_2021,T2_04_26_2021,T3_04_22_2021_2,T3_04_26_2021_1,T3_04_26_2021_2,T3_05_25_2021_1,T3_05_25_2021_2,T3_05_25_2021_3,T3_05_31_2021",
T3_06_07_2021,T3,elasticnet,0,19.71838055555558,1702.0,1.7940000000000005,1.974920845585903,0.1809208455859028,0.1809208455859028,10.084774001443858,12,2,"T1_03_29_2021,T1_06_30_2021_2,T1_07_01_2021,T2_03_30_2021,T2_04_26_2021,T3_04_22_2021_1,T3_04_22_2021_2,T3_04_26_2021_1,T3_04_26_2021_2,T3_05_25_2021_04,T3_05_25_2021_1,T3_05_25_2021_2",
T3_06_07_2021,T3,weak_mlp,0,19.71838055555558,1702.0,1.7940000000000005,1.8651246587435404,0.0711246587435401,0.0711246587435401,3.9645852142441536,12,2,"T1_03_29_2021,T1_06_30_2021_2,T1_07_01_2021,T2_03_30_2021,T2_04_26_2021,T3_04_22_2021_1,T3_04_22_2021_2,T3_04_26_2021_1,T3_04_26_2021_2,T3_05_25_2021_04,T3_05_25_2021_1,T3_05_25_2021_2",
T3_06_07_2021,T3,pinn,0,19.71838055555558,1702.0,1.7940000000000005,1.776820982371767,-0.0171790176282329,0.0171790176282329,-0.9575818075938086,12,2,"T1_03_29_2021,T1_06_30_2021_2,T1_07_01_2021,T2_03_30_2021,T2_04_26_2021,T3_04_22_2021_1,T3_04_22_2021_2,T3_04_26_2021_1,T3_04_26_2021_2,T3_05_25_2021_04,T3_05_25_2021_1,T3_05_25_2021_2",
T3_06_07_2021,T3,elasticnet,0,19.71838055555558,1702.0,1.7940000000000005,2.003149544984268,0.2091495449842677,0.2091495449842677,11.658280099457508,16,0,"T1_03_29_2021,T1_06_30_2021_1,T1_06_30_2021_2,T1_07_01_2021,T2_03_29_2021,T2_03_30_2021,T2_04_26_2021,T3_04_22_2021_1,T3_04_22_2021_2,T3_04_26_2021_1,T3_04_26_2021_2,T3_05_25_2021_04,T3_05_25_2021_1,T3_05_25_2021_2,T3_05_25_2021_3,T3_05_31_2021",
T3_06_07_2021,T3,weak_mlp,0,19.71838055555558,1702.0,1.7940000000000005,1.9147388140029376,0.1207388140029372,0.1207388140029372,6.730145708079001,16,0,"T1_03_29_2021,T1_06_30_2021_1,T1_06_30_2021_2,T1_07_01_2021,T2_03_29_2021,T2_03_30_2021,T2_04_26_2021,T3_04_22_2021_1,T3_04_22_2021_2,T3_04_26_2021_1,T3_04_26_2021_2,T3_05_25_2021_04,T3_05_25_2021_1,T3_05_25_2021_2,T3_05_25_2021_3,T3_05_31_2021",True
T3_06_07_2021,T3,pinn,0,19.71838055555558,1702.0,1.7940000000000005,1.7075243190510403,-0.0864756809489599,0.0864756809489599,-4.820272070733553,16,0,"T1_03_29_2021,T1_06_30_2021_1,T1_06_30_2021_2,T1_07_01_2021,T2_03_29_2021,T2_03_30_2021,T2_04_26_2021,T3_04_22_2021_1,T3_04_22_2021_2,T3_04_26_2021_1,T3_04_26_2021_2,T3_05_25_2021_04,T3_05_25_2021_1,T3_05_25_2021_2,T3_05_25_2021_3,T3_05_31_2021",True
